pickup_location,drop_location,pickup_date,pickup_time,pickup_hour,time_of_day,weekday,is_weekend,season,passenger_count,trip_distance_km,traffic_level,actual_eta_minutes,average_speed,surge_multiplier
Bedford-Stuyvesant,Harlem,14-03-2016,17:24,17,Afternoon,Monday,0,Spring,1,1.96,High,7.6,15.5,1.8
Chelsea,South Slope,12-06-2016,00:43,0,Night,Sunday,1,Summer,1,2.27,Low,11.0,12.4,1.0
Upper West Side,East Harlem,19-01-2016,11:35,11,Morning,Tuesday,0,Winter,1,6.65,Low,35.4,11.3,1.0
East Harlem,Bedford-Stuyvesant,06-04-2016,19:32,19,Evening,Wednesday,0,Spring,1,1.49,High,7.2,12.4,1.8
South Slope,East Harlem,26-03-2016,13:30,13,Afternoon,Saturday,1,Spring,1,1.19,Low,7.2,9.9,1.0
West Village,East Harlem,30-01-2016,22:01,22,Evening,Saturday,1,Winter,6,1.28,Low,7.4,10.4,1.0
Hell's Kitchen,Upper West Side,17-06-2016,22:34,22,Evening,Friday,0,Summer,4,1.57,Low,5.7,16.5,1.0
Upper West Side,Bedford-Stuyvesant,21-05-2016,07:54,7,Morning,Saturday,1,Spring,1,6.64,Medium,25.8,15.4,1.3
South Slope,East Harlem,27-05-2016,23:12,23,Evening,Friday,0,Spring,1,1.64,Low,4.2,23.4,1.0
Fort Greene,Upper West Side,10-03-2016,21:45,21,Evening,Thursday,0,Spring,1,5.15,Low,20.4,15.1,1.0
Fort Greene,Williamsburg,10-05-2016,22:08,22,Evening,Tuesday,0,Spring,1,4.06,Low,21.2,11.5,1.0
Murray Hill,Chelsea,15-05-2016,11:16,11,Morning,Sunday,1,Spring,4,4.54,Low,18.8,14.5,1.0
Bedford-Stuyvesant,South Slope,19-02-2016,09:52,9,Morning,Friday,0,Winter,2,2.42,High,18.6,7.8,1.8
West Village,Upper West Side,01-06-2016,20:58,20,Evening,Wednesday,0,Summer,1,1.22,Medium,4.3,17.0,1.3
Upper West Side,Upper West Side,27-05-2016,00:43,0,Night,Friday,0,Spring,1,6.5,Low,23.6,16.5,1.0
West Village,South Slope,16-05-2016,15:29,15,Afternoon,Monday,0,Spring,1,0.82,Low,3.5,14.1,1.0
Bedford-Stuyvesant,Hell's Kitchen,11-04-2016,17:29,17,Afternoon,Monday,0,Spring,1,3.47,High,38.6,5.4,1.8
East Harlem,Upper West Side,14-04-2016,08:48,8,Morning,Thursday,0,Spring,1,2.56,High,12.2,12.6,1.8
Harlem,Upper West Side,27-06-2016,09:55,9,Morning,Monday,0,Summer,1,4.94,High,22.0,13.5,1.8
West Village,South Slope,05-06-2016,13:47,13,Afternoon,Sunday,1,Summer,1,1.4,Low,4.2,20.0,1.0
Park Slope,South Slope,28-02-2016,02:23,2,Night,Sunday,1,Winter,1,2.81,Low,8.1,20.8,1.0
Kensington,Upper West Side,01-04-2016,12:12,12,Afternoon,Friday,0,Spring,1,2.06,Low,10.9,11.3,1.0
Upper West Side,Harlem,09-04-2016,03:34,3,Night,Saturday,1,Spring,1,2.07,Low,7.0,17.7,1.0
Bedford-Stuyvesant,West Village,25-06-2016,10:36,10,Morning,Saturday,1,Summer,1,4.95,Medium,19.4,15.3,1.3
Eltingville,Tottenville,03-06-2016,08:15,8,Morning,Friday,0,Summer,1,23.84,High,41.4,34.6,1.8
Williamsburg,Kensington,14-02-2016,13:27,13,Afternoon,Sunday,1,Winter,1,4.74,Low,21.4,13.3,1.0
Upper West Side,Chinatown,27-02-2016,21:56,21,Evening,Saturday,1,Winter,1,6.31,Low,18.8,20.1,1.0
Inwood,Upper West Side,20-06-2016,23:07,23,Evening,Monday,0,Summer,1,3.79,Low,11.6,19.6,1.0
South Slope,Harlem,13-06-2016,21:57,21,Evening,Monday,0,Summer,1,2.65,Low,14.9,10.7,1.0
Randall Manor,Oakwood,23-03-2016,14:10,14,Afternoon,Wednesday,0,Spring,1,13.02,Low,38.8,20.1,1.0
Clinton Hill,Clinton Hill,17-05-2016,10:47,10,Morning,Tuesday,0,Spring,1,4.91,Medium,24.6,12.0,1.3
Port Richmond,Neponsit,21-05-2016,13:03,13,Afternoon,Saturday,1,Spring,1,5.48,Low,17.5,18.8,1.0
Hell's Kitchen,Upper West Side,10-05-2016,19:27,19,Evening,Tuesday,0,Spring,2,4.71,High,17.0,16.6,1.8
East Flatbush,Arden Heights,17-04-2016,14:38,14,Afternoon,Sunday,1,Spring,1,13.39,Low,37.8,21.3,1.0
Murray Hill,Upper West Side,09-01-2016,12:55,12,Afternoon,Saturday,1,Winter,1,1.62,Low,11.8,8.2,1.0
South Slope,Harlem,11-03-2016,07:11,7,Morning,Friday,0,Spring,1,1.89,Medium,8.8,12.9,1.3
South Slope,East Harlem,05-01-2016,15:29,15,Afternoon,Tuesday,0,Winter,3,1.24,Low,9.2,8.1,1.0
Harlem,Hell's Kitchen,23-06-2016,23:00,23,Evening,Thursday,0,Summer,1,1.09,Low,4.6,14.2,1.0
Midtown,East Harlem,27-05-2016,14:26,14,Afternoon,Friday,0,Spring,2,3.46,Low,19.8,10.5,1.0
Harlem,Upper West Side,10-05-2016,16:14,16,Afternoon,Tuesday,0,Spring,1,3.41,Medium,25.4,8.1,1.3
East Harlem,Bedford-Stuyvesant,21-04-2016,21:28,21,Evening,Thursday,0,Spring,2,5.62,Low,24.2,13.9,1.0
East Harlem,Kensington,14-04-2016,13:27,13,Afternoon,Thursday,0,Spring,2,2.67,Low,18.4,8.7,1.0
Todt Hill,Bayswater,14-03-2016,14:05,14,Afternoon,Monday,0,Spring,1,2.53,Low,22.4,6.8,1.0
Harlem,Inwood,19-03-2016,01:12,1,Night,Saturday,1,Spring,1,1.18,Low,6.0,11.8,1.0
Park Slope,Inwood,12-02-2016,07:41,7,Morning,Friday,0,Winter,1,2.45,Medium,9.3,15.8,1.3
South Slope,East Harlem,13-06-2016,15:52,15,Afternoon,Monday,0,Summer,1,8.53,Low,24.6,20.8,1.0
Crown Heights,Inwood,03-01-2016,16:59,16,Afternoon,Sunday,1,Winter,1,1.35,Medium,5.8,14.0,1.3
Hell's Kitchen,East Harlem,26-02-2016,08:37,8,Morning,Friday,0,Winter,1,1.97,High,6.2,19.1,1.8
Midtown,Upper West Side,18-05-2016,21:50,21,Evening,Wednesday,0,Spring,3,5.4,Low,20.3,16.0,1.0
Clinton Hill,Upper West Side,10-04-2016,19:11,19,Evening,Sunday,1,Spring,1,3.49,High,14.6,14.3,1.8
Fort Hamilton,Tottenville,19-01-2016,23:19,23,Evening,Tuesday,0,Winter,1,22.02,Low,26.0,50.8,1.0
Kensington,Hell's Kitchen,07-05-2016,13:18,13,Afternoon,Saturday,1,Spring,1,4.83,Low,27.4,10.6,1.0
Fort Hamilton,Far Rockaway,15-02-2016,09:25,9,Morning,Monday,0,Winter,6,2.66,High,10.6,15.1,1.8
Murray Hill,Harlem,13-04-2016,14:24,14,Afternoon,Wednesday,0,Spring,1,1.3,Low,6.1,12.8,1.0
Kensington,Bedford-Stuyvesant,15-05-2016,09:42,9,Morning,Sunday,1,Spring,1,10.21,High,13.6,45.0,1.8
Tottenville,Huguenot,19-04-2016,11:29,11,Morning,Tuesday,0,Spring,3,4.02,Low,58.8,4.1,1.0
Upper West Side,West Village,02-01-2016,15:41,15,Afternoon,Saturday,1,Winter,2,1.56,Low,20.5,4.6,1.0
Crown Heights,East Harlem,22-04-2016,11:28,11,Morning,Friday,0,Spring,1,4.63,Low,43.4,6.4,1.0
Bedford-Stuyvesant,Upper West Side,14-03-2016,15:04,15,Afternoon,Monday,0,Spring,1,2.53,Low,11.6,13.1,1.0
West Village,Fort Greene,19-03-2016,17:41,17,Afternoon,Saturday,1,Spring,1,4.46,High,7.9,33.9,1.8
South Slope,Bedford-Stuyvesant,29-02-2016,02:46,2,Night,Monday,0,Winter,1,3.33,Low,8.8,22.7,1.0
Harlem,Harlem,07-01-2016,17:01,17,Afternoon,Thursday,0,Winter,4,2.69,High,12.0,13.4,1.8
Harlem,Harlem,13-05-2016,12:32,12,Afternoon,Friday,0,Spring,1,1.73,Low,8.5,12.2,1.0
Inwood,Clinton Hill,24-05-2016,12:16,12,Afternoon,Tuesday,0,Spring,1,3.46,Low,12.0,17.3,1.0
Fort Greene,Fort Greene,10-04-2016,16:07,16,Afternoon,Sunday,1,Spring,1,1.3,Medium,2.9,26.9,1.3
South Slope,Crown Heights,21-05-2016,17:38,17,Afternoon,Saturday,1,Spring,1,1.34,High,8.0,10.0,1.8
West Village,South Slope,29-02-2016,11:22,11,Morning,Monday,0,Winter,1,2.71,Low,13.1,12.4,1.0
Harlem,Harlem,25-06-2016,22:05,22,Evening,Saturday,1,Summer,2,14.22,Low,16.7,51.1,1.0
Upper West Side,Bedford-Stuyvesant,18-03-2016,20:56,20,Evening,Friday,0,Spring,1,0.63,Medium,3.6,10.5,1.3
Bensonhurst,Sheepshead Bay,03-02-2016,16:22,16,Afternoon,Wednesday,0,Winter,5,2.93,Medium,14.5,12.1,1.3
Great Kills,Arden Heights,07-06-2016,22:32,22,Evening,Tuesday,0,Summer,1,6.12,Low,13.6,27.0,1.0
Bedford-Stuyvesant,Park Slope,16-03-2016,20:13,20,Evening,Wednesday,0,Spring,1,1.36,Medium,10.6,7.7,1.3
Upper West Side,Upper West Side,20-02-2016,21:58,21,Evening,Saturday,1,Winter,1,0.4,Low,1.0,24.0,1.0
East Harlem,Upper West Side,20-02-2016,18:57,18,Evening,Saturday,1,Winter,2,1.38,High,9.8,8.4,1.8
Kensington,"Bay Terrace, Staten Island",24-03-2016,17:58,17,Afternoon,Thursday,0,Spring,1,14.16,High,37.9,22.4,1.8
Upper West Side,Williamsburg,20-03-2016,23:16,23,Evening,Sunday,1,Spring,1,3.71,Low,10.8,20.6,1.0
Bedford-Stuyvesant,West Village,16-05-2016,13:07,13,Afternoon,Monday,0,Spring,3,5.55,Low,27.1,12.3,1.0
Upper West Side,Bedford-Stuyvesant,17-06-2016,17:32,17,Afternoon,Friday,0,Summer,1,5.95,High,39.0,9.2,1.8
Midtown,Bedford-Stuyvesant,23-03-2016,00:34,0,Night,Wednesday,0,Spring,1,4.23,Low,11.2,22.7,1.0
Harlem,Harlem,12-04-2016,21:29,21,Evening,Tuesday,0,Spring,1,6.82,Low,19.8,20.7,1.0
West Village,South Slope,11-06-2016,12:52,12,Afternoon,Saturday,1,Summer,1,6.27,Low,19.8,19.0,1.0
Park Slope,Midtown,25-02-2016,14:56,14,Afternoon,Thursday,0,Winter,1,1.59,Low,13.1,7.3,1.0
Bedford-Stuyvesant,Williamsburg,07-01-2016,19:32,19,Evening,Thursday,0,Winter,1,1.59,High,8.7,11.0,1.8
South Slope,Kensington,05-06-2016,18:43,18,Evening,Sunday,1,Summer,1,1.1,High,3.6,18.3,1.8
Bedford-Stuyvesant,Harlem,13-06-2016,07:20,7,Morning,Monday,0,Summer,1,1.0,Medium,3.7,16.2,1.3
Bedford-Stuyvesant,East Harlem,16-01-2016,21:22,21,Evening,Saturday,1,Winter,1,5.28,Low,20.1,15.8,1.0
Tottenville,Great Kills,06-04-2016,23:42,23,Evening,Wednesday,0,Spring,1,23.62,Low,29.7,47.7,1.0
Concord,Flatlands,13-05-2016,20:46,20,Evening,Friday,0,Spring,2,1.91,Medium,19.6,5.8,1.3
Upper West Side,South Slope,28-01-2016,11:25,11,Morning,Thursday,0,Winter,1,0.95,Low,5.6,10.2,1.0
Chelsea,Clinton Hill,24-06-2016,14:24,14,Afternoon,Friday,0,Summer,1,1.75,Low,7.8,13.5,1.0
Midtown,East Harlem,27-05-2016,16:17,16,Afternoon,Friday,0,Spring,1,1.76,Medium,5.8,18.2,1.3
Clinton Hill,Midtown,22-05-2016,15:41,15,Afternoon,Sunday,1,Spring,1,1.51,Low,7.0,12.9,1.0
Arverne,Brighton Beach,18-05-2016,19:15,19,Evening,Wednesday,0,Spring,1,12.51,High,29.4,25.5,1.8
Great Kills,Flatlands,31-03-2016,11:33,11,Morning,Thursday,0,Spring,3,13.53,Low,39.0,20.8,1.0
Fort Hamilton,Rockaway Beach,13-02-2016,13:12,13,Afternoon,Saturday,1,Winter,1,1.85,Low,6.8,16.3,1.0
Fort Greene,Park Slope,20-01-2016,19:21,19,Evening,Wednesday,0,Winter,1,2.73,High,9.9,16.5,1.8
East Harlem,South Slope,02-06-2016,23:34,23,Evening,Thursday,0,Summer,1,1.44,Low,7.2,12.0,1.0
East Harlem,Kensington,04-02-2016,13:22,13,Afternoon,Thursday,0,Winter,1,3.1,Low,18.5,10.1,1.0
Tottenville,Great Kills,30-03-2016,16:14,16,Afternoon,Wednesday,0,Spring,1,20.65,Medium,47.1,26.3,1.3
Fort Hamilton,Fort Hamilton,29-04-2016,10:40,10,Morning,Friday,0,Spring,2,1.66,Medium,12.8,7.8,1.3
Chinatown,East Harlem,01-06-2016,11:48,11,Morning,Wednesday,0,Summer,1,3.67,Low,30.4,7.2,1.0
Clinton Hill,Hell's Kitchen,18-05-2016,21:09,21,Evening,Wednesday,0,Spring,1,1.21,Low,9.9,7.3,1.0
Prince's Bay,Prince's Bay,19-02-2016,20:01,20,Evening,Friday,0,Winter,3,24.09,Medium,34.4,42.0,1.3
Kensington,South Slope,15-03-2016,21:03,21,Evening,Tuesday,0,Spring,1,3.49,Low,10.9,19.2,1.0
Tottenville,Eltingville,06-06-2016,20:13,20,Evening,Monday,0,Summer,6,23.64,Medium,31.4,45.2,1.3
South Slope,East Harlem,27-01-2016,08:07,8,Morning,Wednesday,0,Winter,1,2.51,High,16.5,9.1,1.8
East Harlem,Bedford-Stuyvesant,09-04-2016,15:04,15,Afternoon,Saturday,1,Spring,1,2.7,Low,7.0,23.1,1.0
Murray Hill,Clinton Hill,27-05-2016,11:10,11,Morning,Friday,0,Spring,4,1.47,Low,16.0,5.5,1.0
Hell's Kitchen,East Harlem,10-05-2016,10:31,10,Morning,Tuesday,0,Spring,1,1.04,Medium,4.0,15.6,1.3
East Harlem,Kensington,10-01-2016,08:45,8,Morning,Sunday,1,Winter,2,1.57,High,6.2,15.2,1.8
East Harlem,Upper West Side,18-02-2016,17:47,17,Afternoon,Thursday,0,Winter,2,1.18,High,6.4,11.1,1.8
"Bay Terrace, Staten Island",Arverne,22-05-2016,17:34,17,Afternoon,Sunday,1,Spring,1,17.48,High,45.9,22.8,1.8
Gravesend,Bensonhurst,12-03-2016,20:39,20,Evening,Saturday,1,Spring,1,4.51,Medium,26.0,10.4,1.3
Hell's Kitchen,Fort Greene,26-01-2016,23:40,23,Evening,Tuesday,0,Winter,1,5.57,Low,8.4,39.8,1.0
Kensington,Crown Heights,30-01-2016,15:15,15,Afternoon,Saturday,1,Winter,2,3.78,Low,15.0,15.1,1.0
Williamsburg,Tottenville,27-06-2016,00:31,0,Night,Monday,0,Summer,1,27.13,Low,35.3,46.1,1.0
South Slope,Clinton Hill,02-05-2016,06:58,6,Morning,Monday,0,Spring,1,2.95,Low,10.2,17.4,1.0
South Slope,Midtown,11-04-2016,14:18,14,Afternoon,Monday,0,Spring,1,1.09,Low,16.2,4.0,1.0
East Harlem,Upper West Side,21-01-2016,14:34,14,Afternoon,Thursday,0,Winter,1,1.81,Low,10.1,10.8,1.0
Harlem,South Slope,09-02-2016,15:54,15,Afternoon,Tuesday,0,Winter,1,1.63,Low,9.9,9.9,1.0
Williamsburg,Crown Heights,20-04-2016,20:29,20,Evening,Wednesday,0,Spring,1,2.39,Medium,9.6,14.9,1.3
East Harlem,Crown Heights,18-01-2016,11:13,11,Morning,Monday,0,Winter,1,1.16,Low,5.0,13.9,1.0
Clinton Hill,Harlem,07-01-2016,23:24,23,Evening,Thursday,0,Winter,1,0.95,Low,1.7,33.5,1.0
West Village,South Slope,10-06-2016,22:24,22,Evening,Friday,0,Summer,1,6.85,Low,17.4,23.6,1.0
Chelsea,West Village,23-06-2016,22:17,22,Evening,Thursday,0,Summer,1,0.7,Low,3.5,12.0,1.0
Park Slope,Upper West Side,07-02-2016,18:08,18,Evening,Sunday,1,Winter,1,2.68,High,7.0,23.0,1.8
Kensington,Midtown,02-03-2016,20:15,20,Evening,Wednesday,0,Spring,1,5.19,Medium,22.6,13.8,1.3
Bedford-Stuyvesant,Harlem,24-02-2016,22:56,22,Evening,Wednesday,0,Winter,1,0.38,Low,6.9,3.3,1.0
Fort Greene,Kensington,06-04-2016,12:14,12,Afternoon,Wednesday,0,Spring,1,1.89,Low,18.6,6.1,1.0
Murray Hill,West Village,17-06-2016,10:01,10,Morning,Friday,0,Summer,1,2.95,Medium,14.6,12.1,1.3
Chinatown,Williamsburg,16-06-2016,20:31,20,Evening,Thursday,0,Summer,1,2.19,Medium,5.4,24.3,1.3
East Harlem,Hell's Kitchen,30-03-2016,23:49,23,Evening,Wednesday,0,Spring,1,1.42,Low,6.7,12.7,1.0
Kensington,Harlem,05-01-2016,17:58,17,Afternoon,Tuesday,0,Winter,1,1.38,High,15.6,5.3,1.8
East Harlem,Crown Heights,19-03-2016,19:51,19,Evening,Saturday,1,Spring,3,1.27,High,12.9,5.9,1.8
Park Slope,Murray Hill,22-01-2016,17:31,17,Afternoon,Friday,0,Winter,3,1.36,High,5.6,14.6,1.8
Williamsburg,West Village,18-05-2016,19:08,19,Evening,Wednesday,0,Spring,1,1.8,High,3.9,27.7,1.8
Kensington,Kensington,25-05-2016,13:19,13,Afternoon,Wednesday,0,Spring,5,2.41,Low,7.9,18.3,1.0
East Harlem,Clinton Hill,26-03-2016,13:07,13,Afternoon,Saturday,1,Spring,1,10.66,Low,21.9,29.2,1.0
Upper West Side,Bedford-Stuyvesant,19-01-2016,22:20,22,Evening,Tuesday,0,Winter,2,3.21,Low,8.0,24.1,1.0
West Village,Crown Heights,29-05-2016,00:15,0,Night,Sunday,1,Spring,1,3.77,Low,9.4,24.1,1.0
Bedford-Stuyvesant,Williamsburg,10-02-2016,21:06,21,Evening,Wednesday,0,Winter,2,0.85,Low,3.2,15.9,1.0
Chelsea,Hell's Kitchen,26-02-2016,20:59,20,Evening,Friday,0,Winter,2,4.62,Medium,15.2,18.2,1.3
Kensington,Harlem,09-03-2016,13:41,13,Afternoon,Wednesday,0,Spring,2,0.73,Low,12.3,3.6,1.0
Fort Greene,South Slope,11-04-2016,10:44,10,Morning,Monday,0,Spring,6,2.81,Medium,11.9,14.2,1.3
Upper West Side,Hell's Kitchen,09-02-2016,06:58,6,Morning,Tuesday,0,Winter,1,3.7,Low,13.6,16.3,1.0
Kensington,West Village,03-03-2016,22:01,22,Evening,Thursday,0,Spring,2,2.23,Low,16.2,8.3,1.0
South Slope,Harlem,26-03-2016,14:47,14,Afternoon,Saturday,1,Spring,1,1.3,Low,5.3,14.7,1.0
Clinton Hill,Hell's Kitchen,22-05-2016,18:06,18,Evening,Sunday,1,Spring,1,2.42,High,10.4,14.0,1.8
Bedford-Stuyvesant,Harlem,28-05-2016,22:53,22,Evening,Saturday,1,Spring,1,2.32,Low,14.3,9.7,1.0
Upper West Side,Clinton Hill,16-03-2016,05:42,5,Night,Wednesday,0,Spring,2,1.71,Low,2.4,42.8,1.0
Midtown,Harlem,28-05-2016,17:40,17,Afternoon,Saturday,1,Spring,1,4.7,High,16.4,17.2,1.8
East Harlem,Park Slope,13-06-2016,13:22,13,Afternoon,Monday,0,Summer,2,1.61,Low,9.4,10.3,1.0
Upper West Side,Harlem,16-05-2016,15:02,15,Afternoon,Monday,0,Spring,1,1.28,Low,5.8,13.2,1.0
Harlem,South Slope,09-01-2016,15:07,15,Afternoon,Saturday,1,Winter,1,2.63,Low,5.7,27.7,1.0
Inwood,East Harlem,26-05-2016,06:37,6,Morning,Thursday,0,Spring,4,5.18,Low,15.2,20.4,1.0
Inwood,East Harlem,22-05-2016,22:42,22,Evening,Sunday,1,Spring,1,1.49,Low,3.8,23.5,1.0
Bedford-Stuyvesant,Bedford-Stuyvesant,19-04-2016,09:27,9,Morning,Tuesday,0,Spring,6,2.09,High,18.0,7.0,1.8
Kensington,Harlem,01-04-2016,07:55,7,Morning,Friday,0,Spring,1,1.71,Medium,15.0,6.8,1.3
Upper West Side,Bedford-Stuyvesant,01-02-2016,18:02,18,Evening,Monday,0,Winter,1,1.66,High,10.5,9.5,1.8
Sheepshead Bay,Gravesend,20-04-2016,07:33,7,Morning,Wednesday,0,Spring,1,9.03,Medium,23.1,23.5,1.3
Sheepshead Bay,Midwood,12-04-2016,09:21,9,Morning,Tuesday,0,Spring,1,1.23,High,14.5,5.1,1.8
Crown Heights,Chelsea,19-06-2016,18:39,18,Evening,Sunday,1,Summer,1,1.97,High,9.6,12.3,1.8
Bayswater,Sheepshead Bay,17-03-2016,08:24,8,Morning,Thursday,0,Spring,1,0.62,High,1.7,21.9,1.8
South Slope,Williamsburg,07-04-2016,08:44,8,Morning,Thursday,0,Spring,1,1.39,High,7.0,11.9,1.8
East Harlem,Clinton Hill,01-01-2016,10:45,10,Morning,Friday,0,Winter,1,1.76,Medium,6.4,16.5,1.3
Midtown,Upper West Side,04-01-2016,16:32,16,Afternoon,Monday,0,Winter,2,7.38,Medium,18.6,23.8,1.3
East Harlem,Inwood,09-06-2016,18:43,18,Evening,Thursday,0,Summer,1,2.21,High,24.1,5.5,1.8
Bensonhurst,Coney Island,19-04-2016,08:31,8,Morning,Tuesday,0,Spring,2,13.38,High,42.4,18.9,1.8
Upper West Side,Harlem,10-06-2016,22:06,22,Evening,Friday,0,Summer,1,9.41,Low,16.4,34.4,1.0
Crown Heights,Clinton Hill,14-03-2016,04:24,4,Night,Monday,0,Spring,3,3.8,Low,12.6,18.1,1.0
Midwood,Great Kills,06-04-2016,08:53,8,Morning,Wednesday,0,Spring,1,11.26,High,21.0,32.2,1.8
West Village,Kensington,02-04-2016,14:46,14,Afternoon,Saturday,1,Spring,2,7.12,Low,20.4,20.9,1.0
Midwood,Grymes Hill,06-04-2016,12:24,12,Afternoon,Wednesday,0,Spring,2,1.72,Low,15.7,6.6,1.0
Murray Hill,Kensington,12-04-2016,20:22,20,Evening,Tuesday,0,Spring,1,0.57,Medium,2.1,16.3,1.3
Chinatown,Bedford-Stuyvesant,10-02-2016,08:36,8,Morning,Wednesday,0,Winter,1,0.94,High,5.8,9.7,1.8
Upper West Side,Bedford-Stuyvesant,26-02-2016,16:10,16,Afternoon,Friday,0,Winter,1,2.01,Medium,12.3,9.8,1.3
Williamsburg,Harlem,14-01-2016,12:25,12,Afternoon,Thursday,0,Winter,3,2.59,Low,11.5,13.5,1.0
Hell's Kitchen,East Harlem,15-04-2016,11:58,11,Morning,Friday,0,Spring,2,1.61,Low,11.2,8.6,1.0
West Village,Inwood,07-02-2016,23:17,23,Evening,Sunday,1,Winter,1,2.01,Low,7.7,15.7,1.0
Sheepshead Bay,Far Rockaway,15-04-2016,14:41,14,Afternoon,Friday,0,Spring,1,1.43,Low,6.1,14.1,1.0
Harlem,Bedford-Stuyvesant,19-06-2016,20:23,20,Evening,Sunday,1,Summer,1,1.85,Medium,6.2,17.9,1.3
Castleton Corners,Fort Hamilton,15-01-2016,19:25,19,Evening,Friday,0,Winter,1,1.48,High,6.7,13.3,1.8
Bath Beach,Sheepshead Bay,18-02-2016,09:27,9,Morning,Thursday,0,Winter,5,8.14,High,18.2,26.8,1.8
Murray Hill,Williamsburg,31-01-2016,13:52,13,Afternoon,Sunday,1,Winter,1,3.37,Low,11.0,18.4,1.0
Harlem,Crown Heights,07-01-2016,15:40,15,Afternoon,Thursday,0,Winter,2,1.68,Low,8.8,11.5,1.0
Bedford-Stuyvesant,Upper West Side,05-06-2016,03:02,3,Night,Sunday,1,Summer,1,6.35,Low,12.2,31.2,1.0
Murray Hill,Upper West Side,31-05-2016,19:16,19,Evening,Tuesday,0,Spring,2,2.39,High,11.6,12.4,1.8
East Harlem,Upper West Side,14-06-2016,21:16,21,Evening,Tuesday,0,Summer,2,2.49,Low,4.9,30.5,1.0
Gravesend,Sheepshead Bay,23-02-2016,13:28,13,Afternoon,Tuesday,0,Winter,1,2.33,Low,11.0,12.7,1.0
East Harlem,East Village,30-06-2016,21:35,21,Evening,Thursday,0,Summer,1,2.11,Low,10.9,11.6,1.0
Midtown,Upper West Side,15-02-2016,17:52,17,Afternoon,Monday,0,Winter,5,4.13,High,9.8,25.3,1.8
Williamsburg,Bedford-Stuyvesant,07-04-2016,22:52,22,Evening,Thursday,0,Spring,2,3.52,Low,17.6,12.0,1.0
Williamsburg,Hell's Kitchen,29-01-2016,11:23,11,Morning,Friday,0,Winter,1,1.58,Low,9.7,9.8,1.0
Crown Heights,Harlem,01-06-2016,20:15,20,Evening,Wednesday,0,Summer,5,2.13,Medium,19.2,6.7,1.3
South Slope,Bedford-Stuyvesant,09-04-2016,09:09,9,Morning,Saturday,1,Spring,1,6.3,High,11.0,34.4,1.8
Harlem,Fort Greene,03-01-2016,02:03,2,Night,Sunday,1,Winter,1,2.71,Low,13.4,12.1,1.0
Midwood,Bensonhurst,14-04-2016,08:31,8,Morning,Thursday,0,Spring,1,4.66,High,32.6,8.6,1.8
Harlem,South Slope,16-01-2016,20:34,20,Evening,Saturday,1,Winter,6,3.87,Medium,17.2,13.5,1.3
Great Kills,Midwood,29-04-2016,14:18,14,Afternoon,Friday,0,Spring,4,13.88,Low,47.0,17.7,1.0
Hell's Kitchen,Hell's Kitchen,29-03-2016,06:07,6,Morning,Tuesday,0,Spring,5,0.93,Low,1.4,39.9,1.0
Fort Greene,South Slope,02-01-2016,01:16,1,Night,Saturday,1,Winter,1,0.92,Low,3.2,17.2,1.0
Arverne,Arverne,05-02-2016,17:28,17,Afternoon,Friday,0,Winter,1,0.99,High,1.9,31.3,1.8
Chinatown,Bedford-Stuyvesant,22-05-2016,13:08,13,Afternoon,Sunday,1,Spring,1,2.3,Low,13.4,10.3,1.0
South Slope,Upper West Side,28-05-2016,21:31,21,Evening,Saturday,1,Spring,1,2.44,Low,10.0,14.6,1.0
South Slope,Midtown,06-03-2016,10:53,10,Morning,Sunday,1,Spring,1,1.01,Medium,6.1,9.9,1.3
Upper West Side,Clinton Hill,31-05-2016,19:53,19,Evening,Tuesday,0,Spring,1,1.76,High,7.2,14.7,1.8
"Bay Terrace, Staten Island",Brighton Beach,17-05-2016,18:00,18,Evening,Tuesday,0,Spring,4,1.16,High,10.0,7.0,1.8
Eltingville,Arden Heights,24-04-2016,09:09,9,Morning,Sunday,1,Spring,1,23.57,High,27.8,50.9,1.8
Harlem,Upper West Side,01-04-2016,09:28,9,Morning,Friday,0,Spring,1,2.59,High,14.0,11.1,1.8
Arden Heights,Fort Hamilton,16-05-2016,13:05,13,Afternoon,Monday,0,Spring,3,11.75,Low,28.3,24.9,1.0
Harlem,Upper West Side,15-02-2016,16:36,16,Afternoon,Monday,0,Winter,2,1.16,Medium,5.5,12.7,1.3
Bedford-Stuyvesant,Chinatown,01-01-2016,00:09,0,Night,Friday,0,Winter,2,3.89,Low,10.4,22.4,1.0
Far Rockaway,Sheepshead Bay,24-03-2016,18:27,18,Evening,Thursday,0,Spring,1,1.65,High,5.7,17.4,1.8
Oakwood,Eltingville,04-01-2016,14:20,14,Afternoon,Monday,0,Winter,1,9.01,Low,16.6,32.6,1.0
Bensonhurst,Great Kills,15-03-2016,09:44,9,Morning,Tuesday,0,Spring,1,10.45,High,22.8,27.5,1.8
South Slope,Clinton Hill,15-06-2016,10:17,10,Morning,Wednesday,0,Summer,2,4.61,Medium,9.9,27.9,1.3
Upper West Side,Park Slope,18-03-2016,07:48,7,Morning,Friday,0,Spring,1,1.78,Medium,5.2,20.5,1.3
Bedford-Stuyvesant,Murray Hill,26-04-2016,14:42,14,Afternoon,Tuesday,0,Spring,1,1.94,Low,14.8,7.9,1.0
Kensington,Clinton Hill,02-05-2016,18:29,18,Evening,Monday,0,Spring,6,2.61,High,9.3,16.8,1.8
Harlem,Park Slope,12-04-2016,10:11,10,Morning,Tuesday,0,Spring,1,3.12,Medium,23.2,8.1,1.3
Upper West Side,Upper West Side,20-06-2016,21:05,21,Evening,Monday,0,Summer,1,9.61,Low,42.6,13.5,1.0
South Slope,Hell's Kitchen,08-05-2016,21:13,21,Evening,Sunday,1,Spring,2,1.29,Low,2.2,35.2,1.0
Williamsburg,Harlem,14-01-2016,19:14,19,Evening,Thursday,0,Winter,2,1.62,High,8.9,10.9,1.8
Arverne,Midwood,19-01-2016,08:00,8,Morning,Tuesday,0,Winter,3,3.26,High,17.2,11.4,1.8
Williamsburg,South Slope,22-03-2016,20:24,20,Evening,Tuesday,0,Spring,1,1.06,Medium,9.6,6.6,1.3
Clinton Hill,Upper West Side,25-02-2016,15:30,15,Afternoon,Thursday,0,Winter,1,1.07,Low,5.1,12.6,1.0
Midtown,Williamsburg,13-02-2016,08:10,8,Morning,Saturday,1,Winter,3,0.94,High,2.3,24.5,1.8
Kensington,Bedford-Stuyvesant,23-05-2016,20:42,20,Evening,Monday,0,Spring,1,1.71,Medium,9.3,11.0,1.3
Harlem,Midtown,08-03-2016,02:44,2,Night,Tuesday,0,Spring,1,17.07,Low,20.3,50.5,1.0
Bedford-Stuyvesant,Midtown,11-01-2016,06:21,6,Morning,Monday,0,Winter,1,0.86,Low,3.5,14.7,1.0
Harlem,Harlem,26-06-2016,15:10,15,Afternoon,Sunday,1,Summer,1,4.1,Low,13.1,18.8,1.0
Tottenville,Eltingville,18-06-2016,00:41,0,Night,Saturday,1,Summer,1,24.16,Low,29.1,49.8,1.0
East Harlem,Bedford-Stuyvesant,03-01-2016,19:51,19,Evening,Sunday,1,Winter,3,0.7,High,2.0,21.0,1.8
East Harlem,Harlem,25-03-2016,00:22,0,Night,Friday,0,Spring,1,6.46,Low,14.2,27.3,1.0
Park Slope,South Slope,25-04-2016,19:43,19,Evening,Monday,0,Spring,1,1.41,High,4.5,18.8,1.8
Fort Hamilton,Clifton,25-05-2016,13:45,13,Afternoon,Wednesday,0,Spring,1,1.99,Low,11.7,10.2,1.0
Hell's Kitchen,Bedford-Stuyvesant,10-04-2016,03:13,3,Night,Sunday,1,Spring,1,7.77,Low,44.6,10.5,1.0
Inwood,Bedford-Stuyvesant,17-06-2016,08:54,8,Morning,Friday,0,Summer,1,2.08,High,11.9,10.5,1.8
Upper West Side,Bedford-Stuyvesant,25-06-2016,07:30,7,Morning,Saturday,1,Summer,2,11.65,Medium,18.0,38.8,1.3
Emerson Hill,Flatlands,06-02-2016,16:02,16,Afternoon,Saturday,1,Winter,3,2.78,Medium,13.3,12.5,1.3
Canarsie,Sheepshead Bay,14-06-2016,09:20,9,Morning,Tuesday,0,Summer,1,1.61,High,22.5,4.3,1.8
Inwood,Hell's Kitchen,05-03-2016,10:23,10,Morning,Saturday,1,Spring,1,6.04,Medium,22.1,16.4,1.3
Harlem,Williamsburg,08-06-2016,23:02,23,Evening,Wednesday,0,Summer,3,8.88,Low,17.2,31.0,1.0
West Village,Bedford-Stuyvesant,02-02-2016,18:28,18,Evening,Tuesday,0,Winter,1,5.61,High,40.9,8.2,1.8
Harlem,Bedford-Stuyvesant,01-04-2016,12:46,12,Afternoon,Friday,0,Spring,1,0.98,Low,5.4,10.9,1.0
Tompkinsville,Eltingville,03-01-2016,03:33,3,Night,Sunday,1,Winter,1,11.21,Low,36.0,18.7,1.0
East Harlem,South Slope,18-06-2016,06:53,6,Morning,Saturday,1,Summer,1,3.08,Low,25.6,7.2,1.0
Murray Hill,East Harlem,11-04-2016,19:50,19,Evening,Monday,0,Spring,5,1.85,High,8.2,13.5,1.8
East Harlem,Hell's Kitchen,24-04-2016,19:25,19,Evening,Sunday,1,Spring,4,0.81,High,6.6,7.4,1.8
Hell's Kitchen,Upper West Side,20-02-2016,13:06,13,Afternoon,Saturday,1,Winter,1,2.83,Low,17.2,9.9,1.0
South Slope,Upper West Side,25-05-2016,06:40,6,Morning,Wednesday,0,Spring,1,0.05,Low,3.2,0.9,1.0
Upper West Side,Hell's Kitchen,26-02-2016,18:45,18,Evening,Friday,0,Winter,1,3.27,High,18.6,10.5,1.8
Bedford-Stuyvesant,Park Slope,11-06-2016,14:22,14,Afternoon,Saturday,1,Summer,1,2.74,Low,8.1,20.3,1.0
Upper West Side,Harlem,19-05-2016,20:47,20,Evening,Thursday,0,Spring,1,4.0,Medium,11.8,20.3,1.3
Greenpoint,West Village,29-04-2016,04:28,4,Night,Friday,0,Spring,1,4.54,Low,10.9,25.0,1.0
Midtown,East Harlem,31-05-2016,23:12,23,Evening,Tuesday,0,Spring,2,7.79,Low,15.8,29.6,1.0
Crown Heights,Bedford-Stuyvesant,14-05-2016,03:27,3,Night,Saturday,1,Spring,1,9.16,Low,24.1,22.8,1.0
Crown Heights,Williamsburg,04-06-2016,03:14,3,Night,Saturday,1,Summer,1,4.39,Low,21.3,12.4,1.0
Fort Greene,Clinton Hill,17-02-2016,17:39,17,Afternoon,Wednesday,0,Winter,1,2.98,High,29.1,6.1,1.8
East Harlem,South Slope,25-04-2016,23:18,23,Evening,Monday,0,Spring,1,4.16,Low,12.5,20.0,1.0
Park Slope,Upper West Side,30-04-2016,07:44,7,Morning,Saturday,1,Spring,1,2.31,Medium,5.0,27.7,1.3
Chinatown,Upper West Side,10-03-2016,18:52,18,Evening,Thursday,0,Spring,1,4.13,High,16.0,15.5,1.8
South Slope,Bedford-Stuyvesant,11-04-2016,17:41,17,Afternoon,Monday,0,Spring,1,1.6,High,5.2,18.5,1.8
Harlem,Fort Greene,25-01-2016,23:32,23,Evening,Monday,0,Winter,1,1.74,Low,10.4,10.0,1.0
Midwood,Gravesend,18-04-2016,18:27,18,Evening,Monday,0,Spring,2,2.98,High,15.4,11.6,1.8
Bedford-Stuyvesant,Chinatown,23-04-2016,23:28,23,Evening,Saturday,1,Spring,2,5.44,Low,14.9,21.9,1.0
Bedford-Stuyvesant,Upper West Side,23-06-2016,07:16,7,Morning,Thursday,0,Summer,1,1.65,Medium,5.3,18.7,1.3
Tottenville,Woodrow,25-04-2016,17:37,17,Afternoon,Monday,0,Spring,1,24.54,High,46.0,32.0,1.8
Upper West Side,Upper West Side,17-01-2016,03:24,3,Night,Sunday,1,Winter,1,0.32,Low,2.6,7.4,1.0
Upper West Side,Bedford-Stuyvesant,24-03-2016,13:35,13,Afternoon,Thursday,0,Spring,1,1.99,Low,13.2,9.0,1.0
Bedford-Stuyvesant,Upper West Side,04-04-2016,09:21,9,Morning,Monday,0,Spring,1,4.93,High,16.0,18.5,1.8
"Bay Terrace, Staten Island",Sheepshead Bay,24-02-2016,11:45,11,Morning,Wednesday,0,Winter,1,9.23,Low,23.0,24.1,1.0
Bedford-Stuyvesant,Kensington,08-02-2016,18:24,18,Evening,Monday,0,Winter,1,0.99,High,3.7,16.1,1.8
Clinton Hill,Upper West Side,21-06-2016,18:09,18,Evening,Tuesday,0,Summer,1,1.13,High,7.5,9.0,1.8
East Harlem,Upper West Side,06-01-2016,15:23,15,Afternoon,Wednesday,0,Winter,1,1.84,Low,14.6,7.6,1.0
Great Kills,Far Rockaway,01-04-2016,13:33,13,Afternoon,Friday,0,Spring,1,11.28,Low,26.8,25.3,1.0
Harlem,East Harlem,27-03-2016,11:55,11,Morning,Sunday,1,Spring,5,3.51,Low,10.1,20.9,1.0
Upper West Side,South Slope,08-04-2016,20:19,20,Evening,Friday,0,Spring,2,1.14,Medium,3.2,21.4,1.3
Harlem,Murray Hill,27-05-2016,17:58,17,Afternoon,Friday,0,Spring,1,3.06,High,17.9,10.3,1.8
East Harlem,Hell's Kitchen,23-04-2016,15:58,15,Afternoon,Saturday,1,Spring,1,2.2,Low,4.6,28.7,1.0
Upper West Side,Murray Hill,21-04-2016,12:32,12,Afternoon,Thursday,0,Spring,6,1.08,Low,4.8,13.5,1.0
Murray Hill,Upper West Side,16-06-2016,12:35,12,Afternoon,Thursday,0,Summer,3,3.31,Low,10.5,18.9,1.0
Upper West Side,Murray Hill,06-01-2016,13:39,13,Afternoon,Wednesday,0,Winter,1,2.9,Low,10.2,17.1,1.0
Bedford-Stuyvesant,Upper West Side,25-02-2016,13:40,13,Afternoon,Thursday,0,Winter,1,1.63,Low,13.4,7.3,1.0
Bedford-Stuyvesant,East Harlem,02-04-2016,15:35,15,Afternoon,Saturday,1,Spring,1,7.88,Low,20.3,23.3,1.0
Upper West Side,Bedford-Stuyvesant,13-02-2016,17:59,17,Afternoon,Saturday,1,Winter,1,1.17,High,4.8,14.6,1.8
Flatlands,Gravesend,09-03-2016,17:11,17,Afternoon,Wednesday,0,Spring,1,5.78,High,17.4,19.9,1.8
Harlem,Midtown,21-05-2016,03:13,3,Night,Saturday,1,Spring,1,2.28,Low,6.7,20.4,1.0
East Harlem,Harlem,08-06-2016,05:51,5,Night,Wednesday,0,Summer,1,1.94,Low,5.9,19.7,1.0
Williamsburg,Upper West Side,01-05-2016,02:40,2,Night,Sunday,1,Spring,1,4.27,Low,21.9,11.7,1.0
Midwood,Midwood,06-03-2016,11:01,11,Morning,Sunday,1,Spring,1,2.01,Low,7.0,17.2,1.0
West Village,Harlem,20-04-2016,19:14,19,Evening,Wednesday,0,Spring,1,3.31,High,15.4,12.9,1.8
Upper West Side,West Village,19-05-2016,18:57,18,Evening,Thursday,0,Spring,1,0.8,High,1.9,25.3,1.8
Arden Heights,Bensonhurst,04-05-2016,18:04,18,Evening,Wednesday,0,Spring,1,6.86,High,34.0,12.1,1.8
Harlem,Upper West Side,11-02-2016,11:03,11,Morning,Thursday,0,Winter,1,1.28,Low,5.6,13.7,1.0
Harlem,Clinton Hill,06-04-2016,00:52,0,Night,Wednesday,0,Spring,1,2.2,Low,14.4,9.2,1.0
East Harlem,Harlem,18-03-2016,07:54,7,Morning,Friday,0,Spring,3,1.65,Medium,7.8,12.7,1.3
Harlem,Kensington,03-05-2016,08:28,8,Morning,Tuesday,0,Spring,1,1.88,High,7.1,15.9,1.8
Bedford-Stuyvesant,Harlem,01-03-2016,06:40,6,Morning,Tuesday,0,Spring,5,6.7,Low,21.3,18.9,1.0
Harlem,East Harlem,03-05-2016,04:40,4,Night,Tuesday,0,Spring,2,4.25,Low,11.3,22.6,1.0
Harlem,Harlem,03-02-2016,07:57,7,Morning,Wednesday,0,Winter,1,1.5,Medium,4.9,18.4,1.3
Harlem,Bedford-Stuyvesant,27-04-2016,09:05,9,Morning,Wednesday,0,Spring,1,1.22,High,6.6,11.1,1.8
Chinatown,Midtown,03-06-2016,11:40,11,Morning,Friday,0,Summer,1,2.96,Low,16.8,10.6,1.0
Harlem,Upper West Side,17-06-2016,11:46,11,Morning,Friday,0,Summer,1,2.35,Low,11.8,11.9,1.0
Harlem,Harlem,26-06-2016,11:17,11,Morning,Sunday,1,Summer,1,4.05,Low,13.1,18.5,1.0
Midtown,Upper West Side,29-03-2016,21:19,21,Evening,Tuesday,0,Spring,3,2.11,Low,5.3,23.9,1.0
Kensington,Harlem,25-06-2016,13:48,13,Afternoon,Saturday,1,Summer,1,1.53,Low,9.4,9.8,1.0
Harlem,Bedford-Stuyvesant,20-06-2016,22:40,22,Evening,Monday,0,Summer,1,1.47,Low,8.6,10.3,1.0
West Village,Greenpoint,23-01-2016,08:46,8,Morning,Saturday,1,Winter,1,1.12,High,20.0,3.4,1.8
Bedford-Stuyvesant,Chinatown,06-03-2016,17:44,17,Afternoon,Sunday,1,Spring,1,0.97,High,7.5,7.8,1.8
Hell's Kitchen,Bedford-Stuyvesant,14-05-2016,14:02,14,Afternoon,Saturday,1,Spring,1,3.58,Low,24.3,8.8,1.0
East Village,West Village,02-04-2016,04:24,4,Night,Saturday,1,Spring,1,8.1,Low,19.2,25.3,1.0
Upper West Side,East Harlem,04-05-2016,11:02,11,Morning,Wednesday,0,Spring,1,1.56,Low,10.0,9.4,1.0
Chinatown,Park Slope,02-04-2016,16:01,16,Afternoon,Saturday,1,Spring,1,2.27,Medium,12.1,11.3,1.3
Midtown,Bedford-Stuyvesant,23-02-2016,09:19,9,Morning,Tuesday,0,Winter,1,1.06,High,20.0,3.2,1.8
East Harlem,East Harlem,21-03-2016,11:22,11,Morning,Monday,0,Spring,1,0.48,Low,1.2,24.0,1.0
East Harlem,Upper West Side,24-03-2016,16:19,16,Afternoon,Thursday,0,Spring,1,1.64,Medium,13.7,7.2,1.3
Tottenville,Eltingville,30-01-2016,22:42,22,Evening,Saturday,1,Winter,5,24.8,Low,40.9,36.4,1.0
Flatlands,Arden Heights,02-03-2016,07:02,7,Morning,Wednesday,0,Spring,1,13.35,Medium,22.6,35.4,1.3
South Slope,South Slope,15-02-2016,22:28,22,Evening,Monday,0,Winter,1,0.68,Low,1.6,25.5,1.0
Windsor Terrace,Greenpoint,13-05-2016,02:21,2,Night,Friday,0,Spring,1,0.87,Low,2.6,20.1,1.0
South Slope,South Slope,09-04-2016,22:33,22,Evening,Saturday,1,Spring,2,2.57,Low,7.7,20.0,1.0
Williamsburg,Bedford-Stuyvesant,11-06-2016,17:48,17,Afternoon,Saturday,1,Summer,2,4.0,High,12.4,19.4,1.8
Fort Greene,Williamsburg,19-05-2016,10:44,10,Morning,Thursday,0,Spring,1,1.55,Medium,18.2,5.1,1.3
Bedford-Stuyvesant,Upper West Side,21-05-2016,19:58,19,Evening,Saturday,1,Spring,1,4.21,High,11.8,21.4,1.8
Kensington,Murray Hill,15-02-2016,16:12,16,Afternoon,Monday,0,Winter,1,7.14,Medium,19.0,22.5,1.3
Williamsburg,Hell's Kitchen,09-01-2016,06:26,6,Morning,Saturday,1,Winter,1,1.45,Low,4.3,20.2,1.0
Midtown,Park Slope,25-02-2016,01:46,1,Night,Thursday,0,Winter,2,3.9,Low,11.0,21.3,1.0
Upper West Side,Chinatown,30-06-2016,07:37,7,Morning,Thursday,0,Summer,1,1.61,Medium,6.0,16.1,1.3
East Harlem,Park Slope,07-02-2016,08:24,8,Morning,Sunday,1,Winter,1,5.67,High,13.9,24.5,1.8
Harlem,West Village,29-04-2016,20:21,20,Evening,Friday,0,Spring,1,10.67,Medium,35.3,18.1,1.3
East Harlem,Harlem,30-06-2016,10:53,10,Morning,Thursday,0,Summer,1,2.72,Medium,9.5,17.2,1.3
Windsor Terrace,South Slope,08-05-2016,02:57,2,Night,Sunday,1,Spring,2,1.34,Low,4.9,16.4,1.0
Bensonhurst,Bay Ridge,06-02-2016,19:50,19,Evening,Saturday,1,Winter,5,1.68,High,13.4,7.5,1.8
Kensington,Midtown,20-05-2016,14:04,14,Afternoon,Friday,0,Spring,1,0.06,Low,29.6,0.1,1.0
Harlem,Clinton Hill,17-02-2016,12:02,12,Afternoon,Wednesday,0,Winter,1,1.83,Low,16.2,6.8,1.0
Bedford-Stuyvesant,Upper West Side,01-02-2016,08:41,8,Morning,Monday,0,Winter,3,1.6,High,7.7,12.5,1.8
Hell's Kitchen,Harlem,29-04-2016,12:18,12,Afternoon,Friday,0,Spring,1,2.06,Low,10.4,11.9,1.0
Crown Heights,Hell's Kitchen,27-01-2016,06:45,6,Morning,Wednesday,0,Winter,1,1.96,Low,5.6,21.0,1.0
Harlem,Bedford-Stuyvesant,21-02-2016,13:21,13,Afternoon,Sunday,1,Winter,2,1.64,Low,12.8,7.7,1.0
Flatbush,Great Kills,28-02-2016,19:47,19,Evening,Sunday,1,Winter,1,12.86,High,42.6,18.1,1.8
East Harlem,Upper West Side,06-01-2016,18:15,18,Evening,Wednesday,0,Winter,1,2.78,High,15.9,10.5,1.8
Upper West Side,Bedford-Stuyvesant,08-03-2016,08:33,8,Morning,Tuesday,0,Spring,1,0.44,High,3.0,8.8,1.8
Upper West Side,Upper West Side,18-01-2016,13:00,13,Afternoon,Monday,0,Winter,1,2.92,Low,10.3,17.0,1.0
Upper West Side,Upper West Side,22-06-2016,09:47,9,Morning,Wednesday,0,Summer,1,2.09,High,14.4,8.7,1.8
Mill Basin,Sheepshead Bay,20-06-2016,14:19,14,Afternoon,Monday,0,Summer,1,3.16,Low,15.3,12.4,1.0
Midtown,East Harlem,28-06-2016,07:17,7,Morning,Tuesday,0,Summer,1,0.97,Medium,5.0,11.6,1.3
Upper West Side,Bedford-Stuyvesant,24-04-2016,16:48,16,Afternoon,Sunday,1,Spring,3,3.65,Medium,16.6,13.2,1.3
"Bay Terrace, Staten Island",Midland Beach,17-02-2016,17:40,17,Afternoon,Wednesday,0,Winter,1,12.71,High,32.8,23.3,1.8
South Slope,Harlem,06-05-2016,10:37,10,Morning,Friday,0,Spring,2,13.83,Medium,35.2,23.6,1.3
West Village,Chinatown,13-05-2016,23:13,23,Evening,Friday,0,Spring,1,1.22,Low,6.6,11.1,1.0
Prince's Bay,Great Kills,30-06-2016,15:48,15,Afternoon,Thursday,0,Summer,1,26.01,Low,103.1,15.1,1.0
East Harlem,South Slope,23-05-2016,00:09,0,Night,Monday,0,Spring,1,2.13,Low,10.1,12.7,1.0
Midwood,"Bay Terrace, Staten Island",27-04-2016,11:52,11,Morning,Wednesday,0,Spring,2,15.88,Low,24.4,39.0,1.0
Clinton Hill,Clinton Hill,20-02-2016,23:45,23,Evening,Saturday,1,Winter,1,0.87,Low,6.5,8.0,1.0
Crown Heights,East Harlem,06-06-2016,13:43,13,Afternoon,Monday,0,Summer,3,0.71,Low,3.8,11.2,1.0
Harlem,Kensington,22-02-2016,19:02,19,Evening,Monday,0,Winter,1,2.33,High,10.8,12.9,1.8
Kensington,Murray Hill,20-04-2016,14:02,14,Afternoon,Wednesday,0,Spring,1,5.98,Low,21.9,16.4,1.0
Fort Greene,Hell's Kitchen,09-04-2016,23:41,23,Evening,Saturday,1,Spring,1,2.19,Low,10.3,12.8,1.0
Chelsea,South Slope,22-01-2016,18:20,18,Evening,Friday,0,Winter,1,1.0,High,2.9,20.7,1.8
Williamsburg,Upper West Side,19-03-2016,18:18,18,Evening,Saturday,1,Spring,1,2.57,High,15.1,10.2,1.8
Midtown,Midtown,07-05-2016,18:40,18,Evening,Saturday,1,Spring,2,1.82,High,5.7,19.2,1.8
Clinton Hill,Williamsburg,15-04-2016,20:11,20,Evening,Friday,0,Spring,3,1.42,Medium,11.2,7.6,1.3
South Slope,Crown Heights,19-06-2016,00:23,0,Night,Sunday,1,Summer,2,3.36,Low,10.8,18.7,1.0
Harlem,Harlem,03-02-2016,00:14,0,Night,Wednesday,0,Winter,1,6.78,Low,24.7,16.5,1.0
Midtown,Bushwick,10-06-2016,01:48,1,Night,Friday,0,Summer,1,2.97,Low,21.2,8.4,1.0
East Harlem,Harlem,18-03-2016,10:42,10,Morning,Friday,0,Spring,1,1.56,Medium,9.8,9.6,1.3
Prince's Bay,Great Kills,20-03-2016,22:51,22,Evening,Sunday,1,Spring,1,12.21,Low,22.4,32.7,1.0
Bensonhurst,Fort Hamilton,28-04-2016,13:22,13,Afternoon,Thursday,0,Spring,1,1.09,Low,8.8,7.4,1.0
Upper West Side,East Harlem,02-02-2016,18:40,18,Evening,Tuesday,0,Winter,1,0.74,High,5.2,8.5,1.8
Fort Greene,Midtown,09-06-2016,06:54,6,Morning,Thursday,0,Summer,3,3.11,Low,8.4,22.2,1.0
Bedford-Stuyvesant,Harlem,14-03-2016,14:57,14,Afternoon,Monday,0,Spring,1,2.9,Low,17.5,9.9,1.0
Sheepshead Bay,Arden Heights,14-05-2016,05:31,5,Night,Saturday,1,Spring,1,11.89,Low,20.6,34.6,1.0
Fort Greene,South Slope,05-01-2016,09:53,9,Morning,Tuesday,0,Winter,1,0.71,High,3.4,12.5,1.8
Bedford-Stuyvesant,East Harlem,27-02-2016,19:09,19,Evening,Saturday,1,Winter,2,2.3,High,14.5,9.5,1.8
Harlem,Upper West Side,17-06-2016,14:40,14,Afternoon,Friday,0,Summer,1,0.88,Low,4.1,12.9,1.0
Oakwood,Eltingville,25-02-2016,02:35,2,Night,Thursday,0,Winter,1,6.27,Low,14.9,25.2,1.0
Park Slope,Upper West Side,07-01-2016,15:26,15,Afternoon,Thursday,0,Winter,1,2.01,Low,12.2,9.9,1.0
Upper West Side,Hell's Kitchen,23-06-2016,08:37,8,Morning,Thursday,0,Summer,1,0.62,High,3.7,10.1,1.8
Sheepshead Bay,Sheepshead Bay,14-02-2016,10:40,10,Morning,Sunday,1,Winter,6,1.13,Medium,5.8,11.7,1.3
Upper West Side,Upper West Side,04-02-2016,16:33,16,Afternoon,Thursday,0,Winter,1,5.9,Medium,21.0,16.9,1.3
Kensington,Midtown,08-04-2016,15:26,15,Afternoon,Friday,0,Spring,1,2.56,Low,11.8,13.0,1.0
South Slope,East Harlem,03-02-2016,07:32,7,Morning,Wednesday,0,Winter,1,3.68,Medium,14.2,15.5,1.3
Great Kills,Far Rockaway,28-01-2016,15:31,15,Afternoon,Thursday,0,Winter,1,10.63,Low,43.8,14.6,1.0
Bedford-Stuyvesant,Kensington,16-06-2016,10:10,10,Morning,Thursday,0,Summer,1,2.8,Medium,9.2,18.3,1.3
Bedford-Stuyvesant,East Harlem,06-04-2016,01:26,1,Night,Wednesday,0,Spring,1,4.16,Low,10.8,23.1,1.0
Bedford-Stuyvesant,Bedford-Stuyvesant,26-04-2016,18:36,18,Evening,Tuesday,0,Spring,1,8.14,High,22.6,21.6,1.8
Hell's Kitchen,Inwood,16-05-2016,19:17,19,Evening,Monday,0,Spring,2,3.2,High,9.9,19.4,1.8
Mill Basin,Bensonhurst,12-02-2016,09:44,9,Morning,Friday,0,Winter,1,0.6,High,15.7,2.3,1.8
Harlem,Park Slope,06-02-2016,10:24,10,Morning,Saturday,1,Winter,1,0.68,Medium,2.6,15.7,1.3
Harlem,Harlem,21-01-2016,15:29,15,Afternoon,Thursday,0,Winter,1,3.63,Low,26.2,8.3,1.0
Hell's Kitchen,Chinatown,01-02-2016,22:20,22,Evening,Monday,0,Winter,1,3.63,Low,13.5,16.1,1.0
Sheepshead Bay,Bensonhurst,25-02-2016,21:24,21,Evening,Thursday,0,Winter,2,5.67,Low,23.3,14.6,1.0
Midwood,Arverne,06-02-2016,06:03,6,Morning,Saturday,1,Winter,1,2.58,Low,7.8,19.8,1.0
Bedford-Stuyvesant,South Slope,18-05-2016,13:54,13,Afternoon,Wednesday,0,Spring,2,1.27,Low,12.5,6.1,1.0
South Slope,Murray Hill,30-04-2016,15:40,15,Afternoon,Saturday,1,Spring,1,6.32,Low,37.2,10.2,1.0
Great Kills,Bayswater,01-06-2016,20:48,20,Evening,Wednesday,0,Summer,1,11.72,Medium,20.3,34.6,1.3
Upper West Side,Upper West Side,11-06-2016,16:59,16,Afternoon,Saturday,1,Summer,1,6.41,Medium,34.2,11.2,1.3
East Harlem,East Harlem,31-01-2016,10:43,10,Morning,Sunday,1,Winter,1,2.65,Medium,13.4,11.9,1.3
Kensington,Upper West Side,02-01-2016,22:54,22,Evening,Saturday,1,Winter,1,7.36,Low,11.1,39.8,1.0
Tottenville,Eltingville,18-03-2016,08:22,8,Morning,Friday,0,Spring,1,26.33,High,85.2,18.5,1.8
Inwood,East Harlem,14-02-2016,01:05,1,Night,Sunday,1,Winter,1,7.64,Low,15.5,29.6,1.0
Greenpoint,Upper West Side,21-02-2016,19:20,19,Evening,Sunday,1,Winter,6,4.19,High,15.8,15.9,1.8
Bedford-Stuyvesant,Harlem,14-06-2016,11:48,11,Morning,Tuesday,0,Summer,1,0.42,Low,6.2,4.1,1.0
Upper West Side,Murray Hill,21-03-2016,20:14,20,Evening,Monday,0,Spring,1,3.16,Medium,10.0,19.0,1.3
Upper West Side,Bedford-Stuyvesant,05-02-2016,14:56,14,Afternoon,Friday,0,Winter,1,2.73,Low,19.0,8.6,1.0
East Harlem,Midtown,12-04-2016,11:42,11,Morning,Tuesday,0,Spring,1,1.06,Low,6.2,10.3,1.0
Upper West Side,Midtown,24-02-2016,20:21,20,Evening,Wednesday,0,Winter,2,4.38,Medium,22.2,11.8,1.3
Upper West Side,Clinton Hill,23-04-2016,16:10,16,Afternoon,Saturday,1,Spring,1,2.4,Medium,8.4,17.1,1.3
Williamsburg,Upper West Side,14-02-2016,20:58,20,Evening,Sunday,1,Winter,1,4.75,Medium,10.9,26.1,1.3
Upper West Side,Hell's Kitchen,18-05-2016,18:59,18,Evening,Wednesday,0,Spring,1,2.59,High,20.7,7.5,1.8
Tottenville,Woodrow,06-01-2016,05:58,5,Night,Wednesday,0,Winter,3,10.56,Low,29.6,21.4,1.0
Bedford-Stuyvesant,Midtown,23-06-2016,19:41,19,Evening,Thursday,0,Summer,5,5.38,High,13.6,23.7,1.8
Harlem,East Harlem,08-06-2016,00:45,0,Night,Wednesday,0,Summer,1,2.47,Low,6.3,23.5,1.0
Bensonhurst,Tompkinsville,12-01-2016,18:55,18,Evening,Tuesday,0,Winter,2,1.05,High,9.9,6.4,1.8
Upper West Side,Bedford-Stuyvesant,28-01-2016,12:28,12,Afternoon,Thursday,0,Winter,2,0.87,Low,3.8,13.7,1.0
Harlem,Harlem,16-02-2016,16:52,16,Afternoon,Tuesday,0,Winter,1,3.86,Medium,14.0,16.5,1.3
East Harlem,Kensington,13-04-2016,19:14,19,Evening,Wednesday,0,Spring,1,1.58,High,7.2,13.2,1.8
Sheepshead Bay,Huguenot,14-01-2016,09:24,9,Morning,Thursday,0,Winter,1,25.63,High,35.4,43.4,1.8
Inwood,Murray Hill,18-05-2016,04:25,4,Night,Wednesday,0,Spring,1,7.97,Low,17.8,26.9,1.0
Bedford-Stuyvesant,Harlem,20-02-2016,11:43,11,Morning,Saturday,1,Winter,6,0.57,Low,3.1,11.0,1.0
Flatlands,Dyker Heights,24-05-2016,13:21,13,Afternoon,Tuesday,0,Spring,1,1.74,Low,18.9,5.5,1.0
Midwood,Concord,14-05-2016,17:50,17,Afternoon,Saturday,1,Spring,1,8.23,High,33.1,14.9,1.8
Clinton Hill,East Harlem,22-02-2016,21:34,21,Evening,Monday,0,Winter,2,3.79,Low,16.0,14.2,1.0
Flatbush,Bedford-Stuyvesant,25-02-2016,22:17,22,Evening,Thursday,0,Winter,1,2.67,Low,16.0,10.0,1.0
South Slope,Inwood,14-02-2016,14:37,14,Afternoon,Sunday,1,Winter,4,2.05,Low,7.8,15.8,1.0
Harlem,Upper West Side,23-02-2016,21:10,21,Evening,Tuesday,0,Winter,1,1.61,Low,9.1,10.6,1.0
Bedford-Stuyvesant,Kensington,04-02-2016,11:24,11,Morning,Thursday,0,Winter,1,3.42,Low,18.4,11.2,1.0
Williamsburg,Murray Hill,21-05-2016,12:29,12,Afternoon,Saturday,1,Spring,2,1.18,Low,7.5,9.4,1.0
South Slope,Upper West Side,22-04-2016,20:10,20,Evening,Friday,0,Spring,3,0.85,Medium,6.4,8.0,1.3
Park Slope,West Village,06-05-2016,08:40,8,Morning,Friday,0,Spring,1,1.86,High,8.4,13.3,1.8
Fort Greene,Bedford-Stuyvesant,30-03-2016,08:52,8,Morning,Wednesday,0,Spring,6,1.38,High,8.6,9.6,1.8
Fort Greene,Hell's Kitchen,28-03-2016,08:02,8,Morning,Monday,0,Spring,3,1.65,High,11.6,8.5,1.8
Harlem,East Harlem,06-01-2016,17:25,17,Afternoon,Wednesday,0,Winter,5,0.63,High,2.6,14.5,1.8
Harlem,South Slope,20-03-2016,07:50,7,Morning,Sunday,1,Spring,1,3.88,Medium,8.2,28.4,1.3
Upper West Side,East Harlem,20-05-2016,22:05,22,Evening,Friday,0,Spring,1,1.87,Low,7.2,15.6,1.0
East Harlem,Kensington,12-02-2016,15:26,15,Afternoon,Friday,0,Winter,5,1.19,Low,5.0,14.3,1.0
Chinatown,Windsor Terrace,22-06-2016,04:26,4,Night,Wednesday,0,Summer,1,1.41,Low,4.3,19.7,1.0
Murray Hill,Hell's Kitchen,18-05-2016,08:22,8,Morning,Wednesday,0,Spring,1,2.09,High,16.6,7.6,1.8
Bedford-Stuyvesant,Bedford-Stuyvesant,11-05-2016,20:29,20,Evening,Wednesday,0,Spring,1,1.45,Medium,5.8,15.0,1.3
East Harlem,Harlem,02-02-2016,09:32,9,Morning,Tuesday,0,Winter,1,2.27,High,15.7,8.7,1.8
Bedford-Stuyvesant,Hell's Kitchen,24-03-2016,06:57,6,Morning,Thursday,0,Spring,1,3.68,Low,11.6,19.0,1.0
Harlem,Clinton Hill,28-03-2016,07:41,7,Morning,Monday,0,Spring,1,2.94,Medium,8.2,21.5,1.3
Inwood,East Harlem,12-03-2016,13:04,13,Afternoon,Saturday,1,Spring,1,1.67,Low,10.1,9.9,1.0
Harlem,East Harlem,03-03-2016,17:56,17,Afternoon,Thursday,0,Spring,1,1.48,High,8.7,10.2,1.8
East Harlem,West Village,28-02-2016,13:18,13,Afternoon,Sunday,1,Winter,2,4.69,Low,12.2,23.1,1.0
Upper West Side,Murray Hill,24-02-2016,23:04,23,Evening,Wednesday,0,Winter,1,1.87,Low,11.0,10.2,1.0
Hell's Kitchen,Chinatown,02-04-2016,20:48,20,Evening,Saturday,1,Spring,1,1.09,Medium,8.3,7.9,1.3
Hell's Kitchen,Harlem,12-04-2016,14:41,14,Afternoon,Tuesday,0,Spring,1,0.72,Low,5.2,8.3,1.0
Bedford-Stuyvesant,Bedford-Stuyvesant,19-01-2016,10:11,10,Morning,Tuesday,0,Winter,1,6.47,Medium,45.3,8.6,1.3
Inwood,Harlem,24-03-2016,07:36,7,Morning,Thursday,0,Spring,1,3.59,Medium,13.9,15.5,1.3
East Harlem,Upper West Side,17-01-2016,11:49,11,Morning,Sunday,1,Winter,1,2.14,Low,7.1,18.1,1.0
Upper West Side,Bedford-Stuyvesant,17-03-2016,19:27,19,Evening,Thursday,0,Spring,1,1.25,High,6.4,11.7,1.8
Upper West Side,Park Slope,28-06-2016,12:08,12,Afternoon,Tuesday,0,Summer,1,1.8,Low,9.8,11.0,1.0
Fort Greene,Hell's Kitchen,14-03-2016,20:31,20,Evening,Monday,0,Spring,1,1.15,Medium,5.1,13.5,1.3
Sheepshead Bay,Sheepshead Bay,19-04-2016,21:37,21,Evening,Tuesday,0,Spring,1,6.65,Low,18.3,21.8,1.0
Park Slope,South Slope,07-03-2016,19:38,19,Evening,Monday,0,Spring,2,3.13,High,16.2,11.6,1.8
Upper West Side,Upper West Side,05-03-2016,02:59,2,Night,Saturday,1,Spring,4,10.78,Low,21.3,30.4,1.0
Canarsie,Great Kills,11-04-2016,14:42,14,Afternoon,Monday,0,Spring,1,14.09,Low,35.6,23.7,1.0
Sheepshead Bay,Borough Park,11-01-2016,12:42,12,Afternoon,Monday,0,Winter,1,3.02,Low,27.0,6.7,1.0
Clifton,Great Kills,03-04-2016,15:10,15,Afternoon,Sunday,1,Spring,1,21.56,Low,34.4,37.6,1.0
West Village,Fort Greene,28-05-2016,18:55,18,Evening,Saturday,1,Spring,1,1.85,High,14.0,7.9,1.8
Bensonhurst,Sheepshead Bay,11-04-2016,21:58,21,Evening,Monday,0,Spring,1,11.66,Low,18.2,38.4,1.0
Bedford-Stuyvesant,Inwood,19-03-2016,11:23,11,Morning,Saturday,1,Spring,1,1.48,Low,7.6,11.7,1.0
Murray Hill,East Harlem,13-02-2016,09:22,9,Morning,Saturday,1,Winter,1,0.94,High,3.2,17.6,1.8
Clinton Hill,East Harlem,08-01-2016,22:03,22,Evening,Friday,0,Winter,3,4.18,Low,13.2,19.0,1.0
Clinton Hill,Murray Hill,01-03-2016,08:33,8,Morning,Tuesday,0,Spring,1,0.87,High,6.8,7.7,1.8
Midwood,Oakwood,10-04-2016,01:17,1,Night,Sunday,1,Spring,1,11.76,Low,17.6,40.1,1.0
Bedford-Stuyvesant,West Village,10-04-2016,14:43,14,Afternoon,Sunday,1,Spring,5,1.35,Low,6.2,13.1,1.0
Bedford-Stuyvesant,Inwood,23-04-2016,04:12,4,Night,Saturday,1,Spring,2,2.78,Low,5.6,29.8,1.0
Harlem,Crown Heights,27-05-2016,18:58,18,Evening,Friday,0,Spring,1,0.57,High,3.6,9.5,1.8
Inwood,Kensington,01-04-2016,17:08,17,Afternoon,Friday,0,Spring,1,2.55,High,9.0,17.0,1.8
Clinton Hill,Bedford-Stuyvesant,31-05-2016,20:42,20,Evening,Tuesday,0,Spring,1,0.86,Medium,8.8,5.9,1.3
South Slope,Hell's Kitchen,03-02-2016,20:15,20,Evening,Wednesday,0,Winter,2,1.41,Medium,5.6,15.1,1.3
Upper West Side,West Village,19-02-2016,18:23,18,Evening,Friday,0,Winter,1,3.32,High,9.6,20.8,1.8
Park Slope,Chelsea,20-05-2016,01:33,1,Night,Friday,0,Spring,2,5.75,Low,13.2,26.1,1.0
Harlem,East Harlem,28-06-2016,13:54,13,Afternoon,Tuesday,0,Summer,2,0.89,Low,7.4,7.2,1.0
East Harlem,Harlem,24-01-2016,20:35,20,Evening,Sunday,1,Winter,1,8.36,Medium,25.6,19.6,1.3
West Village,Fort Greene,25-04-2016,19:20,19,Evening,Monday,0,Spring,1,2.62,High,14.0,11.2,1.8
Upper West Side,Upper West Side,30-03-2016,20:29,20,Evening,Wednesday,0,Spring,6,0.83,Medium,2.9,17.2,1.3
Hell's Kitchen,Bedford-Stuyvesant,16-05-2016,20:29,20,Evening,Monday,0,Spring,2,3.27,Medium,15.7,12.5,1.3
Brighton Beach,Brighton Beach,25-03-2016,05:56,5,Night,Friday,0,Spring,1,6.3,Low,10.1,37.4,1.0
Kensington,Hell's Kitchen,04-04-2016,14:33,14,Afternoon,Monday,0,Spring,1,4.53,Low,33.8,8.0,1.0
Murray Hill,South Slope,11-05-2016,13:03,13,Afternoon,Wednesday,0,Spring,1,1.25,Low,10.9,6.9,1.0
Bedford-Stuyvesant,Fort Greene,16-06-2016,10:23,10,Morning,Thursday,0,Summer,1,3.77,Medium,47.2,4.8,1.3
Bedford-Stuyvesant,Clinton Hill,25-06-2016,16:09,16,Afternoon,Saturday,1,Summer,1,5.29,Medium,24.3,13.1,1.3
Hell's Kitchen,South Slope,10-06-2016,22:16,22,Evening,Friday,0,Summer,1,1.63,Low,10.2,9.6,1.0
Harlem,East Harlem,12-02-2016,12:36,12,Afternoon,Friday,0,Winter,1,1.67,Low,10.5,9.5,1.0
East Harlem,West Village,15-06-2016,19:56,19,Evening,Wednesday,0,Summer,1,5.95,High,17.3,20.6,1.8
Murray Hill,Crown Heights,22-05-2016,00:59,0,Night,Sunday,1,Spring,1,4.81,Low,9.0,32.1,1.0
Harlem,Upper West Side,29-06-2016,20:44,20,Evening,Wednesday,0,Summer,1,3.1,Medium,12.7,14.6,1.3
Great Kills,Far Rockaway,15-05-2016,14:44,14,Afternoon,Sunday,1,Spring,4,12.51,Low,45.0,16.7,1.0
Upper West Side,Bedford-Stuyvesant,13-01-2016,21:06,21,Evening,Wednesday,0,Winter,1,2.66,Low,11.8,13.5,1.0
Clifton,Sheepshead Bay,23-02-2016,14:50,14,Afternoon,Tuesday,0,Winter,6,2.43,Low,16.7,8.7,1.0
Murray Hill,Upper West Side,14-02-2016,20:13,20,Evening,Sunday,1,Winter,1,3.31,Medium,15.0,13.2,1.3
Clinton Hill,West Village,16-01-2016,17:56,17,Afternoon,Saturday,1,Winter,2,1.68,High,6.7,15.0,1.8
Clinton Hill,South Slope,12-01-2016,14:32,14,Afternoon,Tuesday,0,Winter,2,2.98,Low,19.1,9.4,1.0
Murray Hill,Bedford-Stuyvesant,06-05-2016,04:23,4,Night,Friday,0,Spring,2,2.21,Low,10.3,12.9,1.0
Clifton,Far Rockaway,11-01-2016,19:16,19,Evening,Monday,0,Winter,1,3.33,High,13.4,14.9,1.8
Upper West Side,Park Slope,15-02-2016,00:21,0,Night,Monday,0,Winter,2,0.53,Low,2.8,11.4,1.0
Harlem,Upper West Side,03-06-2016,20:36,20,Evening,Friday,0,Summer,5,2.51,Medium,6.7,22.5,1.3
Harlem,Upper West Side,05-05-2016,02:49,2,Night,Thursday,0,Spring,1,0.13,Low,1.1,7.1,1.0
Murray Hill,Park Slope,01-04-2016,23:31,23,Evening,Friday,0,Spring,1,3.86,Low,19.6,11.8,1.0
East Harlem,Bedford-Stuyvesant,08-04-2016,19:54,19,Evening,Friday,0,Spring,1,1.16,High,11.6,6.0,1.8
Bensonhurst,Clifton,13-05-2016,08:00,8,Morning,Friday,0,Spring,1,0.87,High,4.8,10.9,1.8
South Slope,Fort Greene,10-06-2016,18:53,18,Evening,Friday,0,Summer,1,1.04,High,8.2,7.6,1.8
Greenpoint,East Harlem,11-04-2016,23:27,23,Evening,Monday,0,Spring,1,6.32,Low,11.2,33.9,1.0
Hell's Kitchen,Kensington,19-02-2016,07:22,7,Morning,Friday,0,Winter,1,0.72,Medium,6.2,7.0,1.3
Upper West Side,Park Slope,15-02-2016,19:50,19,Evening,Monday,0,Winter,5,1.36,High,6.8,12.0,1.8
Bedford-Stuyvesant,Clinton Hill,06-01-2016,12:26,12,Afternoon,Wednesday,0,Winter,1,1.09,Low,12.8,5.1,1.0
East Harlem,East Harlem,21-01-2016,10:33,10,Morning,Thursday,0,Winter,1,0.88,Medium,5.2,10.2,1.3
Harlem,Chinatown,30-04-2016,03:58,3,Night,Saturday,1,Spring,1,4.02,Low,6.5,37.1,1.0
Bedford-Stuyvesant,Upper West Side,07-03-2016,18:51,18,Evening,Monday,0,Spring,2,1.2,High,6.7,10.7,1.8
Tottenville,Eltingville,31-05-2016,22:34,22,Evening,Tuesday,0,Spring,1,23.74,Low,44.0,32.4,1.0
Crown Heights,Bedford-Stuyvesant,18-05-2016,07:43,7,Morning,Wednesday,0,Spring,1,4.62,Medium,21.2,13.1,1.3
Upper West Side,Murray Hill,10-06-2016,08:14,8,Morning,Friday,0,Summer,1,2.34,High,8.4,16.7,1.8
Upper West Side,South Slope,13-01-2016,13:53,13,Afternoon,Wednesday,0,Winter,1,1.26,Low,11.8,6.4,1.0
Sheepshead Bay,Arverne,23-02-2016,07:28,7,Morning,Tuesday,0,Winter,1,2.75,Medium,12.8,12.9,1.3
Upper West Side,Harlem,24-06-2016,15:00,15,Afternoon,Friday,0,Summer,1,0.68,Low,3.6,11.3,1.0
East Harlem,Harlem,16-06-2016,19:18,19,Evening,Thursday,0,Summer,1,3.69,High,26.6,8.3,1.8
Great Kills,Brighton Beach,14-06-2016,23:29,23,Evening,Tuesday,0,Summer,1,3.99,Low,19.4,12.3,1.0
East Harlem,Crown Heights,08-06-2016,21:27,21,Evening,Wednesday,0,Summer,3,2.21,Low,6.4,20.7,1.0
Murray Hill,Chelsea,14-01-2016,19:54,19,Evening,Thursday,0,Winter,4,0.78,High,3.3,14.2,1.8
Upper West Side,Harlem,26-03-2016,19:07,19,Evening,Saturday,1,Spring,1,2.38,High,15.2,9.4,1.8
Bedford-Stuyvesant,Chelsea,04-06-2016,08:43,8,Morning,Saturday,1,Summer,1,1.82,High,8.5,12.8,1.8
South Slope,Murray Hill,21-05-2016,02:41,2,Night,Saturday,1,Spring,2,5.1,Low,15.6,19.6,1.0
Upper West Side,Bedford-Stuyvesant,03-05-2016,22:39,22,Evening,Tuesday,0,Spring,1,6.76,Low,22.8,17.8,1.0
Midtown,Upper West Side,17-03-2016,19:44,19,Evening,Thursday,0,Spring,1,3.69,High,17.9,12.4,1.8
West Village,Williamsburg,06-02-2016,17:12,17,Afternoon,Saturday,1,Winter,2,1.66,High,15.0,6.6,1.8
Upper West Side,Crown Heights,26-04-2016,18:31,18,Evening,Tuesday,0,Spring,1,1.48,High,6.4,13.9,1.8
East Harlem,East Harlem,22-04-2016,21:30,21,Evening,Friday,0,Spring,1,4.59,Low,13.5,20.4,1.0
Harlem,Williamsburg,21-04-2016,01:30,1,Night,Thursday,0,Spring,1,1.37,Low,4.1,20.0,1.0
Upper West Side,Williamsburg,18-06-2016,08:00,8,Morning,Saturday,1,Summer,2,1.4,High,4.7,17.9,1.8
Kensington,Hell's Kitchen,23-02-2016,14:11,14,Afternoon,Tuesday,0,Winter,2,3.42,Low,20.6,10.0,1.0
Bedford-Stuyvesant,Upper West Side,01-02-2016,17:45,17,Afternoon,Monday,0,Winter,2,1.51,High,6.4,14.2,1.8
Park Slope,Harlem,16-06-2016,10:15,10,Morning,Thursday,0,Summer,1,2.07,Medium,15.5,8.0,1.3
Harlem,East Harlem,22-03-2016,12:36,12,Afternoon,Tuesday,0,Spring,3,3.55,Low,30.2,7.1,1.0
East Harlem,Crown Heights,23-06-2016,10:05,10,Morning,Thursday,0,Summer,1,6.76,Medium,18.6,21.8,1.3
Hell's Kitchen,Upper West Side,02-04-2016,14:34,14,Afternoon,Saturday,1,Spring,1,3.57,Low,6.0,35.7,1.0
Concord,Bath Beach,01-01-2016,03:49,3,Night,Friday,0,Winter,2,1.78,Low,3.1,34.5,1.0
Harlem,East Harlem,08-02-2016,09:12,9,Morning,Monday,0,Winter,1,3.75,High,9.6,23.4,1.8
Midwood,Flatbush,08-01-2016,17:13,17,Afternoon,Friday,0,Winter,2,2.58,High,11.4,13.6,1.8
Midtown,Upper West Side,12-02-2016,20:59,20,Evening,Friday,0,Winter,1,1.5,Medium,4.1,22.0,1.3
East Harlem,East Harlem,12-06-2016,14:38,14,Afternoon,Sunday,1,Summer,2,1.7,Low,18.8,5.4,1.0
West Village,Kensington,05-01-2016,20:50,20,Evening,Tuesday,0,Winter,2,1.01,Medium,5.0,12.1,1.3
Upper West Side,Harlem,19-04-2016,10:59,10,Morning,Tuesday,0,Spring,1,0.88,Medium,7.6,6.9,1.3
Harlem,Harlem,21-05-2016,09:14,9,Morning,Saturday,1,Spring,1,6.39,High,10.6,36.2,1.8
Harlem,Harlem,13-02-2016,17:24,17,Afternoon,Saturday,1,Winter,1,0.05,High,31.8,0.1,1.8
Concord,Arverne,18-01-2016,12:54,12,Afternoon,Monday,0,Winter,1,2.03,Low,10.7,11.4,1.0
Bedford-Stuyvesant,Kensington,28-04-2016,08:51,8,Morning,Thursday,0,Spring,1,1.87,High,14.3,7.8,1.8
Hell's Kitchen,Clinton Hill,21-05-2016,19:23,19,Evening,Saturday,1,Spring,1,0.92,High,4.3,12.8,1.8
Murray Hill,Fort Greene,17-01-2016,00:24,0,Night,Sunday,1,Winter,2,2.36,Low,7.8,18.2,1.0
Fort Greene,Park Slope,20-03-2016,13:55,13,Afternoon,Sunday,1,Spring,2,1.93,Low,7.3,15.9,1.0
East Harlem,Upper West Side,01-01-2016,15:48,15,Afternoon,Friday,0,Winter,6,2.3,Low,4.7,29.4,1.0
Bay Ridge,Bensonhurst,25-01-2016,03:24,3,Night,Monday,0,Winter,1,2.6,Low,10.9,14.3,1.0
Crown Heights,Chinatown,26-01-2016,17:50,17,Afternoon,Tuesday,0,Winter,1,1.94,High,13.9,8.4,1.8
Williamsburg,Harlem,14-06-2016,09:27,9,Morning,Tuesday,0,Summer,1,2.07,High,21.7,5.7,1.8
Inwood,Inwood,21-04-2016,20:51,20,Evening,Thursday,0,Spring,2,3.77,Medium,12.8,17.7,1.3
Harlem,Harlem,26-01-2016,11:22,11,Morning,Tuesday,0,Winter,1,7.18,Low,58.5,7.4,1.0
East Harlem,Harlem,09-06-2016,19:45,19,Evening,Thursday,0,Summer,1,0.75,High,6.5,6.9,1.8
East Harlem,Harlem,29-01-2016,12:21,12,Afternoon,Friday,0,Winter,1,0.54,Low,4.1,7.9,1.0
Clinton Hill,Chinatown,14-01-2016,18:16,18,Evening,Thursday,0,Winter,6,1.12,High,3.1,21.7,1.8
Kensington,East Harlem,08-03-2016,10:59,10,Morning,Tuesday,0,Spring,1,4.81,Medium,22.1,13.1,1.3
Park Slope,Harlem,09-01-2016,23:04,23,Evening,Saturday,1,Winter,2,4.46,Low,15.4,17.4,1.0
Midtown,West Village,17-05-2016,17:32,17,Afternoon,Tuesday,0,Spring,1,3.04,High,14.6,12.5,1.8
Harlem,Hell's Kitchen,17-03-2016,02:11,2,Night,Thursday,0,Spring,2,2.81,Low,11.0,15.3,1.0
Park Slope,Upper West Side,07-05-2016,01:40,1,Night,Saturday,1,Spring,1,0.4,Low,1.4,17.1,1.0
Murray Hill,Hell's Kitchen,04-06-2016,17:49,17,Afternoon,Saturday,1,Summer,1,2.29,High,12.9,10.7,1.8
Midtown,Fort Greene,10-05-2016,19:15,19,Evening,Tuesday,0,Spring,1,1.5,High,10.0,9.0,1.8
Upper West Side,Bedford-Stuyvesant,21-05-2016,14:35,14,Afternoon,Saturday,1,Spring,1,0.99,Low,2.8,21.2,1.0
South Slope,East Harlem,19-02-2016,18:00,18,Evening,Friday,0,Winter,1,1.31,High,6.8,11.6,1.8
Inwood,South Slope,24-06-2016,23:16,23,Evening,Friday,0,Summer,1,2.48,Low,9.2,16.2,1.0
Upper West Side,Murray Hill,20-02-2016,16:13,16,Afternoon,Saturday,1,Winter,6,1.2,Medium,5.2,13.8,1.3
Kensington,Hell's Kitchen,17-03-2016,09:14,9,Morning,Thursday,0,Spring,1,2.07,High,28.8,4.3,1.8
West Village,Midtown,02-05-2016,08:43,8,Morning,Monday,0,Spring,1,7.31,High,23.6,18.6,1.8
East Harlem,West Village,07-05-2016,14:53,14,Afternoon,Saturday,1,Spring,4,2.89,Low,9.9,17.5,1.0
East Harlem,Midtown,18-03-2016,10:28,10,Morning,Friday,0,Spring,2,1.33,Medium,12.5,6.4,1.3
West Village,Midtown,03-03-2016,10:14,10,Morning,Thursday,0,Spring,1,1.91,Medium,17.9,6.4,1.3
East Harlem,Upper West Side,01-04-2016,02:46,2,Night,Friday,0,Spring,1,1.48,Low,6.5,13.7,1.0
Crown Heights,Upper West Side,11-05-2016,13:49,13,Afternoon,Wednesday,0,Spring,6,4.87,Low,23.0,12.7,1.0
Fort Hamilton,Bensonhurst,18-05-2016,11:50,11,Morning,Wednesday,0,Spring,1,2.36,Low,23.8,5.9,1.0
Bedford-Stuyvesant,Upper West Side,13-02-2016,10:27,10,Morning,Saturday,1,Winter,1,1.86,Medium,6.3,17.7,1.3
Harlem,Bedford-Stuyvesant,04-02-2016,14:54,14,Afternoon,Thursday,0,Winter,1,2.17,Low,12.0,10.8,1.0
"Bay Terrace, Staten Island",Flatlands,26-06-2016,14:03,14,Afternoon,Sunday,1,Summer,1,13.69,Low,45.3,18.1,1.0
Bedford-Stuyvesant,Harlem,23-05-2016,07:50,7,Morning,Monday,0,Spring,1,2.43,Medium,14.6,10.0,1.3
Oakwood,Oakwood,17-06-2016,21:06,21,Evening,Friday,0,Summer,2,8.51,Low,19.7,25.9,1.0
East Harlem,East Harlem,11-03-2016,23:23,23,Evening,Friday,0,Spring,2,0.23,Low,3.7,3.7,1.0
Sheepshead Bay,New Dorp Beach,04-06-2016,21:58,21,Evening,Saturday,1,Summer,1,6.32,Low,14.2,26.7,1.0
West Village,Hell's Kitchen,23-01-2016,00:06,0,Night,Saturday,1,Winter,1,7.08,Low,21.5,19.8,1.0
Williamsburg,Upper West Side,22-05-2016,14:00,14,Afternoon,Sunday,1,Spring,2,0.72,Low,3.6,12.0,1.0
Harlem,Kensington,20-04-2016,11:28,11,Morning,Wednesday,0,Spring,1,1.77,Low,8.8,12.1,1.0
Chinatown,East Harlem,01-04-2016,00:19,0,Night,Friday,0,Spring,2,0.83,Low,3.2,15.6,1.0
Upper West Side,Hell's Kitchen,16-02-2016,13:48,13,Afternoon,Tuesday,0,Winter,2,1.19,Low,11.6,6.2,1.0
Midtown,Bedford-Stuyvesant,24-03-2016,21:47,21,Evening,Thursday,0,Spring,1,3.08,Low,9.0,20.5,1.0
East Harlem,Williamsburg,20-01-2016,01:22,1,Night,Wednesday,0,Winter,1,1.73,Low,3.5,29.7,1.0
Upper West Side,Chelsea,06-01-2016,00:20,0,Night,Wednesday,0,Winter,1,1.02,Low,3.9,15.7,1.0
Park Slope,East Harlem,03-02-2016,07:23,7,Morning,Wednesday,0,Winter,1,1.76,Medium,12.1,8.7,1.3
East Harlem,East Harlem,12-04-2016,19:57,19,Evening,Tuesday,0,Spring,1,2.06,High,13.1,9.4,1.8
Harlem,West Village,08-03-2016,07:36,7,Morning,Tuesday,0,Spring,6,1.12,Medium,4.0,16.8,1.3
Fort Hamilton,Fort Hamilton,16-04-2016,17:17,17,Afternoon,Saturday,1,Spring,1,1.52,High,11.8,7.7,1.8
Hell's Kitchen,Fort Greene,22-05-2016,15:55,15,Afternoon,Sunday,1,Spring,2,2.52,Low,10.4,14.5,1.0
Park Slope,Upper West Side,11-02-2016,21:10,21,Evening,Thursday,0,Winter,1,3.59,Low,12.8,16.8,1.0
Tottenville,Tottenville,02-03-2016,23:41,23,Evening,Wednesday,0,Spring,2,25.55,Low,28.9,53.0,1.0
Bedford-Stuyvesant,Bedford-Stuyvesant,04-04-2016,19:14,19,Evening,Monday,0,Spring,1,0.7,High,2.8,15.0,1.8
Fort Greene,Harlem,16-02-2016,15:51,15,Afternoon,Tuesday,0,Winter,1,2.15,Low,10.1,12.8,1.0
Harlem,Harlem,08-05-2016,15:02,15,Afternoon,Sunday,1,Spring,1,3.27,Low,15.4,12.7,1.0
Fort Greene,Williamsburg,09-05-2016,14:07,14,Afternoon,Monday,0,Spring,1,3.56,Low,24.8,8.6,1.0
Hell's Kitchen,East Harlem,10-06-2016,00:51,0,Night,Friday,0,Summer,1,6.21,Low,15.8,23.6,1.0
Bedford-Stuyvesant,Upper West Side,02-02-2016,18:16,18,Evening,Tuesday,0,Winter,1,0.9,High,2.7,20.0,1.8
Chinatown,Upper West Side,04-03-2016,19:58,19,Evening,Friday,0,Spring,1,1.81,High,9.3,11.7,1.8
Bedford-Stuyvesant,East Harlem,29-05-2016,23:55,23,Evening,Sunday,1,Spring,1,1.78,Low,5.3,20.2,1.0
Upper West Side,Hell's Kitchen,25-02-2016,21:36,21,Evening,Thursday,0,Winter,1,4.97,Low,19.6,15.2,1.0
Upper West Side,Harlem,22-01-2016,11:11,11,Morning,Friday,0,Winter,1,4.94,Low,26.4,11.2,1.0
Oakwood,Bath Beach,25-01-2016,17:06,17,Afternoon,Monday,0,Winter,5,9.07,High,26.2,20.8,1.8
South Slope,Hell's Kitchen,26-06-2016,18:35,18,Evening,Sunday,1,Summer,5,3.1,High,10.5,17.7,1.8
Park Slope,Chinatown,13-01-2016,22:37,22,Evening,Wednesday,0,Winter,3,8.92,Low,16.1,33.2,1.0
Fort Greene,Clinton Hill,26-01-2016,10:10,10,Morning,Tuesday,0,Winter,1,1.33,Medium,8.6,9.3,1.3
Kensington,Harlem,25-02-2016,12:25,12,Afternoon,Thursday,0,Winter,2,0.57,Low,4.7,7.3,1.0
Bedford-Stuyvesant,Hell's Kitchen,25-04-2016,10:50,10,Morning,Monday,0,Spring,1,3.94,Medium,14.6,16.2,1.3
Crown Heights,Hell's Kitchen,12-01-2016,21:53,21,Evening,Tuesday,0,Winter,1,1.21,Low,3.9,18.6,1.0
Williamsburg,South Slope,10-03-2016,11:33,11,Morning,Thursday,0,Spring,1,2.89,Low,17.5,9.9,1.0
South Slope,Clinton Hill,21-03-2016,07:38,7,Morning,Monday,0,Spring,1,0.95,Medium,4.9,11.6,1.3
Bedford-Stuyvesant,East Harlem,04-06-2016,16:50,16,Afternoon,Saturday,1,Summer,1,6.0,Medium,21.6,16.7,1.3
Greenpoint,Williamsburg,05-06-2016,21:12,21,Evening,Sunday,1,Summer,2,2.05,Low,6.8,18.1,1.0
Bedford-Stuyvesant,Fort Greene,20-02-2016,21:20,21,Evening,Saturday,1,Winter,5,0.99,Low,2.6,22.8,1.0
East Harlem,Murray Hill,08-06-2016,21:29,21,Evening,Wednesday,0,Summer,1,6.25,Low,18.8,19.9,1.0
East Harlem,Harlem,14-02-2016,10:59,10,Morning,Sunday,1,Winter,1,2.88,Medium,6.9,25.0,1.3
Harlem,Harlem,12-03-2016,09:04,9,Morning,Saturday,1,Spring,1,5.82,High,22.0,15.9,1.8
Williamsburg,East Harlem,01-03-2016,16:31,16,Afternoon,Tuesday,0,Spring,1,3.82,Medium,11.4,20.1,1.3
Rockaway Beach,Arverne,20-06-2016,21:03,21,Evening,Monday,0,Summer,1,1.74,Low,2.9,36.0,1.0
Park Slope,Bedford-Stuyvesant,22-01-2016,23:11,23,Evening,Friday,0,Winter,2,1.51,Low,9.8,9.2,1.0
Upper West Side,Park Slope,01-02-2016,20:46,20,Evening,Monday,0,Winter,1,5.36,Medium,34.5,9.3,1.3
Tottenville,Eltingville,13-06-2016,20:56,20,Evening,Monday,0,Summer,1,12.35,Medium,15.4,48.1,1.3
Midwood,Flatlands,19-02-2016,04:03,4,Night,Friday,0,Winter,1,3.16,Low,9.1,20.8,1.0
Crown Heights,Harlem,09-05-2016,14:08,14,Afternoon,Monday,0,Spring,1,4.49,Low,22.7,11.9,1.0
Kensington,Clinton Hill,15-04-2016,07:38,7,Morning,Friday,0,Spring,1,1.41,Medium,3.2,26.4,1.3
Kensington,Upper West Side,17-02-2016,07:30,7,Morning,Wednesday,0,Winter,1,1.99,Medium,8.0,14.9,1.3
Clifton,Arrochar,05-06-2016,22:54,22,Evening,Sunday,1,Summer,1,6.6,Low,11.2,35.4,1.0
Hell's Kitchen,Harlem,28-06-2016,23:31,23,Evening,Tuesday,0,Summer,1,6.02,Low,14.8,24.4,1.0
Sheepshead Bay,Bay Ridge,16-06-2016,08:21,8,Morning,Thursday,0,Summer,1,5.51,High,22.8,14.5,1.8
East Harlem,South Slope,01-02-2016,14:47,14,Afternoon,Monday,0,Winter,1,8.7,Low,31.8,16.4,1.0
Greenpoint,Hell's Kitchen,17-01-2016,00:55,0,Night,Sunday,1,Winter,1,6.11,Low,18.5,19.8,1.0
Harlem,Bedford-Stuyvesant,31-03-2016,12:06,12,Afternoon,Thursday,0,Spring,1,3.05,Low,9.3,19.7,1.0
Crown Heights,East Harlem,16-04-2016,01:23,1,Night,Saturday,1,Spring,2,1.63,Low,6.0,16.3,1.0
Bedford-Stuyvesant,Kensington,25-05-2016,08:00,8,Morning,Wednesday,0,Spring,6,1.27,High,10.1,7.5,1.8
Upper West Side,Bedford-Stuyvesant,09-04-2016,20:41,20,Evening,Saturday,1,Spring,1,3.75,Medium,16.6,13.6,1.3
Upper West Side,Murray Hill,08-03-2016,11:54,11,Morning,Tuesday,0,Spring,1,4.75,Low,18.4,15.5,1.0
East Harlem,Harlem,08-05-2016,00:44,0,Night,Sunday,1,Spring,1,1.57,Low,6.6,14.3,1.0
Arverne,Arden Heights,31-05-2016,13:40,13,Afternoon,Tuesday,0,Spring,1,9.74,Low,13.3,43.9,1.0
Harlem,Chelsea,19-05-2016,18:01,18,Evening,Thursday,0,Spring,3,5.06,High,31.2,9.7,1.8
Murray Hill,Upper West Side,20-01-2016,19:23,19,Evening,Wednesday,0,Winter,2,7.09,High,29.5,14.4,1.8
East Harlem,Park Slope,12-04-2016,20:44,20,Evening,Tuesday,0,Spring,1,4.42,Medium,14.4,18.4,1.3
South Slope,East Harlem,29-06-2016,19:57,19,Evening,Wednesday,0,Summer,1,1.88,High,10.4,10.8,1.8
Park Slope,Fort Greene,05-02-2016,19:31,19,Evening,Friday,0,Winter,1,3.42,High,8.6,23.9,1.8
Kensington,Upper West Side,30-06-2016,16:32,16,Afternoon,Thursday,0,Summer,5,4.14,Medium,37.4,6.6,1.3
Midtown,Harlem,21-04-2016,18:57,18,Evening,Thursday,0,Spring,1,4.45,High,21.7,12.3,1.8
Bedford-Stuyvesant,East Harlem,03-03-2016,21:41,21,Evening,Thursday,0,Spring,1,1.52,Low,8.2,11.1,1.0
Upper West Side,Clinton Hill,25-04-2016,15:59,15,Afternoon,Monday,0,Spring,3,2.08,Low,4.3,29.0,1.0
Upper West Side,Fort Greene,08-06-2016,19:16,19,Evening,Wednesday,0,Summer,1,5.26,High,26.0,12.1,1.8
East Harlem,Midtown,20-04-2016,18:18,18,Evening,Wednesday,0,Spring,1,2.53,High,17.9,8.5,1.8
Harlem,Upper West Side,08-05-2016,11:28,11,Morning,Sunday,1,Spring,1,3.32,Low,25.0,8.0,1.0
Bedford-Stuyvesant,Hell's Kitchen,10-06-2016,15:55,15,Afternoon,Friday,0,Summer,1,0.33,Low,3.8,5.2,1.0
Harlem,East Harlem,12-01-2016,00:29,0,Night,Tuesday,0,Winter,1,8.41,Low,15.6,32.3,1.0
East Harlem,Upper West Side,09-03-2016,10:40,10,Morning,Wednesday,0,Spring,2,1.6,Medium,8.0,12.0,1.3
East Harlem,Fort Greene,13-06-2016,18:15,18,Evening,Monday,0,Summer,6,2.01,High,10.8,11.2,1.8
Chinatown,Kensington,16-02-2016,23:05,23,Evening,Tuesday,0,Winter,2,6.22,Low,16.5,22.6,1.0
East Harlem,Bedford-Stuyvesant,04-02-2016,12:25,12,Afternoon,Thursday,0,Winter,4,0.6,Low,10.3,3.5,1.0
East Harlem,Inwood,10-01-2016,13:42,13,Afternoon,Sunday,1,Winter,1,1.19,Low,10.9,6.6,1.0
Inwood,Upper West Side,22-05-2016,11:48,11,Morning,Sunday,1,Spring,1,5.08,Low,17.1,17.8,1.0
Harlem,Fort Greene,05-01-2016,18:59,18,Evening,Tuesday,0,Winter,3,2.84,High,10.7,15.9,1.8
Upper West Side,East Harlem,05-03-2016,00:01,0,Night,Saturday,1,Spring,2,6.19,Low,16.7,22.2,1.0
Harlem,East Harlem,08-01-2016,15:32,15,Afternoon,Friday,0,Winter,1,2.17,Low,10.2,12.8,1.0
"Bay Terrace, Staten Island",Midwood,29-02-2016,10:38,10,Morning,Monday,0,Winter,1,12.35,Medium,31.8,23.3,1.3
South Slope,Inwood,22-05-2016,00:30,0,Night,Sunday,1,Spring,2,8.09,Low,31.9,15.2,1.0
Williamsburg,Chinatown,15-02-2016,19:01,19,Evening,Monday,0,Winter,2,1.54,High,11.7,7.9,1.8
Rockaway Beach,Shore Acres,11-05-2016,11:15,11,Morning,Wednesday,0,Spring,1,3.04,Low,32.9,5.5,1.0
Upper West Side,Upper West Side,05-06-2016,01:00,1,Night,Sunday,1,Summer,1,2.14,Low,8.5,15.1,1.0
Harlem,West Village,13-03-2016,14:48,14,Afternoon,Sunday,1,Spring,4,4.81,Low,12.3,23.5,1.0
West Village,Upper West Side,10-04-2016,21:52,21,Evening,Sunday,1,Spring,1,5.51,Low,10.6,31.2,1.0
Williamsburg,Upper West Side,26-05-2016,11:46,11,Morning,Thursday,0,Spring,1,1.22,Low,8.7,8.4,1.0
Upper West Side,Crown Heights,16-06-2016,23:42,23,Evening,Thursday,0,Summer,1,0.99,Low,5.2,11.4,1.0
Kensington,East Harlem,12-05-2016,16:58,16,Afternoon,Thursday,0,Spring,5,3.03,Medium,24.8,7.3,1.3
West Village,Greenpoint,14-02-2016,17:34,17,Afternoon,Sunday,1,Winter,2,1.18,High,5.8,12.2,1.8
Tompkinsville,Arrochar,02-03-2016,08:56,8,Morning,Wednesday,0,Spring,6,2.06,High,9.3,13.3,1.8
Park Slope,Harlem,20-03-2016,20:31,20,Evening,Sunday,1,Spring,1,0.77,Medium,1.5,30.8,1.3
Upper West Side,Crown Heights,17-04-2016,08:03,8,Morning,Sunday,1,Spring,1,6.03,High,13.7,26.4,1.8
Harlem,Upper West Side,23-06-2016,20:29,20,Evening,Thursday,0,Summer,1,3.6,Medium,9.0,24.0,1.3
Harlem,East Harlem,09-02-2016,23:27,23,Evening,Tuesday,0,Winter,1,1.75,Low,2.3,45.7,1.0
East Village,West Village,01-04-2016,16:30,16,Afternoon,Friday,0,Spring,2,0.54,Medium,2.5,13.0,1.3
Inwood,West Village,26-02-2016,19:05,19,Evening,Friday,0,Winter,1,4.17,High,16.0,15.6,1.8
Hell's Kitchen,Chelsea,22-05-2016,21:42,21,Evening,Sunday,1,Spring,4,2.81,Low,18.8,9.0,1.0
East Harlem,Harlem,16-03-2016,00:24,0,Night,Wednesday,0,Spring,1,4.95,Low,10.8,27.5,1.0
Hell's Kitchen,Upper West Side,06-06-2016,20:02,20,Evening,Monday,0,Summer,2,7.45,Medium,24.8,18.0,1.3
Hell's Kitchen,Williamsburg,27-05-2016,14:35,14,Afternoon,Friday,0,Spring,1,4.35,Low,29.1,9.0,1.0
Upper West Side,Bedford-Stuyvesant,17-06-2016,08:38,8,Morning,Friday,0,Summer,1,0.58,High,11.5,3.0,1.8
Fort Greene,Harlem,26-03-2016,18:27,18,Evening,Saturday,1,Spring,5,1.77,High,6.0,17.7,1.8
Hell's Kitchen,South Slope,26-04-2016,19:52,19,Evening,Tuesday,0,Spring,1,2.37,High,9.2,15.5,1.8
Crown Heights,Harlem,22-06-2016,16:46,16,Afternoon,Wednesday,0,Summer,2,0.98,Medium,3.7,15.9,1.3
Sheepshead Bay,Sheepshead Bay,06-04-2016,18:10,18,Evening,Wednesday,0,Spring,1,4.98,High,32.4,9.2,1.8
Harlem,Murray Hill,30-06-2016,16:44,16,Afternoon,Thursday,0,Summer,2,1.94,Medium,8.8,13.2,1.3
Midtown,Bedford-Stuyvesant,14-02-2016,08:39,8,Morning,Sunday,1,Winter,1,4.38,High,9.8,26.8,1.8
Murray Hill,Harlem,31-05-2016,21:15,21,Evening,Tuesday,0,Spring,1,1.61,Low,5.2,18.6,1.0
Arverne,Concord,20-06-2016,20:16,20,Evening,Monday,0,Summer,1,4.43,Medium,9.4,28.3,1.3
East Harlem,Bedford-Stuyvesant,13-04-2016,11:27,11,Morning,Wednesday,0,Spring,2,1.67,Low,6.4,15.7,1.0
Inwood,East Harlem,23-06-2016,00:09,0,Night,Thursday,0,Summer,1,1.88,Low,5.4,20.9,1.0
Woodrow,Prince's Bay,14-06-2016,09:03,9,Morning,Tuesday,0,Summer,1,26.06,High,45.7,34.2,1.8
East Harlem,South Slope,09-04-2016,18:03,18,Evening,Saturday,1,Spring,2,3.15,High,8.4,22.5,1.8
Chinatown,East Harlem,25-05-2016,13:42,13,Afternoon,Wednesday,0,Spring,1,0.96,Low,4.5,12.8,1.0
Great Kills,Rockaway Beach,23-02-2016,12:16,12,Afternoon,Tuesday,0,Winter,2,16.29,Low,34.8,28.1,1.0
Upper West Side,Bedford-Stuyvesant,18-03-2016,19:48,19,Evening,Friday,0,Spring,6,1.23,High,4.8,15.4,1.8
Murray Hill,Kensington,22-05-2016,21:58,21,Evening,Sunday,1,Spring,1,1.4,Low,13.5,6.2,1.0
Greenpoint,Bedford-Stuyvesant,13-01-2016,17:57,17,Afternoon,Wednesday,0,Winter,1,3.38,High,10.1,20.1,1.8
Midtown,Midtown,25-05-2016,08:45,8,Morning,Wednesday,0,Spring,1,0.66,High,3.3,12.0,1.8
Upper West Side,Williamsburg,11-05-2016,00:42,0,Night,Wednesday,0,Spring,1,1.82,Low,7.0,15.6,1.0
West Village,Bedford-Stuyvesant,19-04-2016,16:47,16,Afternoon,Tuesday,0,Spring,3,1.37,Medium,6.9,11.9,1.3
Upper West Side,Hell's Kitchen,15-01-2016,18:42,18,Evening,Friday,0,Winter,1,1.56,High,6.5,14.4,1.8
South Beach,West Brighton,05-03-2016,23:39,23,Evening,Saturday,1,Spring,1,5.36,Low,26.0,12.4,1.0
East Harlem,Bedford-Stuyvesant,24-03-2016,17:03,17,Afternoon,Thursday,0,Spring,1,0.54,High,5.3,6.1,1.8
East Harlem,Harlem,04-04-2016,14:09,14,Afternoon,Monday,0,Spring,1,2.89,Low,24.2,7.2,1.0
Windsor Terrace,South Slope,17-01-2016,22:47,22,Evening,Sunday,1,Winter,5,1.06,Low,3.1,20.5,1.0
West Village,Murray Hill,23-04-2016,18:10,18,Evening,Saturday,1,Spring,1,1.31,High,4.2,18.7,1.8
Stapleton,Sheepshead Bay,26-01-2016,17:22,17,Afternoon,Tuesday,0,Winter,1,1.68,High,28.0,3.6,1.8
East Harlem,Harlem,07-06-2016,10:20,10,Morning,Tuesday,0,Summer,1,1.92,Medium,23.0,5.0,1.3
Williamsburg,East Harlem,09-05-2016,23:05,23,Evening,Monday,0,Spring,1,4.96,Low,11.5,25.9,1.0
Harlem,West Village,19-03-2016,19:07,19,Evening,Saturday,1,Spring,2,3.92,High,23.8,9.9,1.8
Harlem,Clinton Hill,30-05-2016,13:33,13,Afternoon,Monday,0,Spring,2,3.08,Low,7.9,23.4,1.0
Tottenville,Prince's Bay,17-02-2016,00:07,0,Night,Wednesday,0,Winter,1,26.29,Low,42.8,36.9,1.0
Williamsburg,Bedford-Stuyvesant,05-04-2016,13:18,13,Afternoon,Tuesday,0,Spring,1,1.17,Low,7.3,9.6,1.0
East Harlem,Upper West Side,08-01-2016,11:54,11,Morning,Friday,0,Winter,1,0.85,Low,3.5,14.6,1.0
Upper West Side,Chinatown,11-02-2016,12:08,12,Afternoon,Thursday,0,Winter,1,4.5,Low,38.3,7.0,1.0
Williamsburg,Harlem,20-04-2016,21:31,21,Evening,Wednesday,0,Spring,1,6.67,Low,21.9,18.3,1.0
Harlem,Williamsburg,04-06-2016,17:36,17,Afternoon,Saturday,1,Summer,2,1.67,High,9.7,10.3,1.8
South Slope,Murray Hill,14-03-2016,07:55,7,Morning,Monday,0,Spring,1,2.32,Medium,13.3,10.5,1.3
Chinatown,Upper West Side,29-05-2016,01:20,1,Night,Sunday,1,Spring,2,7.96,Low,21.5,22.2,1.0
Upper West Side,Harlem,21-06-2016,08:22,8,Morning,Tuesday,0,Summer,1,2.17,High,13.9,9.4,1.8
Bedford-Stuyvesant,East Harlem,22-03-2016,06:31,6,Morning,Tuesday,0,Spring,5,1.66,Low,5.6,17.8,1.0
East Harlem,Upper West Side,21-05-2016,14:26,14,Afternoon,Saturday,1,Spring,1,3.18,Low,19.1,10.0,1.0
Crown Heights,Clinton Hill,01-05-2016,02:12,2,Night,Sunday,1,Spring,1,0.98,Low,3.6,16.3,1.0
South Slope,Upper West Side,27-06-2016,22:39,22,Evening,Monday,0,Summer,1,2.74,Low,13.2,12.5,1.0
Midwood,Rockaway Beach,27-03-2016,20:05,20,Evening,Sunday,1,Spring,1,6.47,Medium,27.4,14.2,1.3
Fort Greene,Williamsburg,17-05-2016,17:10,17,Afternoon,Tuesday,0,Spring,1,1.72,High,22.3,4.6,1.8
South Slope,South Slope,18-03-2016,19:52,19,Evening,Friday,0,Spring,1,1.89,High,4.2,27.0,1.8
West Village,Williamsburg,09-05-2016,07:19,7,Morning,Monday,0,Spring,1,3.48,Medium,9.8,21.3,1.3
Hell's Kitchen,Greenpoint,11-04-2016,09:31,9,Morning,Monday,0,Spring,2,1.81,High,16.3,6.7,1.8
Oakwood,Bensonhurst,13-06-2016,14:32,14,Afternoon,Monday,0,Summer,1,11.8,Low,32.6,21.7,1.0
Flatlands,Arden Heights,10-06-2016,09:22,9,Morning,Friday,0,Summer,1,12.08,High,22.8,31.8,1.8
Crown Heights,Hell's Kitchen,03-01-2016,12:20,12,Afternoon,Sunday,1,Winter,1,1.68,Low,3.0,33.6,1.0
Inwood,West Village,22-01-2016,22:44,22,Evening,Friday,0,Winter,1,3.11,Low,9.9,18.8,1.0
Harlem,Chinatown,03-06-2016,16:22,16,Afternoon,Friday,0,Summer,1,1.54,Medium,11.0,8.4,1.3
Harlem,South Slope,22-04-2016,09:11,9,Morning,Friday,0,Spring,1,5.4,High,33.8,9.6,1.8
Williamsburg,South Slope,20-01-2016,18:32,18,Evening,Wednesday,0,Winter,2,2.03,High,15.4,7.9,1.8
Inwood,Upper West Side,21-04-2016,18:59,18,Evening,Thursday,0,Spring,1,1.88,High,6.2,18.2,1.8
Harlem,South Slope,03-04-2016,20:50,20,Evening,Sunday,1,Spring,1,1.9,Medium,7.8,14.6,1.3
South Slope,West Village,20-02-2016,00:59,0,Night,Saturday,1,Winter,1,0.75,Low,7.4,6.1,1.0
Midtown,Upper West Side,04-06-2016,18:24,18,Evening,Saturday,1,Summer,1,1.17,High,13.2,5.3,1.8
Harlem,Harlem,29-03-2016,07:14,7,Morning,Tuesday,0,Spring,1,4.83,Medium,13.1,22.1,1.3
Upper West Side,Upper West Side,03-04-2016,23:16,23,Evening,Sunday,1,Spring,4,4.36,Low,14.8,17.7,1.0
Windsor Terrace,East Harlem,14-05-2016,21:52,21,Evening,Saturday,1,Spring,4,3.67,Low,29.6,7.4,1.0
Harlem,Clinton Hill,02-06-2016,14:32,14,Afternoon,Thursday,0,Summer,6,0.76,Low,14.3,3.2,1.0
Harlem,Clinton Hill,17-02-2016,17:20,17,Afternoon,Wednesday,0,Winter,2,4.95,High,31.0,9.6,1.8
Upper West Side,South Slope,25-01-2016,17:51,17,Afternoon,Monday,0,Winter,1,7.24,High,14.5,30.0,1.8
Williamsburg,Fort Greene,02-06-2016,21:44,21,Evening,Thursday,0,Summer,1,3.69,Low,15.4,14.4,1.0
Harlem,Bedford-Stuyvesant,06-05-2016,19:54,19,Evening,Friday,0,Spring,1,1.09,High,5.0,13.1,1.8
Chelsea,Kensington,11-06-2016,01:32,1,Night,Saturday,1,Summer,1,7.3,Low,13.2,33.2,1.0
Upper West Side,Upper West Side,27-05-2016,14:46,14,Afternoon,Friday,0,Spring,2,0.91,Low,4.8,11.4,1.0
Far Rockaway,Arden Heights,23-02-2016,08:00,8,Morning,Tuesday,0,Winter,2,10.14,High,23.4,26.0,1.8
Clinton Hill,Bedford-Stuyvesant,26-01-2016,10:50,10,Morning,Tuesday,0,Winter,1,0.87,Medium,13.1,4.0,1.3
Hell's Kitchen,West Village,01-05-2016,03:54,3,Night,Sunday,1,Spring,1,1.36,Low,3.9,20.9,1.0
South Slope,South Slope,13-01-2016,13:53,13,Afternoon,Wednesday,0,Winter,1,3.72,Low,14.9,15.0,1.0
Hell's Kitchen,Kensington,17-06-2016,07:47,7,Morning,Friday,0,Summer,5,3.77,Medium,12.5,18.1,1.3
Harlem,Crown Heights,05-01-2016,21:25,21,Evening,Tuesday,0,Winter,1,1.88,Low,9.6,11.7,1.0
Midtown,Murray Hill,06-03-2016,14:34,14,Afternoon,Sunday,1,Spring,1,2.89,Low,11.1,15.6,1.0
West Village,Chelsea,17-04-2016,21:37,21,Evening,Sunday,1,Spring,5,4.3,Low,19.1,13.5,1.0
Clinton Hill,East Harlem,16-05-2016,12:18,12,Afternoon,Monday,0,Spring,1,3.2,Low,15.1,12.7,1.0
Far Rockaway,Bay Ridge,16-06-2016,20:26,20,Evening,Thursday,0,Summer,1,6.3,Medium,26.0,14.5,1.3
Fort Greene,Murray Hill,07-02-2016,01:50,1,Night,Sunday,1,Winter,1,4.09,Low,11.7,21.0,1.0
Harlem,East Harlem,07-05-2016,23:43,23,Evening,Saturday,1,Spring,3,1.93,Low,7.1,16.3,1.0
Hell's Kitchen,Chinatown,24-05-2016,20:22,20,Evening,Tuesday,0,Spring,3,1.73,Medium,5.9,17.6,1.3
Upper West Side,Inwood,11-01-2016,10:58,10,Morning,Monday,0,Winter,1,2.5,Medium,11.9,12.6,1.3
East Village,Upper West Side,10-03-2016,22:43,22,Evening,Thursday,0,Spring,1,7.71,Low,23.6,19.6,1.0
Midtown,Murray Hill,28-06-2016,18:07,18,Evening,Tuesday,0,Summer,1,2.35,High,12.6,11.2,1.8
East Harlem,Upper West Side,05-02-2016,09:33,9,Morning,Friday,0,Winter,1,2.0,High,17.3,6.9,1.8
Upper West Side,East Harlem,27-02-2016,15:30,15,Afternoon,Saturday,1,Winter,1,1.13,Low,5.0,13.6,1.0
Arden Heights,Mill Basin,26-03-2016,14:43,14,Afternoon,Saturday,1,Spring,2,11.18,Low,23.1,29.0,1.0
Williamsburg,South Slope,04-02-2016,20:38,20,Evening,Thursday,0,Winter,1,5.49,Medium,31.4,10.5,1.3
Harlem,Clinton Hill,21-03-2016,22:02,22,Evening,Monday,0,Spring,1,2.46,Low,7.8,18.9,1.0
Midtown,Clinton Hill,19-01-2016,17:56,17,Afternoon,Tuesday,0,Winter,1,1.81,High,15.3,7.1,1.8
East Harlem,Inwood,26-03-2016,08:19,8,Morning,Saturday,1,Spring,5,1.86,High,11.7,9.5,1.8
Hell's Kitchen,East Harlem,23-01-2016,10:38,10,Morning,Saturday,1,Winter,5,1.54,Medium,5.5,16.8,1.3
Chelsea,Upper West Side,09-03-2016,14:47,14,Afternoon,Wednesday,0,Spring,1,0.9,Low,9.1,5.9,1.0
Greenpoint,Bedford-Stuyvesant,13-05-2016,01:30,1,Night,Friday,0,Spring,2,4.4,Low,12.4,21.3,1.0
East Harlem,Upper West Side,23-02-2016,16:35,16,Afternoon,Tuesday,0,Winter,1,5.15,Medium,27.4,11.3,1.3
East Harlem,East Harlem,05-03-2016,13:05,13,Afternoon,Saturday,1,Spring,2,2.76,Low,11.1,14.9,1.0
Upper West Side,Chelsea,16-06-2016,17:05,17,Afternoon,Thursday,0,Summer,2,1.95,High,7.2,16.2,1.8
Upper West Side,Inwood,04-06-2016,23:41,23,Evening,Saturday,1,Summer,2,2.12,Low,8.2,15.5,1.0
East Harlem,Hell's Kitchen,24-03-2016,19:42,19,Evening,Thursday,0,Spring,1,2.18,High,12.0,10.9,1.8
South Slope,Fort Greene,07-04-2016,04:09,4,Night,Thursday,0,Spring,1,3.57,Low,7.3,29.3,1.0
Bedford-Stuyvesant,West Village,01-03-2016,18:42,18,Evening,Tuesday,0,Spring,6,0.78,High,4.4,10.6,1.8
Hell's Kitchen,South Slope,10-05-2016,16:57,16,Afternoon,Tuesday,0,Spring,3,1.66,Medium,6.2,16.1,1.3
Upper West Side,Harlem,16-02-2016,19:57,19,Evening,Tuesday,0,Winter,2,4.1,High,12.8,19.2,1.8
Fort Hamilton,"Bay Terrace, Staten Island",01-06-2016,12:03,12,Afternoon,Wednesday,0,Summer,1,13.77,Low,32.6,25.3,1.0
East Harlem,Bedford-Stuyvesant,15-05-2016,01:15,1,Night,Sunday,1,Spring,1,1.92,Low,9.4,12.3,1.0
Clinton Hill,Hell's Kitchen,07-03-2016,18:56,18,Evening,Monday,0,Spring,1,3.96,High,18.1,13.1,1.8
Murray Hill,East Harlem,26-06-2016,01:28,1,Night,Sunday,1,Summer,1,3.44,Low,10.3,20.0,1.0
Harlem,Harlem,18-03-2016,21:38,21,Evening,Friday,0,Spring,2,2.98,Low,7.8,22.9,1.0
Hell's Kitchen,Crown Heights,19-02-2016,11:26,11,Morning,Friday,0,Winter,3,0.42,Low,1.4,18.0,1.0
Murray Hill,East Harlem,26-04-2016,12:34,12,Afternoon,Tuesday,0,Spring,1,1.35,Low,8.6,9.4,1.0
Midwood,Fort Hamilton,05-06-2016,15:19,15,Afternoon,Sunday,1,Summer,1,0.84,Low,12.5,4.0,1.0
East Harlem,Fort Greene,15-06-2016,18:34,18,Evening,Wednesday,0,Summer,1,9.67,High,40.9,14.2,1.8
Fort Greene,Harlem,23-04-2016,23:31,23,Evening,Saturday,1,Spring,1,4.78,Low,23.1,12.4,1.0
East Harlem,Inwood,30-01-2016,19:30,19,Evening,Saturday,1,Winter,6,0.68,High,3.6,11.3,1.8
Clinton Hill,Upper West Side,21-01-2016,07:27,7,Morning,Thursday,0,Winter,1,1.62,Medium,7.0,13.9,1.3
Kensington,South Slope,22-02-2016,21:35,21,Evening,Monday,0,Winter,1,1.28,Low,5.4,14.2,1.0
Murray Hill,Clinton Hill,06-06-2016,18:59,18,Evening,Monday,0,Summer,1,1.89,High,11.0,10.3,1.8
Upper West Side,East Harlem,05-03-2016,17:47,17,Afternoon,Saturday,1,Spring,1,1.2,High,4.5,16.0,1.8
West Village,Flatbush,01-05-2016,11:22,11,Morning,Sunday,1,Spring,5,3.91,Low,9.6,24.4,1.0
Williamsburg,Midtown,02-01-2016,09:05,9,Morning,Saturday,1,Winter,1,8.92,High,16.2,33.0,1.8
Harlem,South Slope,17-04-2016,08:42,8,Morning,Sunday,1,Spring,1,0.71,High,3.8,11.2,1.8
Concord,Sheepshead Bay,30-05-2016,13:08,13,Afternoon,Monday,0,Spring,2,1.24,Low,6.9,10.8,1.0
Clinton Hill,Inwood,04-06-2016,23:43,23,Evening,Saturday,1,Summer,1,1.52,Low,7.6,12.0,1.0
Crown Heights,Bushwick,01-02-2016,14:43,14,Afternoon,Monday,0,Winter,1,2.72,Low,9.2,17.7,1.0
South Slope,Clinton Hill,30-03-2016,08:31,8,Morning,Wednesday,0,Spring,5,1.13,High,6.9,9.8,1.8
Park Slope,Bedford-Stuyvesant,30-06-2016,18:23,18,Evening,Thursday,0,Summer,6,2.11,High,10.0,12.7,1.8
Harlem,Bedford-Stuyvesant,03-02-2016,18:49,18,Evening,Wednesday,0,Winter,5,1.05,High,2.9,21.7,1.8
East Harlem,Inwood,28-04-2016,19:34,19,Evening,Thursday,0,Spring,1,3.78,High,17.4,13.0,1.8
Midtown,Harlem,15-01-2016,14:54,14,Afternoon,Friday,0,Winter,1,0.94,Low,5.0,11.3,1.0
Kensington,Bedford-Stuyvesant,18-04-2016,15:03,15,Afternoon,Monday,0,Spring,4,1.8,Low,17.0,6.4,1.0
Upper West Side,Upper West Side,20-06-2016,17:25,17,Afternoon,Monday,0,Summer,5,0.83,High,9.0,5.5,1.8
East Harlem,Clinton Hill,22-06-2016,15:52,15,Afternoon,Wednesday,0,Summer,1,2.11,Low,23.6,5.4,1.0
East Harlem,Park Slope,17-03-2016,18:12,18,Evening,Thursday,0,Spring,6,3.43,High,25.0,8.2,1.8
Park Slope,Bedford-Stuyvesant,10-01-2016,00:01,0,Night,Sunday,1,Winter,1,3.28,Low,10.4,18.9,1.0
Harlem,Harlem,17-04-2016,01:44,1,Night,Sunday,1,Spring,1,13.41,Low,40.1,20.1,1.0
East Harlem,West Village,02-06-2016,18:55,18,Evening,Thursday,0,Summer,2,2.3,High,6.4,21.6,1.8
Oakwood,Bensonhurst,03-05-2016,10:28,10,Morning,Tuesday,0,Spring,2,14.51,Medium,49.4,17.6,1.3
Bedford-Stuyvesant,Bedford-Stuyvesant,11-01-2016,14:24,14,Afternoon,Monday,0,Winter,1,1.18,Low,5.2,13.6,1.0
Crown Heights,East Harlem,09-04-2016,18:27,18,Evening,Saturday,1,Spring,1,0.7,High,4.4,9.5,1.8
Arden Heights,Bensonhurst,07-06-2016,11:40,11,Morning,Tuesday,0,Summer,2,8.75,Low,24.7,21.3,1.0
Great Kills,Richmondtown,20-03-2016,22:11,22,Evening,Sunday,1,Spring,1,8.29,Low,16.9,29.4,1.0
Hell's Kitchen,Harlem,21-03-2016,17:43,17,Afternoon,Monday,0,Spring,1,3.49,High,9.6,21.8,1.8
Upper West Side,Bedford-Stuyvesant,25-06-2016,21:53,21,Evening,Saturday,1,Summer,1,2.0,Low,12.0,10.0,1.0
Kensington,Upper West Side,28-04-2016,08:47,8,Morning,Thursday,0,Spring,2,0.61,High,3.0,12.2,1.8
East Harlem,East Harlem,16-04-2016,17:45,17,Afternoon,Saturday,1,Spring,1,1.98,High,6.6,18.0,1.8
Tottenville,Huguenot,03-04-2016,13:16,13,Afternoon,Sunday,1,Spring,1,24.73,Low,37.8,39.3,1.0
West Village,West Village,24-01-2016,12:42,12,Afternoon,Sunday,1,Winter,1,0.03,Low,11.4,0.2,1.0
Midtown,Crown Heights,24-04-2016,01:59,1,Night,Sunday,1,Spring,5,8.08,Low,11.8,41.1,1.0
West Village,West Village,02-06-2016,20:47,20,Evening,Thursday,0,Summer,1,8.05,Medium,16.2,29.8,1.3
West Village,Upper West Side,29-03-2016,22:39,22,Evening,Tuesday,0,Spring,5,0.42,Low,1.0,25.2,1.0
West Village,Bedford-Stuyvesant,05-06-2016,11:44,11,Morning,Sunday,1,Summer,1,2.25,Low,11.6,11.6,1.0
Upper West Side,Upper West Side,02-02-2016,19:37,19,Evening,Tuesday,0,Winter,1,4.77,High,17.4,16.4,1.8
Harlem,Chinatown,17-05-2016,00:20,0,Night,Tuesday,0,Spring,1,2.11,Low,10.2,12.4,1.0
Upper West Side,East Harlem,14-05-2016,03:56,3,Night,Saturday,1,Spring,1,1.6,Low,4.2,22.9,1.0
Canarsie,Gravesend,21-05-2016,12:55,12,Afternoon,Saturday,1,Spring,1,2.0,Low,11.8,10.2,1.0
East Harlem,Fort Greene,04-03-2016,11:34,11,Morning,Friday,0,Spring,1,7.24,Low,26.5,16.4,1.0
Harlem,Harlem,23-03-2016,07:36,7,Morning,Wednesday,0,Spring,1,2.35,Medium,16.7,8.4,1.3
Arden Heights,Bath Beach,22-01-2016,14:13,14,Afternoon,Friday,0,Winter,1,9.41,Low,61.6,9.2,1.0
Harlem,Fort Greene,22-04-2016,21:47,21,Evening,Friday,0,Spring,2,4.26,Low,13.8,18.5,1.0
Kensington,Upper West Side,24-06-2016,11:26,11,Morning,Friday,0,Summer,1,2.22,Low,15.0,8.9,1.0
Midtown,Harlem,12-06-2016,16:07,16,Afternoon,Sunday,1,Summer,1,6.53,Medium,33.6,11.7,1.3
Upper West Side,Bedford-Stuyvesant,28-01-2016,06:44,6,Morning,Thursday,0,Winter,1,4.71,Low,14.4,19.6,1.0
West Village,Upper West Side,10-01-2016,19:44,19,Evening,Sunday,1,Winter,1,2.45,High,10.3,14.3,1.8
East Harlem,Hell's Kitchen,19-01-2016,20:41,20,Evening,Tuesday,0,Winter,1,1.93,Medium,5.5,21.1,1.3
Arrochar,Bensonhurst,30-03-2016,07:07,7,Morning,Wednesday,0,Spring,1,6.97,Medium,17.7,23.6,1.3
Upper West Side,Harlem,09-04-2016,13:10,13,Afternoon,Saturday,1,Spring,2,2.05,Low,15.0,8.2,1.0
Fort Greene,Bedford-Stuyvesant,18-03-2016,00:07,0,Night,Friday,0,Spring,2,4.11,Low,14.3,17.2,1.0
Midtown,Murray Hill,11-03-2016,23:57,23,Evening,Friday,0,Spring,1,2.51,Low,11.4,13.2,1.0
West Village,South Slope,11-01-2016,06:51,6,Morning,Monday,0,Winter,1,3.82,Low,7.5,30.6,1.0
Harlem,Williamsburg,26-04-2016,21:23,21,Evening,Tuesday,0,Spring,1,3.29,Low,9.7,20.4,1.0
Chinatown,South Slope,11-02-2016,21:53,21,Evening,Thursday,0,Winter,5,2.25,Low,10.7,12.6,1.0
Fort Greene,Bedford-Stuyvesant,09-03-2016,15:50,15,Afternoon,Wednesday,0,Spring,1,1.53,Low,8.0,11.5,1.0
East Harlem,Upper West Side,26-03-2016,19:26,19,Evening,Saturday,1,Spring,1,1.96,High,16.9,7.0,1.8
Clinton Hill,Harlem,18-03-2016,08:48,8,Morning,Friday,0,Spring,4,3.03,High,15.0,12.1,1.8
Upper West Side,Clinton Hill,19-06-2016,01:41,1,Night,Sunday,1,Summer,1,1.98,Low,12.5,9.5,1.0
East Harlem,Williamsburg,21-03-2016,15:11,15,Afternoon,Monday,0,Spring,6,1.52,Low,5.8,15.7,1.0
Upper West Side,Chelsea,16-01-2016,02:13,2,Night,Saturday,1,Winter,1,1.12,Low,3.4,19.8,1.0
Far Rockaway,Gravesend,16-03-2016,12:14,12,Afternoon,Wednesday,0,Spring,1,0.68,Low,5.5,7.4,1.0
Upper West Side,East Harlem,17-04-2016,10:12,10,Morning,Sunday,1,Spring,1,1.8,Medium,3.5,30.9,1.3
Inwood,West Village,01-04-2016,19:24,19,Evening,Friday,0,Spring,1,0.67,High,1.7,23.6,1.8
Harlem,Clinton Hill,08-03-2016,19:05,19,Evening,Tuesday,0,Spring,2,6.84,High,33.4,12.3,1.8
South Slope,East Harlem,10-02-2016,20:12,20,Evening,Wednesday,0,Winter,1,2.23,Medium,6.9,19.4,1.3
South Slope,Clinton Hill,17-03-2016,06:26,6,Morning,Thursday,0,Spring,1,2.02,Low,7.6,15.9,1.0
East Harlem,East Harlem,04-03-2016,21:35,21,Evening,Friday,0,Spring,2,0.54,Low,9.5,3.4,1.0
Bedford-Stuyvesant,West Village,01-01-2016,09:47,9,Morning,Friday,0,Winter,1,0.8,High,2.8,17.1,1.8
Clinton Hill,South Slope,27-02-2016,16:37,16,Afternoon,Saturday,1,Winter,1,2.76,Medium,15.9,10.4,1.3
Park Slope,Clinton Hill,12-06-2016,01:24,1,Night,Sunday,1,Summer,1,2.36,Low,9.5,14.9,1.0
Midtown,East Harlem,12-02-2016,15:14,15,Afternoon,Friday,0,Winter,2,1.73,Low,9.6,10.8,1.0
Midtown,Upper West Side,02-03-2016,10:07,10,Morning,Wednesday,0,Spring,1,0.58,Medium,6.2,5.6,1.3
Kensington,Upper West Side,17-06-2016,20:17,20,Evening,Friday,0,Summer,1,3.97,Medium,17.9,13.3,1.3
South Slope,Harlem,19-01-2016,09:41,9,Morning,Tuesday,0,Winter,1,5.77,High,16.6,20.9,1.8
Murray Hill,Harlem,25-04-2016,08:19,8,Morning,Monday,0,Spring,1,3.96,High,18.4,12.9,1.8
Bedford-Stuyvesant,Upper West Side,09-02-2016,07:35,7,Morning,Tuesday,0,Winter,1,1.58,Medium,6.9,13.7,1.3
Harlem,Murray Hill,04-02-2016,22:12,22,Evening,Thursday,0,Winter,1,4.63,Low,17.6,15.8,1.0
Midtown,Harlem,05-02-2016,12:31,12,Afternoon,Friday,0,Winter,1,0.71,Low,7.6,5.6,1.0
South Slope,Fort Greene,21-02-2016,18:21,18,Evening,Sunday,1,Winter,1,1.18,High,10.5,6.7,1.8
Bedford-Stuyvesant,South Slope,11-01-2016,09:11,9,Morning,Monday,0,Winter,6,0.88,High,10.1,5.2,1.8
Hell's Kitchen,Hell's Kitchen,21-04-2016,06:53,6,Morning,Thursday,0,Spring,2,4.48,Low,10.8,24.9,1.0
Hell's Kitchen,Crown Heights,13-01-2016,18:38,18,Evening,Wednesday,0,Winter,1,2.99,High,7.9,22.7,1.8
Harlem,Harlem,08-05-2016,15:30,15,Afternoon,Sunday,1,Spring,1,2.41,Low,8.6,16.8,1.0
Midwood,Great Kills,09-06-2016,14:53,14,Afternoon,Thursday,0,Summer,2,12.86,Low,28.8,26.8,1.0
Harlem,East Harlem,08-03-2016,10:03,10,Morning,Tuesday,0,Spring,1,1.75,Medium,8.7,12.1,1.3
Upper West Side,Upper West Side,12-06-2016,16:41,16,Afternoon,Sunday,1,Summer,1,1.99,Medium,11.4,10.5,1.3
Arrochar,Bayswater,27-03-2016,18:21,18,Evening,Sunday,1,Spring,4,4.07,High,13.7,17.8,1.8
Upper West Side,Upper West Side,01-06-2016,20:17,20,Evening,Wednesday,0,Summer,1,4.17,Medium,15.1,16.6,1.3
Bedford-Stuyvesant,Upper West Side,04-05-2016,14:55,14,Afternoon,Wednesday,0,Spring,3,1.71,Low,9.6,10.7,1.0
Upper West Side,Murray Hill,22-06-2016,05:48,5,Night,Wednesday,0,Summer,6,10.61,Low,15.8,40.3,1.0
Hell's Kitchen,Fort Greene,09-05-2016,08:41,8,Morning,Monday,0,Spring,1,4.95,High,20.9,14.2,1.8
Bedford-Stuyvesant,West Village,27-01-2016,17:02,17,Afternoon,Wednesday,0,Winter,1,1.51,High,11.4,7.9,1.8
Greenpoint,Murray Hill,02-06-2016,12:36,12,Afternoon,Thursday,0,Summer,2,0.98,Low,9.8,6.0,1.0
Murray Hill,East Harlem,07-04-2016,07:48,7,Morning,Thursday,0,Spring,1,2.55,Medium,9.6,15.9,1.3
Inwood,Hell's Kitchen,20-01-2016,19:36,19,Evening,Wednesday,0,Winter,2,3.8,High,19.8,11.5,1.8
Bedford-Stuyvesant,Harlem,21-02-2016,02:22,2,Night,Sunday,1,Winter,1,7.21,Low,23.2,18.6,1.0
Hell's Kitchen,Murray Hill,11-04-2016,09:20,9,Morning,Monday,0,Spring,1,3.16,High,11.9,15.9,1.8
Harlem,East Harlem,16-05-2016,16:07,16,Afternoon,Monday,0,Spring,1,0.57,Medium,7.4,4.6,1.3
Midtown,East Harlem,20-05-2016,18:54,18,Evening,Friday,0,Spring,1,4.3,High,10.0,25.8,1.8
Park Slope,Kensington,16-03-2016,20:08,20,Evening,Wednesday,0,Spring,2,3.06,Medium,16.1,11.4,1.3
Clinton Hill,Upper West Side,29-04-2016,09:05,9,Morning,Friday,0,Spring,1,0.87,High,5.5,9.5,1.8
Fort Greene,Chinatown,18-01-2016,11:44,11,Morning,Monday,0,Winter,1,1.69,Low,4.4,23.0,1.0
Upper West Side,Inwood,25-02-2016,17:23,17,Afternoon,Thursday,0,Winter,1,1.14,High,5.9,11.6,1.8
Williamsburg,Murray Hill,14-01-2016,15:08,15,Afternoon,Thursday,0,Winter,1,1.21,Low,4.7,15.4,1.0
Upper West Side,South Slope,13-01-2016,11:33,11,Morning,Wednesday,0,Winter,2,0.78,Low,1.4,33.4,1.0
West Village,Upper West Side,15-06-2016,18:23,18,Evening,Wednesday,0,Summer,5,2.1,High,8.9,14.2,1.8
South Slope,South Slope,19-05-2016,18:06,18,Evening,Thursday,0,Spring,1,1.24,High,4.9,15.2,1.8
Chinatown,East Harlem,17-05-2016,08:04,8,Morning,Tuesday,0,Spring,3,1.7,High,7.3,14.0,1.8
Murray Hill,Harlem,03-03-2016,07:45,7,Morning,Thursday,0,Spring,1,1.54,Medium,7.1,13.0,1.3
Williamsburg,Hell's Kitchen,22-01-2016,09:04,9,Morning,Friday,0,Winter,1,3.18,High,11.6,16.4,1.8
Harlem,Bedford-Stuyvesant,28-06-2016,17:55,17,Afternoon,Tuesday,0,Summer,1,5.95,High,34.8,10.3,1.8
Sheepshead Bay,Sheepshead Bay,11-01-2016,18:06,18,Evening,Monday,0,Winter,1,1.81,High,6.8,16.0,1.8
Harlem,Crown Heights,23-02-2016,18:57,18,Evening,Tuesday,0,Winter,5,0.92,High,7.2,7.7,1.8
Upper West Side,Murray Hill,05-06-2016,23:34,23,Evening,Sunday,1,Summer,2,8.85,Low,22.3,23.8,1.0
Midwood,Midwood,21-01-2016,10:29,10,Morning,Thursday,0,Winter,1,1.38,Medium,9.7,8.5,1.3
Harlem,Upper West Side,18-03-2016,20:21,20,Evening,Friday,0,Spring,1,4.42,Medium,12.4,21.4,1.3
Bedford-Stuyvesant,Hell's Kitchen,11-02-2016,22:22,22,Evening,Thursday,0,Winter,2,2.79,Low,8.8,19.0,1.0
Williamsburg,Harlem,27-01-2016,06:38,6,Morning,Wednesday,0,Winter,1,2.81,Low,13.3,12.7,1.0
Midtown,West Village,27-03-2016,22:46,22,Evening,Sunday,1,Spring,2,2.6,Low,8.9,17.5,1.0
Sheepshead Bay,New Dorp Beach,06-05-2016,18:59,18,Evening,Friday,0,Spring,2,14.55,High,39.9,21.9,1.8
Clinton Hill,Upper West Side,05-06-2016,18:07,18,Evening,Sunday,1,Summer,1,0.81,High,4.4,11.0,1.8
Bedford-Stuyvesant,Park Slope,14-02-2016,17:29,17,Afternoon,Sunday,1,Winter,1,1.08,High,6.4,10.1,1.8
Rossville,Eltingville,06-06-2016,21:04,21,Evening,Monday,0,Summer,4,12.93,Low,28.2,27.5,1.0
Williamsburg,Upper West Side,26-03-2016,21:39,21,Evening,Saturday,1,Spring,2,3.27,Low,12.5,15.7,1.0
Williamsburg,Fort Greene,07-02-2016,00:56,0,Night,Sunday,1,Winter,5,1.32,Low,7.6,10.4,1.0
Upper West Side,Upper West Side,01-05-2016,18:40,18,Evening,Sunday,1,Spring,1,0.69,High,4.3,9.6,1.8
Park Slope,Kensington,01-01-2016,03:20,3,Night,Friday,0,Winter,1,5.78,Low,22.1,15.7,1.0
Harlem,Upper West Side,22-03-2016,22:35,22,Evening,Tuesday,0,Spring,1,2.4,Low,5.7,25.3,1.0
South Slope,Upper West Side,30-04-2016,22:03,22,Evening,Saturday,1,Spring,2,0.57,Low,2.9,11.8,1.0
Murray Hill,Upper West Side,08-06-2016,21:42,21,Evening,Wednesday,0,Summer,1,2.22,Low,9.9,13.5,1.0
East Harlem,Murray Hill,15-03-2016,10:21,10,Morning,Tuesday,0,Spring,2,1.96,Medium,19.7,6.0,1.3
Chinatown,Bedford-Stuyvesant,27-04-2016,09:28,9,Morning,Wednesday,0,Spring,1,7.52,High,13.7,32.9,1.8
East Harlem,Fort Greene,25-01-2016,21:40,21,Evening,Monday,0,Winter,1,2.22,Low,6.9,19.3,1.0
Midtown,Harlem,19-03-2016,01:20,1,Night,Saturday,1,Spring,1,6.75,Low,17.0,23.8,1.0
Oakwood,Tompkinsville,24-06-2016,01:03,1,Night,Friday,0,Summer,6,11.08,Low,12.2,54.5,1.0
Greenpoint,Williamsburg,02-06-2016,16:48,16,Afternoon,Thursday,0,Summer,1,1.4,Medium,9.3,9.0,1.3
Inwood,Bedford-Stuyvesant,17-04-2016,02:25,2,Night,Sunday,1,Spring,5,3.27,Low,9.3,21.1,1.0
Harlem,Harlem,04-01-2016,18:17,18,Evening,Monday,0,Winter,1,1.02,High,4.8,12.8,1.8
Tottenville,Rossville,12-05-2016,21:55,21,Evening,Thursday,0,Spring,1,16.43,Low,26.0,37.9,1.0
Crown Heights,Bedford-Stuyvesant,26-04-2016,06:11,6,Morning,Tuesday,0,Spring,3,2.54,Low,5.4,28.2,1.0
Bedford-Stuyvesant,Crown Heights,19-06-2016,09:55,9,Morning,Sunday,1,Summer,2,1.4,High,7.4,11.4,1.8
Hell's Kitchen,Fort Greene,16-03-2016,23:06,23,Evening,Wednesday,0,Spring,1,4.84,Low,9.7,29.9,1.0
East Harlem,Fort Greene,20-05-2016,19:01,19,Evening,Friday,0,Spring,1,2.73,High,21.3,7.7,1.8
West Village,Hell's Kitchen,03-05-2016,18:50,18,Evening,Tuesday,0,Spring,5,2.65,High,13.3,12.0,1.8
Tottenville,Great Kills,16-06-2016,11:11,11,Morning,Thursday,0,Summer,1,9.21,Low,29.7,18.6,1.0
Upper West Side,Park Slope,19-03-2016,22:09,22,Evening,Saturday,1,Spring,1,0.94,Low,3.7,15.2,1.0
South Slope,Chinatown,26-05-2016,19:22,19,Evening,Thursday,0,Spring,1,3.29,High,12.7,15.5,1.8
Inwood,Bedford-Stuyvesant,21-06-2016,22:22,22,Evening,Tuesday,0,Summer,1,1.29,Low,3.9,19.8,1.0
East Harlem,Midtown,10-01-2016,17:54,17,Afternoon,Sunday,1,Winter,1,5.7,High,13.2,25.9,1.8
East Harlem,Bedford-Stuyvesant,29-05-2016,21:37,21,Evening,Sunday,1,Spring,1,8.33,Low,21.8,22.9,1.0
Greenpoint,East Harlem,15-03-2016,22:56,22,Evening,Tuesday,0,Spring,2,0.66,Low,4.5,8.8,1.0
Fort Greene,Upper West Side,19-03-2016,21:09,21,Evening,Saturday,1,Spring,1,1.97,Low,8.7,13.6,1.0
Hell's Kitchen,Harlem,24-03-2016,18:30,18,Evening,Thursday,0,Spring,2,0.49,High,2.0,14.7,1.8
East Harlem,Hell's Kitchen,08-04-2016,00:26,0,Night,Friday,0,Spring,4,1.68,Low,8.8,11.5,1.0
Tottenville,Eltingville,20-03-2016,19:25,19,Evening,Sunday,1,Spring,1,25.06,High,35.2,42.7,1.8
Tottenville,Tottenville,25-01-2016,21:05,21,Evening,Monday,0,Winter,1,26.73,Low,56.2,28.5,1.0
South Slope,South Slope,25-06-2016,11:01,11,Morning,Saturday,1,Summer,1,2.75,Low,17.1,9.6,1.0
Rosebank,Bull's Head,16-06-2016,14:10,14,Afternoon,Thursday,0,Summer,1,0.79,Low,5.1,9.3,1.0
Park Slope,Inwood,05-02-2016,05:48,5,Night,Friday,0,Winter,6,2.69,Low,8.6,18.8,1.0
Murray Hill,Hell's Kitchen,17-03-2016,20:33,20,Evening,Thursday,0,Spring,2,6.83,Medium,7.4,55.4,1.3
Midtown,Midtown,18-04-2016,17:23,17,Afternoon,Monday,0,Spring,1,0.88,High,3.4,15.5,1.8
East Harlem,Clinton Hill,19-02-2016,12:29,12,Afternoon,Friday,0,Winter,1,2.41,Low,10.9,13.3,1.0
Upper West Side,Williamsburg,13-03-2016,19:38,19,Evening,Sunday,1,Spring,1,1.91,High,14.3,8.0,1.8
Crown Heights,Harlem,01-05-2016,11:49,11,Morning,Sunday,1,Spring,2,2.14,Low,5.4,23.8,1.0
Upper West Side,Midtown,18-01-2016,15:52,15,Afternoon,Monday,0,Winter,3,2.23,Low,8.9,15.0,1.0
Great Kills,Woodrow,12-06-2016,05:11,5,Night,Sunday,1,Summer,1,40.71,Low,40.8,59.9,1.0
East Village,East Village,24-04-2016,00:19,0,Night,Sunday,1,Spring,2,0.62,Low,5.8,6.4,1.0
Chinatown,Upper West Side,04-01-2016,21:09,21,Evening,Monday,0,Winter,1,3.42,Low,10.3,19.9,1.0
South Slope,Murray Hill,08-04-2016,07:05,7,Morning,Friday,0,Spring,1,5.66,Medium,14.5,23.4,1.3
Bedford-Stuyvesant,South Slope,12-01-2016,09:07,9,Morning,Tuesday,0,Winter,5,4.86,High,23.4,12.5,1.8
East Village,Crown Heights,17-02-2016,00:54,0,Night,Wednesday,0,Winter,3,52.67,Low,42.2,74.9,1.0
South Slope,Chelsea,16-06-2016,08:38,8,Morning,Thursday,0,Summer,1,1.7,High,7.4,13.8,1.8
West Village,East Harlem,11-04-2016,10:59,10,Morning,Monday,0,Spring,1,0.95,Medium,6.3,9.0,1.3
Flatlands,Sheepshead Bay,25-05-2016,13:50,13,Afternoon,Wednesday,0,Spring,1,5.11,Low,9.5,32.3,1.0
Midtown,Bedford-Stuyvesant,20-05-2016,10:53,10,Morning,Friday,0,Spring,2,8.21,Medium,21.7,22.7,1.3
Hell's Kitchen,Upper West Side,26-01-2016,02:01,2,Night,Tuesday,0,Winter,1,7.55,Low,23.4,19.4,1.0
Bedford-Stuyvesant,East Harlem,17-03-2016,11:51,11,Morning,Thursday,0,Spring,5,5.14,Low,18.5,16.7,1.0
Chinatown,South Slope,24-02-2016,16:25,16,Afternoon,Wednesday,0,Winter,1,0.61,Medium,4.6,8.0,1.3
Murray Hill,Hell's Kitchen,13-02-2016,21:41,21,Evening,Saturday,1,Winter,4,1.58,Low,12.3,7.7,1.0
Bedford-Stuyvesant,Upper West Side,29-03-2016,14:46,14,Afternoon,Tuesday,0,Spring,1,3.54,Low,20.0,10.6,1.0
Kensington,Harlem,26-04-2016,08:25,8,Morning,Tuesday,0,Spring,1,5.38,High,27.1,11.9,1.8
Arverne,Oakwood,09-02-2016,20:42,20,Evening,Tuesday,0,Winter,1,19.25,Medium,24.1,47.9,1.3
Bedford-Stuyvesant,Bedford-Stuyvesant,09-05-2016,20:18,20,Evening,Monday,0,Spring,1,1.83,Medium,7.5,14.6,1.3
Lower East Side,South Slope,02-04-2016,00:00,0,Night,Saturday,1,Spring,2,1.99,Low,2.8,42.6,1.0
Bedford-Stuyvesant,Fort Greene,21-03-2016,12:58,12,Afternoon,Monday,0,Spring,1,1.45,Low,8.3,10.5,1.0
Tottenville,Prince's Bay,08-05-2016,10:59,10,Morning,Sunday,1,Spring,1,4.32,Medium,8.2,31.6,1.3
Kensington,Bedford-Stuyvesant,29-02-2016,21:32,21,Evening,Monday,0,Winter,1,1.61,Low,5.4,17.9,1.0
Tompkinsville,"Bay Terrace, Staten Island",14-04-2016,15:08,15,Afternoon,Thursday,0,Spring,1,12.9,Low,47.1,16.4,1.0
Clinton Hill,Upper West Side,05-02-2016,03:41,3,Night,Friday,0,Winter,1,12.16,Low,18.2,40.1,1.0
Harlem,East Harlem,14-04-2016,23:10,23,Evening,Thursday,0,Spring,1,3.99,Low,14.2,16.9,1.0
West Village,Upper West Side,14-06-2016,07:46,7,Morning,Tuesday,0,Summer,1,0.55,Medium,24.9,1.3,1.3
Bay Ridge,Arden Heights,12-04-2016,15:11,15,Afternoon,Tuesday,0,Spring,1,13.48,Low,37.2,21.7,1.0
Upper West Side,Bedford-Stuyvesant,18-03-2016,22:54,22,Evening,Friday,0,Spring,1,1.07,Low,12.3,5.2,1.0
Midtown,Hell's Kitchen,08-05-2016,02:32,2,Night,Sunday,1,Spring,1,10.46,Low,35.2,17.8,1.0
South Slope,Crown Heights,16-05-2016,02:14,2,Night,Monday,0,Spring,1,11.58,Low,20.5,33.9,1.0
South Slope,Fort Greene,02-05-2016,11:09,11,Morning,Monday,0,Spring,1,1.14,Low,2.8,24.4,1.0
Fort Greene,South Slope,01-05-2016,15:08,15,Afternoon,Sunday,1,Spring,5,2.38,Low,12.4,11.5,1.0
East Harlem,Bedford-Stuyvesant,08-02-2016,19:05,19,Evening,Monday,0,Winter,1,0.79,High,4.6,10.3,1.8
West Village,West Village,10-04-2016,01:19,1,Night,Sunday,1,Spring,1,1.01,Low,4.3,14.1,1.0
Upper West Side,Midtown,02-06-2016,14:21,14,Afternoon,Thursday,0,Summer,1,1.52,Low,11.9,7.7,1.0
Harlem,Fort Greene,14-06-2016,14:22,14,Afternoon,Tuesday,0,Summer,1,1.02,Low,7.2,8.5,1.0
South Slope,Upper West Side,27-05-2016,23:10,23,Evening,Friday,0,Spring,1,3.46,Low,6.8,30.5,1.0
Upper West Side,Harlem,03-02-2016,14:53,14,Afternoon,Wednesday,0,Winter,5,1.12,Low,6.0,11.2,1.0
Williamsburg,Kensington,09-05-2016,01:47,1,Night,Monday,0,Spring,1,18.42,Low,29.0,38.1,1.0
East Harlem,Harlem,02-06-2016,06:12,6,Morning,Thursday,0,Summer,1,0.75,Low,6.4,7.0,1.0
Williamsburg,Upper West Side,07-05-2016,14:08,14,Afternoon,Saturday,1,Spring,6,1.62,Low,9.4,10.3,1.0
Fort Greene,Midtown,07-02-2016,19:11,19,Evening,Sunday,1,Winter,2,3.34,High,10.9,18.4,1.8
Upper West Side,Murray Hill,09-02-2016,14:19,14,Afternoon,Tuesday,0,Winter,2,1.97,Low,5.5,21.5,1.0
Upper West Side,Upper West Side,24-02-2016,21:27,21,Evening,Wednesday,0,Winter,1,2.34,Low,9.5,14.8,1.0
Murray Hill,Upper West Side,22-04-2016,18:23,18,Evening,Friday,0,Spring,1,0.51,High,5.7,5.4,1.8
Tottenville,Prince's Bay,12-05-2016,14:11,14,Afternoon,Thursday,0,Spring,1,24.52,Low,52.0,28.3,1.0
South Slope,Midtown,02-01-2016,11:52,11,Morning,Saturday,1,Winter,1,1.08,Low,6.6,9.8,1.0
Windsor Terrace,South Slope,04-02-2016,23:28,23,Evening,Thursday,0,Winter,1,1.64,Low,8.4,11.7,1.0
West Village,Hell's Kitchen,06-04-2016,11:23,11,Morning,Wednesday,0,Spring,3,2.06,Low,13.6,9.1,1.0
Bedford-Stuyvesant,Kensington,02-02-2016,21:39,21,Evening,Tuesday,0,Winter,1,2.14,Low,8.1,15.9,1.0
Bath Beach,Borough Park,02-06-2016,10:46,10,Morning,Thursday,0,Summer,2,3.0,Medium,27.8,6.5,1.3
Bedford-Stuyvesant,Harlem,07-06-2016,19:46,19,Evening,Tuesday,0,Summer,1,3.01,High,6.2,29.1,1.8
Bedford-Stuyvesant,Bedford-Stuyvesant,08-04-2016,11:42,11,Morning,Friday,0,Spring,1,3.26,Low,22.8,8.6,1.0
Bedford-Stuyvesant,Harlem,06-06-2016,10:28,10,Morning,Monday,0,Summer,1,4.1,Medium,26.4,9.3,1.3
Hell's Kitchen,Upper West Side,17-04-2016,14:13,14,Afternoon,Sunday,1,Spring,1,3.26,Low,18.1,10.8,1.0
Fort Greene,Harlem,15-01-2016,15:08,15,Afternoon,Friday,0,Winter,1,2.32,Low,15.0,9.3,1.0
Midwood,Sheepshead Bay,15-04-2016,22:22,22,Evening,Friday,0,Spring,2,1.93,Low,5.2,22.3,1.0
Upper West Side,Bedford-Stuyvesant,07-03-2016,19:16,19,Evening,Monday,0,Spring,6,0.8,High,3.4,14.1,1.8
Bedford-Stuyvesant,Fort Greene,07-05-2016,17:49,17,Afternoon,Saturday,1,Spring,4,2.87,High,10.2,16.9,1.8
Upper West Side,Bedford-Stuyvesant,24-02-2016,07:45,7,Morning,Wednesday,0,Winter,2,13.46,Medium,31.5,25.6,1.3
Park Slope,Harlem,27-04-2016,09:29,9,Morning,Wednesday,0,Spring,1,1.8,High,11.2,9.6,1.8
East Harlem,Harlem,26-03-2016,17:02,17,Afternoon,Saturday,1,Spring,1,2.62,High,11.3,13.9,1.8
South Slope,Upper West Side,25-02-2016,17:08,17,Afternoon,Thursday,0,Winter,1,1.48,High,3.5,25.4,1.8
Midtown,Clinton Hill,08-03-2016,14:00,14,Afternoon,Tuesday,0,Spring,1,1.4,Low,10.2,8.2,1.0
Bedford-Stuyvesant,Upper West Side,12-01-2016,19:29,19,Evening,Tuesday,0,Winter,5,1.86,High,13.1,8.5,1.8
Fort Greene,Upper West Side,09-03-2016,22:00,22,Evening,Wednesday,0,Spring,1,1.73,Low,12.6,8.2,1.0
East Harlem,Harlem,23-06-2016,12:37,12,Afternoon,Thursday,0,Summer,5,4.5,Low,30.8,8.8,1.0
South Slope,Upper West Side,01-05-2016,07:18,7,Morning,Sunday,1,Spring,3,2.81,Medium,12.6,13.4,1.3
Upper West Side,Harlem,24-05-2016,10:50,10,Morning,Tuesday,0,Spring,6,0.38,Medium,10.4,2.2,1.3
Murray Hill,Murray Hill,22-05-2016,00:17,0,Night,Sunday,1,Spring,2,4.92,Low,15.8,18.7,1.0
East Harlem,Crown Heights,22-01-2016,22:20,22,Evening,Friday,0,Winter,2,1.11,Low,9.4,7.1,1.0
Great Kills,Tottenville,17-05-2016,14:17,14,Afternoon,Tuesday,0,Spring,1,24.37,Low,68.3,21.4,1.0
Park Slope,Bedford-Stuyvesant,13-02-2016,19:07,19,Evening,Saturday,1,Winter,1,0.74,High,3.9,11.4,1.8
Murray Hill,Harlem,24-02-2016,11:37,11,Morning,Wednesday,0,Winter,6,0.81,Low,5.6,8.7,1.0
Williamsburg,Clinton Hill,30-06-2016,08:41,8,Morning,Thursday,0,Summer,1,3.55,High,16.4,13.0,1.8
Upper West Side,Inwood,20-03-2016,23:20,23,Evening,Sunday,1,Spring,2,1.07,Low,3.7,17.4,1.0
West Village,Clinton Hill,04-06-2016,08:22,8,Morning,Saturday,1,Summer,1,0.67,High,2.1,19.1,1.8
Eltingville,"Bay Terrace, Staten Island",19-05-2016,13:03,13,Afternoon,Thursday,0,Spring,1,23.36,Low,42.5,33.0,1.0
Clinton Hill,Midtown,10-06-2016,15:28,15,Afternoon,Friday,0,Summer,1,2.02,Low,10.8,11.2,1.0
Harlem,East Harlem,19-03-2016,21:06,21,Evening,Saturday,1,Spring,1,1.08,Low,2.5,25.9,1.0
Upper West Side,Fort Greene,19-05-2016,20:37,20,Evening,Thursday,0,Spring,2,1.83,Medium,12.0,9.2,1.3
East Harlem,South Slope,07-01-2016,12:06,12,Afternoon,Thursday,0,Winter,2,2.96,Low,21.2,8.4,1.0
East Harlem,Chinatown,26-03-2016,20:36,20,Evening,Saturday,1,Spring,1,2.16,Medium,11.6,11.2,1.3
Bath Beach,Flatlands,29-05-2016,14:58,14,Afternoon,Sunday,1,Spring,1,2.29,Low,10.4,13.2,1.0
Bedford-Stuyvesant,Kensington,08-01-2016,23:35,23,Evening,Friday,0,Winter,1,1.63,Low,6.9,14.2,1.0
Murray Hill,Bedford-Stuyvesant,06-05-2016,11:49,11,Morning,Friday,0,Spring,2,0.83,Low,7.3,6.8,1.0
Murray Hill,Midtown,04-04-2016,20:15,20,Evening,Monday,0,Spring,4,1.34,Medium,8.9,9.0,1.3
Harlem,Crown Heights,10-05-2016,15:20,15,Afternoon,Tuesday,0,Spring,1,3.52,Low,21.7,9.7,1.0
Upper West Side,Upper West Side,03-01-2016,14:18,14,Afternoon,Sunday,1,Winter,1,4.02,Low,11.2,21.5,1.0
Upper West Side,East Harlem,21-04-2016,20:25,20,Evening,Thursday,0,Spring,1,1.34,Medium,4.7,17.1,1.3
Chelsea,Kensington,31-03-2016,04:45,4,Night,Thursday,0,Spring,1,14.76,Low,14.5,61.1,1.0
East Village,Upper West Side,16-04-2016,17:20,17,Afternoon,Saturday,1,Spring,1,6.14,High,18.6,19.8,1.8
Crown Heights,East Harlem,20-06-2016,04:24,4,Night,Monday,0,Summer,2,3.54,Low,7.6,27.9,1.0
Clinton Hill,South Slope,14-05-2016,19:27,19,Evening,Saturday,1,Spring,5,0.84,High,3.1,16.3,1.8
Chinatown,West Village,10-06-2016,10:29,10,Morning,Friday,0,Summer,1,1.85,Medium,17.3,6.4,1.3
Upper West Side,Bedford-Stuyvesant,10-06-2016,13:59,13,Afternoon,Friday,0,Summer,1,1.81,Low,9.0,12.1,1.0
Hell's Kitchen,East Harlem,23-06-2016,14:23,14,Afternoon,Thursday,0,Summer,1,1.79,Low,15.5,6.9,1.0
South Slope,West Village,09-02-2016,22:44,22,Evening,Tuesday,0,Winter,1,1.02,Low,9.1,6.7,1.0
Upper West Side,Clinton Hill,15-05-2016,01:21,1,Night,Sunday,1,Spring,1,2.11,Low,9.5,13.3,1.0
Windsor Terrace,South Slope,16-01-2016,11:44,11,Morning,Saturday,1,Winter,1,5.17,Low,9.8,31.7,1.0
Williamsburg,Murray Hill,16-04-2016,00:01,0,Night,Saturday,1,Spring,1,3.81,Low,23.6,9.7,1.0
Park Slope,Upper West Side,03-03-2016,04:11,4,Night,Thursday,0,Spring,1,4.39,Low,14.1,18.7,1.0
Clinton Hill,South Slope,29-01-2016,12:06,12,Afternoon,Friday,0,Winter,2,1.0,Low,10.5,5.7,1.0
Harlem,Inwood,28-05-2016,15:07,15,Afternoon,Saturday,1,Spring,1,6.84,Low,20.1,20.4,1.0
Upper West Side,East Harlem,16-05-2016,10:11,10,Morning,Monday,0,Spring,1,3.45,Medium,17.2,12.0,1.3
Murray Hill,Upper West Side,26-04-2016,21:40,21,Evening,Tuesday,0,Spring,4,2.43,Low,11.2,13.0,1.0
Prince's Bay,Tottenville,07-01-2016,18:12,18,Evening,Thursday,0,Winter,1,24.95,High,43.1,34.7,1.8
Inwood,Harlem,25-06-2016,13:14,13,Afternoon,Saturday,1,Summer,1,6.09,Low,26.6,13.7,1.0
South Slope,West Village,25-05-2016,00:53,0,Night,Wednesday,0,Spring,2,6.33,Low,18.4,20.6,1.0
Chinatown,Harlem,19-06-2016,19:52,19,Evening,Sunday,1,Summer,2,0.72,High,3.7,11.7,1.8
Upper West Side,Upper West Side,28-02-2016,01:02,1,Night,Sunday,1,Winter,5,2.55,Low,17.9,8.5,1.0
Harlem,East Harlem,23-04-2016,15:52,15,Afternoon,Saturday,1,Spring,1,6.79,Low,43.0,9.5,1.0
East Village,East Harlem,26-04-2016,18:14,18,Evening,Tuesday,0,Spring,1,2.3,High,13.8,10.0,1.8
East Harlem,Harlem,18-03-2016,14:17,14,Afternoon,Friday,0,Spring,1,3.75,Low,20.2,11.1,1.0
Upper West Side,Upper West Side,15-05-2016,18:19,18,Evening,Sunday,1,Spring,2,1.1,High,4.4,15.0,1.8
Grant City,Tottenville,11-01-2016,22:48,22,Evening,Monday,0,Winter,2,36.01,Low,51.4,42.0,1.0
Arden Heights,Bensonhurst,20-02-2016,14:14,14,Afternoon,Saturday,1,Winter,1,11.57,Low,16.7,41.6,1.0
South Slope,East Harlem,04-06-2016,16:37,16,Afternoon,Saturday,1,Summer,1,4.77,Medium,11.7,24.5,1.3
East Harlem,Chinatown,28-05-2016,22:39,22,Evening,Saturday,1,Spring,1,0.97,Low,4.1,14.2,1.0
Bedford-Stuyvesant,Harlem,12-02-2016,06:50,6,Morning,Friday,0,Winter,2,1.4,Low,3.8,22.1,1.0
Murray Hill,West Village,19-05-2016,09:47,9,Morning,Thursday,0,Spring,1,1.33,High,17.1,4.7,1.8
Crown Heights,Bedford-Stuyvesant,08-03-2016,22:25,22,Evening,Tuesday,0,Spring,1,3.55,Low,8.4,25.4,1.0
Bedford-Stuyvesant,Fort Greene,09-04-2016,02:14,2,Night,Saturday,1,Spring,1,1.78,Low,10.7,10.0,1.0
Upper West Side,Midtown,25-01-2016,10:09,10,Morning,Monday,0,Winter,1,1.14,Medium,8.4,8.1,1.3
South Slope,Crown Heights,12-02-2016,10:07,10,Morning,Friday,0,Winter,3,5.23,Medium,14.1,22.3,1.3
Bedford-Stuyvesant,Harlem,08-02-2016,23:06,23,Evening,Monday,0,Winter,1,1.46,Low,5.0,17.5,1.0
Huguenot,Tottenville,02-06-2016,17:32,17,Afternoon,Thursday,0,Summer,1,23.56,High,70.0,20.2,1.8
Murray Hill,Upper West Side,06-02-2016,02:35,2,Night,Saturday,1,Winter,1,6.35,Low,20.6,18.5,1.0
Kensington,Upper West Side,19-03-2016,11:25,11,Morning,Saturday,1,Spring,4,1.28,Low,6.1,12.6,1.0
South Slope,Bedford-Stuyvesant,16-06-2016,21:40,21,Evening,Thursday,0,Summer,5,1.79,Low,12.6,8.5,1.0
South Slope,Williamsburg,01-02-2016,13:24,13,Afternoon,Monday,0,Winter,1,1.04,Low,5.4,11.6,1.0
South Slope,Williamsburg,30-01-2016,06:28,6,Morning,Saturday,1,Winter,1,1.4,Low,3.2,26.2,1.0
Murray Hill,Clinton Hill,11-06-2016,00:57,0,Night,Saturday,1,Summer,1,0.81,Low,6.0,8.1,1.0
Bedford-Stuyvesant,Bedford-Stuyvesant,28-03-2016,23:31,23,Evening,Monday,0,Spring,1,3.05,Low,13.4,13.7,1.0
Arrochar,Rockaway Beach,31-03-2016,10:45,10,Morning,Thursday,0,Spring,1,3.47,Medium,8.9,23.4,1.3
Upper West Side,Clinton Hill,14-06-2016,14:09,14,Afternoon,Tuesday,0,Summer,2,1.13,Low,3.3,20.5,1.0
East Harlem,Midtown,28-04-2016,08:57,8,Morning,Thursday,0,Spring,1,1.36,High,6.3,13.0,1.8
South Slope,Bedford-Stuyvesant,06-02-2016,13:37,13,Afternoon,Saturday,1,Winter,4,3.83,Low,23.3,9.9,1.0
Park Slope,Williamsburg,21-05-2016,00:51,0,Night,Saturday,1,Spring,1,4.88,Low,10.8,27.1,1.0
Kensington,Kensington,14-03-2016,20:11,20,Evening,Monday,0,Spring,1,2.09,Medium,13.2,9.5,1.3
Prince's Bay,Tottenville,08-02-2016,21:57,21,Evening,Monday,0,Winter,1,25.95,Low,37.5,41.5,1.0
Upper West Side,West Village,06-06-2016,17:57,17,Afternoon,Monday,0,Summer,1,2.43,High,12.8,11.4,1.8
Bedford-Stuyvesant,Harlem,06-03-2016,11:49,11,Morning,Sunday,1,Spring,1,1.87,Low,7.0,16.0,1.0
Fort Greene,Upper West Side,11-05-2016,16:06,16,Afternoon,Wednesday,0,Spring,1,1.78,Medium,16.5,6.5,1.3
Concord,Sheepshead Bay,11-04-2016,19:27,19,Evening,Monday,0,Spring,1,1.92,High,7.9,14.6,1.8
Hell's Kitchen,East Harlem,11-01-2016,00:56,0,Night,Monday,0,Winter,1,1.86,Low,5.6,19.9,1.0
Murray Hill,Harlem,23-03-2016,21:04,21,Evening,Wednesday,0,Spring,1,7.48,Low,21.2,21.2,1.0
Upper West Side,Upper West Side,12-04-2016,18:48,18,Evening,Tuesday,0,Spring,5,8.08,High,30.3,16.0,1.8
Bedford-Stuyvesant,Upper West Side,05-04-2016,10:23,10,Morning,Tuesday,0,Spring,1,2.13,Medium,8.4,15.2,1.3
Upper West Side,Chinatown,22-05-2016,11:28,11,Morning,Sunday,1,Spring,1,2.28,Low,9.7,14.1,1.0
Midtown,Upper West Side,08-06-2016,21:12,21,Evening,Wednesday,0,Summer,1,2.13,Low,7.4,17.3,1.0
South Slope,East Harlem,25-06-2016,01:52,1,Night,Saturday,1,Summer,1,1.33,Low,5.2,15.3,1.0
Bedford-Stuyvesant,Midtown,13-05-2016,05:39,5,Night,Friday,0,Spring,5,19.63,Low,31.7,37.2,1.0
Midtown,Fort Greene,10-04-2016,20:18,20,Evening,Sunday,1,Spring,1,3.03,Medium,10.6,17.2,1.3
Upper West Side,Harlem,02-03-2016,19:47,19,Evening,Wednesday,0,Spring,1,0.92,High,5.4,10.2,1.8
Upper West Side,East Harlem,14-05-2016,15:25,15,Afternoon,Saturday,1,Spring,1,0.72,Low,5.0,8.6,1.0
Bedford-Stuyvesant,Upper West Side,03-05-2016,16:42,16,Afternoon,Tuesday,0,Spring,2,2.19,Medium,17.5,7.5,1.3
Murray Hill,Hell's Kitchen,13-02-2016,13:39,13,Afternoon,Saturday,1,Winter,2,4.52,Low,15.8,17.2,1.0
East Harlem,Crown Heights,30-06-2016,09:01,9,Morning,Thursday,0,Summer,2,1.53,High,4.4,20.9,1.8
Hell's Kitchen,Midtown,19-01-2016,05:56,5,Night,Tuesday,0,Winter,1,2.17,Low,8.8,14.8,1.0
East Harlem,Hell's Kitchen,08-03-2016,18:48,18,Evening,Tuesday,0,Spring,1,0.6,High,2.4,15.0,1.8
Gravesend,Sheepshead Bay,16-01-2016,08:25,8,Morning,Saturday,1,Winter,4,3.6,High,5.8,37.2,1.8
Upper West Side,Bedford-Stuyvesant,24-03-2016,10:48,10,Morning,Thursday,0,Spring,5,6.86,Medium,22.6,18.2,1.3
Upper West Side,Murray Hill,30-03-2016,13:48,13,Afternoon,Wednesday,0,Spring,1,0.81,Low,2.8,17.4,1.0
Fort Greene,East Harlem,20-02-2016,19:13,19,Evening,Saturday,1,Winter,1,4.02,High,17.4,13.9,1.8
Kensington,Harlem,16-05-2016,16:01,16,Afternoon,Monday,0,Spring,1,0.4,Medium,2.0,12.0,1.3
Clinton Hill,East Harlem,05-02-2016,14:00,14,Afternoon,Friday,0,Winter,1,3.44,Low,6.8,30.4,1.0
West Village,Upper West Side,01-02-2016,04:19,4,Night,Monday,0,Winter,1,8.34,Low,21.5,23.3,1.0
East Harlem,Fort Greene,01-04-2016,20:26,20,Evening,Friday,0,Spring,1,3.85,Medium,12.1,19.1,1.3
Tottenville,Huguenot,10-06-2016,18:45,18,Evening,Friday,0,Summer,1,24.24,High,48.5,30.0,1.8
Bay Ridge,Dyker Heights,22-06-2016,23:53,23,Evening,Wednesday,0,Summer,1,1.08,Low,12.6,5.1,1.0
Fort Greene,Crown Heights,07-03-2016,23:23,23,Evening,Monday,0,Spring,2,1.33,Low,4.5,17.7,1.0
Arden Heights,Sheepshead Bay,03-06-2016,15:10,15,Afternoon,Friday,0,Summer,3,11.42,Low,85.9,8.0,1.0
Upper West Side,Bedford-Stuyvesant,02-01-2016,12:41,12,Afternoon,Saturday,1,Winter,1,0.73,Low,3.6,12.2,1.0
Murray Hill,Flatbush,23-01-2016,01:16,1,Night,Saturday,1,Winter,1,3.8,Low,16.3,14.0,1.0
Williamsburg,East Harlem,24-01-2016,22:14,22,Evening,Sunday,1,Winter,2,1.28,Low,5.7,13.5,1.0
Bedford-Stuyvesant,Bedford-Stuyvesant,27-04-2016,22:05,22,Evening,Wednesday,0,Spring,1,2.2,Low,5.3,24.9,1.0
East Harlem,Bedford-Stuyvesant,08-04-2016,08:29,8,Morning,Friday,0,Spring,1,1.8,High,8.3,13.0,1.8
Upper West Side,Fort Greene,14-06-2016,21:51,21,Evening,Tuesday,0,Summer,1,2.41,Low,5.8,24.9,1.0
Upper West Side,Upper West Side,29-03-2016,07:39,7,Morning,Tuesday,0,Spring,2,1.67,Medium,9.6,10.4,1.3
Fort Greene,Chinatown,08-01-2016,06:23,6,Morning,Friday,0,Winter,1,1.29,Low,5.1,15.2,1.0
Park Slope,Harlem,11-03-2016,20:27,20,Evening,Friday,0,Spring,1,8.53,Medium,19.0,26.9,1.3
Clinton Hill,Hell's Kitchen,15-03-2016,14:55,14,Afternoon,Tuesday,0,Spring,1,3.31,Low,13.9,14.3,1.0
Bedford-Stuyvesant,Hell's Kitchen,03-05-2016,20:00,20,Evening,Tuesday,0,Spring,2,0.74,Medium,2.2,20.2,1.3
Great Kills,Tottenville,10-02-2016,18:24,18,Evening,Wednesday,0,Winter,2,26.54,High,48.6,32.8,1.8
Oakwood,Rockaway Beach,30-05-2016,12:13,12,Afternoon,Monday,0,Spring,2,10.72,Low,18.1,35.5,1.0
Sheepshead Bay,Concord,10-02-2016,00:02,0,Night,Wednesday,0,Winter,1,3.32,Low,6.0,33.2,1.0
Upper West Side,Harlem,11-03-2016,18:40,18,Evening,Friday,0,Spring,1,2.91,High,11.2,15.6,1.8
Upper West Side,Upper West Side,24-02-2016,08:27,8,Morning,Wednesday,0,Winter,1,2.68,High,19.1,8.4,1.8
Midwood,Bull's Head,06-06-2016,20:13,20,Evening,Monday,0,Summer,1,3.27,Medium,8.5,23.1,1.3
Midwood,Concord,14-02-2016,15:45,15,Afternoon,Sunday,1,Winter,2,2.31,Low,11.8,11.7,1.0
Hell's Kitchen,Crown Heights,02-05-2016,23:51,23,Evening,Monday,0,Spring,1,0.31,Low,3.5,5.3,1.0
Upper West Side,South Slope,10-03-2016,21:12,21,Evening,Thursday,0,Spring,1,1.56,Low,5.4,17.3,1.0
Bedford-Stuyvesant,Upper West Side,18-05-2016,16:56,16,Afternoon,Wednesday,0,Spring,1,0.87,Medium,9.2,5.7,1.3
East Harlem,Murray Hill,19-05-2016,07:20,7,Morning,Thursday,0,Spring,1,0.01,Medium,0.7,0.9,1.3
Crown Heights,East Harlem,17-03-2016,21:43,21,Evening,Thursday,0,Spring,1,3.1,Low,8.8,21.1,1.0
Upper West Side,East Harlem,22-03-2016,19:12,19,Evening,Tuesday,0,Spring,2,4.94,High,32.6,9.1,1.8
Midtown,East Harlem,20-05-2016,07:58,7,Morning,Friday,0,Spring,1,0.92,Medium,3.0,18.4,1.3
Gravesend,Arrochar,04-01-2016,12:31,12,Afternoon,Monday,0,Winter,2,5.93,Low,16.2,22.0,1.0
Harlem,Kensington,26-01-2016,07:16,7,Morning,Tuesday,0,Winter,1,1.37,Medium,8.7,9.4,1.3
Bedford-Stuyvesant,West Village,03-06-2016,18:28,18,Evening,Friday,0,Summer,6,1.29,High,7.6,10.2,1.8
Hell's Kitchen,East Harlem,03-06-2016,06:37,6,Morning,Friday,0,Summer,1,7.3,Low,16.1,27.2,1.0
Williamsburg,East Harlem,11-03-2016,14:45,14,Afternoon,Friday,0,Spring,1,4.54,Low,22.0,12.4,1.0
Harlem,Bedford-Stuyvesant,07-03-2016,17:09,17,Afternoon,Monday,0,Spring,1,1.55,High,5.8,16.0,1.8
East Harlem,East Harlem,22-01-2016,10:34,10,Morning,Friday,0,Winter,1,3.65,Medium,18.1,12.1,1.3
Williamsburg,Chinatown,04-04-2016,15:51,15,Afternoon,Monday,0,Spring,2,0.87,Low,2.6,20.1,1.0
Hell's Kitchen,South Slope,10-03-2016,09:46,9,Morning,Thursday,0,Spring,2,2.53,High,15.7,9.7,1.8
Stapleton,"Bay Terrace, Staten Island",25-05-2016,06:30,6,Morning,Wednesday,0,Spring,2,13.01,Low,18.6,42.0,1.0
Rockaway Beach,Bayswater,28-03-2016,16:49,16,Afternoon,Monday,0,Spring,1,2.18,Medium,11.0,11.9,1.3
Williamsburg,Harlem,28-04-2016,20:28,20,Evening,Thursday,0,Spring,1,0.72,Medium,5.9,7.3,1.3
Midtown,East Harlem,11-05-2016,16:02,16,Afternoon,Wednesday,0,Spring,1,3.18,Medium,14.0,13.6,1.3
Kensington,Harlem,26-04-2016,15:01,15,Afternoon,Tuesday,0,Spring,1,1.49,Low,5.0,17.9,1.0
Flatbush,Bedford-Stuyvesant,08-02-2016,17:45,17,Afternoon,Monday,0,Winter,1,4.56,High,17.5,15.6,1.8
Upper West Side,Bedford-Stuyvesant,24-01-2016,14:23,14,Afternoon,Sunday,1,Winter,1,1.83,Low,5.2,21.1,1.0
Murray Hill,Hell's Kitchen,04-03-2016,07:25,7,Morning,Friday,0,Spring,2,2.55,Medium,12.3,12.4,1.3
Bedford-Stuyvesant,Fort Greene,07-03-2016,02:57,2,Night,Monday,0,Spring,2,2.7,Low,7.0,23.1,1.0
Harlem,Harlem,15-02-2016,22:52,22,Evening,Monday,0,Winter,2,1.11,Low,5.8,11.5,1.0
Williamsburg,Harlem,25-06-2016,04:31,4,Night,Saturday,1,Summer,1,9.56,Low,17.7,32.4,1.0
Williamsburg,East Harlem,04-06-2016,21:21,21,Evening,Saturday,1,Summer,1,13.54,Low,41.2,19.7,1.0
Murray Hill,Harlem,04-05-2016,18:37,18,Evening,Wednesday,0,Spring,2,6.29,High,25.4,14.9,1.8
Clifton,Sheepshead Bay,12-04-2016,21:07,21,Evening,Tuesday,0,Spring,1,3.83,Low,10.7,21.5,1.0
Hell's Kitchen,South Slope,11-02-2016,18:57,18,Evening,Thursday,0,Winter,1,1.47,High,8.2,10.8,1.8
West Village,Bedford-Stuyvesant,13-03-2016,03:54,3,Night,Sunday,1,Spring,1,6.35,Low,16.8,22.7,1.0
Upper West Side,Kensington,16-02-2016,06:46,6,Morning,Tuesday,0,Winter,1,4.64,Low,11.7,23.8,1.0
East Harlem,West Village,14-05-2016,22:11,22,Evening,Saturday,1,Spring,1,6.64,Low,20.2,19.7,1.0
Upper West Side,West Village,17-05-2016,09:53,9,Morning,Tuesday,0,Spring,1,2.14,High,13.3,9.7,1.8
Tottenville,Prince's Bay,25-05-2016,19:15,19,Evening,Wednesday,0,Spring,1,25.9,High,46.4,33.5,1.8
East Harlem,Inwood,06-02-2016,15:11,15,Afternoon,Saturday,1,Winter,1,1.52,Low,8.6,10.6,1.0
East Harlem,East Harlem,22-01-2016,18:39,18,Evening,Friday,0,Winter,3,1.54,High,7.2,12.8,1.8
Flatlands,Bath Beach,10-06-2016,13:12,13,Afternoon,Friday,0,Summer,5,2.6,Low,33.4,4.7,1.0
Lower East Side,East Harlem,02-03-2016,21:51,21,Evening,Wednesday,0,Spring,1,3.49,Low,19.6,10.7,1.0
West Village,Harlem,11-04-2016,07:38,7,Morning,Monday,0,Spring,1,2.5,Medium,17.6,8.5,1.3
Bedford-Stuyvesant,Park Slope,09-01-2016,00:05,0,Night,Saturday,1,Winter,2,2.07,Low,10.7,11.6,1.0
Bedford-Stuyvesant,East Village,15-06-2016,19:44,19,Evening,Wednesday,0,Summer,6,2.51,High,12.8,11.8,1.8
Hell's Kitchen,East Harlem,16-01-2016,20:53,20,Evening,Saturday,1,Winter,3,1.28,Medium,5.1,15.1,1.3
Upper West Side,Fort Greene,02-01-2016,21:37,21,Evening,Saturday,1,Winter,1,0.95,Low,6.3,9.0,1.0
Bedford-Stuyvesant,East Harlem,25-03-2016,13:43,13,Afternoon,Friday,0,Spring,1,1.58,Low,6.0,15.8,1.0
Harlem,Bedford-Stuyvesant,29-04-2016,12:21,12,Afternoon,Friday,0,Spring,1,1.75,Low,11.4,9.2,1.0
Park Slope,Hell's Kitchen,07-04-2016,21:49,21,Evening,Thursday,0,Spring,1,2.26,Low,6.6,20.5,1.0
Bedford-Stuyvesant,South Slope,19-02-2016,22:42,22,Evening,Friday,0,Winter,1,2.34,Low,12.9,10.9,1.0
Crown Heights,Bedford-Stuyvesant,24-05-2016,08:43,8,Morning,Tuesday,0,Spring,1,2.48,High,11.8,12.6,1.8
Port Richmond,Midwood,28-04-2016,07:56,7,Morning,Thursday,0,Spring,1,1.75,Medium,11.0,9.5,1.3
Harlem,East Harlem,06-05-2016,23:45,23,Evening,Friday,0,Spring,1,4.57,Low,26.8,10.2,1.0
Harlem,Chelsea,16-03-2016,19:52,19,Evening,Wednesday,0,Spring,1,3.31,High,7.4,26.8,1.8
Bedford-Stuyvesant,East Harlem,21-04-2016,09:49,9,Morning,Thursday,0,Spring,1,1.5,High,4.4,20.5,1.8
Harlem,Bedford-Stuyvesant,06-01-2016,14:14,14,Afternoon,Wednesday,0,Winter,1,3.34,Low,11.1,18.1,1.0
East Harlem,Murray Hill,01-03-2016,17:40,17,Afternoon,Tuesday,0,Spring,1,2.48,High,16.4,9.1,1.8
Bensonhurst,Far Rockaway,05-05-2016,15:22,15,Afternoon,Thursday,0,Spring,1,7.61,Low,35.7,12.8,1.0
Harlem,West Village,24-05-2016,18:58,18,Evening,Tuesday,0,Spring,1,3.84,High,17.3,13.3,1.8
Midtown,Harlem,16-01-2016,17:07,17,Afternoon,Saturday,1,Winter,2,2.62,High,11.0,14.3,1.8
Upper West Side,Kensington,01-05-2016,12:33,12,Afternoon,Sunday,1,Spring,1,15.76,Low,36.1,26.2,1.0
Harlem,Harlem,05-03-2016,18:54,18,Evening,Saturday,1,Spring,1,1.28,High,9.7,7.9,1.8
Bedford-Stuyvesant,Bedford-Stuyvesant,23-04-2016,20:14,20,Evening,Saturday,1,Spring,2,2.2,Medium,19.2,6.9,1.3
Bedford-Stuyvesant,Harlem,24-05-2016,23:52,23,Evening,Tuesday,0,Spring,1,1.79,Low,4.9,21.9,1.0
West Village,Upper West Side,23-06-2016,00:11,0,Night,Thursday,0,Summer,2,2.66,Low,11.4,14.0,1.0
East Harlem,Harlem,07-02-2016,14:03,14,Afternoon,Sunday,1,Winter,1,0.57,Low,8.4,4.1,1.0
Inwood,Park Slope,07-04-2016,19:01,19,Evening,Thursday,0,Spring,1,3.85,High,7.7,30.0,1.8
Tottenville,Huguenot,24-04-2016,21:14,21,Evening,Sunday,1,Spring,1,25.21,Low,39.7,38.1,1.0
Harlem,Chinatown,20-03-2016,12:20,12,Afternoon,Sunday,1,Spring,2,3.2,Low,13.4,14.3,1.0
Williamsburg,South Slope,15-05-2016,18:48,18,Evening,Sunday,1,Spring,2,7.37,High,25.6,17.3,1.8
Tottenville,Huguenot,23-04-2016,13:43,13,Afternoon,Saturday,1,Spring,4,26.36,Low,63.8,24.8,1.0
Upper West Side,Harlem,30-04-2016,20:04,20,Evening,Saturday,1,Spring,1,9.91,Medium,20.9,28.4,1.3
Upper West Side,Harlem,25-05-2016,14:33,14,Afternoon,Wednesday,0,Spring,1,2.06,Low,11.8,10.5,1.0
Midtown,Harlem,09-06-2016,09:00,9,Morning,Thursday,0,Summer,1,1.94,High,7.3,15.9,1.8
Murray Hill,Bedford-Stuyvesant,07-01-2016,19:56,19,Evening,Thursday,0,Winter,1,1.61,High,14.3,6.8,1.8
Crown Heights,South Slope,14-05-2016,08:26,8,Morning,Saturday,1,Spring,1,1.77,High,7.0,15.2,1.8
Flatbush,Midwood,09-02-2016,11:57,11,Morning,Tuesday,0,Winter,6,0.8,Low,10.1,4.8,1.0
Bedford-Stuyvesant,Fort Greene,17-02-2016,06:54,6,Morning,Wednesday,0,Winter,1,1.26,Low,3.3,22.9,1.0
Harlem,Harlem,13-06-2016,08:01,8,Morning,Monday,0,Summer,1,3.01,High,10.4,17.4,1.8
Tottenville,Eltingville,19-05-2016,06:11,6,Morning,Thursday,0,Spring,1,24.34,Low,42.9,34.0,1.0
Bedford-Stuyvesant,Clinton Hill,19-02-2016,15:00,15,Afternoon,Friday,0,Winter,1,2.04,Low,10.3,11.9,1.0
Midwood,Gravesend,30-01-2016,14:43,14,Afternoon,Saturday,1,Winter,1,1.63,Low,8.3,11.8,1.0
Midtown,Crown Heights,05-02-2016,17:52,17,Afternoon,Friday,0,Winter,1,3.57,High,11.9,18.0,1.8
Upper West Side,Upper West Side,20-02-2016,14:21,14,Afternoon,Saturday,1,Winter,1,1.43,Low,9.2,9.3,1.0
Murray Hill,East Harlem,30-04-2016,19:23,19,Evening,Saturday,1,Spring,1,0.38,High,2.9,7.9,1.8
Bedford-Stuyvesant,Upper West Side,10-01-2016,19:32,19,Evening,Sunday,1,Winter,1,1.78,High,8.8,12.1,1.8
South Slope,Murray Hill,14-01-2016,19:46,19,Evening,Thursday,0,Winter,1,7.51,High,24.6,18.3,1.8
West Village,South Slope,22-06-2016,07:53,7,Morning,Wednesday,0,Summer,1,5.18,Medium,27.0,11.5,1.3
Upper West Side,Harlem,10-05-2016,20:39,20,Evening,Tuesday,0,Spring,1,4.51,Medium,26.4,10.2,1.3
East Harlem,West Village,14-04-2016,10:25,10,Morning,Thursday,0,Spring,1,2.32,Medium,14.2,9.8,1.3
Bedford-Stuyvesant,East Harlem,27-01-2016,15:13,15,Afternoon,Wednesday,0,Winter,2,1.34,Low,5.9,13.6,1.0
East Harlem,South Slope,24-06-2016,13:13,13,Afternoon,Friday,0,Summer,1,2.88,Low,12.7,13.6,1.0
South Slope,Bedford-Stuyvesant,27-01-2016,20:41,20,Evening,Wednesday,0,Winter,1,7.05,Medium,32.7,12.9,1.3
Dyker Heights,Bensonhurst,06-05-2016,01:08,1,Night,Friday,0,Spring,1,3.43,Low,9.9,20.8,1.0
South Slope,Harlem,21-01-2016,21:14,21,Evening,Thursday,0,Winter,2,1.38,Low,6.2,13.4,1.0
South Slope,Upper West Side,12-03-2016,15:02,15,Afternoon,Saturday,1,Spring,1,5.17,Low,22.7,13.7,1.0
South Slope,East Harlem,01-01-2016,18:04,18,Evening,Friday,0,Winter,5,0.81,High,5.2,9.3,1.8
Flatbush,Upper West Side,20-03-2016,03:24,3,Night,Sunday,1,Spring,1,7.74,Low,18.6,25.0,1.0
Tottenville,Arden Heights,17-06-2016,22:46,22,Evening,Friday,0,Summer,1,5.0,Low,12.9,23.3,1.0
Inwood,Upper West Side,30-01-2016,13:15,13,Afternoon,Saturday,1,Winter,2,5.23,Low,15.0,20.9,1.0
Upper West Side,Harlem,23-05-2016,20:15,20,Evening,Monday,0,Spring,3,1.85,Medium,8.0,13.9,1.3
Harlem,West Village,25-05-2016,15:05,15,Afternoon,Wednesday,0,Spring,1,1.49,Low,4.9,18.2,1.0
Tottenville,Huguenot,25-01-2016,11:07,11,Morning,Monday,0,Winter,1,20.37,Low,57.8,21.1,1.0
Fort Hamilton,Great Kills,07-01-2016,07:25,7,Morning,Thursday,0,Winter,2,13.23,Medium,37.5,21.2,1.3
Upper West Side,East Village,02-01-2016,11:20,11,Morning,Saturday,1,Winter,6,1.85,Low,4.6,24.1,1.0
Harlem,Clinton Hill,06-06-2016,09:40,9,Morning,Monday,0,Summer,1,3.07,High,15.9,11.6,1.8
Concord,Flatbush,26-03-2016,18:04,18,Evening,Saturday,1,Spring,1,5.79,High,20.5,16.9,1.8
East Harlem,Murray Hill,22-06-2016,14:21,14,Afternoon,Wednesday,0,Summer,1,1.76,Low,4.8,22.0,1.0
Sheepshead Bay,Rosebank,22-02-2016,05:36,5,Night,Monday,0,Winter,1,0.68,Low,1.9,21.5,1.0
Midtown,Midtown,06-03-2016,16:40,16,Afternoon,Sunday,1,Spring,1,2.11,Medium,5.2,24.3,1.3
Bedford-Stuyvesant,Hell's Kitchen,05-04-2016,20:52,20,Evening,Tuesday,0,Spring,1,6.08,Medium,16.1,22.7,1.3
Bedford-Stuyvesant,Fort Greene,23-03-2016,19:59,19,Evening,Wednesday,0,Spring,1,9.24,High,48.4,11.5,1.8
Harlem,Harlem,19-01-2016,09:33,9,Morning,Tuesday,0,Winter,2,1.19,High,4.3,16.6,1.8
Williamsburg,Upper West Side,05-02-2016,20:58,20,Evening,Friday,0,Winter,1,6.97,Medium,19.1,21.9,1.3
Upper West Side,Murray Hill,17-05-2016,18:07,18,Evening,Tuesday,0,Spring,1,3.07,High,26.5,7.0,1.8
Bedford-Stuyvesant,East Harlem,21-06-2016,22:32,22,Evening,Tuesday,0,Summer,1,3.16,Low,14.6,13.0,1.0
Upper West Side,Midtown,13-06-2016,22:11,22,Evening,Monday,0,Summer,2,1.43,Low,7.8,11.0,1.0
East Harlem,Harlem,06-06-2016,14:46,14,Afternoon,Monday,0,Summer,1,3.62,Low,20.1,10.8,1.0
Murray Hill,Midtown,14-06-2016,01:29,1,Night,Tuesday,0,Summer,3,1.5,Low,5.2,17.3,1.0
Woodrow,Prince's Bay,08-02-2016,16:49,16,Afternoon,Monday,0,Winter,2,24.86,Medium,55.6,26.8,1.3
Clifton,Gravesend,17-05-2016,17:54,17,Afternoon,Tuesday,0,Spring,1,1.06,High,10.3,6.2,1.8
Clinton Hill,Park Slope,27-06-2016,23:12,23,Evening,Monday,0,Summer,1,1.41,Low,13.4,6.3,1.0
Sheepshead Bay,Far Rockaway,05-04-2016,08:51,8,Morning,Tuesday,0,Spring,2,1.59,High,5.6,17.0,1.8
Bedford-Stuyvesant,Upper West Side,02-06-2016,00:28,0,Night,Thursday,0,Summer,3,2.84,Low,7.0,24.3,1.0
West Village,Williamsburg,18-01-2016,19:11,19,Evening,Monday,0,Winter,2,3.31,High,8.0,24.8,1.8
Williamsburg,South Slope,14-05-2016,14:49,14,Afternoon,Saturday,1,Spring,1,4.41,Low,20.3,13.0,1.0
Harlem,East Harlem,11-05-2016,01:20,1,Night,Wednesday,0,Spring,1,0.93,Low,4.8,11.6,1.0
West Village,Williamsburg,20-03-2016,03:37,3,Night,Sunday,1,Spring,1,7.48,Low,21.6,20.8,1.0
Chinatown,Harlem,13-04-2016,23:48,23,Evening,Wednesday,0,Spring,2,0.8,Low,6.4,7.5,1.0
South Slope,Upper West Side,13-02-2016,20:51,20,Evening,Saturday,1,Winter,1,0.68,Medium,2.2,18.5,1.3
Williamsburg,South Slope,20-02-2016,17:20,17,Afternoon,Saturday,1,Winter,1,2.11,High,12.8,9.9,1.8
Harlem,East Village,04-06-2016,00:20,0,Night,Saturday,1,Summer,2,3.69,Low,21.9,10.1,1.0
Harlem,Kensington,20-05-2016,12:12,12,Afternoon,Friday,0,Spring,5,0.81,Low,7.7,6.3,1.0
Gravesend,Arverne,25-06-2016,16:17,16,Afternoon,Saturday,1,Summer,1,0.97,Medium,2.3,25.3,1.3
Upper West Side,Inwood,07-02-2016,03:52,3,Night,Sunday,1,Winter,1,1.71,Low,5.6,18.3,1.0
Fort Greene,Inwood,01-02-2016,22:16,22,Evening,Monday,0,Winter,2,1.8,Low,5.2,20.8,1.0
Inwood,East Harlem,10-03-2016,03:49,3,Night,Thursday,0,Spring,6,5.59,Low,16.1,20.8,1.0
East Harlem,Midtown,19-04-2016,11:50,11,Morning,Tuesday,0,Spring,5,3.17,Low,20.6,9.2,1.0
South Slope,Fort Greene,24-03-2016,21:44,21,Evening,Thursday,0,Spring,1,2.69,Low,19.3,8.4,1.0
Bedford-Stuyvesant,Upper West Side,27-01-2016,01:13,1,Night,Wednesday,0,Winter,1,2.23,Low,11.9,11.2,1.0
Harlem,Upper West Side,10-04-2016,11:47,11,Morning,Sunday,1,Spring,1,1.6,Low,6.1,15.7,1.0
Harlem,Harlem,22-03-2016,20:48,20,Evening,Tuesday,0,Spring,1,2.84,Medium,6.4,26.6,1.3
Upper West Side,Lower East Side,19-05-2016,22:14,22,Evening,Thursday,0,Spring,5,2.99,Low,12.9,13.9,1.0
East Harlem,Harlem,12-05-2016,12:15,12,Afternoon,Thursday,0,Spring,1,1.23,Low,12.7,5.8,1.0
Harlem,Kensington,08-03-2016,22:42,22,Evening,Tuesday,0,Spring,1,11.22,Low,21.1,31.9,1.0
Harlem,Clinton Hill,23-05-2016,19:46,19,Evening,Monday,0,Spring,2,1.62,High,8.6,11.3,1.8
Fort Greene,Upper West Side,18-03-2016,18:11,18,Evening,Friday,0,Spring,3,1.24,High,6.4,11.6,1.8
Woodrow,Tottenville,14-05-2016,11:36,11,Morning,Saturday,1,Spring,2,11.17,Low,15.0,44.7,1.0
Fort Greene,Upper West Side,12-01-2016,23:40,23,Evening,Tuesday,0,Winter,1,2.02,Low,4.2,28.9,1.0
Hell's Kitchen,Hell's Kitchen,30-03-2016,11:10,11,Morning,Wednesday,0,Spring,2,0.71,Low,3.0,14.2,1.0
Inwood,East Harlem,08-05-2016,02:43,2,Night,Sunday,1,Spring,1,2.37,Low,9.6,14.8,1.0
Hell's Kitchen,Harlem,03-04-2016,10:57,10,Morning,Sunday,1,Spring,2,1.15,Medium,3.8,18.2,1.3
Harlem,Fort Greene,10-04-2016,03:48,3,Night,Sunday,1,Spring,1,2.08,Low,6.4,19.5,1.0
Great Kills,Tottenville,22-03-2016,14:10,14,Afternoon,Tuesday,0,Spring,1,20.82,Low,50.6,24.7,1.0
East Harlem,East Harlem,10-02-2016,13:46,13,Afternoon,Wednesday,0,Winter,1,0.95,Low,11.8,4.8,1.0
Tottenville,Rossville,23-04-2016,21:45,21,Evening,Saturday,1,Spring,5,25.18,Low,39.5,38.2,1.0
East Harlem,Lower East Side,11-02-2016,13:55,13,Afternoon,Thursday,0,Winter,3,1.64,Low,9.4,10.5,1.0
Murray Hill,Inwood,24-03-2016,16:05,16,Afternoon,Thursday,0,Spring,1,2.93,Medium,12.6,14.0,1.3
Kensington,East Harlem,13-01-2016,08:57,8,Morning,Wednesday,0,Winter,1,0.59,High,2.4,14.7,1.8
Harlem,Hell's Kitchen,16-05-2016,13:02,13,Afternoon,Monday,0,Spring,1,2.23,Low,7.9,16.9,1.0
Tompkinsville,Bull's Head,23-02-2016,14:03,14,Afternoon,Tuesday,0,Winter,5,1.86,Low,10.6,10.5,1.0
Harlem,South Slope,08-04-2016,22:38,22,Evening,Friday,0,Spring,1,1.66,Low,9.5,10.5,1.0
Clinton Hill,Upper West Side,16-01-2016,13:52,13,Afternoon,Saturday,1,Winter,1,2.0,Low,4.2,28.6,1.0
East Harlem,Fort Greene,30-04-2016,09:21,9,Morning,Saturday,1,Spring,2,3.21,High,6.0,32.1,1.8
Midtown,East Harlem,22-05-2016,12:46,12,Afternoon,Sunday,1,Spring,1,2.26,Low,9.6,14.1,1.0
Harlem,Upper West Side,12-02-2016,22:30,22,Evening,Friday,0,Winter,1,0.57,Low,6.7,5.1,1.0
Clinton Hill,East Harlem,22-04-2016,19:34,19,Evening,Friday,0,Spring,3,2.32,High,11.8,11.8,1.8
Upper West Side,Clinton Hill,19-02-2016,22:19,22,Evening,Friday,0,Winter,3,5.87,Low,17.8,19.8,1.0
Upper West Side,Fort Greene,07-01-2016,15:35,15,Afternoon,Thursday,0,Winter,1,1.53,Low,7.4,12.4,1.0
Chelsea,West Village,03-06-2016,14:58,14,Afternoon,Friday,0,Summer,2,1.73,Low,8.3,12.5,1.0
Arverne,Edgemere,20-05-2016,19:31,19,Evening,Friday,0,Spring,1,2.07,High,9.1,13.6,1.8
Williamsburg,Murray Hill,23-03-2016,09:06,9,Morning,Wednesday,0,Spring,1,1.16,High,3.7,18.8,1.8
Park Slope,Clinton Hill,17-01-2016,00:47,0,Night,Sunday,1,Winter,1,2.28,Low,7.5,18.2,1.0
Upper West Side,Bedford-Stuyvesant,22-03-2016,21:09,21,Evening,Tuesday,0,Spring,1,2.42,Low,7.2,20.2,1.0
Clinton Hill,Bedford-Stuyvesant,11-05-2016,00:18,0,Night,Wednesday,0,Spring,6,6.05,Low,19.6,18.5,1.0
Midtown,Bedford-Stuyvesant,03-04-2016,00:11,0,Night,Sunday,1,Spring,1,4.09,Low,18.3,13.4,1.0
Tottenville,Woodrow,11-01-2016,22:00,22,Evening,Monday,0,Winter,1,15.15,Low,25.6,35.5,1.0
"Bay Terrace, Staten Island",Arverne,08-05-2016,08:52,8,Morning,Sunday,1,Spring,2,9.58,High,17.9,32.1,1.8
South Slope,Harlem,09-04-2016,22:33,22,Evening,Saturday,1,Spring,1,2.44,Low,23.0,6.4,1.0
Flatlands,Fort Hamilton,13-02-2016,15:17,15,Afternoon,Saturday,1,Winter,1,1.9,Low,9.6,11.9,1.0
Great Kills,Canarsie,14-03-2016,10:52,10,Morning,Monday,0,Spring,1,14.45,Medium,32.6,26.6,1.3
Harlem,West Village,09-01-2016,18:11,18,Evening,Saturday,1,Winter,6,3.7,High,18.6,11.9,1.8
Crown Heights,West Village,01-05-2016,14:10,14,Afternoon,Sunday,1,Spring,1,4.46,Low,11.4,23.5,1.0
Upper West Side,Park Slope,30-03-2016,17:28,17,Afternoon,Wednesday,0,Spring,1,1.98,High,7.4,16.1,1.8
East Harlem,Bedford-Stuyvesant,13-01-2016,21:34,21,Evening,Wednesday,0,Winter,1,1.32,Low,6.9,11.5,1.0
Sheepshead Bay,Fort Hamilton,29-06-2016,18:34,18,Evening,Wednesday,0,Summer,1,1.41,High,9.8,8.6,1.8
Tottenville,Great Kills,26-03-2016,05:54,5,Night,Saturday,1,Spring,2,23.93,Low,39.4,36.4,1.0
Bedford-Stuyvesant,East Harlem,11-02-2016,13:47,13,Afternoon,Thursday,0,Winter,1,2.74,Low,11.3,14.5,1.0
East Harlem,Harlem,16-04-2016,14:51,14,Afternoon,Saturday,1,Spring,1,1.82,Low,8.2,13.3,1.0
Williamsburg,Chelsea,23-06-2016,10:05,10,Morning,Thursday,0,Summer,1,1.84,Medium,11.0,10.0,1.3
Murray Hill,South Slope,13-01-2016,22:41,22,Evening,Wednesday,0,Winter,6,5.31,Low,20.3,15.7,1.0
West Village,East Harlem,24-03-2016,16:23,16,Afternoon,Thursday,0,Spring,1,0.23,Medium,1.0,13.8,1.3
Far Rockaway,Midwood,04-06-2016,18:32,18,Evening,Saturday,1,Summer,1,0.63,High,8.5,4.4,1.8
Harlem,East Village,19-04-2016,23:43,23,Evening,Tuesday,0,Spring,1,3.69,Low,9.3,23.8,1.0
Greenpoint,Harlem,15-04-2016,18:31,18,Evening,Friday,0,Spring,2,1.32,High,20.2,3.9,1.8
South Slope,Upper West Side,20-01-2016,09:28,9,Morning,Wednesday,0,Winter,4,0.53,High,4.2,7.6,1.8
Murray Hill,Upper West Side,24-05-2016,12:21,12,Afternoon,Tuesday,0,Spring,2,3.34,Low,17.3,11.6,1.0
Upper West Side,Park Slope,21-01-2016,23:28,23,Evening,Thursday,0,Winter,6,3.68,Low,9.5,23.2,1.0
East Harlem,Harlem,11-05-2016,16:55,16,Afternoon,Wednesday,0,Spring,2,1.68,Medium,6.2,16.3,1.3
Kensington,Midtown,10-04-2016,17:39,17,Afternoon,Sunday,1,Spring,6,0.05,High,68.4,0.0,1.8
Midtown,Bedford-Stuyvesant,12-01-2016,11:59,11,Morning,Tuesday,0,Winter,1,1.3,Low,11.4,6.8,1.0
East Harlem,South Slope,10-03-2016,20:41,20,Evening,Thursday,0,Spring,2,1.13,Medium,8.9,7.6,1.3
East Village,Park Slope,26-03-2016,19:47,19,Evening,Saturday,1,Spring,3,1.49,High,3.2,27.9,1.8
East Harlem,Kensington,21-04-2016,07:22,7,Morning,Thursday,0,Spring,1,1.17,Medium,3.8,18.5,1.3
Tottenville,Tottenville,05-06-2016,04:58,4,Night,Sunday,1,Summer,1,28.47,Low,25.2,67.8,1.0
Upper West Side,Crown Heights,22-05-2016,02:14,2,Night,Sunday,1,Spring,2,8.55,Low,19.2,26.7,1.0
Upper West Side,Upper West Side,16-04-2016,05:53,5,Night,Saturday,1,Spring,1,7.55,Low,10.0,45.3,1.0
Upper West Side,Long Island City,13-05-2016,06:32,6,Morning,Friday,0,Spring,1,2.52,Low,9.1,16.6,1.0
Tottenville,Great Kills,25-03-2016,15:40,15,Afternoon,Friday,0,Spring,1,22.83,Low,52.5,26.1,1.0
Bedford-Stuyvesant,Park Slope,28-03-2016,17:29,17,Afternoon,Monday,0,Spring,1,0.84,High,4.8,10.5,1.8
Upper West Side,Harlem,06-01-2016,07:29,7,Morning,Wednesday,0,Winter,1,4.96,Medium,20.3,14.7,1.3
Park Slope,South Slope,23-02-2016,20:40,20,Evening,Tuesday,0,Winter,1,1.95,Medium,8.7,13.4,1.3
East Harlem,Harlem,29-06-2016,14:59,14,Afternoon,Wednesday,0,Summer,4,3.4,Low,13.1,15.6,1.0
Fort Greene,West Village,24-05-2016,07:43,7,Morning,Tuesday,0,Spring,1,4.32,Medium,29.1,8.9,1.3
Harlem,East Harlem,31-05-2016,18:51,18,Evening,Tuesday,0,Spring,1,8.35,High,19.6,25.6,1.8
Fort Hamilton,Sheepshead Bay,07-02-2016,17:56,17,Afternoon,Sunday,1,Winter,1,2.31,High,14.7,9.4,1.8
Prince's Bay,Prince's Bay,21-03-2016,16:36,16,Afternoon,Monday,0,Spring,1,23.34,Medium,65.8,21.3,1.3
East Harlem,West Village,05-05-2016,18:42,18,Evening,Thursday,0,Spring,1,0.71,High,2.9,14.7,1.8
Crown Heights,Kensington,19-03-2016,02:00,2,Night,Saturday,1,Spring,5,10.41,Low,19.7,31.7,1.0
Chinatown,East Village,03-02-2016,19:39,19,Evening,Wednesday,0,Winter,1,2.2,High,11.5,11.5,1.8
Midwood,Flatbush,24-03-2016,15:09,15,Afternoon,Thursday,0,Spring,1,2.85,Low,13.4,12.8,1.0
East Harlem,East Harlem,04-04-2016,13:45,13,Afternoon,Monday,0,Spring,1,1.52,Low,10.7,8.5,1.0
Clinton Hill,Harlem,29-02-2016,11:49,11,Morning,Monday,0,Winter,1,1.84,Low,13.8,8.0,1.0
East Harlem,Upper West Side,14-03-2016,15:32,15,Afternoon,Monday,0,Spring,2,2.38,Low,13.2,10.8,1.0
Bedford-Stuyvesant,Bedford-Stuyvesant,17-04-2016,23:44,23,Evening,Sunday,1,Spring,1,2.81,Low,8.5,19.8,1.0
Bedford-Stuyvesant,East Harlem,09-05-2016,00:22,0,Night,Monday,0,Spring,2,1.33,Low,4.2,19.0,1.0
East Harlem,Bedford-Stuyvesant,21-01-2016,10:23,10,Morning,Thursday,0,Winter,5,0.91,Medium,7.5,7.3,1.3
Harlem,South Slope,25-02-2016,22:35,22,Evening,Thursday,0,Winter,6,2.61,Low,17.6,8.9,1.0
Bedford-Stuyvesant,Hell's Kitchen,07-05-2016,11:46,11,Morning,Saturday,1,Spring,5,0.65,Low,3.5,11.1,1.0
Upper West Side,Bedford-Stuyvesant,21-02-2016,04:36,4,Night,Sunday,1,Winter,1,0.6,Low,2.9,12.4,1.0
Harlem,Williamsburg,22-04-2016,11:45,11,Morning,Friday,0,Spring,1,2.06,Low,15.5,8.0,1.0
Bergen Beach,Midwood,13-01-2016,06:34,6,Morning,Wednesday,0,Winter,1,0.81,Low,2.5,19.4,1.0
East Harlem,Harlem,23-02-2016,11:11,11,Morning,Tuesday,0,Winter,1,1.6,Low,11.1,8.6,1.0
East Harlem,Harlem,23-04-2016,13:28,13,Afternoon,Saturday,1,Spring,3,1.55,Low,6.0,15.5,1.0
Clinton Hill,Crown Heights,13-04-2016,13:52,13,Afternoon,Wednesday,0,Spring,1,4.88,Low,21.3,13.7,1.0
Kensington,West Village,16-04-2016,00:26,0,Night,Saturday,1,Spring,3,8.67,Low,44.0,11.8,1.0
Williamsburg,Upper West Side,06-04-2016,10:38,10,Morning,Wednesday,0,Spring,1,2.12,Medium,11.4,11.2,1.3
Midtown,East Harlem,01-05-2016,11:14,11,Morning,Sunday,1,Spring,2,2.42,Low,8.4,17.3,1.0
Clinton Hill,Harlem,10-03-2016,21:13,21,Evening,Thursday,0,Spring,1,4.76,Low,23.6,12.1,1.0
Harlem,Harlem,16-01-2016,14:15,14,Afternoon,Saturday,1,Winter,2,0.02,Low,48.3,0.0,1.0
Greenpoint,Upper West Side,17-02-2016,09:39,9,Morning,Wednesday,0,Winter,1,2.61,High,23.4,6.7,1.8
Harlem,Chinatown,23-06-2016,12:26,12,Afternoon,Thursday,0,Summer,1,0.94,Low,4.9,11.5,1.0
Harlem,Chelsea,17-03-2016,22:25,22,Evening,Thursday,0,Spring,1,2.06,Low,28.7,4.3,1.0
Fort Greene,Kensington,25-01-2016,19:04,19,Evening,Monday,0,Winter,1,0.9,High,8.8,6.1,1.8
East Harlem,Bedford-Stuyvesant,25-05-2016,10:37,10,Morning,Wednesday,0,Spring,1,1.29,Medium,8.4,9.2,1.3
St. George,Sheepshead Bay,05-05-2016,10:44,10,Morning,Thursday,0,Spring,1,3.83,Medium,11.5,20.0,1.3
Williamsburg,East Harlem,24-06-2016,22:10,22,Evening,Friday,0,Summer,1,3.49,Low,12.8,16.4,1.0
Harlem,Harlem,07-03-2016,21:06,21,Evening,Monday,0,Spring,2,3.88,Low,18.4,12.7,1.0
Harlem,East Harlem,27-05-2016,11:30,11,Morning,Friday,0,Spring,1,3.16,Low,11.0,17.2,1.0
Williamsburg,Upper West Side,05-04-2016,05:06,5,Night,Tuesday,0,Spring,1,7.67,Low,12.7,36.2,1.0
Upper West Side,East Village,30-06-2016,01:51,1,Night,Thursday,0,Summer,1,5.27,Low,11.6,27.3,1.0
East Harlem,East Harlem,13-02-2016,05:22,5,Night,Saturday,1,Winter,6,2.98,Low,8.3,21.5,1.0
Clinton Hill,Upper West Side,26-06-2016,19:27,19,Evening,Sunday,1,Summer,1,3.25,High,9.8,19.9,1.8
Park Slope,South Slope,28-04-2016,21:02,21,Evening,Thursday,0,Spring,1,5.05,Low,22.0,13.8,1.0
Bedford-Stuyvesant,Harlem,17-06-2016,05:56,5,Night,Friday,0,Summer,1,10.06,Low,16.3,37.0,1.0
Bedford-Stuyvesant,Murray Hill,09-01-2016,15:00,15,Afternoon,Saturday,1,Winter,5,2.11,Low,7.5,16.9,1.0
Chelsea,Crown Heights,03-02-2016,05:44,5,Night,Wednesday,0,Winter,1,7.2,Low,13.6,31.8,1.0
Harlem,Fort Greene,26-04-2016,15:22,15,Afternoon,Tuesday,0,Spring,1,2.49,Low,11.4,13.1,1.0
Harlem,East Harlem,02-06-2016,21:16,21,Evening,Thursday,0,Summer,1,2.65,Low,18.0,8.8,1.0
West Village,Park Slope,25-06-2016,23:57,23,Evening,Saturday,1,Summer,2,2.34,Low,10.4,13.5,1.0
Park Slope,South Slope,15-01-2016,18:10,18,Evening,Friday,0,Winter,1,4.63,High,30.2,9.2,1.8
Kensington,Upper West Side,07-02-2016,18:09,18,Evening,Sunday,1,Winter,2,3.84,High,12.9,17.9,1.8
Harlem,Bedford-Stuyvesant,10-04-2016,19:02,19,Evening,Sunday,1,Spring,1,1.42,High,9.4,9.1,1.8
West Village,South Slope,17-05-2016,12:40,12,Afternoon,Tuesday,0,Spring,1,1.55,Low,16.3,5.7,1.0
Greenpoint,East Harlem,02-04-2016,10:23,10,Morning,Saturday,1,Spring,1,4.6,Medium,16.3,16.9,1.3
Bedford-Stuyvesant,West Village,19-05-2016,07:57,7,Morning,Thursday,0,Spring,1,1.04,Medium,4.7,13.3,1.3
Bedford-Stuyvesant,Upper West Side,12-01-2016,17:06,17,Afternoon,Tuesday,0,Winter,2,2.83,High,7.9,21.5,1.8
Bedford-Stuyvesant,Harlem,19-06-2016,02:56,2,Night,Sunday,1,Summer,5,7.23,Low,21.2,20.5,1.0
Tottenville,Eltingville,22-05-2016,23:22,23,Evening,Sunday,1,Spring,1,21.52,Low,28.5,45.3,1.0
Murray Hill,Upper West Side,08-03-2016,17:48,17,Afternoon,Tuesday,0,Spring,1,2.17,High,10.3,12.6,1.8
Eltingville,Tottenville,05-06-2016,13:48,13,Afternoon,Sunday,1,Summer,1,24.03,Low,34.1,42.3,1.0
Harlem,Harlem,23-02-2016,09:36,9,Morning,Tuesday,0,Winter,1,2.54,High,18.3,8.3,1.8
Upper West Side,Harlem,03-06-2016,07:28,7,Morning,Friday,0,Summer,1,3.6,Medium,15.1,14.3,1.3
Upper West Side,South Slope,30-06-2016,09:58,9,Morning,Thursday,0,Summer,2,0.54,High,4.3,7.5,1.8
Kensington,Bedford-Stuyvesant,07-04-2016,21:12,21,Evening,Thursday,0,Spring,1,8.5,Low,33.2,15.4,1.0
East Harlem,Upper West Side,27-06-2016,12:50,12,Afternoon,Monday,0,Summer,3,2.47,Low,11.2,13.2,1.0
Fort Greene,Fort Greene,16-04-2016,16:12,16,Afternoon,Saturday,1,Spring,5,2.62,Medium,7.9,19.9,1.3
West Village,Bedford-Stuyvesant,18-02-2016,10:13,10,Morning,Thursday,0,Winter,2,1.63,Medium,4.3,22.7,1.3
Upper West Side,Clinton Hill,29-01-2016,16:17,16,Afternoon,Friday,0,Winter,1,1.03,Medium,10.0,6.2,1.3
East Harlem,West Village,25-01-2016,08:36,8,Morning,Monday,0,Winter,1,0.73,High,4.4,10.0,1.8
Clinton Hill,Harlem,10-06-2016,17:01,17,Afternoon,Friday,0,Summer,2,4.98,High,25.1,11.9,1.8
Arrochar,Sheepshead Bay,17-03-2016,17:24,17,Afternoon,Thursday,0,Spring,1,1.0,High,6.5,9.2,1.8
Upper West Side,Williamsburg,02-04-2016,22:45,22,Evening,Saturday,1,Spring,2,4.03,Low,10.7,22.6,1.0
Harlem,Kensington,30-06-2016,08:40,8,Morning,Thursday,0,Summer,1,4.78,High,28.4,10.1,1.8
Hell's Kitchen,Upper West Side,09-04-2016,19:33,19,Evening,Saturday,1,Spring,1,2.47,High,14.4,10.3,1.8
Clinton Hill,Midtown,02-02-2016,00:08,0,Night,Tuesday,0,Winter,1,2.51,Low,6.7,22.5,1.0
Fort Greene,Clinton Hill,16-02-2016,11:45,11,Morning,Tuesday,0,Winter,1,1.05,Low,9.7,6.5,1.0
Fort Greene,Bedford-Stuyvesant,15-04-2016,07:56,7,Morning,Friday,0,Spring,1,1.53,Medium,12.6,7.3,1.3
Great Kills,Great Kills,24-01-2016,09:59,9,Morning,Sunday,1,Winter,1,1.64,High,7.2,13.7,1.8
Far Rockaway,Emerson Hill,08-03-2016,20:39,20,Evening,Tuesday,0,Spring,2,5.5,Medium,11.6,28.4,1.3
Bedford-Stuyvesant,Bedford-Stuyvesant,17-03-2016,22:16,22,Evening,Thursday,0,Spring,1,1.49,Low,10.8,8.3,1.0
Harlem,Upper West Side,20-01-2016,21:56,21,Evening,Wednesday,0,Winter,1,2.1,Low,20.9,6.0,1.0
Bedford-Stuyvesant,Bedford-Stuyvesant,14-05-2016,02:41,2,Night,Saturday,1,Spring,1,4.48,Low,23.9,11.2,1.0
South Slope,West Village,25-03-2016,16:45,16,Afternoon,Friday,0,Spring,1,3.17,Medium,15.9,12.0,1.3
Crown Heights,Murray Hill,09-01-2016,21:21,21,Evening,Saturday,1,Winter,6,1.38,Low,8.0,10.4,1.0
Gravesend,Midwood,14-06-2016,06:04,6,Morning,Tuesday,0,Summer,1,3.05,Low,7.1,25.8,1.0
Murray Hill,Harlem,16-05-2016,19:51,19,Evening,Monday,0,Spring,1,2.27,High,10.3,13.2,1.8
Harlem,East Harlem,03-05-2016,09:31,9,Morning,Tuesday,0,Spring,1,8.71,High,24.8,21.1,1.8
Harlem,Clinton Hill,13-05-2016,10:51,10,Morning,Friday,0,Spring,1,1.95,Medium,7.9,14.8,1.3
"Bay Terrace, Staten Island",Bensonhurst,08-04-2016,09:28,9,Morning,Friday,0,Spring,1,12.7,High,33.3,22.9,1.8
Chinatown,Harlem,13-05-2016,10:16,10,Morning,Friday,0,Spring,1,3.3,Medium,15.6,12.7,1.3
Clinton Hill,Bedford-Stuyvesant,16-05-2016,14:09,14,Afternoon,Monday,0,Spring,1,1.24,Low,3.3,22.5,1.0
Great Kills,Far Rockaway,08-02-2016,15:43,15,Afternoon,Monday,0,Winter,1,18.03,Low,47.8,22.6,1.0
Harlem,West Village,05-04-2016,21:57,21,Evening,Tuesday,0,Spring,1,1.23,Low,3.8,19.4,1.0
Upper West Side,Upper West Side,15-03-2016,08:45,8,Morning,Tuesday,0,Spring,1,0.78,High,5.0,9.4,1.8
East Harlem,Kensington,05-04-2016,23:10,23,Evening,Tuesday,0,Spring,1,2.86,Low,14.1,12.2,1.0
East Harlem,Fort Greene,13-05-2016,22:08,22,Evening,Friday,0,Spring,3,2.86,Low,11.4,15.1,1.0
East Harlem,Greenpoint,03-04-2016,15:48,15,Afternoon,Sunday,1,Spring,1,2.34,Low,14.8,9.5,1.0
Harlem,Kensington,22-04-2016,11:55,11,Morning,Friday,0,Spring,1,13.57,Low,55.3,14.7,1.0
East Harlem,Harlem,29-06-2016,14:44,14,Afternoon,Wednesday,0,Summer,1,1.56,Low,27.8,3.4,1.0
Inwood,Harlem,30-05-2016,04:01,4,Night,Monday,0,Spring,5,5.5,Low,14.5,22.8,1.0
Bedford-Stuyvesant,Windsor Terrace,17-04-2016,17:41,17,Afternoon,Sunday,1,Spring,2,0.53,High,4.7,6.8,1.8
Harlem,Bedford-Stuyvesant,13-05-2016,20:09,20,Evening,Friday,0,Spring,6,2.84,Medium,15.5,11.0,1.3
West Village,Upper West Side,19-05-2016,07:57,7,Morning,Thursday,0,Spring,2,2.16,Medium,12.0,10.8,1.3
Bath Beach,Midwood,27-04-2016,21:33,21,Evening,Wednesday,0,Spring,3,0.98,Low,12.8,4.6,1.0
Midwood,Sheepshead Bay,29-05-2016,01:11,1,Night,Sunday,1,Spring,1,2.52,Low,10.4,14.5,1.0
East Harlem,East Harlem,15-04-2016,23:16,23,Evening,Friday,0,Spring,1,1.61,Low,13.1,7.4,1.0
Bedford-Stuyvesant,Clinton Hill,29-01-2016,16:10,16,Afternoon,Friday,0,Winter,1,1.19,Medium,6.4,11.2,1.3
Bedford-Stuyvesant,Upper West Side,11-02-2016,15:58,15,Afternoon,Thursday,0,Winter,1,1.31,Low,12.7,6.2,1.0
Bedford-Stuyvesant,Clinton Hill,01-06-2016,12:40,12,Afternoon,Wednesday,0,Summer,4,2.14,Low,14.0,9.2,1.0
Hell's Kitchen,Park Slope,04-04-2016,11:52,11,Morning,Monday,0,Spring,3,1.23,Low,5.2,14.2,1.0
Bedford-Stuyvesant,Clinton Hill,17-02-2016,10:46,10,Morning,Wednesday,0,Winter,1,3.24,Medium,21.6,9.0,1.3
Inwood,Chelsea,12-06-2016,04:08,4,Night,Sunday,1,Summer,1,3.3,Low,7.2,27.5,1.0
West Village,Upper West Side,08-06-2016,23:32,23,Evening,Wednesday,0,Summer,2,2.55,Low,8.1,18.9,1.0
Upper West Side,Hell's Kitchen,27-01-2016,11:23,11,Morning,Wednesday,0,Winter,1,0.86,Low,16.6,3.1,1.0
Tottenville,Eltingville,30-05-2016,23:02,23,Evening,Monday,0,Spring,2,16.76,Low,28.8,34.9,1.0
Harlem,East Village,10-02-2016,18:41,18,Evening,Wednesday,0,Winter,1,2.36,High,12.2,11.6,1.8
East Harlem,Park Slope,11-05-2016,23:28,23,Evening,Wednesday,0,Spring,2,1.37,Low,5.0,16.4,1.0
Clinton Hill,South Slope,16-04-2016,13:22,13,Afternoon,Saturday,1,Spring,6,2.37,Low,15.3,9.3,1.0
Harlem,Bedford-Stuyvesant,29-02-2016,14:10,14,Afternoon,Monday,0,Winter,6,2.02,Low,6.4,18.9,1.0
Williamsburg,West Village,05-02-2016,14:08,14,Afternoon,Friday,0,Winter,1,2.16,Low,9.2,14.1,1.0
Bedford-Stuyvesant,Bedford-Stuyvesant,08-06-2016,02:30,2,Night,Wednesday,0,Summer,3,1.54,Low,1.8,51.3,1.0
Williamsburg,Upper West Side,23-06-2016,12:16,12,Afternoon,Thursday,0,Summer,2,1.11,Low,11.9,5.6,1.0
Kensington,East Harlem,02-05-2016,22:07,22,Evening,Monday,0,Spring,1,2.94,Low,7.0,25.2,1.0
Harlem,Harlem,02-01-2016,14:36,14,Afternoon,Saturday,1,Winter,2,4.22,Low,15.1,16.8,1.0
East Harlem,Harlem,12-03-2016,15:54,15,Afternoon,Saturday,1,Spring,1,1.71,Low,6.0,17.1,1.0
Bedford-Stuyvesant,Murray Hill,24-06-2016,20:36,20,Evening,Friday,0,Summer,2,0.84,Medium,4.4,11.5,1.3
Bedford-Stuyvesant,Upper West Side,17-01-2016,23:31,23,Evening,Sunday,1,Winter,1,7.97,Low,19.6,24.4,1.0
Inwood,Bedford-Stuyvesant,29-06-2016,05:22,5,Night,Wednesday,0,Summer,1,3.55,Low,8.4,25.4,1.0
East Harlem,Williamsburg,15-05-2016,14:14,14,Afternoon,Sunday,1,Spring,1,2.99,Low,27.5,6.5,1.0
Harlem,Harlem,11-01-2016,12:23,12,Afternoon,Monday,0,Winter,1,0.95,Low,5.7,10.0,1.0
Tottenville,Great Kills,29-02-2016,10:04,10,Morning,Monday,0,Winter,1,25.64,Medium,55.8,27.6,1.3
Park Slope,East Harlem,13-04-2016,21:24,21,Evening,Wednesday,0,Spring,3,2.42,Low,11.3,12.8,1.0
East Harlem,Inwood,15-04-2016,07:58,7,Morning,Friday,0,Spring,1,1.2,Medium,5.0,14.4,1.3
West Village,Harlem,03-03-2016,12:36,12,Afternoon,Thursday,0,Spring,1,3.13,Low,14.9,12.6,1.0
Inwood,Hell's Kitchen,24-01-2016,20:55,20,Evening,Sunday,1,Winter,1,3.19,Medium,10.2,18.8,1.3
Clinton Hill,Upper West Side,11-03-2016,08:25,8,Morning,Friday,0,Spring,1,1.94,High,11.6,10.0,1.8
Upper West Side,East Harlem,19-04-2016,20:56,20,Evening,Tuesday,0,Spring,1,0.71,Medium,1.2,35.5,1.3
Midtown,Upper West Side,16-05-2016,21:21,21,Evening,Monday,0,Spring,2,3.31,Low,15.9,12.5,1.0
Upper West Side,Murray Hill,12-02-2016,09:30,9,Morning,Friday,0,Winter,1,2.07,High,10.3,12.1,1.8
Bedford-Stuyvesant,Bedford-Stuyvesant,13-02-2016,10:32,10,Morning,Saturday,1,Winter,1,4.14,Medium,20.1,12.4,1.3
Harlem,South Slope,24-03-2016,22:33,22,Evening,Thursday,0,Spring,5,9.28,Low,51.1,10.9,1.0
Williamsburg,Upper West Side,23-03-2016,21:35,21,Evening,Wednesday,0,Spring,2,2.08,Low,7.9,15.8,1.0
Harlem,Chelsea,12-05-2016,18:56,18,Evening,Thursday,0,Spring,1,2.1,High,11.5,11.0,1.8
Murray Hill,Harlem,04-04-2016,14:39,14,Afternoon,Monday,0,Spring,1,1.45,Low,7.5,11.6,1.0
East Harlem,East Harlem,13-04-2016,21:36,21,Evening,Wednesday,0,Spring,2,3.95,Low,21.4,11.1,1.0
South Slope,Harlem,19-05-2016,08:16,8,Morning,Thursday,0,Spring,2,4.06,High,10.4,23.4,1.8
Harlem,East Harlem,05-02-2016,15:17,15,Afternoon,Friday,0,Winter,1,2.28,Low,5.4,25.3,1.0
Upper West Side,Chelsea,18-03-2016,16:01,16,Afternoon,Friday,0,Spring,1,0.4,Medium,0.8,30.0,1.3
Inwood,Clinton Hill,07-04-2016,06:28,6,Morning,Thursday,0,Spring,1,1.25,Low,5.5,13.6,1.0
Chinatown,West Village,18-03-2016,19:47,19,Evening,Friday,0,Spring,5,0.84,High,2.9,17.4,1.8
East Harlem,Upper West Side,11-03-2016,18:20,18,Evening,Friday,0,Spring,2,3.97,High,28.0,8.5,1.8
East Harlem,Harlem,13-04-2016,07:42,7,Morning,Wednesday,0,Spring,1,4.89,Medium,16.4,17.9,1.3
East Harlem,Park Slope,06-02-2016,14:34,14,Afternoon,Saturday,1,Winter,2,5.1,Low,23.6,13.0,1.0
East Village,Harlem,13-04-2016,22:19,22,Evening,Wednesday,0,Spring,2,2.9,Low,16.1,10.8,1.0
East Harlem,Murray Hill,02-06-2016,17:57,17,Afternoon,Thursday,0,Summer,1,1.56,High,21.9,4.3,1.8
Upper West Side,Murray Hill,19-05-2016,14:56,14,Afternoon,Thursday,0,Spring,1,1.54,Low,9.5,9.7,1.0
Greenpoint,Windsor Terrace,27-04-2016,13:26,13,Afternoon,Wednesday,0,Spring,1,5.63,Low,18.3,18.5,1.0
East Harlem,Park Slope,07-04-2016,19:41,19,Evening,Thursday,0,Spring,5,1.94,High,8.8,13.2,1.8
Clinton Hill,Upper West Side,15-05-2016,11:31,11,Morning,Sunday,1,Spring,1,3.94,Low,11.3,20.9,1.0
South Slope,Harlem,20-05-2016,17:14,17,Afternoon,Friday,0,Spring,2,6.57,High,30.3,13.0,1.8
Inwood,Fort Greene,30-04-2016,23:06,23,Evening,Saturday,1,Spring,1,1.55,Low,7.4,12.6,1.0
Hell's Kitchen,Murray Hill,20-03-2016,10:24,10,Morning,Sunday,1,Spring,1,1.14,Medium,3.2,21.4,1.3
Park Slope,Park Slope,14-04-2016,22:38,22,Evening,Thursday,0,Spring,1,3.67,Low,10.3,21.4,1.0
Sheepshead Bay,Sheepshead Bay,06-01-2016,12:48,12,Afternoon,Wednesday,0,Winter,1,2.54,Low,16.4,9.3,1.0
Murray Hill,Bedford-Stuyvesant,02-03-2016,07:48,7,Morning,Wednesday,0,Spring,3,7.77,Medium,22.7,20.5,1.3
Bedford-Stuyvesant,Bedford-Stuyvesant,30-03-2016,00:55,0,Night,Wednesday,0,Spring,1,2.88,Low,8.2,21.1,1.0
Fort Greene,Fort Greene,30-01-2016,14:11,14,Afternoon,Saturday,1,Winter,1,3.48,Low,14.4,14.5,1.0
South Slope,Hell's Kitchen,10-03-2016,13:34,13,Afternoon,Thursday,0,Spring,1,0.15,Low,14.4,0.6,1.0
South Slope,East Harlem,24-06-2016,11:10,11,Morning,Friday,0,Summer,2,3.04,Low,21.6,8.4,1.0
East Harlem,Williamsburg,09-03-2016,11:06,11,Morning,Wednesday,0,Spring,3,2.2,Low,12.7,10.4,1.0
West Village,Greenpoint,19-05-2016,10:24,10,Morning,Thursday,0,Spring,1,1.66,Medium,8.5,11.7,1.3
Upper West Side,Upper West Side,10-06-2016,20:54,20,Evening,Friday,0,Summer,2,1.56,Medium,3.2,29.2,1.3
East Harlem,Upper West Side,04-02-2016,09:18,9,Morning,Thursday,0,Winter,2,2.01,High,16.9,7.1,1.8
Bedford-Stuyvesant,East Harlem,08-06-2016,09:35,9,Morning,Wednesday,0,Summer,3,3.43,High,23.9,8.6,1.8
Harlem,Upper West Side,17-03-2016,10:30,10,Morning,Thursday,0,Spring,1,0.41,Medium,3.0,8.2,1.3
Upper West Side,Harlem,12-01-2016,13:14,13,Afternoon,Tuesday,0,Winter,1,0.73,Low,9.9,4.4,1.0
Upper West Side,East Harlem,04-01-2016,15:09,15,Afternoon,Monday,0,Winter,3,2.78,Low,19.4,8.6,1.0
Bedford-Stuyvesant,Fort Greene,14-03-2016,20:08,20,Evening,Monday,0,Spring,1,2.64,Medium,11.7,13.5,1.3
Bedford-Stuyvesant,Harlem,27-06-2016,10:38,10,Morning,Monday,0,Summer,3,2.22,Medium,10.6,12.6,1.3
Murray Hill,East Harlem,06-02-2016,15:27,15,Afternoon,Saturday,1,Winter,1,0.16,Low,0.8,12.0,1.0
Upper West Side,Bedford-Stuyvesant,06-02-2016,22:12,22,Evening,Saturday,1,Winter,1,2.96,Low,13.8,12.9,1.0
Fort Greene,East Harlem,08-05-2016,10:24,10,Morning,Sunday,1,Spring,1,5.99,Medium,19.2,18.7,1.3
Fort Greene,South Slope,19-05-2016,23:44,23,Evening,Thursday,0,Spring,1,8.96,Low,30.5,17.6,1.0
East Harlem,Chelsea,11-02-2016,10:02,10,Morning,Thursday,0,Winter,1,6.18,Medium,36.1,10.3,1.3
East Harlem,South Slope,18-02-2016,10:16,10,Morning,Thursday,0,Winter,1,2.56,Medium,17.7,8.7,1.3
Clinton Hill,West Village,05-04-2016,12:36,12,Afternoon,Tuesday,0,Spring,2,3.27,Low,22.3,8.8,1.0
Upper West Side,Chelsea,13-05-2016,15:38,15,Afternoon,Friday,0,Spring,1,3.52,Low,21.9,9.6,1.0
Park Slope,Upper West Side,12-03-2016,20:11,20,Evening,Saturday,1,Spring,1,0.71,Medium,1.4,30.4,1.3
Kensington,Upper West Side,25-02-2016,22:37,22,Evening,Thursday,0,Winter,1,4.45,Low,6.1,43.8,1.0
Upper West Side,Williamsburg,09-05-2016,19:52,19,Evening,Monday,0,Spring,1,1.02,High,7.4,8.3,1.8
Bedford-Stuyvesant,Hell's Kitchen,09-02-2016,23:40,23,Evening,Tuesday,0,Winter,1,13.76,Low,16.9,48.9,1.0
Fort Greene,Harlem,10-03-2016,10:43,10,Morning,Thursday,0,Spring,5,1.26,Medium,8.9,8.5,1.3
Bayswater,Flatlands,05-06-2016,09:54,9,Morning,Sunday,1,Summer,1,2.27,High,8.6,15.8,1.8
West Village,West Village,11-05-2016,21:17,21,Evening,Wednesday,0,Spring,1,1.44,Low,4.5,19.2,1.0
Williamsburg,South Slope,04-03-2016,01:52,1,Night,Friday,0,Spring,3,3.45,Low,8.1,25.6,1.0
Midtown,Harlem,04-03-2016,21:34,21,Evening,Friday,0,Spring,5,2.4,Low,9.8,14.7,1.0
Fort Greene,Midtown,24-05-2016,06:43,6,Morning,Tuesday,0,Spring,1,1.27,Low,4.6,16.6,1.0
Harlem,Upper West Side,15-05-2016,19:09,19,Evening,Sunday,1,Spring,4,2.97,High,16.5,10.8,1.8
Upper West Side,East Harlem,11-06-2016,19:09,19,Evening,Saturday,1,Summer,1,1.09,High,12.9,5.1,1.8
West Village,Hell's Kitchen,07-06-2016,21:17,21,Evening,Tuesday,0,Summer,1,0.28,Low,1.7,9.9,1.0
West Village,Harlem,29-05-2016,18:00,18,Evening,Sunday,1,Spring,5,2.33,High,11.2,12.5,1.8
Inwood,Hell's Kitchen,11-02-2016,18:53,18,Evening,Thursday,0,Winter,2,1.7,High,7.6,13.4,1.8
East Harlem,Park Slope,20-05-2016,03:55,3,Night,Friday,0,Spring,1,1.36,Low,4.4,18.5,1.0
Inwood,East Harlem,06-05-2016,21:58,21,Evening,Friday,0,Spring,1,3.03,Low,18.9,9.6,1.0
Rosebank,Emerson Hill,09-01-2016,11:34,11,Morning,Saturday,1,Winter,1,1.91,Low,5.0,22.9,1.0
Kensington,East Village,27-05-2016,00:15,0,Night,Friday,0,Spring,1,4.87,Low,16.6,17.6,1.0
Hell's Kitchen,Bedford-Stuyvesant,13-06-2016,20:31,20,Evening,Monday,0,Summer,2,1.19,Medium,3.9,18.3,1.3
Harlem,Upper West Side,25-06-2016,17:21,17,Afternoon,Saturday,1,Summer,5,0.82,High,4.1,12.0,1.8
East Harlem,Upper West Side,02-03-2016,09:39,9,Morning,Wednesday,0,Spring,5,1.68,High,6.8,14.8,1.8
Bedford-Stuyvesant,Kensington,07-05-2016,16:31,16,Afternoon,Saturday,1,Spring,1,3.15,Medium,13.1,14.4,1.3
Arverne,Concord,18-01-2016,19:55,19,Evening,Monday,0,Winter,2,2.07,High,8.8,14.1,1.8
Harlem,Upper West Side,29-03-2016,15:40,15,Afternoon,Tuesday,0,Spring,2,1.09,Low,11.6,5.6,1.0
West Village,West Village,09-06-2016,05:25,5,Night,Thursday,0,Summer,1,0.68,Low,1.3,31.4,1.0
Williamsburg,Hell's Kitchen,25-03-2016,23:56,23,Evening,Friday,0,Spring,1,4.01,Low,13.9,17.3,1.0
East Harlem,Clinton Hill,14-02-2016,18:55,18,Evening,Sunday,1,Winter,1,1.55,High,5.6,16.6,1.8
Harlem,Hell's Kitchen,05-04-2016,18:09,18,Evening,Tuesday,0,Spring,1,3.73,High,25.9,8.6,1.8
East Harlem,Upper West Side,27-05-2016,12:50,12,Afternoon,Friday,0,Spring,1,2.21,Low,9.4,14.1,1.0
Chinatown,Kensington,08-04-2016,23:48,23,Evening,Friday,0,Spring,1,11.36,Low,39.2,17.4,1.0
Murray Hill,West Village,30-06-2016,20:56,20,Evening,Thursday,0,Summer,1,0.98,Medium,4.7,12.5,1.3
Tottenville,Tottenville,18-04-2016,11:01,11,Morning,Monday,0,Spring,1,27.98,Low,51.5,32.6,1.0
West Village,West Village,11-02-2016,20:53,20,Evening,Thursday,0,Winter,1,1.19,Medium,6.6,10.8,1.3
Hell's Kitchen,Upper West Side,06-02-2016,01:39,1,Night,Saturday,1,Winter,1,0.9,Low,5.2,10.4,1.0
Bedford-Stuyvesant,Kensington,20-05-2016,00:04,0,Night,Friday,0,Spring,1,17.03,Low,96.1,10.6,1.0
Harlem,Fort Greene,30-05-2016,18:50,18,Evening,Monday,0,Spring,6,1.72,High,14.8,7.0,1.8
Park Slope,Upper West Side,07-05-2016,21:58,21,Evening,Saturday,1,Spring,5,0.94,Low,3.3,17.1,1.0
South Slope,Upper West Side,13-05-2016,17:34,17,Afternoon,Friday,0,Spring,1,4.76,High,15.6,18.3,1.8
South Slope,Hell's Kitchen,25-01-2016,14:58,14,Afternoon,Monday,0,Winter,3,4.28,Low,16.4,15.7,1.0
Woodrow,Tottenville,26-05-2016,12:52,12,Afternoon,Thursday,0,Spring,1,23.9,Low,51.4,27.9,1.0
Park Slope,Harlem,25-02-2016,01:52,1,Night,Thursday,0,Winter,3,2.87,Low,11.8,14.6,1.0
Bedford-Stuyvesant,East Harlem,29-01-2016,20:04,20,Evening,Friday,0,Winter,1,2.7,Medium,13.5,12.0,1.3
Clinton Hill,Harlem,02-01-2016,20:45,20,Evening,Saturday,1,Winter,2,2.02,Medium,11.1,10.9,1.3
Bedford-Stuyvesant,Kensington,26-04-2016,05:24,5,Night,Tuesday,0,Spring,1,1.29,Low,4.8,16.1,1.0
Arverne,Bensonhurst,19-03-2016,15:22,15,Afternoon,Saturday,1,Spring,1,2.18,Low,8.0,16.4,1.0
East Harlem,Upper West Side,20-04-2016,14:15,14,Afternoon,Wednesday,0,Spring,1,2.64,Low,15.4,10.3,1.0
Fort Greene,Williamsburg,13-05-2016,08:53,8,Morning,Friday,0,Spring,2,0.56,High,2.3,14.6,1.8
East Harlem,Harlem,16-04-2016,01:03,1,Night,Saturday,1,Spring,1,1.35,Low,8.8,9.2,1.0
East Harlem,Fort Greene,17-05-2016,22:22,22,Evening,Tuesday,0,Spring,1,1.29,Low,2.3,33.7,1.0
Fort Greene,Williamsburg,24-04-2016,03:38,3,Night,Sunday,1,Spring,1,1.16,Low,2.4,29.0,1.0
East Harlem,South Slope,11-05-2016,23:27,23,Evening,Wednesday,0,Spring,2,2.7,Low,12.3,13.2,1.0
Bushwick,Midtown,31-05-2016,14:06,14,Afternoon,Tuesday,0,Spring,1,7.83,Low,30.0,15.7,1.0
Midtown,Inwood,15-02-2016,09:24,9,Morning,Monday,0,Winter,1,6.68,High,20.9,19.2,1.8
Upper West Side,Upper West Side,19-05-2016,21:11,21,Evening,Thursday,0,Spring,4,6.47,Low,36.4,10.7,1.0
Bedford-Stuyvesant,Bedford-Stuyvesant,09-01-2016,01:14,1,Night,Saturday,1,Winter,1,1.24,Low,3.2,23.2,1.0
Bedford-Stuyvesant,East Harlem,23-04-2016,16:32,16,Afternoon,Saturday,1,Spring,1,0.82,Medium,3.4,14.5,1.3
Upper West Side,West Village,11-04-2016,20:33,20,Evening,Monday,0,Spring,1,3.54,Medium,18.0,11.8,1.3
East Harlem,Bedford-Stuyvesant,10-01-2016,06:38,6,Morning,Sunday,1,Winter,1,2.49,Low,6.8,22.0,1.0
Hell's Kitchen,Harlem,08-02-2016,22:36,22,Evening,Monday,0,Winter,2,7.13,Low,19.5,21.9,1.0
Bedford-Stuyvesant,Upper West Side,16-04-2016,06:25,6,Morning,Saturday,1,Spring,1,2.31,Low,7.8,17.8,1.0
Harlem,Harlem,10-06-2016,21:33,21,Evening,Friday,0,Summer,2,2.04,Low,9.1,13.5,1.0
East Harlem,South Slope,16-06-2016,20:47,20,Evening,Thursday,0,Summer,2,0.85,Medium,2.6,19.6,1.3
West Village,East Harlem,08-02-2016,15:53,15,Afternoon,Monday,0,Winter,1,1.3,Low,6.2,12.6,1.0
Upper West Side,Inwood,10-04-2016,14:53,14,Afternoon,Sunday,1,Spring,1,3.48,Low,13.6,15.4,1.0
East Village,Hell's Kitchen,21-03-2016,22:22,22,Evening,Monday,0,Spring,1,10.4,Low,29.0,21.5,1.0
Upper West Side,South Slope,15-03-2016,09:55,9,Morning,Tuesday,0,Spring,1,1.38,High,7.4,11.2,1.8
Hell's Kitchen,Greenpoint,13-02-2016,11:12,11,Morning,Saturday,1,Winter,1,2.12,Low,10.9,11.7,1.0
South Slope,Bedford-Stuyvesant,30-01-2016,14:38,14,Afternoon,Saturday,1,Winter,1,3.52,Low,15.3,13.8,1.0
Midtown,Williamsburg,31-03-2016,18:17,18,Evening,Thursday,0,Spring,1,2.43,High,15.7,9.3,1.8
Harlem,Harlem,01-03-2016,21:03,21,Evening,Tuesday,0,Spring,1,5.24,Low,18.8,16.7,1.0
East Harlem,Park Slope,24-05-2016,14:10,14,Afternoon,Tuesday,0,Spring,1,2.84,Low,23.5,7.3,1.0
Bedford-Stuyvesant,East Harlem,07-03-2016,13:05,13,Afternoon,Monday,0,Spring,2,3.25,Low,15.6,12.5,1.0
Harlem,Williamsburg,14-02-2016,09:38,9,Morning,Sunday,1,Winter,1,1.22,High,4.7,15.6,1.8
Harlem,Crown Heights,30-03-2016,20:04,20,Evening,Wednesday,0,Spring,1,2.15,Medium,13.5,9.6,1.3
Upper West Side,Upper West Side,02-04-2016,20:48,20,Evening,Saturday,1,Spring,1,1.03,Medium,5.5,11.2,1.3
Upper West Side,East Harlem,12-02-2016,08:55,8,Morning,Friday,0,Winter,1,1.36,High,15.9,5.1,1.8
Upper West Side,Park Slope,04-04-2016,21:11,21,Evening,Monday,0,Spring,2,0.96,Low,4.7,12.3,1.0
Crown Heights,Harlem,25-06-2016,04:07,4,Night,Saturday,1,Summer,6,12.32,Low,33.0,22.4,1.0
Bedford-Stuyvesant,Crown Heights,04-03-2016,16:11,16,Afternoon,Friday,0,Spring,1,2.99,Medium,11.8,15.2,1.3
East Harlem,Bedford-Stuyvesant,07-02-2016,23:39,23,Evening,Sunday,1,Winter,4,1.45,Low,4.0,21.8,1.0
Clinton Hill,Harlem,14-06-2016,22:39,22,Evening,Tuesday,0,Summer,1,2.17,Low,5.4,24.1,1.0
Hell's Kitchen,Upper West Side,12-02-2016,22:46,22,Evening,Friday,0,Winter,2,1.83,Low,5.2,21.1,1.0
Upper West Side,Midtown,24-05-2016,11:36,11,Morning,Tuesday,0,Spring,1,1.57,Low,8.9,10.6,1.0
Canarsie,Clifton,25-02-2016,07:21,7,Morning,Thursday,0,Winter,1,1.71,Medium,7.6,13.5,1.3
Upper West Side,Fort Greene,15-01-2016,19:38,19,Evening,Friday,0,Winter,1,1.39,High,8.1,10.3,1.8
Bushwick,Upper West Side,04-05-2016,20:23,20,Evening,Wednesday,0,Spring,6,10.31,Medium,17.3,35.8,1.3
Upper West Side,South Slope,25-02-2016,07:17,7,Morning,Thursday,0,Winter,1,1.6,Medium,6.1,15.7,1.3
Midwood,Borough Park,04-05-2016,07:02,7,Morning,Wednesday,0,Spring,1,1.82,Medium,7.1,15.4,1.3
Hell's Kitchen,Upper West Side,12-04-2016,21:43,21,Evening,Tuesday,0,Spring,2,3.18,Low,11.1,17.2,1.0
Harlem,Upper West Side,17-01-2016,11:00,11,Morning,Sunday,1,Winter,2,4.25,Low,9.7,26.3,1.0
Great Kills,Flatbush,07-03-2016,22:27,22,Evening,Monday,0,Spring,1,14.52,Low,15.6,55.8,1.0
Crown Heights,Hell's Kitchen,04-06-2016,12:43,12,Afternoon,Saturday,1,Summer,1,0.25,Low,1.3,11.5,1.0
Williamsburg,Clinton Hill,11-05-2016,11:54,11,Morning,Wednesday,0,Spring,1,1.01,Low,6.0,10.1,1.0
Upper West Side,East Harlem,25-02-2016,23:34,23,Evening,Thursday,0,Winter,6,1.24,Low,4.6,16.2,1.0
Upper West Side,East Harlem,26-05-2016,20:36,20,Evening,Thursday,0,Spring,5,8.19,Medium,32.9,14.9,1.3
Inwood,Harlem,28-01-2016,18:31,18,Evening,Thursday,0,Winter,2,4.75,High,27.4,10.4,1.8
Bedford-Stuyvesant,East Harlem,31-03-2016,21:22,21,Evening,Thursday,0,Spring,2,3.76,Low,13.8,16.3,1.0
Clinton Hill,Harlem,07-03-2016,21:37,21,Evening,Monday,0,Spring,5,2.14,Low,4.6,27.9,1.0
Williamsburg,Flatbush,02-06-2016,19:53,19,Evening,Thursday,0,Summer,2,1.62,High,8.3,11.7,1.8
Bedford-Stuyvesant,Crown Heights,20-05-2016,08:10,8,Morning,Friday,0,Spring,1,1.76,High,9.3,11.4,1.8
Bedford-Stuyvesant,East Harlem,16-01-2016,00:48,0,Night,Saturday,1,Winter,4,3.04,Low,15.0,12.2,1.0
Bedford-Stuyvesant,Upper West Side,22-05-2016,14:57,14,Afternoon,Sunday,1,Spring,1,3.29,Low,11.0,17.9,1.0
Fort Greene,West Village,06-06-2016,23:35,23,Evening,Monday,0,Summer,2,1.93,Low,6.8,17.0,1.0
East Harlem,Harlem,06-06-2016,17:02,17,Afternoon,Monday,0,Summer,1,4.69,High,10.3,27.3,1.8
Harlem,Chelsea,22-01-2016,14:35,14,Afternoon,Friday,0,Winter,2,1.86,Low,17.0,6.6,1.0
Sheepshead Bay,"Bay Terrace, Staten Island",30-03-2016,15:54,15,Afternoon,Wednesday,0,Spring,2,11.1,Low,34.6,19.2,1.0
South Slope,Williamsburg,10-01-2016,19:08,19,Evening,Sunday,1,Winter,1,1.71,High,5.7,18.0,1.8
Williamsburg,Harlem,15-06-2016,00:23,0,Night,Wednesday,0,Summer,1,9.57,Low,24.9,23.1,1.0
Upper West Side,Upper West Side,06-06-2016,22:29,22,Evening,Monday,0,Summer,1,5.31,Low,15.3,20.8,1.0
South Slope,Williamsburg,19-03-2016,15:01,15,Afternoon,Saturday,1,Spring,4,3.3,Low,12.0,16.5,1.0
Murray Hill,Harlem,12-04-2016,06:05,6,Morning,Tuesday,0,Spring,1,1.02,Low,2.6,23.5,1.0
Chinatown,Harlem,07-05-2016,04:11,4,Night,Saturday,1,Spring,2,4.2,Low,9.2,27.4,1.0
Midtown,Upper West Side,25-01-2016,17:37,17,Afternoon,Monday,0,Winter,2,2.04,High,12.4,9.9,1.8
Fort Greene,Chinatown,09-03-2016,16:56,16,Afternoon,Wednesday,0,Spring,1,2.86,Medium,13.2,13.0,1.3
East Harlem,Murray Hill,12-03-2016,18:58,18,Evening,Saturday,1,Spring,6,3.42,High,24.8,8.3,1.8
Upper West Side,Harlem,04-01-2016,08:45,8,Morning,Monday,0,Winter,2,3.02,High,11.7,15.5,1.8
Kensington,Bedford-Stuyvesant,17-01-2016,17:02,17,Afternoon,Sunday,1,Winter,1,3.31,High,15.4,12.9,1.8
East Harlem,Upper West Side,18-05-2016,17:43,17,Afternoon,Wednesday,0,Spring,1,2.47,High,13.4,11.1,1.8
Windsor Terrace,Williamsburg,21-01-2016,20:25,20,Evening,Thursday,0,Winter,1,2.01,Medium,12.9,9.3,1.3
Flatlands,"Bay Terrace, Staten Island",03-06-2016,13:04,13,Afternoon,Friday,0,Summer,1,11.78,Low,29.6,23.9,1.0
Harlem,Harlem,05-01-2016,18:11,18,Evening,Tuesday,0,Winter,1,5.1,High,10.4,29.4,1.8
Crown Heights,Kensington,02-06-2016,21:04,21,Evening,Thursday,0,Summer,1,1.35,Low,5.4,15.0,1.0
East Harlem,Upper West Side,04-01-2016,13:32,13,Afternoon,Monday,0,Winter,1,4.81,Low,19.3,15.0,1.0
Murray Hill,Chinatown,27-05-2016,20:39,20,Evening,Friday,0,Spring,2,0.86,Medium,8.0,6.4,1.3
Upper West Side,East Harlem,16-06-2016,22:06,22,Evening,Thursday,0,Summer,2,1.36,Low,3.6,22.7,1.0
Prince's Bay,Arden Heights,15-04-2016,21:40,21,Evening,Friday,0,Spring,1,13.09,Low,38.6,20.3,1.0
Harlem,Murray Hill,16-02-2016,15:50,15,Afternoon,Tuesday,0,Winter,2,2.94,Low,18.6,9.5,1.0
East Harlem,Harlem,21-02-2016,09:49,9,Morning,Sunday,1,Winter,1,1.29,High,8.8,8.8,1.8
Upper West Side,Hell's Kitchen,10-06-2016,09:35,9,Morning,Friday,0,Summer,2,1.26,High,3.8,19.9,1.8
East Harlem,Upper East Side,22-05-2016,01:26,1,Night,Sunday,1,Spring,1,1.06,Low,2.2,28.9,1.0
Upper West Side,Hell's Kitchen,02-06-2016,19:00,19,Evening,Thursday,0,Summer,6,2.4,High,11.6,12.4,1.8
West Village,Crown Heights,20-03-2016,08:56,8,Morning,Sunday,1,Spring,1,3.3,High,6.0,33.0,1.8
Harlem,Kensington,04-02-2016,11:00,11,Morning,Thursday,0,Winter,1,1.12,Low,9.1,7.4,1.0
Midtown,Windsor Terrace,27-06-2016,12:24,12,Afternoon,Monday,0,Summer,1,4.32,Low,6.5,39.9,1.0
Sheepshead Bay,Concord,07-01-2016,10:26,10,Morning,Thursday,0,Winter,1,7.08,Medium,15.9,26.7,1.3
Chinatown,Upper West Side,05-06-2016,18:09,18,Evening,Sunday,1,Summer,1,2.25,High,3.8,35.5,1.8
Tottenville,Huguenot,30-01-2016,20:44,20,Evening,Saturday,1,Winter,1,17.77,Medium,27.2,39.2,1.3
Bensonhurst,Breezy Point,06-05-2016,23:59,23,Evening,Friday,0,Spring,1,21.5,Low,51.3,25.1,1.0
Oakwood,Castleton Corners,12-02-2016,15:20,15,Afternoon,Friday,0,Winter,1,15.87,Low,51.2,18.6,1.0
Kensington,Bedford-Stuyvesant,18-06-2016,11:40,11,Morning,Saturday,1,Summer,1,2.17,Low,11.8,11.0,1.0
Upper West Side,East Harlem,20-04-2016,17:59,17,Afternoon,Wednesday,0,Spring,1,1.51,High,5.9,15.4,1.8
Hell's Kitchen,Harlem,14-03-2016,13:51,13,Afternoon,Monday,0,Spring,1,1.48,Low,9.8,9.1,1.0
Kensington,Bedford-Stuyvesant,21-04-2016,10:51,10,Morning,Thursday,0,Spring,6,4.82,Medium,37.0,7.8,1.3
Williamsburg,South Slope,12-01-2016,21:01,21,Evening,Tuesday,0,Winter,1,1.26,Low,2.0,37.8,1.0
Kensington,Bedford-Stuyvesant,16-06-2016,16:10,16,Afternoon,Thursday,0,Summer,1,1.89,Medium,7.2,15.7,1.3
Fort Greene,Midtown,28-03-2016,23:41,23,Evening,Monday,0,Spring,1,28.21,Low,32.4,52.2,1.0
Bedford-Stuyvesant,Harlem,07-05-2016,17:36,17,Afternoon,Saturday,1,Spring,1,1.51,High,27.0,3.4,1.8
Harlem,Inwood,09-03-2016,12:46,12,Afternoon,Wednesday,0,Spring,1,1.82,Low,10.8,10.1,1.0
East Harlem,South Slope,17-04-2016,10:30,10,Morning,Sunday,1,Spring,1,3.13,Medium,10.6,17.7,1.3
Clinton Hill,South Slope,18-05-2016,15:37,15,Afternoon,Wednesday,0,Spring,1,3.07,Low,16.6,11.1,1.0
East Harlem,Fort Greene,07-05-2016,17:25,17,Afternoon,Saturday,1,Spring,1,2.85,High,12.3,13.9,1.8
Harlem,East Harlem,31-05-2016,22:37,22,Evening,Tuesday,0,Spring,1,4.1,Low,14.1,17.4,1.0
Bedford-Stuyvesant,Bedford-Stuyvesant,25-03-2016,03:40,3,Night,Friday,0,Spring,1,5.49,Low,13.6,24.2,1.0
Inwood,Harlem,18-01-2016,21:24,21,Evening,Monday,0,Winter,1,8.38,Low,28.0,18.0,1.0
East Harlem,Fort Greene,13-03-2016,19:33,19,Evening,Sunday,1,Spring,5,1.72,High,8.7,11.9,1.8
Clinton Hill,Clinton Hill,22-06-2016,11:18,11,Morning,Wednesday,0,Summer,6,3.82,Low,22.9,10.0,1.0
Fort Greene,Upper West Side,30-03-2016,19:48,19,Evening,Wednesday,0,Spring,1,4.84,High,28.6,10.2,1.8
Clinton Hill,Murray Hill,07-02-2016,18:01,18,Evening,Sunday,1,Winter,4,1.76,High,7.7,13.7,1.8
Upper West Side,South Slope,29-03-2016,19:12,19,Evening,Tuesday,0,Spring,1,3.92,High,16.5,14.3,1.8
Bedford-Stuyvesant,Harlem,31-03-2016,09:08,9,Morning,Thursday,0,Spring,1,1.05,High,8.2,7.7,1.8
Hell's Kitchen,Harlem,26-05-2016,18:16,18,Evening,Thursday,0,Spring,1,1.43,High,9.5,9.0,1.8
Harlem,Inwood,26-06-2016,16:29,16,Afternoon,Sunday,1,Summer,1,4.42,Medium,16.4,16.2,1.3
Tottenville,Prince's Bay,30-06-2016,23:34,23,Evening,Thursday,0,Summer,1,12.79,Low,19.2,40.0,1.0
Park Slope,Harlem,10-06-2016,04:05,4,Night,Friday,0,Summer,1,2.99,Low,7.9,22.7,1.0
Williamsburg,East Harlem,31-03-2016,19:54,19,Evening,Thursday,0,Spring,2,2.33,High,8.9,15.7,1.8
East Harlem,Murray Hill,02-04-2016,09:54,9,Morning,Saturday,1,Spring,1,3.82,High,12.4,18.5,1.8
Upper West Side,Upper West Side,17-03-2016,21:25,21,Evening,Thursday,0,Spring,1,6.59,Low,20.1,19.7,1.0
Clinton Hill,Harlem,19-01-2016,09:49,9,Morning,Tuesday,0,Winter,1,3.04,High,10.6,17.2,1.8
Greenpoint,South Slope,26-03-2016,00:03,0,Night,Saturday,1,Spring,1,1.39,Low,9.7,8.6,1.0
Fort Greene,Park Slope,08-04-2016,18:41,18,Evening,Friday,0,Spring,5,1.83,High,12.1,9.1,1.8
South Slope,Upper West Side,18-06-2016,02:57,2,Night,Saturday,1,Summer,1,5.49,Low,16.8,19.6,1.0
Crown Heights,Crown Heights,25-02-2016,14:27,14,Afternoon,Thursday,0,Winter,2,2.0,Low,7.7,15.6,1.0
South Slope,Kensington,14-04-2016,08:26,8,Morning,Thursday,0,Spring,1,1.16,High,8.3,8.4,1.8
Hell's Kitchen,Harlem,11-03-2016,10:18,10,Morning,Friday,0,Spring,1,3.7,Medium,21.8,10.2,1.3
Bedford-Stuyvesant,Harlem,04-03-2016,09:12,9,Morning,Friday,0,Spring,2,5.25,High,36.6,8.6,1.8
West Village,Harlem,26-02-2016,20:27,20,Evening,Friday,0,Winter,5,1.19,Medium,5.1,14.0,1.3
East Harlem,Midtown,08-04-2016,16:17,16,Afternoon,Friday,0,Spring,2,1.25,Medium,7.5,10.0,1.3
East Harlem,Williamsburg,21-01-2016,17:09,17,Afternoon,Thursday,0,Winter,2,0.61,High,6.8,5.4,1.8
Rockaway Beach,Breezy Point,25-03-2016,17:22,17,Afternoon,Friday,0,Spring,5,8.76,High,25.2,20.9,1.8
Fort Greene,Upper West Side,26-02-2016,22:42,22,Evening,Friday,0,Winter,1,4.7,Low,14.6,19.3,1.0
Park Slope,Harlem,30-04-2016,03:46,3,Night,Saturday,1,Spring,2,1.83,Low,8.8,12.5,1.0
Bedford-Stuyvesant,Hell's Kitchen,13-03-2016,00:23,0,Night,Sunday,1,Spring,6,1.77,Low,7.2,14.7,1.0
Harlem,Harlem,08-03-2016,09:18,9,Morning,Tuesday,0,Spring,1,1.53,High,13.3,6.9,1.8
Fort Greene,Crown Heights,07-01-2016,16:20,16,Afternoon,Thursday,0,Winter,1,0.14,Medium,0.8,10.5,1.3
Bergen Beach,Fort Hamilton,06-04-2016,07:31,7,Morning,Wednesday,0,Spring,1,1.81,Medium,7.7,14.1,1.3
Bedford-Stuyvesant,Harlem,17-01-2016,04:13,4,Night,Sunday,1,Winter,5,5.92,Low,17.3,20.5,1.0
West Village,Upper West Side,26-04-2016,21:27,21,Evening,Tuesday,0,Spring,1,1.78,Low,6.9,15.5,1.0
Chinatown,Upper West Side,15-04-2016,19:10,19,Evening,Friday,0,Spring,1,3.47,High,13.2,15.8,1.8
Bedford-Stuyvesant,Bedford-Stuyvesant,06-01-2016,19:12,19,Evening,Wednesday,0,Winter,1,5.2,High,20.5,15.2,1.8
Harlem,East Harlem,10-05-2016,20:15,20,Evening,Tuesday,0,Spring,1,2.44,Medium,10.8,13.6,1.3
Williamsburg,East Village,01-03-2016,20:47,20,Evening,Tuesday,0,Spring,1,1.78,Medium,7.6,14.1,1.3
Harlem,Williamsburg,15-01-2016,00:07,0,Night,Friday,0,Winter,4,3.68,Low,12.9,17.1,1.0
Crown Heights,Park Slope,07-04-2016,23:37,23,Evening,Thursday,0,Spring,1,1.35,Low,3.5,23.1,1.0
Arverne,Bensonhurst,17-04-2016,12:46,12,Afternoon,Sunday,1,Spring,1,2.88,Low,9.7,17.8,1.0
Bedford-Stuyvesant,Harlem,14-04-2016,18:38,18,Evening,Thursday,0,Spring,1,0.97,High,8.6,6.8,1.8
Harlem,Park Slope,19-03-2016,01:49,1,Night,Saturday,1,Spring,1,0.89,Low,3.8,14.1,1.0
Midwood,Midwood,18-02-2016,07:39,7,Morning,Thursday,0,Winter,2,2.32,Medium,10.4,13.4,1.3
Fort Greene,Hell's Kitchen,23-02-2016,12:59,12,Afternoon,Tuesday,0,Winter,1,1.92,Low,8.8,13.1,1.0
Hell's Kitchen,Midtown,14-04-2016,17:08,17,Afternoon,Thursday,0,Spring,1,2.36,High,12.1,11.7,1.8
Great Kills,Tottenville,17-03-2016,11:02,11,Morning,Thursday,0,Spring,6,24.24,Low,45.4,32.0,1.0
Arden Heights,Gravesend,15-03-2016,09:04,9,Morning,Tuesday,0,Spring,1,10.04,High,44.2,13.6,1.8
Williamsburg,East Harlem,05-01-2016,19:55,19,Evening,Tuesday,0,Winter,1,3.46,High,17.4,11.9,1.8
Kensington,South Slope,29-02-2016,15:19,15,Afternoon,Monday,0,Winter,4,1.08,Low,4.5,14.4,1.0
Fort Greene,Harlem,09-04-2016,04:36,4,Night,Saturday,1,Spring,4,7.65,Low,17.2,26.7,1.0
Todt Hill,Borough Park,14-06-2016,11:22,11,Morning,Tuesday,0,Summer,1,1.61,Low,6.2,15.6,1.0
Harlem,Clinton Hill,07-04-2016,17:37,17,Afternoon,Thursday,0,Spring,3,2.03,High,7.9,15.4,1.8
Hell's Kitchen,West Village,24-06-2016,06:25,6,Morning,Friday,0,Summer,1,1.31,Low,5.9,13.3,1.0
Bedford-Stuyvesant,Park Slope,20-03-2016,22:11,22,Evening,Sunday,1,Spring,1,1.47,Low,4.4,20.0,1.0
South Slope,Park Slope,21-05-2016,09:36,9,Morning,Saturday,1,Spring,5,3.25,High,8.9,21.9,1.8
Midtown,Chelsea,20-01-2016,11:41,11,Morning,Wednesday,0,Winter,1,1.24,Low,5.0,14.9,1.0
Harlem,Hell's Kitchen,15-04-2016,23:09,23,Evening,Friday,0,Spring,1,2.24,Low,7.3,18.4,1.0
Inwood,Murray Hill,05-05-2016,12:04,12,Afternoon,Thursday,0,Spring,1,1.03,Low,14.1,4.4,1.0
Park Slope,Kensington,20-06-2016,22:39,22,Evening,Monday,0,Summer,2,1.18,Low,5.2,13.6,1.0
Bedford-Stuyvesant,East Harlem,09-06-2016,07:06,7,Morning,Thursday,0,Summer,1,3.23,Medium,6.9,28.1,1.3
Flatbush,Harlem,27-04-2016,17:30,17,Afternoon,Wednesday,0,Spring,1,2.01,High,21.2,5.7,1.8
Fort Greene,Bedford-Stuyvesant,15-01-2016,09:35,9,Morning,Friday,0,Winter,1,1.72,High,13.1,7.9,1.8
Harlem,Windsor Terrace,30-01-2016,20:48,20,Evening,Saturday,1,Winter,1,6.03,Medium,26.5,13.7,1.3
Harlem,Bedford-Stuyvesant,22-05-2016,04:57,4,Night,Sunday,1,Spring,1,0.55,Low,1.5,22.0,1.0
Fort Greene,Greenpoint,24-06-2016,21:15,21,Evening,Friday,0,Summer,1,3.8,Low,15.2,15.0,1.0
Harlem,Chelsea,25-04-2016,15:01,15,Afternoon,Monday,0,Spring,1,1.41,Low,4.9,17.3,1.0
Crown Heights,Harlem,05-02-2016,08:31,8,Morning,Friday,0,Winter,1,4.71,High,19.7,14.3,1.8
Bedford-Stuyvesant,Bedford-Stuyvesant,18-05-2016,17:39,17,Afternoon,Wednesday,0,Spring,2,2.34,High,23.8,5.9,1.8
East Harlem,South Slope,22-06-2016,10:53,10,Morning,Wednesday,0,Summer,1,2.49,Medium,12.0,12.5,1.3
Kensington,Upper West Side,18-03-2016,22:21,22,Evening,Friday,0,Spring,2,6.76,Low,28.0,14.5,1.0
Harlem,Crown Heights,01-02-2016,17:06,17,Afternoon,Monday,0,Winter,1,2.1,High,15.5,8.1,1.8
Williamsburg,Upper West Side,26-01-2016,19:43,19,Evening,Tuesday,0,Winter,5,1.2,High,6.4,11.2,1.8
Bedford-Stuyvesant,East Harlem,07-03-2016,08:45,8,Morning,Monday,0,Spring,1,0.67,High,3.3,12.2,1.8
Bedford-Stuyvesant,Harlem,14-01-2016,14:12,14,Afternoon,Thursday,0,Winter,1,1.7,Low,8.9,11.5,1.0
Hell's Kitchen,East Harlem,11-06-2016,13:16,13,Afternoon,Saturday,1,Summer,1,0.13,Low,52.5,0.1,1.0
Chelsea,Clinton Hill,20-06-2016,15:31,15,Afternoon,Monday,0,Summer,2,2.29,Low,16.3,8.4,1.0
Park Slope,Bedford-Stuyvesant,18-04-2016,00:10,0,Night,Monday,0,Spring,1,3.62,Low,6.3,34.5,1.0
Bedford-Stuyvesant,Williamsburg,27-03-2016,20:52,20,Evening,Sunday,1,Spring,4,1.04,Medium,5.4,11.6,1.3
Upper West Side,Harlem,13-05-2016,15:25,15,Afternoon,Friday,0,Spring,1,0.72,Low,8.0,5.4,1.0
Park Slope,Chinatown,26-05-2016,17:22,17,Afternoon,Thursday,0,Spring,1,0.92,High,1.7,32.5,1.8
West Village,Clinton Hill,10-05-2016,11:25,11,Morning,Tuesday,0,Spring,2,5.48,Low,17.7,18.6,1.0
Arrochar,Midwood,03-05-2016,08:43,8,Morning,Tuesday,0,Spring,1,2.93,High,16.6,10.6,1.8
Crown Heights,East Harlem,20-03-2016,04:14,4,Night,Sunday,1,Spring,1,8.94,Low,23.5,22.8,1.0
Greenpoint,Upper West Side,24-02-2016,16:24,16,Afternoon,Wednesday,0,Winter,1,1.66,Medium,8.1,12.3,1.3
Harlem,West Village,19-02-2016,23:37,23,Evening,Friday,0,Winter,2,3.91,Low,15.9,14.8,1.0
Tottenville,Eltingville,09-02-2016,17:04,17,Afternoon,Tuesday,0,Winter,1,24.82,High,30.6,48.7,1.8
Fort Greene,Kensington,20-04-2016,08:25,8,Morning,Wednesday,0,Spring,1,9.26,High,23.3,23.8,1.8
Upper West Side,Clinton Hill,23-04-2016,06:40,6,Morning,Saturday,1,Spring,1,5.79,Low,12.5,27.8,1.0
West Village,Harlem,20-01-2016,15:07,15,Afternoon,Wednesday,0,Winter,5,2.07,Low,8.9,14.0,1.0
Tottenville,Great Kills,16-05-2016,19:34,19,Evening,Monday,0,Spring,1,25.56,High,42.8,35.8,1.8
Clinton Hill,East Harlem,05-06-2016,17:27,17,Afternoon,Sunday,1,Summer,2,0.47,High,6.2,4.5,1.8
Upper West Side,Bedford-Stuyvesant,24-02-2016,19:30,19,Evening,Wednesday,0,Winter,6,6.99,High,17.7,23.7,1.8
Upper West Side,Hell's Kitchen,05-02-2016,21:49,21,Evening,Friday,0,Winter,2,1.82,Low,6.4,17.1,1.0
Kensington,Kensington,23-02-2016,09:17,9,Morning,Tuesday,0,Winter,1,0.99,High,13.6,4.4,1.8
Chelsea,Williamsburg,20-01-2016,19:46,19,Evening,Wednesday,0,Winter,1,3.92,High,21.8,10.8,1.8
East Harlem,Upper West Side,04-05-2016,18:18,18,Evening,Wednesday,0,Spring,1,3.8,High,15.1,15.1,1.8
Bedford-Stuyvesant,East Harlem,16-02-2016,10:11,10,Morning,Tuesday,0,Winter,2,2.39,Medium,16.9,8.5,1.3
Rockaway Beach,Midwood,19-05-2016,13:18,13,Afternoon,Thursday,0,Spring,1,7.27,Low,43.3,10.1,1.0
Harlem,Midtown,30-01-2016,18:12,18,Evening,Saturday,1,Winter,1,1.42,High,6.0,14.2,1.8
Flatbush,"Bay Terrace, Staten Island",28-04-2016,04:30,4,Night,Thursday,0,Spring,1,13.82,Low,18.4,45.1,1.0
Harlem,Crown Heights,09-03-2016,16:01,16,Afternoon,Wednesday,0,Spring,1,1.12,Medium,3.9,17.2,1.3
Upper West Side,Fort Greene,04-03-2016,10:15,10,Morning,Friday,0,Spring,6,2.5,Medium,13.0,11.5,1.3
East Harlem,Harlem,24-03-2016,19:45,19,Evening,Thursday,0,Spring,1,3.74,High,14.6,15.4,1.8
Harlem,Williamsburg,20-03-2016,15:37,15,Afternoon,Sunday,1,Spring,4,3.97,Low,15.5,15.4,1.0
Harlem,Murray Hill,18-03-2016,21:56,21,Evening,Friday,0,Spring,1,2.49,Low,6.9,21.7,1.0
Clifton,Fort Hamilton,28-05-2016,19:12,19,Evening,Saturday,1,Spring,2,1.56,High,8.2,11.4,1.8
Clinton Hill,Midtown,24-05-2016,07:48,7,Morning,Tuesday,0,Spring,1,1.89,Medium,14.0,8.1,1.3
Bedford-Stuyvesant,Harlem,03-03-2016,14:44,14,Afternoon,Thursday,0,Spring,1,1.65,Low,12.9,7.7,1.0
Inwood,Crown Heights,25-04-2016,23:26,23,Evening,Monday,0,Spring,1,7.35,Low,21.9,20.1,1.0
St. George,Mill Basin,30-06-2016,02:09,2,Night,Thursday,0,Summer,1,1.6,Low,5.0,19.2,1.0
Arden Heights,Tompkinsville,23-02-2016,18:59,18,Evening,Tuesday,0,Winter,1,12.89,High,42.9,18.0,1.8
Williamsburg,Murray Hill,13-05-2016,19:09,19,Evening,Friday,0,Spring,1,8.97,High,31.1,17.3,1.8
Williamsburg,East Harlem,27-05-2016,17:27,17,Afternoon,Friday,0,Spring,2,2.42,High,17.6,8.2,1.8
Chelsea,West Village,10-02-2016,09:20,9,Morning,Wednesday,0,Winter,1,3.55,High,12.2,17.5,1.8
West Village,Inwood,22-06-2016,18:07,18,Evening,Wednesday,0,Summer,1,1.48,High,8.7,10.2,1.8
Chinatown,Harlem,02-06-2016,11:31,11,Morning,Thursday,0,Summer,1,1.16,Low,10.2,6.8,1.0
"Bay Terrace, Staten Island",Bay Ridge,13-05-2016,15:33,15,Afternoon,Friday,0,Spring,1,12.74,Low,61.2,12.5,1.0
Sheepshead Bay,"Bay Terrace, Staten Island",02-04-2016,23:19,23,Evening,Saturday,1,Spring,6,2.07,Low,5.3,23.4,1.0
Inwood,Upper West Side,24-06-2016,07:36,7,Morning,Friday,0,Summer,1,0.66,Medium,5.2,7.6,1.3
Bath Beach,Shore Acres,11-04-2016,20:45,20,Evening,Monday,0,Spring,2,0.72,Medium,4.8,9.0,1.3
Bedford-Stuyvesant,Kensington,05-01-2016,01:48,1,Night,Tuesday,0,Winter,1,16.78,Low,16.8,59.9,1.0
Chinatown,Hell's Kitchen,07-04-2016,14:14,14,Afternoon,Thursday,0,Spring,1,1.35,Low,3.5,23.1,1.0
Bedford-Stuyvesant,Williamsburg,30-04-2016,16:37,16,Afternoon,Saturday,1,Spring,1,4.19,Medium,18.2,13.8,1.3
Williamsburg,Park Slope,17-06-2016,19:36,19,Evening,Friday,0,Summer,2,1.46,High,8.9,9.8,1.8
Upper West Side,Harlem,01-06-2016,13:48,13,Afternoon,Wednesday,0,Summer,1,6.05,Low,22.7,16.0,1.0
Murray Hill,Harlem,17-05-2016,18:36,18,Evening,Tuesday,0,Spring,5,4.19,High,20.3,12.4,1.8
Bedford-Stuyvesant,Crown Heights,01-05-2016,09:50,9,Morning,Sunday,1,Spring,4,1.49,High,3.9,22.9,1.8
West Village,Kensington,02-06-2016,19:37,19,Evening,Thursday,0,Summer,2,1.45,High,8.4,10.4,1.8
East Harlem,East Harlem,08-05-2016,00:56,0,Night,Sunday,1,Spring,1,0.53,Low,2.7,11.8,1.0
East Harlem,Chinatown,17-01-2016,17:23,17,Afternoon,Sunday,1,Winter,3,1.25,High,5.9,12.7,1.8
Fort Greene,Williamsburg,09-02-2016,19:43,19,Evening,Tuesday,0,Winter,1,2.28,High,11.1,12.3,1.8
Kensington,Fort Greene,01-01-2016,16:41,16,Afternoon,Friday,0,Winter,3,3.67,Medium,12.1,18.2,1.3
Upper West Side,Murray Hill,14-05-2016,13:41,13,Afternoon,Saturday,1,Spring,1,2.92,Low,10.5,16.7,1.0
Tottenville,Prince's Bay,03-04-2016,08:34,8,Morning,Sunday,1,Spring,1,16.87,High,15.4,65.7,1.8
Bedford-Stuyvesant,Clinton Hill,25-02-2016,11:04,11,Morning,Thursday,0,Winter,1,1.28,Low,3.6,21.3,1.0
South Slope,East Harlem,22-03-2016,07:57,7,Morning,Tuesday,0,Spring,1,0.8,Medium,3.4,14.1,1.3
Rockaway Beach,Concord,07-05-2016,12:27,12,Afternoon,Saturday,1,Spring,1,1.85,Low,5.8,19.1,1.0
Upper West Side,Bedford-Stuyvesant,08-04-2016,13:12,13,Afternoon,Friday,0,Spring,1,0.37,Low,6.0,3.7,1.0
West Village,Upper West Side,24-02-2016,21:36,21,Evening,Wednesday,0,Winter,1,1.92,Low,10.4,11.1,1.0
East Harlem,East Harlem,20-04-2016,07:56,7,Morning,Wednesday,0,Spring,1,1.02,Medium,4.9,12.5,1.3
Flatlands,Bensonhurst,25-03-2016,13:25,13,Afternoon,Friday,0,Spring,1,3.32,Low,16.7,11.9,1.0
Upper West Side,Harlem,15-03-2016,07:27,7,Morning,Tuesday,0,Spring,1,1.89,Medium,7.3,15.5,1.3
Williamsburg,Harlem,30-04-2016,14:07,14,Afternoon,Saturday,1,Spring,6,2.16,Low,14.8,8.8,1.0
Murray Hill,Harlem,24-03-2016,09:32,9,Morning,Thursday,0,Spring,5,2.5,High,14.6,10.3,1.8
Bedford-Stuyvesant,Clinton Hill,20-06-2016,14:39,14,Afternoon,Monday,0,Summer,2,1.49,Low,8.8,10.2,1.0
Harlem,Windsor Terrace,27-02-2016,00:13,0,Night,Saturday,1,Winter,1,0.36,Low,1.0,21.6,1.0
Bedford-Stuyvesant,East Harlem,14-02-2016,11:08,11,Morning,Sunday,1,Winter,1,6.09,Low,12.9,28.3,1.0
Upper West Side,Kensington,26-04-2016,12:58,12,Afternoon,Tuesday,0,Spring,1,0.64,Low,8.8,4.4,1.0
Bedford-Stuyvesant,Upper West Side,20-05-2016,19:54,19,Evening,Friday,0,Spring,5,0.66,High,3.5,11.3,1.8
Harlem,Clinton Hill,18-01-2016,11:05,11,Morning,Monday,0,Winter,1,1.59,Low,4.9,19.5,1.0
Bedford-Stuyvesant,Harlem,05-05-2016,19:50,19,Evening,Thursday,0,Spring,1,8.4,High,30.7,16.4,1.8
Kensington,East Harlem,27-04-2016,09:55,9,Morning,Wednesday,0,Spring,1,1.73,High,14.0,7.4,1.8
Williamsburg,West Village,16-01-2016,14:49,14,Afternoon,Saturday,1,Winter,1,4.59,Low,18.4,15.0,1.0
"Bay Terrace, Staten Island",Tottenville,05-03-2016,22:17,22,Evening,Saturday,1,Spring,3,25.23,Low,40.7,37.2,1.0
East Harlem,Harlem,10-03-2016,13:57,13,Afternoon,Thursday,0,Spring,1,1.45,Low,10.4,8.4,1.0
Upper West Side,East Harlem,01-05-2016,14:04,14,Afternoon,Sunday,1,Spring,1,2.71,Low,10.0,16.3,1.0
Williamsburg,Kensington,27-05-2016,10:24,10,Morning,Friday,0,Spring,1,1.43,Medium,4.3,20.0,1.3
Windsor Terrace,Upper West Side,02-06-2016,22:35,22,Evening,Thursday,0,Summer,1,3.73,Low,18.9,11.8,1.0
Williamsburg,Bedford-Stuyvesant,13-02-2016,00:08,0,Night,Saturday,1,Winter,1,6.64,Low,17.2,23.2,1.0
Bedford-Stuyvesant,Upper West Side,04-04-2016,07:27,7,Morning,Monday,0,Spring,1,3.35,Medium,22.4,9.0,1.3
East Harlem,Inwood,15-03-2016,23:47,23,Evening,Tuesday,0,Spring,1,0.47,Low,2.4,11.7,1.0
Flatlands,Midwood,14-06-2016,09:00,9,Morning,Tuesday,0,Summer,1,3.45,High,19.8,10.5,1.8
Midtown,South Slope,29-01-2016,16:16,16,Afternoon,Friday,0,Winter,1,2.11,Medium,9.6,13.2,1.3
Oakwood,South Beach,16-06-2016,15:38,15,Afternoon,Thursday,0,Summer,1,12.05,Low,50.9,14.2,1.0
Fort Greene,Crown Heights,17-04-2016,15:58,15,Afternoon,Sunday,1,Spring,1,3.58,Low,11.7,18.4,1.0
Upper West Side,East Harlem,10-01-2016,13:01,13,Afternoon,Sunday,1,Winter,1,1.1,Low,6.4,10.3,1.0
Upper West Side,West Village,20-04-2016,10:52,10,Morning,Wednesday,0,Spring,1,2.8,Medium,25.8,6.5,1.3
East Harlem,Harlem,04-06-2016,15:47,15,Afternoon,Saturday,1,Summer,1,2.43,Low,10.6,13.8,1.0
Murray Hill,Clinton Hill,15-05-2016,18:34,18,Evening,Sunday,1,Spring,4,0.77,High,1.6,28.9,1.8
West Village,Upper West Side,27-05-2016,15:01,15,Afternoon,Friday,0,Spring,1,0.46,Low,2.3,12.0,1.0
Rockaway Beach,Bay Ridge,05-04-2016,17:44,17,Afternoon,Tuesday,0,Spring,1,5.15,High,23.4,13.2,1.8
Bedford-Stuyvesant,Bedford-Stuyvesant,21-02-2016,15:50,15,Afternoon,Sunday,1,Winter,1,1.87,Low,7.2,15.6,1.0
Upper West Side,Fort Greene,19-04-2016,20:46,20,Evening,Tuesday,0,Spring,1,5.21,Medium,22.1,14.1,1.3
Hell's Kitchen,Bedford-Stuyvesant,21-02-2016,02:33,2,Night,Sunday,1,Winter,1,2.12,Low,7.8,16.3,1.0
Clinton Hill,West Village,28-06-2016,21:28,21,Evening,Tuesday,0,Summer,1,2.17,Low,6.3,20.7,1.0
Williamsburg,Clinton Hill,13-02-2016,17:13,17,Afternoon,Saturday,1,Winter,1,1.08,High,5.8,11.2,1.8
Upper West Side,East Harlem,25-05-2016,13:46,13,Afternoon,Wednesday,0,Spring,5,0.72,Low,6.0,7.2,1.0
Harlem,East Harlem,23-03-2016,09:06,9,Morning,Wednesday,0,Spring,1,1.01,High,6.0,10.1,1.8
Arden Heights,Midwood,05-01-2016,14:58,14,Afternoon,Tuesday,0,Winter,6,14.81,Low,31.0,28.7,1.0
Midtown,West Village,22-06-2016,23:30,23,Evening,Wednesday,0,Summer,1,10.35,Low,25.4,24.4,1.0
Woodrow,Tottenville,18-05-2016,09:48,9,Morning,Wednesday,0,Spring,1,26.29,High,56.4,28.0,1.8
Upper West Side,Upper West Side,31-03-2016,19:56,19,Evening,Thursday,0,Spring,1,4.41,High,16.2,16.3,1.8
Upper West Side,Bedford-Stuyvesant,17-05-2016,08:03,8,Morning,Tuesday,0,Spring,1,1.06,High,7.6,8.4,1.8
Fort Greene,Bedford-Stuyvesant,01-01-2016,16:47,16,Afternoon,Friday,0,Winter,4,5.24,Medium,25.6,12.3,1.3
Bedford-Stuyvesant,Upper West Side,06-03-2016,14:14,14,Afternoon,Sunday,1,Spring,1,0.68,Low,7.2,5.7,1.0
Hell's Kitchen,Bedford-Stuyvesant,02-02-2016,15:24,15,Afternoon,Tuesday,0,Winter,1,1.8,Low,8.3,13.0,1.0
East Harlem,West Village,11-01-2016,07:51,7,Morning,Monday,0,Winter,6,0.34,Medium,11.3,1.8,1.3
Upper West Side,Bedford-Stuyvesant,29-04-2016,22:28,22,Evening,Friday,0,Spring,1,4.56,Low,22.0,12.4,1.0
Hell's Kitchen,West Village,15-05-2016,02:55,2,Night,Sunday,1,Spring,1,0.73,Low,1.6,27.4,1.0
Greenpoint,South Slope,03-05-2016,04:50,4,Night,Tuesday,0,Spring,1,2.12,Low,8.0,15.9,1.0
East Harlem,East Harlem,21-04-2016,11:14,11,Morning,Thursday,0,Spring,1,5.32,Low,13.7,23.3,1.0
Kensington,East Harlem,16-01-2016,00:11,0,Night,Saturday,1,Winter,1,2.65,Low,12.6,12.6,1.0
Upper West Side,East Harlem,12-02-2016,16:35,16,Afternoon,Friday,0,Winter,1,1.67,Medium,15.8,6.3,1.3
Huguenot,Great Kills,08-02-2016,14:44,14,Afternoon,Monday,0,Winter,1,22.33,Low,26.3,50.9,1.0
Harlem,Upper West Side,15-06-2016,14:34,14,Afternoon,Wednesday,0,Summer,2,1.08,Low,6.8,9.5,1.0
Upper West Side,Harlem,11-04-2016,07:18,7,Morning,Monday,0,Spring,1,2.43,Medium,5.6,26.0,1.3
Harlem,Midtown,27-06-2016,15:34,15,Afternoon,Monday,0,Summer,2,2.86,Low,14.9,11.5,1.0
Fort Hamilton,Flatlands,11-01-2016,18:18,18,Evening,Monday,0,Winter,1,3.61,High,12.2,17.8,1.8
Clinton Hill,Harlem,14-04-2016,12:00,12,Afternoon,Thursday,0,Spring,1,0.58,Low,16.5,2.1,1.0
Stapleton,"Bay Terrace, Staten Island",28-04-2016,15:49,15,Afternoon,Thursday,0,Spring,1,13.24,Low,35.6,22.3,1.0
Kensington,Murray Hill,25-01-2016,07:17,7,Morning,Monday,0,Winter,1,0.63,Medium,4.3,8.8,1.3
East Village,East Village,10-03-2016,00:08,0,Night,Thursday,0,Spring,1,4.9,Low,19.0,15.5,1.0
East Harlem,Bedford-Stuyvesant,25-06-2016,16:26,16,Afternoon,Saturday,1,Summer,2,0.81,Medium,3.6,13.5,1.3
Williamsburg,Bedford-Stuyvesant,08-03-2016,20:44,20,Evening,Tuesday,0,Spring,2,3.77,Medium,13.1,17.3,1.3
Clifton,Clifton,28-03-2016,07:46,7,Morning,Monday,0,Spring,1,1.21,Medium,5.0,14.5,1.3
Harlem,East Harlem,04-04-2016,11:23,11,Morning,Monday,0,Spring,1,2.38,Low,11.6,12.3,1.0
South Slope,East Harlem,03-02-2016,08:26,8,Morning,Wednesday,0,Winter,6,1.8,High,6.9,15.7,1.8
Hell's Kitchen,West Village,20-03-2016,23:23,23,Evening,Sunday,1,Spring,5,1.94,Low,7.9,14.7,1.0
Sheepshead Bay,Rockaway Beach,05-02-2016,13:04,13,Afternoon,Friday,0,Winter,1,4.46,Low,18.1,14.8,1.0
Crown Heights,Midtown,17-03-2016,23:16,23,Evening,Thursday,0,Spring,1,15.23,Low,43.3,21.1,1.0
Bedford-Stuyvesant,Chinatown,23-04-2016,09:23,9,Morning,Saturday,1,Spring,1,1.82,High,4.6,23.7,1.8
Windsor Terrace,Upper West Side,28-02-2016,03:44,3,Night,Sunday,1,Winter,1,3.68,Low,8.7,25.4,1.0
Midwood,Flatbush,09-06-2016,06:06,6,Morning,Thursday,0,Summer,4,3.3,Low,9.4,21.1,1.0
Hell's Kitchen,Kensington,14-01-2016,14:47,14,Afternoon,Thursday,0,Winter,1,2.72,Low,16.7,9.8,1.0
East Harlem,Harlem,20-04-2016,16:40,16,Afternoon,Wednesday,0,Spring,1,4.63,Medium,14.6,19.0,1.3
Upper West Side,Clinton Hill,18-01-2016,13:28,13,Afternoon,Monday,0,Winter,1,4.81,Low,15.6,18.5,1.0
Harlem,Kensington,24-04-2016,15:52,15,Afternoon,Sunday,1,Spring,1,6.09,Low,26.6,13.7,1.0
Chinatown,East Harlem,25-04-2016,20:21,20,Evening,Monday,0,Spring,5,4.25,Medium,19.4,13.1,1.3
Harlem,Upper West Side,10-02-2016,14:01,14,Afternoon,Wednesday,0,Winter,1,1.08,Low,8.2,7.9,1.0
East Harlem,Harlem,03-06-2016,08:04,8,Morning,Friday,0,Summer,4,2.99,High,10.5,17.1,1.8
Upper West Side,Harlem,22-04-2016,12:07,12,Afternoon,Friday,0,Spring,1,1.7,Low,9.6,10.6,1.0
Hell's Kitchen,Midtown,06-01-2016,06:47,6,Morning,Wednesday,0,Winter,1,1.11,Low,2.6,25.6,1.0
Lower East Side,East Harlem,15-04-2016,09:36,9,Morning,Friday,0,Spring,1,2.55,High,17.4,8.8,1.8
East Harlem,Harlem,24-02-2016,18:26,18,Evening,Wednesday,0,Winter,1,1.59,High,8.2,11.6,1.8
Tottenville,Prince's Bay,24-02-2016,05:57,5,Night,Wednesday,0,Winter,6,3.36,Low,7.6,26.5,1.0
East Harlem,Kensington,12-03-2016,21:08,21,Evening,Saturday,1,Spring,3,1.73,Low,10.0,10.4,1.0
Murray Hill,Kensington,29-01-2016,16:29,16,Afternoon,Friday,0,Winter,1,0.41,Medium,10.4,2.4,1.3
Hell's Kitchen,Murray Hill,04-03-2016,10:03,10,Morning,Friday,0,Spring,1,0.81,Medium,5.6,8.7,1.3
Clinton Hill,Park Slope,06-01-2016,14:11,14,Afternoon,Wednesday,0,Winter,2,1.87,Low,14.5,7.7,1.0
Harlem,South Slope,04-03-2016,21:58,21,Evening,Friday,0,Spring,1,4.44,Low,11.4,23.4,1.0
Bedford-Stuyvesant,Harlem,27-02-2016,23:25,23,Evening,Saturday,1,Winter,1,2.94,Low,10.6,16.6,1.0
Harlem,West Village,05-06-2016,01:23,1,Night,Sunday,1,Summer,2,0.77,Low,5.1,9.1,1.0
Harlem,West Village,18-02-2016,18:49,18,Evening,Thursday,0,Winter,1,1.45,High,6.4,13.6,1.8
Upper West Side,South Slope,20-02-2016,18:41,18,Evening,Saturday,1,Winter,1,0.86,High,4.0,12.9,1.8
Clinton Hill,Upper West Side,05-03-2016,00:18,0,Night,Saturday,1,Spring,1,1.39,Low,7.8,10.7,1.0
Midtown,East Harlem,15-04-2016,14:33,14,Afternoon,Friday,0,Spring,1,2.05,Low,11.7,10.5,1.0
Tottenville,Prince's Bay,02-05-2016,14:45,14,Afternoon,Monday,0,Spring,1,24.35,Low,44.3,33.0,1.0
Bushwick,South Slope,22-02-2016,14:16,14,Afternoon,Monday,0,Winter,5,1.94,Low,5.8,20.1,1.0
Midtown,Crown Heights,23-03-2016,21:05,21,Evening,Wednesday,0,Spring,1,3.01,Low,9.4,19.2,1.0
Tottenville,Rossville,19-01-2016,16:01,16,Afternoon,Tuesday,0,Winter,1,18.34,Medium,46.3,23.8,1.3
Chinatown,Harlem,26-05-2016,07:49,7,Morning,Thursday,0,Spring,1,1.45,Medium,7.5,11.6,1.3
West Village,Harlem,18-02-2016,13:00,13,Afternoon,Thursday,0,Winter,1,1.02,Low,5.4,11.3,1.0
Bath Beach,Midwood,27-04-2016,08:49,8,Morning,Wednesday,0,Spring,1,4.81,High,7.6,38.0,1.8
Harlem,Murray Hill,10-05-2016,18:16,18,Evening,Tuesday,0,Spring,5,2.04,High,8.2,14.9,1.8
Kensington,Midtown,14-04-2016,23:53,23,Evening,Thursday,0,Spring,1,1.8,Low,6.2,17.4,1.0
Concord,Sheepshead Bay,05-01-2016,10:00,10,Morning,Tuesday,0,Winter,1,1.13,Medium,6.0,11.3,1.3
Sheepshead Bay,Sheepshead Bay,08-01-2016,10:33,10,Morning,Friday,0,Winter,5,9.18,Medium,20.2,27.3,1.3
Harlem,Bedford-Stuyvesant,23-04-2016,00:01,0,Night,Saturday,1,Spring,6,5.88,Low,20.9,16.9,1.0
Upper West Side,Harlem,21-02-2016,17:25,17,Afternoon,Sunday,1,Winter,1,2.65,High,10.2,15.6,1.8
Harlem,Fort Greene,13-05-2016,05:31,5,Night,Friday,0,Spring,3,1.1,Low,5.1,12.9,1.0
Williamsburg,West Village,12-05-2016,21:34,21,Evening,Thursday,0,Spring,1,1.71,Low,4.5,22.8,1.0
East Harlem,Murray Hill,04-04-2016,00:32,0,Night,Monday,0,Spring,2,0.32,Low,0.7,27.4,1.0
South Beach,Bergen Beach,29-05-2016,16:32,16,Afternoon,Sunday,1,Spring,5,3.89,Medium,18.7,12.5,1.3
East Harlem,South Slope,25-01-2016,05:15,5,Night,Monday,0,Winter,1,5.71,Low,17.7,19.4,1.0
Tottenville,Great Kills,08-02-2016,00:16,0,Night,Monday,0,Winter,1,18.99,Low,25.0,45.6,1.0
Harlem,Harlem,31-03-2016,21:02,21,Evening,Thursday,0,Spring,1,5.07,Low,19.1,15.9,1.0
Concord,Edgemere,22-01-2016,09:27,9,Morning,Friday,0,Winter,5,3.01,High,8.4,21.5,1.8
Hell's Kitchen,Fort Greene,22-06-2016,18:42,18,Evening,Wednesday,0,Summer,1,1.84,High,10.2,10.8,1.8
Eltingville,Tottenville,30-01-2016,22:08,22,Evening,Saturday,1,Winter,2,20.6,Low,50.6,24.4,1.0
Midwood,Midwood,21-02-2016,17:22,17,Afternoon,Sunday,1,Winter,1,2.18,High,8.9,14.7,1.8
Upper West Side,Bedford-Stuyvesant,05-04-2016,20:59,20,Evening,Tuesday,0,Spring,1,5.61,Medium,23.0,14.6,1.3
Upper West Side,Bedford-Stuyvesant,24-04-2016,08:27,8,Morning,Sunday,1,Spring,1,11.93,High,21.5,33.3,1.8
East Harlem,Kensington,26-04-2016,11:27,11,Morning,Tuesday,0,Spring,1,1.14,Low,6.4,10.7,1.0
South Slope,Hell's Kitchen,08-03-2016,09:04,9,Morning,Tuesday,0,Spring,1,2.23,High,7.9,16.9,1.8
Chinatown,Harlem,11-03-2016,06:24,6,Morning,Friday,0,Spring,1,1.27,Low,3.7,20.6,1.0
Park Slope,Harlem,05-03-2016,11:34,11,Morning,Saturday,1,Spring,1,1.29,Low,11.3,6.8,1.0
Harlem,East Harlem,28-05-2016,13:55,13,Afternoon,Saturday,1,Spring,2,2.02,Low,14.2,8.5,1.0
Harlem,Kensington,13-04-2016,21:57,21,Evening,Wednesday,0,Spring,1,9.62,Low,31.3,18.4,1.0
Hell's Kitchen,Harlem,24-01-2016,20:03,20,Evening,Sunday,1,Winter,1,3.32,Medium,12.8,15.6,1.3
East Harlem,Chelsea,16-01-2016,11:42,11,Morning,Saturday,1,Winter,2,4.06,Low,14.6,16.7,1.0
Crown Heights,Hell's Kitchen,13-03-2016,21:21,21,Evening,Sunday,1,Spring,1,2.95,Low,7.6,23.3,1.0
Murray Hill,South Slope,10-03-2016,21:22,21,Evening,Thursday,0,Spring,6,3.44,Low,18.0,11.5,1.0
Upper West Side,Upper West Side,11-06-2016,18:26,18,Evening,Saturday,1,Summer,1,2.91,High,15.9,11.0,1.8
Flatlands,East Flatbush,19-02-2016,22:02,22,Evening,Friday,0,Winter,1,3.92,Low,18.0,13.1,1.0
Harlem,Harlem,19-06-2016,02:54,2,Night,Sunday,1,Summer,1,2.77,Low,10.0,16.6,1.0
East Harlem,East Harlem,28-02-2016,12:51,12,Afternoon,Sunday,1,Winter,1,6.54,Low,17.4,22.6,1.0
South Slope,Upper West Side,05-01-2016,06:04,6,Morning,Tuesday,0,Winter,1,1.6,Low,2.9,33.1,1.0
Harlem,South Slope,10-02-2016,15:59,15,Afternoon,Wednesday,0,Winter,6,7.52,Low,28.2,16.0,1.0
Park Slope,Bedford-Stuyvesant,26-03-2016,21:49,21,Evening,Saturday,1,Spring,1,2.8,Low,8.7,19.3,1.0
Crown Heights,Upper West Side,29-01-2016,15:57,15,Afternoon,Friday,0,Winter,1,1.48,Low,21.3,4.2,1.0
Bedford-Stuyvesant,West Village,27-02-2016,21:40,21,Evening,Saturday,1,Winter,5,10.06,Low,38.1,15.8,1.0
South Slope,East Harlem,02-03-2016,16:55,16,Afternoon,Wednesday,0,Spring,1,1.28,Medium,6.2,12.4,1.3
South Slope,Murray Hill,26-04-2016,14:39,14,Afternoon,Tuesday,0,Spring,1,1.42,Low,3.8,22.4,1.0
South Slope,Inwood,05-01-2016,17:33,17,Afternoon,Tuesday,0,Winter,1,4.6,High,29.0,9.5,1.8
Park Slope,East Harlem,21-01-2016,20:36,20,Evening,Thursday,0,Winter,1,1.67,Medium,10.7,9.4,1.3
Upper West Side,Clinton Hill,06-02-2016,13:18,13,Afternoon,Saturday,1,Winter,2,0.97,Low,6.7,8.7,1.0
Bedford-Stuyvesant,East Village,24-06-2016,17:49,17,Afternoon,Friday,0,Summer,1,0.48,High,3.9,7.4,1.8
Murray Hill,Inwood,06-04-2016,07:04,7,Morning,Wednesday,0,Spring,1,3.0,Medium,9.3,19.4,1.3
Kensington,West Village,30-04-2016,15:57,15,Afternoon,Saturday,1,Spring,1,2.56,Low,20.4,7.5,1.0
East Harlem,Bedford-Stuyvesant,22-05-2016,18:46,18,Evening,Sunday,1,Spring,1,1.21,High,7.4,9.8,1.8
Harlem,Harlem,29-06-2016,14:05,14,Afternoon,Wednesday,0,Summer,1,5.06,Low,27.9,10.9,1.0
East Harlem,South Slope,11-06-2016,15:04,15,Afternoon,Saturday,1,Summer,5,1.57,Low,4.0,23.6,1.0
"Bay Terrace, Staten Island",Gravesend,06-06-2016,19:19,19,Evening,Monday,0,Summer,2,9.68,High,22.1,26.3,1.8
Chinatown,Chinatown,24-06-2016,13:25,13,Afternoon,Friday,0,Summer,1,3.18,Low,13.1,14.6,1.0
New Dorp Beach,Tottenville,26-03-2016,15:28,15,Afternoon,Saturday,1,Spring,1,24.92,Low,30.4,49.2,1.0
Tottenville,Arden Heights,31-03-2016,14:02,14,Afternoon,Thursday,0,Spring,1,26.37,Low,63.4,25.0,1.0
Bushwick,East Harlem,04-05-2016,02:08,2,Night,Wednesday,0,Spring,1,2.26,Low,8.6,15.8,1.0
Bedford-Stuyvesant,East Harlem,11-03-2016,17:53,17,Afternoon,Friday,0,Spring,1,1.75,High,10.1,10.4,1.8
Great Kills,Flatbush,22-04-2016,10:12,10,Morning,Friday,0,Spring,1,11.48,Medium,29.2,23.6,1.3
Upper West Side,West Village,15-02-2016,05:59,5,Night,Monday,0,Winter,1,0.78,Low,3.0,15.6,1.0
Bedford-Stuyvesant,Murray Hill,11-01-2016,14:45,14,Afternoon,Monday,0,Winter,1,1.67,Low,17.0,5.9,1.0
Harlem,Upper West Side,03-05-2016,13:57,13,Afternoon,Tuesday,0,Spring,1,4.49,Low,27.7,9.7,1.0
Harlem,Midtown,01-05-2016,22:53,22,Evening,Sunday,1,Spring,3,1.31,Low,5.6,14.0,1.0
Great Kills,Tottenville,08-05-2016,15:23,15,Afternoon,Sunday,1,Spring,1,24.3,Low,72.0,20.2,1.0
Williamsburg,West Village,04-06-2016,00:45,0,Night,Saturday,1,Summer,1,2.85,Low,26.0,6.6,1.0
Sheepshead Bay,Sheepshead Bay,20-06-2016,20:05,20,Evening,Monday,0,Summer,1,1.95,Medium,6.2,18.9,1.3
Upper West Side,Harlem,01-05-2016,13:41,13,Afternoon,Sunday,1,Spring,1,1.68,Low,8.6,11.7,1.0
East Harlem,Kensington,23-05-2016,19:26,19,Evening,Monday,0,Spring,1,3.42,High,15.2,13.5,1.8
Greenpoint,Chinatown,30-04-2016,14:16,14,Afternoon,Saturday,1,Spring,1,6.27,Low,27.6,13.6,1.0
Greenpoint,East Harlem,08-06-2016,22:49,22,Evening,Wednesday,0,Summer,1,4.44,Low,10.5,25.4,1.0
East Harlem,Park Slope,09-05-2016,08:51,8,Morning,Monday,0,Spring,1,1.1,High,6.7,9.9,1.8
Harlem,Harlem,18-01-2016,19:42,19,Evening,Monday,0,Winter,1,1.58,High,7.2,13.2,1.8
Williamsburg,Williamsburg,12-04-2016,22:49,22,Evening,Tuesday,0,Spring,1,4.84,Low,29.3,9.9,1.0
Upper West Side,South Slope,13-04-2016,16:42,16,Afternoon,Wednesday,0,Spring,6,3.65,Medium,15.6,14.0,1.3
South Slope,Williamsburg,06-02-2016,00:25,0,Night,Saturday,1,Winter,5,0.54,Low,2.4,13.5,1.0
Upper West Side,East Harlem,29-01-2016,19:48,19,Evening,Friday,0,Winter,1,2.21,High,7.1,18.7,1.8
Chinatown,Park Slope,30-01-2016,12:50,12,Afternoon,Saturday,1,Winter,1,3.63,Low,18.5,11.8,1.0
Upper West Side,Upper West Side,14-04-2016,07:14,7,Morning,Thursday,0,Spring,1,1.87,Medium,7.2,15.6,1.3
Harlem,Williamsburg,23-02-2016,10:06,10,Morning,Tuesday,0,Winter,1,2.07,Medium,8.8,14.1,1.3
Bedford-Stuyvesant,East Harlem,28-04-2016,05:30,5,Night,Thursday,0,Spring,1,2.0,Low,6.4,18.8,1.0
West Village,Harlem,26-02-2016,15:56,15,Afternoon,Friday,0,Winter,2,0.76,Low,8.7,5.2,1.0
Bedford-Stuyvesant,Clinton Hill,10-01-2016,11:44,11,Morning,Sunday,1,Winter,2,1.13,Low,4.0,17.0,1.0
Harlem,Upper West Side,20-04-2016,12:46,12,Afternoon,Wednesday,0,Spring,2,0.76,Low,5.8,7.9,1.0
Upper West Side,Crown Heights,07-01-2016,19:17,19,Evening,Thursday,0,Winter,5,1.62,High,5.3,18.3,1.8
Park Slope,Harlem,26-02-2016,23:48,23,Evening,Friday,0,Winter,4,4.58,Low,13.0,21.1,1.0
East Harlem,Chinatown,11-01-2016,20:51,20,Evening,Monday,0,Winter,1,1.3,Medium,4.4,17.7,1.3
Clinton Hill,Greenpoint,03-05-2016,15:44,15,Afternoon,Tuesday,0,Spring,1,1.18,Low,11.3,6.3,1.0
Clinton Hill,Harlem,05-03-2016,13:46,13,Afternoon,Saturday,1,Spring,1,1.92,Low,5.6,20.6,1.0
East Village,Fort Greene,17-04-2016,19:01,19,Evening,Sunday,1,Spring,1,5.47,High,13.9,23.6,1.8
Crown Heights,Upper West Side,11-01-2016,06:21,6,Morning,Monday,0,Winter,1,2.53,Low,3.4,44.6,1.0
Bedford-Stuyvesant,East Harlem,05-05-2016,21:33,21,Evening,Thursday,0,Spring,5,2.48,Low,11.6,12.8,1.0
East Harlem,Bedford-Stuyvesant,09-01-2016,17:58,17,Afternoon,Saturday,1,Winter,5,1.25,High,5.6,13.4,1.8
Clinton Hill,Upper West Side,30-03-2016,21:58,21,Evening,Wednesday,0,Spring,2,0.84,Low,8.3,6.1,1.0
Bushwick,East Village,11-06-2016,03:58,3,Night,Saturday,1,Summer,1,2.46,Low,9.0,16.4,1.0
Murray Hill,Murray Hill,10-04-2016,01:20,1,Night,Sunday,1,Spring,2,1.4,Low,3.5,24.0,1.0
Williamsburg,Clinton Hill,24-05-2016,09:12,9,Morning,Tuesday,0,Spring,1,3.09,High,20.6,9.0,1.8
Arverne,Arverne,25-03-2016,14:41,14,Afternoon,Friday,0,Spring,1,1.06,Low,2.7,23.6,1.0
West Village,Midtown,28-05-2016,04:24,4,Night,Saturday,1,Spring,5,6.26,Low,11.8,31.8,1.0
Harlem,East Harlem,27-04-2016,16:39,16,Afternoon,Wednesday,0,Spring,1,3.47,Medium,13.8,15.1,1.3
Clinton Hill,Park Slope,27-02-2016,11:11,11,Morning,Saturday,1,Winter,1,3.47,Low,16.9,12.3,1.0
Borough Park,Gravesend,28-06-2016,16:49,16,Afternoon,Tuesday,0,Summer,3,2.69,Medium,17.4,9.3,1.3
Chinatown,Harlem,17-03-2016,17:30,17,Afternoon,Thursday,0,Spring,4,3.85,High,21.8,10.6,1.8
"Bay Terrace, Staten Island",Fort Hamilton,13-01-2016,20:12,20,Evening,Wednesday,0,Winter,1,12.2,Medium,17.4,42.1,1.3
Upper West Side,Hell's Kitchen,30-06-2016,21:43,21,Evening,Thursday,0,Summer,6,6.68,Low,18.7,21.4,1.0
East Harlem,Williamsburg,12-03-2016,16:01,16,Afternoon,Saturday,1,Spring,6,3.37,Medium,8.0,25.3,1.3
Upper West Side,Crown Heights,11-06-2016,03:57,3,Night,Saturday,1,Summer,3,0.94,Low,7.1,7.9,1.0
Fort Greene,Crown Heights,14-02-2016,09:57,9,Morning,Sunday,1,Winter,3,3.46,High,15.9,13.1,1.8
Great Kills,Great Kills,23-04-2016,04:50,4,Night,Saturday,1,Spring,1,0.66,Low,1.5,26.4,1.0
Hell's Kitchen,South Slope,18-05-2016,21:52,21,Evening,Wednesday,0,Spring,1,1.63,Low,9.8,10.0,1.0
Hell's Kitchen,Hell's Kitchen,01-04-2016,07:41,7,Morning,Friday,0,Spring,1,1.39,Medium,5.8,14.4,1.3
Bensonhurst,Flatbush,02-01-2016,18:55,18,Evening,Saturday,1,Winter,2,2.2,High,7.5,17.6,1.8
Inwood,Midtown,24-06-2016,02:02,2,Night,Friday,0,Summer,2,11.18,Low,17.0,39.5,1.0
Westerleigh,Bensonhurst,18-01-2016,20:34,20,Evening,Monday,0,Winter,3,1.14,Medium,2.8,24.4,1.3
Dyker Heights,Tottenville,12-04-2016,22:33,22,Evening,Tuesday,0,Spring,6,15.56,Low,39.4,23.7,1.0
Bedford-Stuyvesant,Harlem,06-05-2016,10:19,10,Morning,Friday,0,Spring,1,1.55,Medium,11.9,7.8,1.3
Bedford-Stuyvesant,Upper West Side,30-06-2016,12:58,12,Afternoon,Thursday,0,Summer,1,5.43,Low,22.2,14.7,1.0
Harlem,Harlem,28-02-2016,07:51,7,Morning,Sunday,1,Winter,1,6.5,Medium,11.9,32.8,1.3
Fort Greene,Murray Hill,05-02-2016,07:46,7,Morning,Friday,0,Winter,2,1.24,Medium,2.7,27.6,1.3
Chinatown,West Village,11-03-2016,22:22,22,Evening,Friday,0,Spring,1,2.86,Low,8.4,20.4,1.0
Inwood,Harlem,10-01-2016,01:43,1,Night,Sunday,1,Winter,1,10.58,Low,21.9,29.0,1.0
Bedford-Stuyvesant,Midtown,09-01-2016,15:21,15,Afternoon,Saturday,1,Winter,1,1.11,Low,9.0,7.4,1.0
Harlem,Chinatown,01-06-2016,23:36,23,Evening,Wednesday,0,Summer,1,7.98,Low,21.5,22.3,1.0
Harlem,West Village,01-02-2016,19:15,19,Evening,Monday,0,Winter,6,3.59,High,13.8,15.6,1.8
Murray Hill,Crown Heights,05-03-2016,22:21,22,Evening,Saturday,1,Spring,1,1.38,Low,6.2,13.4,1.0
Harlem,Chelsea,30-05-2016,13:02,13,Afternoon,Monday,0,Spring,1,1.2,Low,3.2,22.5,1.0
Williamsburg,Clinton Hill,26-02-2016,12:20,12,Afternoon,Friday,0,Winter,1,1.6,Low,9.5,10.1,1.0
West Village,Fort Greene,31-01-2016,19:10,19,Evening,Sunday,1,Winter,1,1.81,High,9.0,12.1,1.8
Bedford-Stuyvesant,East Harlem,12-02-2016,22:27,22,Evening,Friday,0,Winter,2,2.59,Low,6.5,23.9,1.0
East Harlem,Harlem,08-03-2016,20:27,20,Evening,Tuesday,0,Spring,2,1.23,Medium,4.1,18.0,1.3
Flatlands,Fort Hamilton,23-02-2016,09:54,9,Morning,Tuesday,0,Winter,1,2.21,High,15.3,8.7,1.8
Harlem,Williamsburg,13-03-2016,14:27,14,Afternoon,Sunday,1,Spring,3,2.97,Low,22.6,7.9,1.0
Clinton Hill,Harlem,16-04-2016,12:28,12,Afternoon,Saturday,1,Spring,1,1.63,Low,8.9,11.0,1.0
Bedford-Stuyvesant,East Harlem,22-02-2016,21:01,21,Evening,Monday,0,Winter,1,0.82,Low,4.3,11.4,1.0
Arden Heights,Bay Ridge,04-05-2016,20:53,20,Evening,Wednesday,0,Spring,2,11.62,Medium,28.9,24.1,1.3
Park Slope,South Slope,18-03-2016,01:08,1,Night,Friday,0,Spring,3,3.53,Low,13.5,15.7,1.0
Harlem,East Harlem,19-02-2016,09:04,9,Morning,Friday,0,Winter,1,2.62,High,6.2,25.4,1.8
Rossville,Bayswater,20-04-2016,10:30,10,Morning,Wednesday,0,Spring,1,14.39,Medium,51.8,16.7,1.3
Clinton Hill,East Harlem,31-01-2016,22:56,22,Evening,Sunday,1,Winter,1,1.76,Low,7.2,14.7,1.0
South Beach,Sheepshead Bay,05-03-2016,14:08,14,Afternoon,Saturday,1,Spring,1,5.55,Low,19.0,17.5,1.0
Clinton Hill,West Village,05-03-2016,15:17,15,Afternoon,Saturday,1,Spring,1,1.01,Low,5.6,10.8,1.0
West Village,Harlem,04-02-2016,23:33,23,Evening,Thursday,0,Winter,2,2.07,Low,6.6,18.8,1.0
Harlem,Harlem,05-06-2016,17:11,17,Afternoon,Sunday,1,Summer,1,4.76,High,28.4,10.1,1.8
Midwood,Midwood,27-06-2016,07:37,7,Morning,Monday,0,Summer,1,3.08,Medium,7.9,23.4,1.3
Park Slope,Upper West Side,18-05-2016,08:34,8,Morning,Wednesday,0,Spring,1,0.7,High,4.8,8.8,1.8
Greenpoint,Upper West Side,09-04-2016,02:23,2,Night,Saturday,1,Spring,1,2.54,Low,15.4,9.9,1.0
Murray Hill,Hell's Kitchen,18-03-2016,15:16,15,Afternoon,Friday,0,Spring,1,2.3,Low,11.0,12.5,1.0
Harlem,Upper West Side,03-01-2016,13:33,13,Afternoon,Sunday,1,Winter,2,4.46,Low,15.2,17.6,1.0
South Slope,South Slope,15-04-2016,18:48,18,Evening,Friday,0,Spring,2,2.0,High,9.2,13.0,1.8
Bedford-Stuyvesant,Chinatown,09-03-2016,13:11,13,Afternoon,Wednesday,0,Spring,1,3.31,Low,13.2,15.0,1.0
Sheepshead Bay,Tompkinsville,24-01-2016,08:13,8,Morning,Sunday,1,Winter,1,1.73,High,7.9,13.1,1.8
"Bay Terrace, Staten Island",Fort Wadsworth,20-03-2016,17:38,17,Afternoon,Sunday,1,Spring,1,17.26,High,35.4,29.3,1.8
Upper West Side,Bedford-Stuyvesant,09-03-2016,13:56,13,Afternoon,Wednesday,0,Spring,1,2.76,Low,31.9,5.2,1.0
East Harlem,Clinton Hill,23-02-2016,10:01,10,Morning,Tuesday,0,Winter,1,1.26,Medium,4.8,15.8,1.3
Inwood,West Village,25-06-2016,21:18,21,Evening,Saturday,1,Summer,1,5.79,Low,17.5,19.9,1.0
Upper West Side,Harlem,11-02-2016,21:45,21,Evening,Thursday,0,Winter,5,5.93,Low,17.4,20.4,1.0
Midwood,Arverne,19-02-2016,17:52,17,Afternoon,Friday,0,Winter,1,2.62,High,18.5,8.5,1.8
"Bay Terrace, Staten Island",Midwood,14-01-2016,22:39,22,Evening,Thursday,0,Winter,2,12.78,Low,18.0,42.6,1.0
Harlem,Flatbush,15-05-2016,17:34,17,Afternoon,Sunday,1,Spring,1,2.01,High,9.4,12.8,1.8
Harlem,Fort Greene,16-03-2016,20:36,20,Evening,Wednesday,0,Spring,4,0.76,Medium,3.3,13.8,1.3
Bedford-Stuyvesant,Harlem,08-03-2016,14:06,14,Afternoon,Tuesday,0,Spring,1,1.84,Low,15.6,7.1,1.0
Upper West Side,Harlem,15-06-2016,18:25,18,Evening,Wednesday,0,Summer,1,0.42,High,6.4,3.9,1.8
Upper West Side,Harlem,14-06-2016,13:44,13,Afternoon,Tuesday,0,Summer,1,2.3,Low,7.9,17.5,1.0
Hell's Kitchen,East Harlem,29-02-2016,09:07,9,Morning,Monday,0,Winter,1,1.93,High,17.0,6.8,1.8
Harlem,Williamsburg,23-03-2016,22:47,22,Evening,Wednesday,0,Spring,1,10.22,Low,13.4,45.8,1.0
East Harlem,Midtown,04-03-2016,00:18,0,Night,Friday,0,Spring,1,0.86,Low,2.0,25.8,1.0
Crown Heights,Bedford-Stuyvesant,03-02-2016,07:30,7,Morning,Wednesday,0,Winter,1,1.52,Medium,5.2,17.5,1.3
Crown Heights,Bedford-Stuyvesant,02-04-2016,12:00,12,Afternoon,Saturday,1,Spring,1,3.58,Low,16.4,13.1,1.0
Arrochar,Clifton,01-04-2016,11:38,11,Morning,Friday,0,Spring,2,2.88,Low,14.6,11.8,1.0
Midtown,Upper West Side,22-02-2016,19:58,19,Evening,Monday,0,Winter,1,1.58,High,6.8,13.9,1.8
Harlem,East Harlem,27-06-2016,12:28,12,Afternoon,Monday,0,Summer,1,7.38,Low,33.1,13.4,1.0
East Harlem,Clinton Hill,14-01-2016,14:52,14,Afternoon,Thursday,0,Winter,1,8.15,Low,44.6,11.0,1.0
Fort Hamilton,Bensonhurst,29-04-2016,06:12,6,Morning,Friday,0,Spring,1,0.73,Low,1.9,23.1,1.0
Midtown,Williamsburg,01-01-2016,15:10,15,Afternoon,Friday,0,Winter,2,1.59,Low,7.0,13.6,1.0
Upper West Side,Upper West Side,06-05-2016,18:14,18,Evening,Friday,0,Spring,1,2.33,High,5.1,27.4,1.8
Williamsburg,Murray Hill,05-03-2016,10:47,10,Morning,Saturday,1,Spring,1,1.05,Medium,10.1,6.2,1.3
Crown Heights,Chinatown,14-06-2016,10:20,10,Morning,Tuesday,0,Summer,1,0.6,Medium,3.5,10.3,1.3
Clinton Hill,Hell's Kitchen,11-06-2016,09:39,9,Morning,Saturday,1,Summer,2,2.79,High,12.8,13.1,1.8
Bedford-Stuyvesant,Harlem,05-06-2016,11:21,11,Morning,Sunday,1,Summer,1,0.9,Low,4.3,12.6,1.0
Flatlands,Arverne,07-02-2016,14:59,14,Afternoon,Sunday,1,Winter,1,3.67,Low,11.3,19.5,1.0
Williamsburg,Harlem,01-05-2016,19:43,19,Evening,Sunday,1,Spring,1,1.34,High,6.2,13.0,1.8
East Harlem,Chelsea,08-01-2016,19:21,19,Evening,Friday,0,Winter,2,1.71,High,7.6,13.5,1.8
East Harlem,East Harlem,13-06-2016,15:45,15,Afternoon,Monday,0,Summer,1,0.82,Low,3.3,14.9,1.0
Rockaway Beach,Brighton Beach,11-06-2016,15:55,15,Afternoon,Saturday,1,Summer,1,1.91,Low,6.9,16.6,1.0
South Slope,Fort Greene,24-06-2016,14:06,14,Afternoon,Friday,0,Summer,1,0.19,Low,1.6,7.1,1.0
Inwood,East Harlem,01-03-2016,08:05,8,Morning,Tuesday,0,Spring,5,4.67,High,19.2,14.6,1.8
Upper West Side,Upper West Side,10-01-2016,15:49,15,Afternoon,Sunday,1,Winter,1,2.81,Low,10.8,15.6,1.0
Bedford-Stuyvesant,East Harlem,03-02-2016,09:45,9,Morning,Wednesday,0,Winter,1,1.32,High,6.4,12.4,1.8
Sheepshead Bay,Brighton Beach,13-01-2016,17:56,17,Afternoon,Wednesday,0,Winter,1,1.98,High,12.0,9.9,1.8
Upper West Side,Bedford-Stuyvesant,29-05-2016,03:02,3,Night,Sunday,1,Spring,4,1.1,Low,2.9,22.8,1.0
Greenpoint,Murray Hill,01-06-2016,13:50,13,Afternoon,Wednesday,0,Summer,1,1.88,Low,11.0,10.3,1.0
Shore Acres,Bay Ridge,26-06-2016,11:40,11,Morning,Sunday,1,Summer,5,1.52,Low,10.9,8.4,1.0
Bedford-Stuyvesant,West Village,20-02-2016,03:04,3,Night,Saturday,1,Winter,3,6.28,Low,22.2,17.0,1.0
East Harlem,Fort Greene,05-01-2016,21:14,21,Evening,Tuesday,0,Winter,5,1.69,Low,3.6,28.2,1.0
Stapleton,Bensonhurst,13-06-2016,13:04,13,Afternoon,Monday,0,Summer,1,0.92,Low,5.0,11.0,1.0
Windsor Terrace,East Harlem,16-01-2016,18:43,18,Evening,Saturday,1,Winter,1,1.68,High,4.6,21.9,1.8
Midtown,Upper West Side,02-06-2016,17:52,17,Afternoon,Thursday,0,Summer,1,2.06,High,4.4,28.1,1.8
Williamsburg,Harlem,20-03-2016,01:37,1,Night,Sunday,1,Spring,6,2.35,Low,10.8,13.1,1.0
East Harlem,Harlem,31-05-2016,19:07,19,Evening,Tuesday,0,Spring,1,2.5,High,7.5,20.0,1.8
South Slope,Upper West Side,03-05-2016,14:50,14,Afternoon,Tuesday,0,Spring,1,3.21,Low,28.2,6.8,1.0
West Village,Park Slope,08-04-2016,22:23,22,Evening,Friday,0,Spring,1,1.78,Low,10.4,10.3,1.0
Far Rockaway,"Bay Terrace, Staten Island",03-01-2016,13:05,13,Afternoon,Sunday,1,Winter,5,11.32,Low,24.1,28.2,1.0
Bedford-Stuyvesant,West Village,14-02-2016,20:46,20,Evening,Sunday,1,Winter,2,3.96,Medium,12.8,18.6,1.3
Williamsburg,Upper West Side,01-05-2016,21:07,21,Evening,Sunday,1,Spring,2,0.85,Low,3.0,17.0,1.0
Bedford-Stuyvesant,Harlem,15-06-2016,03:44,3,Night,Wednesday,0,Summer,1,1.07,Low,2.3,27.9,1.0
East Harlem,Harlem,13-04-2016,12:46,12,Afternoon,Wednesday,0,Spring,3,0.45,Low,5.1,5.3,1.0
Williamsburg,Bedford-Stuyvesant,11-06-2016,20:41,20,Evening,Saturday,1,Summer,3,5.75,Medium,11.8,29.2,1.3
Bedford-Stuyvesant,Kensington,01-02-2016,08:05,8,Morning,Monday,0,Winter,1,1.8,High,7.8,13.8,1.8
Fort Greene,Midtown,07-04-2016,11:58,11,Morning,Thursday,0,Spring,1,2.18,Low,9.3,14.1,1.0
Park Slope,Midtown,20-05-2016,23:29,23,Evening,Friday,0,Spring,2,1.23,Low,7.5,9.8,1.0
East Harlem,Midtown,17-06-2016,19:00,19,Evening,Friday,0,Summer,6,2.13,High,11.5,11.1,1.8
Murray Hill,Fort Greene,25-05-2016,23:11,23,Evening,Wednesday,0,Spring,3,3.42,Low,8.3,24.7,1.0
Bedford-Stuyvesant,Bedford-Stuyvesant,20-03-2016,03:51,3,Night,Sunday,1,Spring,1,3.69,Low,7.7,28.8,1.0
South Slope,Windsor Terrace,04-04-2016,19:28,19,Evening,Monday,0,Spring,1,2.5,High,15.8,9.5,1.8
Arden Heights,Bay Ridge,27-04-2016,23:05,23,Evening,Wednesday,0,Spring,1,12.9,Low,28.2,27.4,1.0
East Harlem,East Harlem,08-04-2016,08:02,8,Morning,Friday,0,Spring,1,3.83,High,26.5,8.7,1.8
Inwood,South Slope,19-02-2016,18:15,18,Evening,Friday,0,Winter,1,1.44,High,5.0,17.3,1.8
Upper West Side,Harlem,21-01-2016,15:27,15,Afternoon,Thursday,0,Winter,1,2.01,Low,13.1,9.2,1.0
South Slope,Bedford-Stuyvesant,08-06-2016,07:02,7,Morning,Wednesday,0,Summer,2,2.09,Medium,7.0,17.9,1.3
Upper West Side,Midtown,23-04-2016,09:24,9,Morning,Saturday,1,Spring,1,1.85,High,6.4,17.3,1.8
Bedford-Stuyvesant,Bedford-Stuyvesant,29-01-2016,17:28,17,Afternoon,Friday,0,Winter,3,1.88,High,14.1,8.0,1.8
Hell's Kitchen,Upper West Side,17-04-2016,00:32,0,Night,Sunday,1,Spring,2,0.76,Low,3.4,13.4,1.0
Upper West Side,Inwood,18-01-2016,19:24,19,Evening,Monday,0,Winter,1,1.78,High,4.9,21.8,1.8
Harlem,Harlem,03-02-2016,09:42,9,Morning,Wednesday,0,Winter,1,2.51,High,30.6,4.9,1.8
Bedford-Stuyvesant,Upper West Side,17-06-2016,09:17,9,Morning,Friday,0,Summer,1,5.47,High,22.3,14.7,1.8
Chinatown,Harlem,13-06-2016,21:27,21,Evening,Monday,0,Summer,1,6.79,Low,13.8,29.5,1.0
East Harlem,Hell's Kitchen,09-04-2016,15:23,15,Afternoon,Saturday,1,Spring,1,1.54,Low,8.0,11.6,1.0
Hell's Kitchen,West Village,28-03-2016,19:59,19,Evening,Monday,0,Spring,2,2.0,High,16.6,7.2,1.8
Arden Heights,Brighton Beach,21-06-2016,04:57,4,Night,Tuesday,0,Summer,1,4.74,Low,7.1,40.1,1.0
Park Slope,Chinatown,21-06-2016,17:22,17,Afternoon,Tuesday,0,Summer,1,2.0,High,10.0,12.0,1.8
South Slope,Clinton Hill,07-05-2016,04:30,4,Night,Saturday,1,Spring,1,6.63,Low,10.9,36.5,1.0
Kensington,Harlem,14-05-2016,19:36,19,Evening,Saturday,1,Spring,1,2.71,High,7.4,22.0,1.8
Murray Hill,West Village,27-05-2016,15:24,15,Afternoon,Friday,0,Spring,1,1.79,Low,15.3,7.0,1.0
East Harlem,Inwood,16-06-2016,21:19,21,Evening,Thursday,0,Summer,1,1.97,Low,8.4,14.1,1.0
Upper West Side,Hell's Kitchen,23-06-2016,16:00,16,Afternoon,Thursday,0,Summer,1,1.89,Medium,17.2,6.6,1.3
East Harlem,Clinton Hill,10-06-2016,08:58,8,Morning,Friday,0,Summer,1,1.11,High,8.1,8.2,1.8
East Harlem,Chinatown,26-02-2016,17:32,17,Afternoon,Friday,0,Winter,1,1.33,High,5.2,15.3,1.8
East Harlem,Clinton Hill,30-06-2016,18:14,18,Evening,Thursday,0,Summer,1,2.93,High,13.7,12.8,1.8
Hell's Kitchen,West Village,05-03-2016,00:54,0,Night,Saturday,1,Spring,2,1.77,Low,7.1,15.0,1.0
East Harlem,Bedford-Stuyvesant,06-05-2016,18:42,18,Evening,Friday,0,Spring,1,4.58,High,16.5,16.7,1.8
Fort Greene,Crown Heights,19-03-2016,19:55,19,Evening,Saturday,1,Spring,2,1.56,High,13.7,6.8,1.8
Midtown,West Village,26-05-2016,22:02,22,Evening,Thursday,0,Spring,1,1.49,Low,7.2,12.4,1.0
East Harlem,East Harlem,07-03-2016,10:31,10,Morning,Monday,0,Spring,1,1.09,Medium,4.7,13.9,1.3
"Bay Terrace, Staten Island",Flatlands,23-05-2016,10:49,10,Morning,Monday,0,Spring,1,12.63,Medium,30.1,25.2,1.3
Graniteville,Bensonhurst,14-02-2016,10:11,10,Morning,Sunday,1,Winter,1,0.58,Medium,1.9,18.3,1.3
Bedford-Stuyvesant,Upper West Side,09-05-2016,14:39,14,Afternoon,Monday,0,Spring,1,0.33,Low,4.5,4.4,1.0
West Village,Murray Hill,15-05-2016,17:00,17,Afternoon,Sunday,1,Spring,1,0.8,High,7.7,6.2,1.8
Williamsburg,East Harlem,25-02-2016,17:35,17,Afternoon,Thursday,0,Winter,1,2.37,High,20.2,7.0,1.8
Clinton Hill,Harlem,25-02-2016,09:45,9,Morning,Thursday,0,Winter,1,1.95,High,8.9,13.1,1.8
East Harlem,Bedford-Stuyvesant,23-06-2016,22:55,22,Evening,Thursday,0,Summer,1,1.85,Low,9.4,11.8,1.0
Lower East Side,Prospect-Lefferts Gardens,05-03-2016,14:55,14,Afternoon,Saturday,1,Spring,6,3.17,Low,13.0,14.6,1.0
Midwood,East Flatbush,14-03-2016,14:27,14,Afternoon,Monday,0,Spring,1,1.58,Low,11.3,8.4,1.0
Kensington,Williamsburg,21-02-2016,16:38,16,Afternoon,Sunday,1,Winter,2,1.41,Medium,5.6,15.1,1.3
Windsor Terrace,Bedford-Stuyvesant,09-01-2016,02:12,2,Night,Saturday,1,Winter,4,0.76,Low,4.3,10.6,1.0
Harlem,Upper West Side,05-04-2016,08:42,8,Morning,Tuesday,0,Spring,1,5.77,High,21.8,15.9,1.8
Upper West Side,Upper West Side,18-02-2016,20:38,20,Evening,Thursday,0,Winter,1,13.69,Medium,52.4,15.7,1.3
Bedford-Stuyvesant,East Harlem,12-03-2016,12:30,12,Afternoon,Saturday,1,Spring,1,4.73,Low,9.6,29.6,1.0
"Bay Terrace, Staten Island",Sheepshead Bay,29-02-2016,12:39,12,Afternoon,Monday,0,Winter,4,11.98,Low,34.7,20.7,1.0
Park Slope,West Village,04-02-2016,15:28,15,Afternoon,Thursday,0,Winter,1,2.05,Low,12.5,9.8,1.0
Upper West Side,Kensington,14-04-2016,21:58,21,Evening,Thursday,0,Spring,1,2.85,Low,12.2,14.0,1.0
Fort Greene,Bedford-Stuyvesant,15-05-2016,18:31,18,Evening,Sunday,1,Spring,1,2.09,High,8.5,14.8,1.8
Arverne,Far Rockaway,22-03-2016,16:38,16,Afternoon,Tuesday,0,Spring,1,1.78,Medium,15.4,6.9,1.3
East Village,East Harlem,26-02-2016,06:42,6,Morning,Friday,0,Winter,1,2.94,Low,10.6,16.6,1.0
South Slope,Bedford-Stuyvesant,07-05-2016,18:09,18,Evening,Saturday,1,Spring,1,4.18,High,19.4,12.9,1.8
East Harlem,Bedford-Stuyvesant,16-03-2016,17:38,17,Afternoon,Wednesday,0,Spring,1,3.57,High,11.9,18.0,1.8
Upper West Side,Harlem,18-06-2016,19:19,19,Evening,Saturday,1,Summer,5,9.2,High,25.0,22.1,1.8
Clinton Hill,Hell's Kitchen,24-05-2016,07:36,7,Morning,Tuesday,0,Spring,2,0.78,Medium,4.2,11.1,1.3
Great Kills,Fort Hamilton,27-03-2016,16:06,16,Afternoon,Sunday,1,Spring,1,12.49,Medium,24.2,31.0,1.3
Upper West Side,Harlem,10-01-2016,08:54,8,Morning,Sunday,1,Winter,1,0.62,High,3.1,12.0,1.8
East Harlem,Bedford-Stuyvesant,26-05-2016,12:32,12,Afternoon,Thursday,0,Spring,1,0.85,Low,5.6,9.1,1.0
Bedford-Stuyvesant,Upper West Side,07-05-2016,22:05,22,Evening,Saturday,1,Spring,1,0.93,Low,3.4,16.4,1.0
Hell's Kitchen,East Harlem,28-06-2016,18:14,18,Evening,Tuesday,0,Summer,3,1.47,High,7.2,12.2,1.8
Bedford-Stuyvesant,South Slope,02-01-2016,21:48,21,Evening,Saturday,1,Winter,1,6.5,Low,16.7,23.4,1.0
East Harlem,Upper West Side,04-02-2016,20:03,20,Evening,Thursday,0,Winter,1,0.65,Medium,1.9,20.5,1.3
Upper West Side,Crown Heights,29-06-2016,23:19,23,Evening,Wednesday,0,Summer,2,3.34,Low,15.0,13.4,1.0
Bedford-Stuyvesant,Upper West Side,18-01-2016,22:43,22,Evening,Monday,0,Winter,5,1.69,Low,5.2,19.5,1.0
Upper West Side,Williamsburg,08-05-2016,14:22,14,Afternoon,Sunday,1,Spring,2,3.38,Low,13.6,14.9,1.0
Hell's Kitchen,West Village,09-04-2016,19:52,19,Evening,Saturday,1,Spring,1,0.93,High,7.0,8.0,1.8
Harlem,Harlem,12-01-2016,21:59,21,Evening,Tuesday,0,Winter,5,2.22,Low,4.6,29.0,1.0
South Slope,Crown Heights,25-03-2016,12:58,12,Afternoon,Friday,0,Spring,2,1.39,Low,3.3,25.3,1.0
Upper West Side,Fort Greene,09-06-2016,19:34,19,Evening,Thursday,0,Summer,1,2.48,High,15.8,9.4,1.8
Hell's Kitchen,Park Slope,25-01-2016,22:22,22,Evening,Monday,0,Winter,1,4.15,Low,17.1,14.6,1.0
Bedford-Stuyvesant,East Harlem,09-05-2016,07:03,7,Morning,Monday,0,Spring,1,2.6,Medium,3.7,42.2,1.3
Clinton Hill,Harlem,04-05-2016,21:24,21,Evening,Wednesday,0,Spring,1,2.98,Low,18.9,9.5,1.0
Upper West Side,Harlem,04-04-2016,20:02,20,Evening,Monday,0,Spring,5,1.97,Medium,12.1,9.8,1.3
Upper West Side,Upper West Side,02-04-2016,17:21,17,Afternoon,Saturday,1,Spring,1,4.03,High,6.7,36.1,1.8
Arden Heights,East Flatbush,04-05-2016,23:25,23,Evening,Wednesday,0,Spring,2,14.42,Low,15.1,57.3,1.0
Tottenville,Eltingville,15-02-2016,11:25,11,Morning,Monday,0,Winter,1,12.4,Low,33.4,22.3,1.0
Harlem,Fort Greene,30-01-2016,19:56,19,Evening,Saturday,1,Winter,5,3.14,High,24.0,7.8,1.8
Harlem,Bedford-Stuyvesant,05-06-2016,18:36,18,Evening,Sunday,1,Summer,1,0.73,High,2.9,15.1,1.8
Harlem,South Slope,15-03-2016,19:57,19,Evening,Tuesday,0,Spring,5,1.75,High,8.3,12.7,1.8
Bedford-Stuyvesant,Fort Greene,01-01-2016,14:26,14,Afternoon,Friday,0,Winter,1,2.12,Low,4.8,26.5,1.0
South Slope,Upper West Side,05-04-2016,00:00,0,Night,Tuesday,0,Spring,3,6.76,Low,11.9,34.1,1.0
Bedford-Stuyvesant,East Harlem,27-02-2016,02:39,2,Night,Saturday,1,Winter,1,1.63,Low,6.9,14.2,1.0
Murray Hill,Hell's Kitchen,04-01-2016,17:16,17,Afternoon,Monday,0,Winter,1,0.82,High,5.4,9.1,1.8
Harlem,Bedford-Stuyvesant,31-03-2016,21:10,21,Evening,Thursday,0,Spring,1,7.18,Low,28.3,15.2,1.0
Upper West Side,Bedford-Stuyvesant,29-03-2016,21:03,21,Evening,Tuesday,0,Spring,2,1.26,Low,5.0,15.1,1.0
West Village,Murray Hill,30-03-2016,15:08,15,Afternoon,Wednesday,0,Spring,2,4.34,Low,22.5,11.6,1.0
Harlem,Upper West Side,31-05-2016,17:38,17,Afternoon,Tuesday,0,Spring,1,0.68,High,4.4,9.3,1.8
Bath Beach,Arden Heights,18-03-2016,17:33,17,Afternoon,Friday,0,Spring,1,14.71,High,26.3,33.6,1.8
Upper West Side,Upper West Side,01-05-2016,13:41,13,Afternoon,Sunday,1,Spring,1,1.15,Low,3.8,18.2,1.0
East Harlem,South Slope,10-03-2016,15:46,15,Afternoon,Thursday,0,Spring,1,1.87,Low,7.2,15.6,1.0
East Harlem,Kensington,03-06-2016,20:36,20,Evening,Friday,0,Summer,1,3.3,Medium,13.2,15.0,1.3
Midtown,East Harlem,17-03-2016,19:22,19,Evening,Thursday,0,Spring,1,4.87,High,9.0,32.5,1.8
East Harlem,Harlem,08-01-2016,12:08,12,Afternoon,Friday,0,Winter,1,4.7,Low,18.4,15.3,1.0
South Slope,Harlem,17-02-2016,09:24,9,Morning,Wednesday,0,Winter,3,0.63,High,1.7,22.2,1.8
Inwood,Midtown,05-01-2016,16:26,16,Afternoon,Tuesday,0,Winter,1,6.53,Medium,33.9,11.6,1.3
Williamsburg,Harlem,12-03-2016,17:32,17,Afternoon,Saturday,1,Spring,1,4.1,High,10.7,23.0,1.8
Harlem,Bedford-Stuyvesant,29-04-2016,12:28,12,Afternoon,Friday,0,Spring,1,7.43,Low,26.5,16.8,1.0
Upper West Side,Clinton Hill,15-04-2016,07:06,7,Morning,Friday,0,Spring,1,1.48,Medium,5.5,16.1,1.3
South Slope,Midtown,20-05-2016,00:13,0,Night,Friday,0,Spring,1,5.52,Low,13.5,24.5,1.0
West Village,East Harlem,14-01-2016,18:31,18,Evening,Thursday,0,Winter,1,1.58,High,17.3,5.5,1.8
Fort Greene,Bedford-Stuyvesant,12-05-2016,12:01,12,Afternoon,Thursday,0,Spring,2,2.26,Low,8.9,15.2,1.0
Chinatown,Fort Greene,25-04-2016,08:37,8,Morning,Monday,0,Spring,3,1.28,High,9.4,8.2,1.8
Harlem,South Slope,04-04-2016,13:19,13,Afternoon,Monday,0,Spring,4,1.12,Low,4.8,14.0,1.0
Upper West Side,Chelsea,04-05-2016,08:13,8,Morning,Wednesday,0,Spring,1,1.11,High,2.6,25.6,1.8
Park Slope,South Slope,15-05-2016,03:19,3,Night,Sunday,1,Spring,1,1.96,Low,7.2,16.3,1.0
Park Slope,East Harlem,11-03-2016,18:51,18,Evening,Friday,0,Spring,2,1.68,High,13.8,7.3,1.8
Fort Greene,Williamsburg,05-01-2016,01:41,1,Night,Tuesday,0,Winter,1,0.98,Low,3.0,19.6,1.0
Clinton Hill,Upper West Side,11-02-2016,21:51,21,Evening,Thursday,0,Winter,1,2.58,Low,8.2,18.9,1.0
Bedford-Stuyvesant,Harlem,19-03-2016,06:07,6,Morning,Saturday,1,Spring,1,2.04,Low,6.5,18.8,1.0
Harlem,Harlem,31-01-2016,12:50,12,Afternoon,Sunday,1,Winter,1,3.33,Low,12.7,15.7,1.0
Bensonhurst,Arverne,27-05-2016,13:54,13,Afternoon,Friday,0,Spring,2,3.82,Low,17.1,13.4,1.0
Upper West Side,Harlem,01-02-2016,17:19,17,Afternoon,Monday,0,Winter,1,1.07,High,8.6,7.5,1.8
Bedford-Stuyvesant,East Harlem,03-06-2016,18:01,18,Evening,Friday,0,Summer,1,1.33,High,13.5,5.9,1.8
Hell's Kitchen,Bedford-Stuyvesant,29-04-2016,15:31,15,Afternoon,Friday,0,Spring,2,3.14,Low,12.6,15.0,1.0
Clinton Hill,Bedford-Stuyvesant,29-06-2016,22:58,22,Evening,Wednesday,0,Summer,1,13.95,Low,33.8,24.8,1.0
Upper West Side,Upper West Side,07-02-2016,23:58,23,Evening,Sunday,1,Winter,1,4.05,Low,11.3,21.5,1.0
Park Slope,Upper West Side,05-05-2016,19:47,19,Evening,Thursday,0,Spring,1,0.88,High,3.4,15.5,1.8
Murray Hill,Harlem,14-06-2016,12:55,12,Afternoon,Tuesday,0,Summer,5,3.04,Low,30.6,6.0,1.0
Williamsburg,Clinton Hill,13-02-2016,18:41,18,Evening,Saturday,1,Winter,3,0.98,High,5.8,10.1,1.8
Bedford-Stuyvesant,Bedford-Stuyvesant,23-06-2016,20:52,20,Evening,Thursday,0,Summer,1,1.74,Medium,8.8,11.9,1.3
Hell's Kitchen,Bedford-Stuyvesant,26-01-2016,18:58,18,Evening,Tuesday,0,Winter,1,1.37,High,6.6,12.5,1.8
Sheepshead Bay,Arverne,27-06-2016,11:05,11,Morning,Monday,0,Summer,1,2.95,Low,10.1,17.5,1.0
East Harlem,Kensington,15-02-2016,15:29,15,Afternoon,Monday,0,Winter,3,1.41,Low,9.8,8.6,1.0
Murray Hill,Park Slope,27-03-2016,22:53,22,Evening,Sunday,1,Spring,1,3.06,Low,15.3,12.0,1.0
Harlem,East Harlem,09-05-2016,17:00,17,Afternoon,Monday,0,Spring,1,9.18,High,32.4,17.0,1.8
Bedford-Stuyvesant,Williamsburg,27-05-2016,09:51,9,Morning,Friday,0,Spring,1,1.99,High,10.0,11.9,1.8
Upper West Side,Murray Hill,13-06-2016,20:27,20,Evening,Monday,0,Summer,3,3.3,Medium,14.5,13.7,1.3
Hell's Kitchen,East Harlem,06-01-2016,15:28,15,Afternoon,Wednesday,0,Winter,2,1.04,Low,10.0,6.2,1.0
Upper West Side,Park Slope,24-06-2016,22:43,22,Evening,Friday,0,Summer,1,2.85,Low,24.2,7.1,1.0
Upper West Side,South Slope,02-03-2016,07:04,7,Morning,Wednesday,0,Spring,1,10.73,Medium,12.7,50.7,1.3
South Slope,Harlem,05-06-2016,12:25,12,Afternoon,Sunday,1,Summer,1,5.52,Low,35.6,9.3,1.0
West Village,East Harlem,28-01-2016,08:55,8,Morning,Thursday,0,Winter,1,3.15,High,11.2,16.9,1.8
Bedford-Stuyvesant,Harlem,01-06-2016,14:51,14,Afternoon,Wednesday,0,Summer,5,2.58,Low,18.8,8.2,1.0
East Harlem,East Harlem,27-05-2016,15:58,15,Afternoon,Friday,0,Spring,1,3.26,Low,27.7,7.1,1.0
East Harlem,East Harlem,30-03-2016,21:45,21,Evening,Wednesday,0,Spring,1,1.87,Low,14.2,7.9,1.0
Midwood,Huguenot,27-04-2016,02:40,2,Night,Wednesday,0,Spring,1,21.01,Low,26.7,47.2,1.0
Harlem,Midtown,26-03-2016,18:30,18,Evening,Saturday,1,Spring,1,2.21,High,11.0,12.1,1.8
Hell's Kitchen,East Harlem,15-03-2016,23:33,23,Evening,Tuesday,0,Spring,1,1.67,Low,3.0,33.4,1.0
Bensonhurst,Randall Manor,14-04-2016,19:43,19,Evening,Thursday,0,Spring,1,0.62,High,22.4,1.7,1.8
Upper West Side,South Slope,29-02-2016,15:10,15,Afternoon,Monday,0,Winter,2,0.78,Low,4.7,10.0,1.0
Upper West Side,Upper West Side,01-01-2016,00:34,0,Night,Friday,0,Winter,1,5.7,Low,16.4,20.9,1.0
South Slope,Williamsburg,16-04-2016,21:19,21,Evening,Saturday,1,Spring,1,3.29,Low,24.2,8.2,1.0
Great Kills,Edgemere,22-06-2016,16:26,16,Afternoon,Wednesday,0,Summer,1,16.44,Medium,95.3,10.4,1.3
Tottenville,Great Kills,18-02-2016,01:08,1,Night,Thursday,0,Winter,6,23.34,Low,25.2,55.6,1.0
Bedford-Stuyvesant,Chelsea,25-03-2016,19:23,19,Evening,Friday,0,Spring,1,2.44,High,13.7,10.7,1.8
Windsor Terrace,Upper West Side,13-02-2016,19:37,19,Evening,Saturday,1,Winter,1,1.43,High,6.4,13.4,1.8
Bedford-Stuyvesant,Upper West Side,31-03-2016,22:21,22,Evening,Thursday,0,Spring,1,0.98,Low,4.2,14.0,1.0
Upper West Side,Crown Heights,28-01-2016,11:13,11,Morning,Thursday,0,Winter,1,2.91,Low,15.1,11.6,1.0
Fort Greene,Kensington,20-04-2016,13:19,13,Afternoon,Wednesday,0,Spring,1,0.99,Low,6.1,9.7,1.0
Fort Greene,Hell's Kitchen,01-03-2016,10:00,10,Morning,Tuesday,0,Spring,1,6.38,Medium,31.0,12.3,1.3
Hell's Kitchen,Upper West Side,18-04-2016,22:34,22,Evening,Monday,0,Spring,5,1.74,Low,4.4,23.7,1.0
West Village,Harlem,16-04-2016,15:21,15,Afternoon,Saturday,1,Spring,1,1.84,Low,7.3,15.1,1.0
Clinton Hill,Williamsburg,17-06-2016,07:57,7,Morning,Friday,0,Summer,1,0.74,Medium,3.3,13.5,1.3
Upper West Side,East Harlem,12-03-2016,15:51,15,Afternoon,Saturday,1,Spring,2,1.4,Low,8.6,9.8,1.0
"Bay Terrace, Staten Island",Bath Beach,26-02-2016,08:38,8,Morning,Friday,0,Winter,1,11.37,High,33.6,20.3,1.8
West Village,Harlem,21-06-2016,09:13,9,Morning,Tuesday,0,Summer,1,4.12,High,16.7,14.8,1.8
Murray Hill,West Village,30-04-2016,16:37,16,Afternoon,Saturday,1,Spring,5,0.73,Medium,1.9,23.1,1.3
Oakwood,Dyker Heights,06-05-2016,18:08,18,Evening,Friday,0,Spring,1,12.73,High,37.5,20.4,1.8
Crown Heights,East Harlem,11-02-2016,08:24,8,Morning,Thursday,0,Winter,1,1.67,High,9.4,10.7,1.8
Harlem,Harlem,06-04-2016,16:03,16,Afternoon,Wednesday,0,Spring,1,3.32,Medium,18.4,10.8,1.3
Bedford-Stuyvesant,East Harlem,09-01-2016,21:00,21,Evening,Saturday,1,Winter,1,0.73,Low,3.8,11.5,1.0
Hell's Kitchen,East Harlem,07-01-2016,12:00,12,Afternoon,Thursday,0,Winter,1,3.91,Low,20.0,11.7,1.0
Prince's Bay,Eltingville,14-02-2016,11:02,11,Morning,Sunday,1,Winter,1,11.69,Low,16.9,41.5,1.0
Upper West Side,South Slope,12-04-2016,21:20,21,Evening,Tuesday,0,Spring,1,7.61,Low,19.8,23.1,1.0
South Slope,Upper West Side,20-06-2016,18:33,18,Evening,Monday,0,Summer,1,1.81,High,6.5,16.7,1.8
East Harlem,Harlem,01-06-2016,09:26,9,Morning,Wednesday,0,Summer,1,2.48,High,20.1,7.4,1.8
Upper West Side,Harlem,12-02-2016,07:19,7,Morning,Friday,0,Winter,1,4.41,Medium,13.9,19.0,1.3
Harlem,West Village,13-01-2016,06:06,6,Morning,Wednesday,0,Winter,1,3.0,Low,7.4,24.3,1.0
East Harlem,Harlem,10-04-2016,13:55,13,Afternoon,Sunday,1,Spring,1,0.62,Low,6.7,5.6,1.0
Bedford-Stuyvesant,Upper West Side,19-03-2016,20:22,20,Evening,Saturday,1,Spring,1,5.98,Medium,19.6,18.3,1.3
West Village,Fort Greene,20-01-2016,19:16,19,Evening,Wednesday,0,Winter,1,2.14,High,11.4,11.3,1.8
Grant City,New Dorp Beach,15-06-2016,06:00,6,Morning,Wednesday,0,Summer,1,12.49,Low,19.4,38.6,1.0
Kensington,Kensington,29-03-2016,23:44,23,Evening,Tuesday,0,Spring,1,15.42,Low,23.0,40.2,1.0
Bedford-Stuyvesant,Upper West Side,03-04-2016,20:31,20,Evening,Sunday,1,Spring,1,1.14,Medium,3.3,20.7,1.3
Eltingville,Great Kills,26-05-2016,09:18,9,Morning,Thursday,0,Spring,1,20.72,High,32.2,38.6,1.8
"Bay Terrace, Staten Island",Sheepshead Bay,21-06-2016,22:06,22,Evening,Tuesday,0,Summer,1,10.72,Low,19.5,33.0,1.0
Fort Greene,South Slope,01-05-2016,01:10,1,Night,Sunday,1,Spring,1,2.2,Low,11.5,11.5,1.0
Harlem,Clinton Hill,29-04-2016,11:06,11,Morning,Friday,0,Spring,1,3.81,Low,15.8,14.5,1.0
Upper West Side,Kensington,15-06-2016,07:14,7,Morning,Wednesday,0,Summer,1,3.85,Medium,12.3,18.8,1.3
Great Kills,Sheepshead Bay,13-01-2016,08:09,8,Morning,Wednesday,0,Winter,1,10.37,High,27.7,22.5,1.8
Upper West Side,Bedford-Stuyvesant,20-03-2016,00:06,0,Night,Sunday,1,Spring,1,1.25,Low,7.0,10.7,1.0
Crown Heights,Upper West Side,11-05-2016,09:57,9,Morning,Wednesday,0,Spring,1,1.68,High,7.9,12.8,1.8
Harlem,Park Slope,21-03-2016,09:15,9,Morning,Monday,0,Spring,5,4.21,High,22.6,11.2,1.8
Clinton Hill,Crown Heights,02-05-2016,14:34,14,Afternoon,Monday,0,Spring,1,1.19,Low,6.0,11.9,1.0
Crown Heights,East Harlem,09-02-2016,17:42,17,Afternoon,Tuesday,0,Winter,1,1.93,High,11.5,10.1,1.8
Fort Greene,Harlem,29-04-2016,23:10,23,Evening,Friday,0,Spring,1,0.98,Low,2.8,21.0,1.0
Harlem,Hell's Kitchen,12-05-2016,20:02,20,Evening,Thursday,0,Spring,3,2.29,Medium,22.5,6.1,1.3
West Village,West Village,27-05-2016,00:24,0,Night,Friday,0,Spring,1,2.88,Low,15.0,11.5,1.0
West Village,Midtown,25-05-2016,14:01,14,Afternoon,Wednesday,0,Spring,1,2.56,Low,24.1,6.4,1.0
Midtown,South Slope,22-05-2016,23:13,23,Evening,Sunday,1,Spring,2,3.32,Low,5.7,34.9,1.0
Bedford-Stuyvesant,Harlem,01-02-2016,18:31,18,Evening,Monday,0,Winter,1,1.81,High,7.1,15.3,1.8
Hell's Kitchen,South Slope,26-03-2016,02:11,2,Night,Saturday,1,Spring,2,0.84,Low,5.4,9.3,1.0
Upper West Side,Hell's Kitchen,12-05-2016,08:26,8,Morning,Thursday,0,Spring,2,6.9,High,29.2,14.2,1.8
Clinton Hill,East Harlem,01-06-2016,14:01,14,Afternoon,Wednesday,0,Summer,1,0.7,Low,4.5,9.3,1.0
Greenpoint,East Harlem,21-05-2016,10:52,10,Morning,Saturday,1,Spring,4,1.08,Medium,2.6,24.9,1.3
Williamsburg,Murray Hill,16-01-2016,09:00,9,Morning,Saturday,1,Winter,1,1.96,High,7.6,15.5,1.8
Chinatown,West Village,04-02-2016,23:45,23,Evening,Thursday,0,Winter,2,1.96,Low,6.0,19.6,1.0
Harlem,Williamsburg,31-03-2016,03:39,3,Night,Thursday,0,Spring,1,7.25,Low,12.0,36.2,1.0
West Village,Williamsburg,17-05-2016,19:34,19,Evening,Tuesday,0,Spring,1,1.46,High,9.1,9.6,1.8
Chinatown,East Harlem,24-06-2016,12:49,12,Afternoon,Friday,0,Summer,1,6.94,Low,34.4,12.1,1.0
East Harlem,Park Slope,08-04-2016,16:34,16,Afternoon,Friday,0,Spring,6,1.06,Medium,5.4,11.8,1.3
Bedford-Stuyvesant,Harlem,04-05-2016,23:14,23,Evening,Wednesday,0,Spring,1,4.11,Low,12.1,20.4,1.0
Harlem,Upper West Side,05-04-2016,08:25,8,Morning,Tuesday,0,Spring,1,4.38,High,15.5,17.0,1.8
Upper West Side,West Village,13-04-2016,17:11,17,Afternoon,Wednesday,0,Spring,1,0.85,High,4.2,12.1,1.8
Upper West Side,South Slope,11-03-2016,22:42,22,Evening,Friday,0,Spring,1,0.73,Low,3.9,11.2,1.0
Fort Hamilton,"Bay Terrace, Staten Island",24-06-2016,11:24,11,Morning,Friday,0,Summer,5,11.98,Low,20.5,35.1,1.0
East Harlem,Harlem,22-02-2016,13:00,13,Afternoon,Monday,0,Winter,1,2.0,Low,13.0,9.2,1.0
Crown Heights,Midtown,01-06-2016,17:04,17,Afternoon,Wednesday,0,Summer,1,3.16,High,14.4,13.2,1.8
East Harlem,Upper West Side,29-01-2016,23:36,23,Evening,Friday,0,Winter,1,5.74,Low,22.3,15.4,1.0
East Harlem,East Harlem,22-06-2016,02:36,2,Night,Wednesday,0,Summer,1,8.84,Low,21.4,24.8,1.0
Bedford-Stuyvesant,East Harlem,05-03-2016,07:31,7,Morning,Saturday,1,Spring,1,2.48,Medium,7.6,19.6,1.3
Harlem,East Harlem,17-06-2016,15:24,15,Afternoon,Friday,0,Summer,5,6.86,Low,31.6,13.0,1.0
Upper West Side,Williamsburg,20-03-2016,21:26,21,Evening,Sunday,1,Spring,1,1.57,Low,4.9,19.2,1.0
Hell's Kitchen,Harlem,29-01-2016,21:17,21,Evening,Friday,0,Winter,2,1.91,Low,9.8,11.7,1.0
South Slope,Harlem,09-06-2016,17:42,17,Afternoon,Thursday,0,Summer,5,1.02,High,6.7,9.1,1.8
Bayswater,Sheepshead Bay,08-01-2016,14:54,14,Afternoon,Friday,0,Winter,1,2.12,Low,14.4,8.8,1.0
Crown Heights,East Harlem,14-01-2016,07:00,7,Morning,Thursday,0,Winter,1,1.62,Medium,8.3,11.7,1.3
Arverne,Arrochar,19-01-2016,13:11,13,Afternoon,Tuesday,0,Winter,1,1.09,Low,6.9,9.5,1.0
East Harlem,East Harlem,17-04-2016,17:14,17,Afternoon,Sunday,1,Spring,1,2.26,High,12.4,10.9,1.8
Upper West Side,Upper West Side,05-01-2016,15:35,15,Afternoon,Tuesday,0,Winter,1,2.19,Low,9.9,13.3,1.0
Midwood,Midwood,17-01-2016,11:17,11,Morning,Sunday,1,Winter,1,0.71,Low,5.4,7.9,1.0
Flatbush,Park Slope,03-05-2016,03:44,3,Night,Tuesday,0,Spring,2,0.83,Low,5.0,10.0,1.0
East Harlem,Harlem,21-01-2016,23:32,23,Evening,Thursday,0,Winter,1,1.32,Low,5.7,13.9,1.0
Flatbush,Bayswater,21-02-2016,09:15,9,Morning,Sunday,1,Winter,1,1.79,High,6.4,16.8,1.8
Harlem,East Harlem,19-03-2016,17:57,17,Afternoon,Saturday,1,Spring,1,2.36,High,12.8,11.1,1.8
East Harlem,Williamsburg,04-01-2016,23:36,23,Evening,Monday,0,Winter,1,1.21,Low,3.2,22.7,1.0
Clinton Hill,Harlem,08-05-2016,09:28,9,Morning,Sunday,1,Spring,6,2.26,High,9.6,14.1,1.8
Bedford-Stuyvesant,Harlem,14-01-2016,18:58,18,Evening,Thursday,0,Winter,1,2.91,High,10.2,17.1,1.8
Clinton Hill,Upper West Side,28-01-2016,07:53,7,Morning,Thursday,0,Winter,1,1.7,Medium,5.2,19.6,1.3
Murray Hill,Harlem,24-01-2016,13:49,13,Afternoon,Sunday,1,Winter,1,2.78,Low,12.9,12.9,1.0
Park Slope,South Slope,06-03-2016,03:51,3,Night,Sunday,1,Spring,2,8.76,Low,13.6,38.6,1.0
Bedford-Stuyvesant,Park Slope,30-06-2016,00:58,0,Night,Thursday,0,Summer,1,0.88,Low,3.9,13.5,1.0
Williamsburg,Upper West Side,04-05-2016,03:21,3,Night,Wednesday,0,Spring,2,1.44,Low,5.2,16.6,1.0
East Harlem,South Slope,07-03-2016,16:03,16,Afternoon,Monday,0,Spring,5,0.7,Medium,4.6,9.1,1.3
Crown Heights,Hell's Kitchen,17-04-2016,19:28,19,Evening,Sunday,1,Spring,1,3.83,High,18.0,12.8,1.8
East Village,Upper West Side,26-06-2016,01:56,1,Night,Sunday,1,Summer,5,2.22,Low,10.3,12.9,1.0
Harlem,West Village,15-02-2016,16:44,16,Afternoon,Monday,0,Winter,2,1.88,Medium,18.1,6.2,1.3
Murray Hill,Bedford-Stuyvesant,12-03-2016,18:38,18,Evening,Saturday,1,Spring,1,4.78,High,22.2,12.9,1.8
Harlem,East Harlem,18-04-2016,16:58,16,Afternoon,Monday,0,Spring,1,2.27,Medium,10.8,12.6,1.3
Kensington,Upper West Side,16-03-2016,12:48,12,Afternoon,Wednesday,0,Spring,3,2.64,Low,15.4,10.3,1.0
Bedford-Stuyvesant,Upper West Side,21-02-2016,19:14,19,Evening,Sunday,1,Winter,1,1.02,High,4.2,14.6,1.8
East Village,Upper West Side,07-02-2016,17:41,17,Afternoon,Sunday,1,Winter,5,2.62,High,14.5,10.8,1.8
Greenpoint,East Harlem,03-01-2016,02:00,2,Night,Sunday,1,Winter,2,2.95,Low,14.0,12.6,1.0
East Harlem,East Harlem,13-04-2016,21:47,21,Evening,Wednesday,0,Spring,1,2.74,Low,16.3,10.1,1.0
Inwood,Upper West Side,03-06-2016,15:48,15,Afternoon,Friday,0,Summer,1,2.95,Low,21.3,8.3,1.0
East Harlem,Harlem,08-03-2016,21:07,21,Evening,Tuesday,0,Spring,5,2.69,Low,9.7,16.6,1.0
Kensington,Harlem,23-05-2016,21:29,21,Evening,Monday,0,Spring,4,4.17,Low,15.5,16.1,1.0
Park Slope,Park Slope,10-04-2016,03:13,3,Night,Sunday,1,Spring,2,0.72,Low,7.7,5.6,1.0
South Slope,Kensington,17-05-2016,07:34,7,Morning,Tuesday,0,Spring,1,2.16,Medium,12.0,10.8,1.3
Harlem,Upper West Side,05-04-2016,23:08,23,Evening,Tuesday,0,Spring,2,2.31,Low,15.2,9.1,1.0
South Slope,East Harlem,20-04-2016,21:36,21,Evening,Wednesday,0,Spring,1,4.27,Low,12.5,20.5,1.0
Williamsburg,South Slope,01-03-2016,23:21,23,Evening,Tuesday,0,Spring,1,0.24,Low,1.1,13.1,1.0
Clinton Hill,Chinatown,19-03-2016,03:26,3,Night,Saturday,1,Spring,5,3.6,Low,6.5,33.2,1.0
Fort Greene,Clinton Hill,27-04-2016,18:56,18,Evening,Wednesday,0,Spring,2,1.46,High,28.7,3.1,1.8
Kensington,West Village,09-02-2016,12:43,12,Afternoon,Tuesday,0,Winter,6,3.03,Low,27.5,6.6,1.0
Harlem,South Slope,14-06-2016,06:22,6,Morning,Tuesday,0,Summer,1,1.49,Low,6.8,13.1,1.0
Sheepshead Bay,Fort Hamilton,29-05-2016,18:26,18,Evening,Sunday,1,Spring,1,1.38,High,8.7,9.5,1.8
South Slope,Midtown,05-05-2016,22:55,22,Evening,Thursday,0,Spring,1,5.92,Low,8.5,41.8,1.0
East Harlem,Upper West Side,16-01-2016,16:24,16,Afternoon,Saturday,1,Winter,1,3.32,Medium,12.3,16.2,1.3
Bedford-Stuyvesant,Harlem,16-01-2016,08:17,8,Morning,Saturday,1,Winter,1,1.69,High,7.1,14.3,1.8
Gravesend,Flatlands,30-06-2016,06:44,6,Morning,Thursday,0,Summer,2,3.74,Low,9.8,22.9,1.0
East Harlem,Upper West Side,10-06-2016,17:33,17,Afternoon,Friday,0,Summer,1,1.93,High,8.2,14.1,1.8
Oakwood,Willowbrook,22-06-2016,21:20,21,Evening,Wednesday,0,Summer,1,15.06,Low,29.6,30.5,1.0
Bedford-Stuyvesant,Harlem,13-06-2016,01:07,1,Night,Monday,0,Summer,2,2.07,Low,3.6,34.5,1.0
Far Rockaway,Rosebank,14-03-2016,18:47,18,Evening,Monday,0,Spring,1,0.91,High,5.7,9.6,1.8
Hell's Kitchen,West Village,22-02-2016,17:54,17,Afternoon,Monday,0,Winter,1,9.07,High,34.1,16.0,1.8
Tottenville,Great Kills,15-02-2016,00:24,0,Night,Monday,0,Winter,2,7.51,Low,18.4,24.5,1.0
East Harlem,East Harlem,18-02-2016,20:26,20,Evening,Thursday,0,Winter,4,0.5,Medium,1.0,30.0,1.3
Park Slope,Bedford-Stuyvesant,02-03-2016,10:24,10,Morning,Wednesday,0,Spring,1,1.0,Medium,10.0,6.0,1.3
East Harlem,East Village,01-03-2016,22:43,22,Evening,Tuesday,0,Spring,1,1.18,Low,5.9,12.0,1.0
Tottenville,Huguenot,30-03-2016,20:44,20,Evening,Wednesday,0,Spring,2,24.81,Medium,37.7,39.5,1.3
East Harlem,Upper West Side,28-02-2016,23:00,23,Evening,Sunday,1,Winter,1,1.87,Low,8.6,13.0,1.0
Williamsburg,Clinton Hill,06-06-2016,17:24,17,Afternoon,Monday,0,Summer,1,1.77,High,8.2,13.0,1.8
Harlem,Bedford-Stuyvesant,22-02-2016,08:43,8,Morning,Monday,0,Winter,1,1.7,High,9.4,10.9,1.8
Upper West Side,West Village,24-04-2016,18:44,18,Evening,Sunday,1,Spring,1,4.82,High,15.8,18.3,1.8
Clinton Hill,Harlem,07-03-2016,13:35,13,Afternoon,Monday,0,Spring,1,2.02,Low,17.9,6.8,1.0
Park Slope,East Village,24-04-2016,22:04,22,Evening,Sunday,1,Spring,1,1.85,Low,6.2,17.9,1.0
East Harlem,Murray Hill,05-01-2016,09:54,9,Morning,Tuesday,0,Winter,1,2.55,High,11.3,13.5,1.8
Bedford-Stuyvesant,West Village,28-02-2016,17:44,17,Afternoon,Sunday,1,Winter,6,3.22,High,13.7,14.1,1.8
Tottenville,Huguenot,30-04-2016,20:40,20,Evening,Saturday,1,Spring,1,14.84,Medium,25.3,35.2,1.3
Upper West Side,Harlem,15-02-2016,00:51,0,Night,Monday,0,Winter,3,0.98,Low,1.1,53.5,1.0
East Harlem,West Village,14-04-2016,11:59,11,Morning,Thursday,0,Spring,2,5.68,Low,21.0,16.2,1.0
Hell's Kitchen,Harlem,27-06-2016,09:08,9,Morning,Monday,0,Summer,1,8.19,High,15.6,31.5,1.8
Upper West Side,Bedford-Stuyvesant,11-05-2016,19:39,19,Evening,Wednesday,0,Spring,1,2.98,High,13.7,13.1,1.8
Bensonhurst,Midwood,07-03-2016,09:21,9,Morning,Monday,0,Spring,1,2.38,High,19.7,7.2,1.8
Harlem,South Slope,29-01-2016,08:58,8,Morning,Friday,0,Winter,1,0.57,High,2.4,14.2,1.8
Tottenville,Eltingville,02-06-2016,23:11,23,Evening,Thursday,0,Summer,1,24.76,Low,33.5,44.3,1.0
Tottenville,Tottenville,20-03-2016,16:05,16,Afternoon,Sunday,1,Spring,1,27.24,Medium,42.3,38.6,1.3
East Harlem,Bedford-Stuyvesant,09-02-2016,18:21,18,Evening,Tuesday,0,Winter,1,0.66,High,4.8,8.2,1.8
Inwood,South Slope,04-02-2016,09:36,9,Morning,Thursday,0,Winter,1,0.96,High,5.9,9.8,1.8
Harlem,Upper West Side,14-05-2016,10:10,10,Morning,Saturday,1,Spring,1,3.93,Medium,5.8,40.7,1.3
Crown Heights,Crown Heights,15-05-2016,18:11,18,Evening,Sunday,1,Spring,1,1.32,High,6.2,12.8,1.8
Bedford-Stuyvesant,Harlem,16-03-2016,19:27,19,Evening,Wednesday,0,Spring,1,2.02,High,9.1,13.3,1.8
Flatbush,Gravesend,06-04-2016,05:18,5,Night,Wednesday,0,Spring,1,3.72,Low,8.7,25.7,1.0
Fort Greene,Upper West Side,10-04-2016,03:45,3,Night,Sunday,1,Spring,1,1.75,Low,5.7,18.4,1.0
Bedford-Stuyvesant,Fort Greene,20-04-2016,05:26,5,Night,Wednesday,0,Spring,1,2.91,Low,10.3,17.0,1.0
Upper West Side,Park Slope,07-02-2016,01:31,1,Night,Sunday,1,Winter,1,0.7,Low,3.8,11.1,1.0
Harlem,Crown Heights,16-05-2016,13:08,13,Afternoon,Monday,0,Spring,1,5.16,Low,23.9,13.0,1.0
Sheepshead Bay,Fort Hamilton,30-03-2016,07:51,7,Morning,Wednesday,0,Spring,1,6.73,Medium,21.5,18.8,1.3
Bath Beach,Midwood,07-06-2016,07:42,7,Morning,Tuesday,0,Summer,1,4.29,Medium,24.3,10.6,1.3
Midtown,East Harlem,28-05-2016,21:59,21,Evening,Saturday,1,Spring,2,1.87,Low,6.2,18.1,1.0
Bedford-Stuyvesant,South Slope,20-03-2016,03:38,3,Night,Sunday,1,Spring,1,2.02,Low,9.4,12.9,1.0
Hell's Kitchen,Bedford-Stuyvesant,19-02-2016,17:46,17,Afternoon,Friday,0,Winter,1,1.4,High,8.4,10.0,1.8
West Village,Chinatown,06-02-2016,01:27,1,Night,Saturday,1,Winter,1,2.11,Low,8.1,15.6,1.0
Bedford-Stuyvesant,Kensington,20-05-2016,13:59,13,Afternoon,Friday,0,Spring,1,3.12,Low,26.3,7.1,1.0
Harlem,Harlem,04-01-2016,18:51,18,Evening,Monday,0,Winter,2,2.33,High,12.6,11.1,1.8
Upper West Side,Harlem,13-02-2016,12:12,12,Afternoon,Saturday,1,Winter,1,1.01,Low,19.3,3.1,1.0
Kensington,East Harlem,01-04-2016,16:07,16,Afternoon,Friday,0,Spring,1,2.08,Medium,5.0,25.0,1.3
Williamsburg,Fort Greene,14-03-2016,07:58,7,Morning,Monday,0,Spring,1,1.93,Medium,9.0,12.9,1.3
Murray Hill,Hell's Kitchen,27-05-2016,09:29,9,Morning,Friday,0,Spring,3,1.88,High,11.9,9.5,1.8
Inwood,Crown Heights,22-04-2016,19:50,19,Evening,Friday,0,Spring,1,1.68,High,12.3,8.2,1.8
Inwood,East Harlem,15-03-2016,21:36,21,Evening,Tuesday,0,Spring,2,1.71,Low,5.1,20.1,1.0
Chinatown,West Village,02-04-2016,11:58,11,Morning,Saturday,1,Spring,1,0.27,Low,1.8,9.0,1.0
Bedford-Stuyvesant,South Slope,05-02-2016,20:33,20,Evening,Friday,0,Winter,1,2.82,Medium,9.9,17.1,1.3
Fort Greene,Windsor Terrace,08-06-2016,10:08,10,Morning,Wednesday,0,Summer,1,1.56,Medium,11.0,8.5,1.3
Windsor Terrace,Park Slope,01-03-2016,19:50,19,Evening,Tuesday,0,Spring,1,1.82,High,7.4,14.8,1.8
South Slope,Inwood,22-01-2016,11:21,11,Morning,Friday,0,Winter,1,0.46,Low,2.1,13.1,1.0
West Brighton,Concord,12-04-2016,06:44,6,Morning,Tuesday,0,Spring,1,3.51,Low,8.7,24.2,1.0
Clinton Hill,East Harlem,17-02-2016,19:29,19,Evening,Wednesday,0,Winter,2,3.69,High,20.6,10.7,1.8
Bedford-Stuyvesant,Clinton Hill,08-06-2016,17:57,17,Afternoon,Wednesday,0,Summer,1,4.61,High,45.5,6.1,1.8
Bedford-Stuyvesant,Upper West Side,01-06-2016,16:12,16,Afternoon,Wednesday,0,Summer,2,0.91,Medium,5.9,9.3,1.3
East Harlem,Kensington,19-01-2016,18:57,18,Evening,Tuesday,0,Winter,2,1.33,High,7.5,10.6,1.8
Harlem,Hell's Kitchen,05-02-2016,17:12,17,Afternoon,Friday,0,Winter,1,3.09,High,8.3,22.3,1.8
Harlem,Harlem,11-05-2016,09:35,9,Morning,Wednesday,0,Spring,5,3.51,High,28.1,7.5,1.8
West Village,Bedford-Stuyvesant,14-03-2016,14:01,14,Afternoon,Monday,0,Spring,1,0.4,Low,1.8,13.3,1.0
Bedford-Stuyvesant,South Slope,04-02-2016,08:58,8,Morning,Thursday,0,Winter,1,0.67,High,5.1,7.9,1.8
Fort Hamilton,Fort Hamilton,15-01-2016,06:59,6,Morning,Friday,0,Winter,1,1.01,Low,3.2,18.9,1.0
Fort Hamilton,Rosebank,19-01-2016,09:10,9,Morning,Tuesday,0,Winter,1,1.94,High,11.9,9.8,1.8
Harlem,Upper West Side,13-05-2016,07:34,7,Morning,Friday,0,Spring,1,2.03,Medium,10.1,12.1,1.3
Kensington,East Harlem,22-04-2016,14:21,14,Afternoon,Friday,0,Spring,1,1.87,Low,9.4,11.9,1.0
Chelsea,Upper West Side,04-01-2016,06:48,6,Morning,Monday,0,Winter,1,1.16,Low,3.4,20.5,1.0
Great Kills,Clifton,03-02-2016,23:46,23,Evening,Wednesday,0,Winter,1,13.48,Low,18.2,44.4,1.0
Hell's Kitchen,Harlem,28-01-2016,10:32,10,Morning,Thursday,0,Winter,1,2.89,Medium,25.0,6.9,1.3
Upper West Side,Bedford-Stuyvesant,07-01-2016,21:20,21,Evening,Thursday,0,Winter,1,1.94,Low,7.0,16.6,1.0
Inwood,Harlem,14-06-2016,04:23,4,Night,Tuesday,0,Summer,5,13.59,Low,26.1,31.2,1.0
Sheepshead Bay,Bensonhurst,07-05-2016,10:57,10,Morning,Saturday,1,Spring,1,2.78,Medium,13.5,12.4,1.3
Bedford-Stuyvesant,Harlem,09-06-2016,09:05,9,Morning,Thursday,0,Summer,6,1.9,High,14.4,7.9,1.8
Williamsburg,East Harlem,15-04-2016,16:24,16,Afternoon,Friday,0,Spring,1,1.23,Medium,5.9,12.5,1.3
Great Kills,Bensonhurst,18-03-2016,10:38,10,Morning,Friday,0,Spring,2,11.97,Medium,51.5,13.9,1.3
Hell's Kitchen,Williamsburg,08-05-2016,18:47,18,Evening,Sunday,1,Spring,6,2.07,High,8.6,14.4,1.8
Harlem,Clinton Hill,18-02-2016,18:54,18,Evening,Thursday,0,Winter,1,1.6,High,3.8,25.3,1.8
Harlem,Harlem,28-04-2016,19:24,19,Evening,Thursday,0,Spring,1,1.65,High,6.8,14.6,1.8
South Slope,Harlem,24-03-2016,10:13,10,Morning,Thursday,0,Spring,1,4.9,Medium,24.5,12.0,1.3
Upper West Side,West Village,05-04-2016,00:29,0,Night,Tuesday,0,Spring,1,4.36,Low,12.2,21.4,1.0
Clinton Hill,East Harlem,14-05-2016,17:18,17,Afternoon,Saturday,1,Spring,1,0.99,High,6.2,9.6,1.8
South Slope,Upper West Side,09-01-2016,09:41,9,Morning,Saturday,1,Winter,1,2.61,High,7.3,21.5,1.8
Chinatown,East Harlem,18-04-2016,13:45,13,Afternoon,Monday,0,Spring,1,3.72,Low,12.9,17.3,1.0
Harlem,Harlem,12-03-2016,22:10,22,Evening,Saturday,1,Spring,1,9.43,Low,24.2,23.4,1.0
Murray Hill,Chelsea,23-02-2016,17:38,17,Afternoon,Tuesday,0,Winter,1,4.27,High,18.9,13.6,1.8
East Harlem,East Harlem,14-06-2016,19:07,19,Evening,Tuesday,0,Summer,1,0.92,High,6.2,8.9,1.8
South Slope,East Harlem,28-04-2016,21:39,21,Evening,Thursday,0,Spring,1,2.83,Low,9.4,18.1,1.0
East Harlem,Williamsburg,14-03-2016,17:19,17,Afternoon,Monday,0,Spring,1,2.1,High,6.6,19.1,1.8
Gravesend,Arden Heights,16-06-2016,13:37,13,Afternoon,Thursday,0,Summer,1,15.04,Low,41.2,21.9,1.0
Upper West Side,East Harlem,04-01-2016,15:45,15,Afternoon,Monday,0,Winter,6,4.91,Low,18.9,15.6,1.0
Murray Hill,Bedford-Stuyvesant,11-05-2016,20:59,20,Evening,Wednesday,0,Spring,2,1.53,Medium,7.7,11.9,1.3
Midtown,East Harlem,12-01-2016,20:13,20,Evening,Tuesday,0,Winter,1,3.03,Medium,10.6,17.2,1.3
Great Kills,Brighton Beach,11-02-2016,19:03,19,Evening,Thursday,0,Winter,2,1.8,High,9.0,12.0,1.8
Chelsea,Bedford-Stuyvesant,06-03-2016,08:34,8,Morning,Sunday,1,Spring,1,0.92,High,10.7,5.2,1.8
East Harlem,Clinton Hill,29-02-2016,07:33,7,Morning,Monday,0,Winter,1,2.65,Medium,14.2,11.2,1.3
Hell's Kitchen,Kensington,04-03-2016,09:31,9,Morning,Friday,0,Spring,1,8.62,High,24.2,21.4,1.8
Bensonhurst,Fort Hamilton,21-05-2016,22:04,22,Evening,Saturday,1,Spring,1,1.29,Low,6.5,11.9,1.0
Bedford-Stuyvesant,East Harlem,04-03-2016,20:47,20,Evening,Friday,0,Spring,4,4.06,Medium,12.5,19.5,1.3
Park Slope,Kensington,24-05-2016,08:49,8,Morning,Tuesday,0,Spring,1,1.55,High,13.4,6.9,1.8
Clinton Hill,Upper West Side,09-06-2016,12:41,12,Afternoon,Thursday,0,Summer,1,6.59,Low,22.8,17.3,1.0
Midland Beach,Great Kills,09-02-2016,23:48,23,Evening,Tuesday,0,Winter,1,3.29,Low,9.5,20.8,1.0
South Slope,Inwood,19-05-2016,20:11,20,Evening,Thursday,0,Spring,1,1.74,Medium,14.5,7.2,1.3
East Harlem,East Harlem,31-03-2016,21:49,21,Evening,Thursday,0,Spring,1,2.44,Low,11.6,12.6,1.0
"Bay Terrace, Staten Island",Fort Hamilton,25-05-2016,13:48,13,Afternoon,Wednesday,0,Spring,1,12.57,Low,20.7,36.4,1.0
Bedford-Stuyvesant,Upper West Side,18-01-2016,00:18,0,Night,Monday,0,Winter,1,2.13,Low,7.7,16.6,1.0
Inwood,Williamsburg,03-01-2016,13:22,13,Afternoon,Sunday,1,Winter,1,1.16,Low,2.7,25.8,1.0
Harlem,South Slope,01-01-2016,02:41,2,Night,Friday,0,Winter,3,4.96,Low,15.9,18.7,1.0
Bedford-Stuyvesant,South Slope,21-05-2016,20:02,20,Evening,Saturday,1,Spring,1,5.17,Medium,15.7,19.8,1.3
"Bay Terrace, Staten Island",Tottenville,26-06-2016,17:34,17,Afternoon,Sunday,1,Summer,2,7.43,High,12.6,35.4,1.8
Park Slope,Clinton Hill,23-02-2016,06:33,6,Morning,Tuesday,0,Winter,1,2.98,Low,14.3,12.5,1.0
Midtown,East Village,26-03-2016,19:24,19,Evening,Saturday,1,Spring,3,1.4,High,17.3,4.9,1.8
Harlem,Clinton Hill,03-04-2016,12:49,12,Afternoon,Sunday,1,Spring,1,3.07,Low,11.8,15.6,1.0
West Village,Harlem,05-06-2016,01:34,1,Night,Sunday,1,Summer,2,7.46,Low,30.9,14.5,1.0
Bedford-Stuyvesant,Bedford-Stuyvesant,14-03-2016,22:26,22,Evening,Monday,0,Spring,1,0.68,Low,2.6,15.7,1.0
West Village,East Harlem,08-01-2016,18:53,18,Evening,Friday,0,Winter,1,0.6,High,20.8,1.7,1.8
Williamsburg,Clinton Hill,29-06-2016,08:54,8,Morning,Wednesday,0,Summer,1,0.98,High,8.3,7.1,1.8
Upper West Side,Inwood,30-03-2016,14:14,14,Afternoon,Wednesday,0,Spring,1,6.32,Low,26.9,14.1,1.0
Hell's Kitchen,Harlem,19-01-2016,21:44,21,Evening,Tuesday,0,Winter,1,1.87,Low,11.7,9.6,1.0
Upper West Side,Kensington,03-06-2016,21:43,21,Evening,Friday,0,Summer,2,7.52,Low,26.3,17.2,1.0
Midtown,Hell's Kitchen,07-05-2016,16:16,16,Afternoon,Saturday,1,Spring,6,2.06,Medium,12.4,10.0,1.3
Fort Greene,Park Slope,25-04-2016,19:49,19,Evening,Monday,0,Spring,5,3.39,High,16.0,12.7,1.8
Harlem,Bedford-Stuyvesant,30-04-2016,17:24,17,Afternoon,Saturday,1,Spring,1,1.37,High,7.0,11.7,1.8
West Village,Park Slope,24-03-2016,21:35,21,Evening,Thursday,0,Spring,1,0.6,Low,2.9,12.4,1.0
Arrochar,Sea Gate,24-04-2016,22:13,22,Evening,Sunday,1,Spring,2,6.43,Low,12.8,30.1,1.0
Harlem,Harlem,09-03-2016,14:20,14,Afternoon,Wednesday,0,Spring,1,2.17,Low,11.3,11.5,1.0
Park Slope,Harlem,29-03-2016,16:57,16,Afternoon,Tuesday,0,Spring,1,1.7,Medium,5.7,17.9,1.3
South Slope,South Slope,07-02-2016,14:53,14,Afternoon,Sunday,1,Winter,2,2.12,Low,7.4,17.2,1.0
Upper West Side,Williamsburg,11-02-2016,15:41,15,Afternoon,Thursday,0,Winter,6,1.67,Low,4.4,22.8,1.0
Windsor Terrace,Park Slope,06-03-2016,03:16,3,Night,Sunday,1,Spring,1,1.89,Low,5.6,20.2,1.0
Murray Hill,Upper West Side,07-04-2016,08:56,8,Morning,Thursday,0,Spring,1,3.21,High,16.5,11.7,1.8
Harlem,Upper West Side,07-01-2016,20:32,20,Evening,Thursday,0,Winter,2,2.27,Medium,5.4,25.2,1.3
Harlem,Clinton Hill,07-06-2016,21:56,21,Evening,Tuesday,0,Summer,1,7.9,Low,23.3,20.3,1.0
Midtown,Midtown,19-03-2016,19:37,19,Evening,Saturday,1,Spring,1,2.02,High,10.0,12.1,1.8
Midtown,East Harlem,14-06-2016,08:04,8,Morning,Tuesday,0,Summer,2,1.7,High,9.0,11.3,1.8
Harlem,Bedford-Stuyvesant,23-05-2016,19:50,19,Evening,Monday,0,Spring,2,1.77,High,10.0,10.6,1.8
Bedford-Stuyvesant,South Slope,29-05-2016,19:58,19,Evening,Sunday,1,Spring,1,1.06,High,3.8,16.7,1.8
Arden Heights,Fort Wadsworth,14-02-2016,15:27,15,Afternoon,Sunday,1,Winter,2,11.2,Low,27.6,24.3,1.0
Arden Heights,Arverne,19-05-2016,21:45,21,Evening,Thursday,0,Spring,4,13.05,Low,27.6,28.4,1.0
Harlem,Harlem,15-03-2016,08:41,8,Morning,Tuesday,0,Spring,2,1.6,High,7.8,12.3,1.8
Harlem,West Village,16-04-2016,12:57,12,Afternoon,Saturday,1,Spring,1,0.63,Low,2.8,13.5,1.0
East Harlem,Harlem,22-03-2016,10:34,10,Morning,Tuesday,0,Spring,2,4.21,Medium,17.8,14.2,1.3
Greenpoint,East Harlem,23-03-2016,22:44,22,Evening,Wednesday,0,Spring,5,0.66,Low,2.8,14.1,1.0
Bedford-Stuyvesant,East Harlem,18-02-2016,20:18,20,Evening,Thursday,0,Winter,1,1.78,Medium,12.7,8.4,1.3
Bedford-Stuyvesant,Kensington,22-03-2016,09:11,9,Morning,Tuesday,0,Spring,1,6.76,High,41.6,9.8,1.8
Upper West Side,Hell's Kitchen,24-03-2016,07:26,7,Morning,Thursday,0,Spring,1,2.64,Medium,5.7,27.8,1.3
Great Kills,Midwood,16-06-2016,22:26,22,Evening,Thursday,0,Summer,1,12.76,Low,50.9,15.0,1.0
Upper West Side,Upper West Side,13-03-2016,14:50,14,Afternoon,Sunday,1,Spring,1,0.95,Low,2.8,20.4,1.0
South Slope,Williamsburg,29-04-2016,12:50,12,Afternoon,Friday,0,Spring,1,1.88,Low,8.0,14.1,1.0
Midtown,Harlem,12-05-2016,18:47,18,Evening,Thursday,0,Spring,1,3.91,High,11.0,21.3,1.8
Midtown,Bedford-Stuyvesant,11-06-2016,16:09,16,Afternoon,Saturday,1,Summer,1,1.67,Medium,13.5,7.4,1.3
Bedford-Stuyvesant,Upper West Side,13-05-2016,18:44,18,Evening,Friday,0,Spring,3,1.14,High,4.3,15.9,1.8
East Harlem,Bedford-Stuyvesant,17-03-2016,10:02,10,Morning,Thursday,0,Spring,1,3.93,Medium,28.5,8.3,1.3
Upper West Side,South Slope,10-03-2016,07:31,7,Morning,Thursday,0,Spring,1,2.48,Medium,8.2,18.1,1.3
East Harlem,Bedford-Stuyvesant,13-01-2016,14:18,14,Afternoon,Wednesday,0,Winter,1,3.44,Low,21.1,9.8,1.0
Upper West Side,East Harlem,16-01-2016,13:29,13,Afternoon,Saturday,1,Winter,1,1.35,Low,5.6,14.5,1.0
Harlem,Upper West Side,14-04-2016,21:18,21,Evening,Thursday,0,Spring,4,2.98,Low,6.8,26.3,1.0
Bedford-Stuyvesant,Hell's Kitchen,25-02-2016,23:42,23,Evening,Thursday,0,Winter,1,2.58,Low,8.6,18.0,1.0
Bedford-Stuyvesant,East Harlem,01-01-2016,12:18,12,Afternoon,Friday,0,Winter,1,1.95,Low,4.4,26.6,1.0
Murray Hill,Clinton Hill,05-02-2016,10:08,10,Morning,Friday,0,Winter,5,0.76,Medium,5.4,8.4,1.3
West Village,Park Slope,09-05-2016,00:28,0,Night,Monday,0,Spring,2,3.38,Low,16.6,12.2,1.0
Hell's Kitchen,Bedford-Stuyvesant,02-03-2016,22:47,22,Evening,Wednesday,0,Spring,1,7.52,Low,18.5,24.4,1.0
Kensington,Kensington,30-01-2016,11:21,11,Morning,Saturday,1,Winter,1,2.11,Low,4.3,29.4,1.0
Upper West Side,Upper West Side,04-03-2016,20:34,20,Evening,Friday,0,Spring,1,1.66,Medium,6.4,15.6,1.3
Upper West Side,Upper West Side,15-03-2016,08:24,8,Morning,Tuesday,0,Spring,1,2.49,High,22.8,6.6,1.8
Bedford-Stuyvesant,Murray Hill,16-03-2016,18:15,18,Evening,Wednesday,0,Spring,1,4.22,High,29.2,8.7,1.8
Chelsea,Bedford-Stuyvesant,30-05-2016,21:17,21,Evening,Monday,0,Spring,1,2.08,Low,8.6,14.5,1.0
South Slope,Clinton Hill,09-03-2016,19:37,19,Evening,Wednesday,0,Spring,1,4.52,High,18.7,14.5,1.8
Midtown,Clinton Hill,14-04-2016,20:11,20,Evening,Thursday,0,Spring,1,2.28,Medium,20.2,6.8,1.3
Great Kills,New Dorp Beach,16-06-2016,07:58,7,Morning,Thursday,0,Summer,4,0.45,Medium,11.4,2.4,1.3
Fort Greene,Park Slope,25-02-2016,01:05,1,Night,Thursday,0,Winter,1,1.63,Low,2.6,37.6,1.0
Harlem,Upper West Side,26-04-2016,18:19,18,Evening,Tuesday,0,Spring,1,1.75,High,5.2,20.2,1.8
Midtown,East Harlem,06-01-2016,09:34,9,Morning,Wednesday,0,Winter,2,2.22,High,13.4,9.9,1.8
Upper West Side,West Village,26-01-2016,20:42,20,Evening,Tuesday,0,Winter,1,1.96,Medium,10.2,11.5,1.3
Sheepshead Bay,Bath Beach,03-04-2016,17:56,17,Afternoon,Sunday,1,Spring,1,0.62,High,2.0,18.6,1.8
Upper West Side,Upper West Side,01-04-2016,15:16,15,Afternoon,Friday,0,Spring,1,3.8,Low,26.1,8.7,1.0
Bedford-Stuyvesant,East Harlem,27-03-2016,14:08,14,Afternoon,Sunday,1,Spring,2,2.1,Low,7.1,17.7,1.0
Harlem,Upper West Side,30-03-2016,07:07,7,Morning,Wednesday,0,Spring,1,5.89,Medium,23.6,15.0,1.3
South Slope,Fort Greene,19-02-2016,23:34,23,Evening,Friday,0,Winter,1,4.39,Low,14.4,18.3,1.0
Murray Hill,East Harlem,22-01-2016,19:28,19,Evening,Friday,0,Winter,5,1.26,High,4.7,16.1,1.8
Chelsea,Murray Hill,16-01-2016,17:36,17,Afternoon,Saturday,1,Winter,1,1.99,High,7.5,15.9,1.8
Inwood,Chinatown,13-01-2016,09:18,9,Morning,Wednesday,0,Winter,1,4.97,High,20.7,14.4,1.8
Upper West Side,East Harlem,23-03-2016,20:13,20,Evening,Wednesday,0,Spring,4,8.1,Medium,27.7,17.5,1.3
Park Slope,Harlem,04-06-2016,00:37,0,Night,Saturday,1,Summer,1,3.39,Low,7.2,28.2,1.0
East Harlem,Bedford-Stuyvesant,02-03-2016,12:28,12,Afternoon,Wednesday,0,Spring,1,1.95,Low,19.5,6.0,1.0
Murray Hill,South Slope,21-02-2016,17:00,17,Afternoon,Sunday,1,Winter,3,3.0,High,9.7,18.6,1.8
Gravesend,Great Kills,13-04-2016,08:08,8,Morning,Wednesday,0,Spring,1,11.96,High,22.0,32.6,1.8
Prince's Bay,Prince's Bay,23-05-2016,16:41,16,Afternoon,Monday,0,Spring,2,23.77,Medium,54.6,26.1,1.3
Midwood,Concord,24-04-2016,17:13,17,Afternoon,Sunday,1,Spring,2,3.18,High,16.7,11.4,1.8
Gravesend,Bay Ridge,11-04-2016,15:46,15,Afternoon,Monday,0,Spring,1,6.27,Low,24.7,15.2,1.0
Harlem,Harlem,13-04-2016,17:22,17,Afternoon,Wednesday,0,Spring,1,2.52,High,14.8,10.2,1.8
Edgemere,Concord,18-05-2016,16:36,16,Afternoon,Wednesday,0,Spring,2,1.65,Medium,12.0,8.2,1.3
Hell's Kitchen,Bedford-Stuyvesant,08-04-2016,19:04,19,Evening,Friday,0,Spring,1,0.89,High,4.6,11.6,1.8
Kensington,Upper West Side,26-04-2016,22:19,22,Evening,Tuesday,0,Spring,2,1.73,Low,8.5,12.2,1.0
East Harlem,Bedford-Stuyvesant,05-03-2016,23:26,23,Evening,Saturday,1,Spring,2,1.71,Low,5.4,19.0,1.0
Bedford-Stuyvesant,West Village,29-04-2016,01:38,1,Night,Friday,0,Spring,1,1.11,Low,6.1,10.9,1.0
Bull's Head,Flatlands,12-02-2016,21:28,21,Evening,Friday,0,Winter,1,2.03,Low,11.6,10.5,1.0
Williamsburg,Kensington,27-06-2016,10:16,10,Morning,Monday,0,Summer,1,1.72,Medium,19.8,5.2,1.3
Crown Heights,East Harlem,18-02-2016,13:32,13,Afternoon,Thursday,0,Winter,1,2.94,Low,12.4,14.2,1.0
Upper West Side,Midtown,19-04-2016,18:12,18,Evening,Tuesday,0,Spring,1,1.73,High,6.2,16.7,1.8
East Village,Bedford-Stuyvesant,10-01-2016,01:49,1,Night,Sunday,1,Winter,1,2.81,Low,11.4,14.8,1.0
Clinton Hill,Crown Heights,25-04-2016,09:18,9,Morning,Monday,0,Spring,1,1.74,High,5.4,19.3,1.8
Murray Hill,Bedford-Stuyvesant,26-04-2016,19:27,19,Evening,Tuesday,0,Spring,1,0.85,High,5.2,9.8,1.8
Harlem,Crown Heights,25-05-2016,20:41,20,Evening,Wednesday,0,Spring,1,1.69,Medium,10.7,9.5,1.3
Murray Hill,Upper West Side,24-06-2016,08:45,8,Morning,Friday,0,Summer,1,1.99,High,11.9,10.0,1.8
Fort Greene,Clinton Hill,17-04-2016,04:18,4,Night,Sunday,1,Spring,1,1.02,Low,3.9,15.7,1.0
South Slope,Bedford-Stuyvesant,26-06-2016,23:24,23,Evening,Sunday,1,Summer,1,5.61,Low,18.6,18.1,1.0
Flatbush,Bedford-Stuyvesant,30-04-2016,21:21,21,Evening,Saturday,1,Spring,6,1.69,Low,14.3,7.1,1.0
Chinatown,Clinton Hill,28-01-2016,08:43,8,Morning,Thursday,0,Winter,1,1.95,High,12.0,9.8,1.8
South Slope,Williamsburg,03-06-2016,21:25,21,Evening,Friday,0,Summer,4,4.87,Low,12.0,24.3,1.0
Harlem,Bedford-Stuyvesant,24-02-2016,15:21,15,Afternoon,Wednesday,0,Winter,1,6.32,Low,25.9,14.6,1.0
Arverne,Edgemere,15-04-2016,12:51,12,Afternoon,Friday,0,Spring,5,1.11,Low,3.7,18.0,1.0
Tottenville,Great Kills,13-01-2016,16:49,16,Afternoon,Wednesday,0,Winter,1,24.09,Medium,45.0,32.1,1.3
Sheepshead Bay,Arverne,30-06-2016,18:33,18,Evening,Thursday,0,Summer,1,0.98,High,3.3,17.8,1.8
Bedford-Stuyvesant,Harlem,23-06-2016,15:38,15,Afternoon,Thursday,0,Summer,1,0.54,Low,4.8,6.8,1.0
Upper West Side,Fort Greene,16-02-2016,15:50,15,Afternoon,Tuesday,0,Winter,1,1.47,Low,8.9,9.9,1.0
Williamsburg,Harlem,04-06-2016,11:14,11,Morning,Saturday,1,Summer,1,5.24,Low,26.2,12.0,1.0
Hell's Kitchen,East Harlem,05-04-2016,20:57,20,Evening,Tuesday,0,Spring,2,1.28,Medium,5.5,14.0,1.3
Harlem,Upper West Side,30-03-2016,09:20,9,Morning,Wednesday,0,Spring,1,2.59,High,25.5,6.1,1.8
Harlem,Kensington,09-02-2016,22:01,22,Evening,Tuesday,0,Winter,1,3.46,Low,10.7,19.4,1.0
Williamsburg,East Harlem,01-04-2016,16:50,16,Afternoon,Friday,0,Spring,1,2.46,Medium,20.8,7.1,1.3
Fort Greene,Harlem,05-02-2016,19:03,19,Evening,Friday,0,Winter,1,0.99,High,2.6,22.8,1.8
Oakwood,Port Richmond,20-06-2016,11:12,11,Morning,Monday,0,Summer,5,13.06,Low,35.5,22.1,1.0
Arrochar,Sheepshead Bay,26-03-2016,19:39,19,Evening,Saturday,1,Spring,2,3.27,High,10.0,19.6,1.8
Upper West Side,Inwood,31-03-2016,12:44,12,Afternoon,Thursday,0,Spring,2,3.08,Low,22.4,8.3,1.0
Harlem,Upper West Side,19-03-2016,21:02,21,Evening,Saturday,1,Spring,2,2.74,Low,11.4,14.4,1.0
Tottenville,Eltingville,29-03-2016,00:47,0,Night,Tuesday,0,Spring,3,24.72,Low,25.0,59.3,1.0
East Harlem,Upper West Side,12-04-2016,13:23,13,Afternoon,Tuesday,0,Spring,1,2.62,Low,14.8,10.6,1.0
Harlem,Park Slope,09-04-2016,18:10,18,Evening,Saturday,1,Spring,1,2.7,High,13.5,12.0,1.8
Fort Hamilton,"Bay Terrace, Staten Island",19-04-2016,12:31,12,Afternoon,Tuesday,0,Spring,1,15.34,Low,43.7,21.1,1.0
Sheepshead Bay,Far Rockaway,19-03-2016,09:11,9,Morning,Saturday,1,Spring,3,5.33,High,11.1,28.8,1.8
Upper West Side,East Harlem,05-04-2016,19:43,19,Evening,Tuesday,0,Spring,2,1.32,High,6.3,12.6,1.8
Bensonhurst,Sheepshead Bay,02-02-2016,16:56,16,Afternoon,Tuesday,0,Winter,1,0.83,Medium,5.6,8.9,1.3
Crown Heights,South Slope,08-03-2016,21:52,21,Evening,Tuesday,0,Spring,1,2.02,Low,9.4,12.9,1.0
Upper West Side,Hell's Kitchen,22-01-2016,12:09,12,Afternoon,Friday,0,Winter,1,1.7,Low,13.6,7.5,1.0
South Slope,Harlem,25-04-2016,18:01,18,Evening,Monday,0,Spring,1,1.16,High,4.4,15.8,1.8
South Slope,Harlem,31-05-2016,22:14,22,Evening,Tuesday,0,Spring,1,1.2,Low,4.2,17.1,1.0
Midtown,Murray Hill,11-01-2016,10:56,10,Morning,Monday,0,Winter,2,0.96,Medium,3.6,16.0,1.3
Upper West Side,East Harlem,26-03-2016,00:15,0,Night,Saturday,1,Spring,2,4.16,Low,14.2,17.6,1.0
Sheepshead Bay,Far Rockaway,17-02-2016,14:21,14,Afternoon,Wednesday,0,Winter,3,0.98,Low,3.7,15.9,1.0
Bedford-Stuyvesant,Williamsburg,10-06-2016,18:11,18,Evening,Friday,0,Summer,1,1.37,High,6.9,11.9,1.8
Murray Hill,Upper West Side,05-01-2016,18:24,18,Evening,Tuesday,0,Winter,2,1.79,High,8.6,12.5,1.8
Rockaway Beach,Sheepshead Bay,30-05-2016,19:48,19,Evening,Monday,0,Spring,1,0.62,High,5.2,7.2,1.8
Harlem,East Harlem,09-01-2016,21:44,21,Evening,Saturday,1,Winter,1,0.65,Low,5.4,7.2,1.0
Fort Greene,South Slope,20-02-2016,21:40,21,Evening,Saturday,1,Winter,2,0.75,Low,1.3,34.6,1.0
Inwood,Upper West Side,25-05-2016,20:29,20,Evening,Wednesday,0,Spring,2,1.33,Medium,8.0,10.0,1.3
Harlem,Murray Hill,22-01-2016,23:13,23,Evening,Friday,0,Winter,4,1.47,Low,10.8,8.2,1.0
East Harlem,Inwood,29-04-2016,14:02,14,Afternoon,Friday,0,Spring,1,5.44,Low,26.4,12.4,1.0
Clinton Hill,Murray Hill,11-04-2016,08:24,8,Morning,Monday,0,Spring,1,4.94,High,21.8,13.6,1.8
Midtown,Inwood,15-01-2016,23:08,23,Evening,Friday,0,Winter,1,3.54,Low,31.0,6.9,1.0
Flatlands,Bensonhurst,27-05-2016,11:17,11,Morning,Friday,0,Spring,1,1.99,Low,16.7,7.1,1.0
East Harlem,East Harlem,05-04-2016,18:00,18,Evening,Tuesday,0,Spring,2,1.78,High,9.6,11.1,1.8
Williamsburg,Chelsea,30-01-2016,19:07,19,Evening,Saturday,1,Winter,1,5.2,High,20.2,15.4,1.8
Kensington,Kensington,02-02-2016,00:48,0,Night,Tuesday,0,Winter,1,0.01,Low,3.2,0.2,1.0
Tottenville,Tottenville,27-01-2016,10:38,10,Morning,Wednesday,0,Winter,3,25.9,Medium,43.1,36.1,1.3
Upper West Side,Kensington,02-06-2016,19:18,19,Evening,Thursday,0,Summer,1,2.59,High,19.5,8.0,1.8
Murray Hill,Upper West Side,19-04-2016,17:16,17,Afternoon,Tuesday,0,Spring,1,1.26,High,6.0,12.6,1.8
East Harlem,Murray Hill,02-05-2016,11:05,11,Morning,Monday,0,Spring,1,3.17,Low,15.5,12.3,1.0
Harlem,East Harlem,03-06-2016,20:26,20,Evening,Friday,0,Summer,1,1.95,Medium,11.7,10.0,1.3
Bedford-Stuyvesant,Crown Heights,07-06-2016,18:18,18,Evening,Tuesday,0,Summer,1,0.83,High,2.6,19.2,1.8
Inwood,Harlem,02-04-2016,08:47,8,Morning,Saturday,1,Spring,1,1.57,High,5.5,17.1,1.8
Harlem,Hell's Kitchen,11-02-2016,22:07,22,Evening,Thursday,0,Winter,1,1.52,Low,7.7,11.8,1.0
Williamsburg,Harlem,19-02-2016,20:46,20,Evening,Friday,0,Winter,1,0.94,Medium,8.0,7.0,1.3
Bedford-Stuyvesant,West Village,05-03-2016,22:40,22,Evening,Saturday,1,Spring,1,2.44,Low,15.9,9.2,1.0
East Harlem,Bedford-Stuyvesant,19-03-2016,13:54,13,Afternoon,Saturday,1,Spring,1,8.19,Low,15.1,32.5,1.0
Crown Heights,Fort Greene,13-05-2016,17:26,17,Afternoon,Friday,0,Spring,2,1.15,High,11.4,6.1,1.8
East Village,Murray Hill,12-05-2016,10:36,10,Morning,Thursday,0,Spring,1,3.18,Medium,12.2,15.6,1.3
Inwood,Midtown,17-02-2016,10:02,10,Morning,Wednesday,0,Winter,1,1.27,Medium,3.5,21.8,1.3
Crown Heights,East Harlem,19-04-2016,11:05,11,Morning,Tuesday,0,Spring,1,1.34,Low,6.6,12.2,1.0
Upper West Side,Bedford-Stuyvesant,08-06-2016,15:46,15,Afternoon,Wednesday,0,Summer,1,2.77,Low,16.3,10.2,1.0
Bedford-Stuyvesant,Hell's Kitchen,22-03-2016,09:48,9,Morning,Tuesday,0,Spring,1,1.39,High,6.5,12.8,1.8
Chinatown,Bedford-Stuyvesant,07-01-2016,13:32,13,Afternoon,Thursday,0,Winter,2,0.98,Low,15.8,3.7,1.0
East Harlem,Upper West Side,14-04-2016,08:42,8,Morning,Thursday,0,Spring,1,2.04,High,5.7,21.5,1.8
East Harlem,West Village,15-03-2016,15:55,15,Afternoon,Tuesday,0,Spring,2,1.23,Low,5.5,13.4,1.0
Oakwood,New Dorp Beach,21-06-2016,17:04,17,Afternoon,Tuesday,0,Summer,1,0.02,High,6.7,0.2,1.8
Park Slope,Williamsburg,11-04-2016,16:18,16,Afternoon,Monday,0,Spring,2,1.55,Medium,7.7,12.1,1.3
Williamsburg,Bedford-Stuyvesant,27-05-2016,14:26,14,Afternoon,Friday,0,Spring,1,2.77,Low,19.4,8.6,1.0
Windsor Terrace,Upper West Side,06-02-2016,19:16,19,Evening,Saturday,1,Winter,1,2.11,High,10.9,11.6,1.8
East Harlem,Harlem,21-05-2016,10:26,10,Morning,Saturday,1,Spring,1,1.98,Medium,5.2,22.8,1.3
West Village,Harlem,08-04-2016,13:41,13,Afternoon,Friday,0,Spring,1,0.66,Low,3.7,10.7,1.0
Inwood,Harlem,26-04-2016,23:28,23,Evening,Tuesday,0,Spring,1,1.92,Low,5.9,19.5,1.0
Upper West Side,South Slope,26-03-2016,21:13,21,Evening,Saturday,1,Spring,1,3.1,Low,16.8,11.1,1.0
Upper West Side,East Harlem,27-02-2016,17:38,17,Afternoon,Saturday,1,Winter,1,0.89,High,2.6,20.5,1.8
Bedford-Stuyvesant,Harlem,24-03-2016,14:54,14,Afternoon,Thursday,0,Spring,1,2.6,Low,19.0,8.2,1.0
Fort Greene,Fort Greene,04-02-2016,23:56,23,Evening,Thursday,0,Winter,2,3.95,Low,10.0,23.7,1.0
Harlem,Harlem,13-01-2016,12:20,12,Afternoon,Wednesday,0,Winter,1,0.64,Low,3.6,10.7,1.0
Williamsburg,Midtown,24-02-2016,08:28,8,Morning,Wednesday,0,Winter,1,4.13,High,13.0,19.1,1.8
Chinatown,East Harlem,22-05-2016,13:34,13,Afternoon,Sunday,1,Spring,3,1.93,Low,18.0,6.4,1.0
Bedford-Stuyvesant,Upper West Side,05-03-2016,22:00,22,Evening,Saturday,1,Spring,1,3.09,Low,11.5,16.1,1.0
Kensington,Murray Hill,29-02-2016,09:22,9,Morning,Monday,0,Winter,1,2.12,High,10.7,11.9,1.8
Bedford-Stuyvesant,Upper West Side,25-02-2016,01:06,1,Night,Thursday,0,Winter,1,8.02,Low,19.9,24.2,1.0
East Harlem,Harlem,16-03-2016,11:21,11,Morning,Wednesday,0,Spring,1,0.89,Low,8.7,6.1,1.0
Arden Heights,Midwood,11-02-2016,18:24,18,Evening,Thursday,0,Winter,1,10.56,High,28.9,21.9,1.8
Upper West Side,Harlem,25-06-2016,15:17,15,Afternoon,Saturday,1,Summer,1,2.97,Low,6.0,29.7,1.0
Fort Greene,Williamsburg,09-03-2016,17:46,17,Afternoon,Wednesday,0,Spring,2,2.56,High,11.0,14.0,1.8
Harlem,Chinatown,02-02-2016,11:02,11,Morning,Tuesday,0,Winter,6,2.99,Low,13.7,13.1,1.0
Park Slope,Harlem,20-01-2016,03:39,3,Night,Wednesday,0,Winter,1,0.61,Low,2.3,15.9,1.0
South Slope,Kensington,12-03-2016,15:49,15,Afternoon,Saturday,1,Spring,1,12.26,Low,28.0,26.3,1.0
Bayswater,Grymes Hill,27-04-2016,08:36,8,Morning,Wednesday,0,Spring,2,1.21,High,10.7,6.8,1.8
Harlem,Midtown,29-03-2016,07:56,7,Morning,Tuesday,0,Spring,1,3.79,Medium,13.6,16.7,1.3
Bedford-Stuyvesant,Hell's Kitchen,27-04-2016,12:17,12,Afternoon,Wednesday,0,Spring,1,5.68,Low,13.8,24.7,1.0
East Harlem,Upper West Side,20-04-2016,20:09,20,Evening,Wednesday,0,Spring,1,8.17,Medium,26.6,18.4,1.3
Harlem,Clinton Hill,01-02-2016,14:52,14,Afternoon,Monday,0,Winter,2,0.97,Low,4.7,12.4,1.0
Upper West Side,Clinton Hill,20-01-2016,06:46,6,Morning,Wednesday,0,Winter,1,3.81,Low,8.3,27.5,1.0
East Harlem,Midtown,14-06-2016,09:28,9,Morning,Tuesday,0,Summer,1,1.15,High,7.0,9.9,1.8
Hell's Kitchen,Kensington,02-05-2016,00:00,0,Night,Monday,0,Spring,1,13.75,Low,27.3,30.2,1.0
East Harlem,East Harlem,19-04-2016,14:30,14,Afternoon,Tuesday,0,Spring,1,1.54,Low,7.7,12.0,1.0
Upper West Side,Upper West Side,21-06-2016,13:08,13,Afternoon,Tuesday,0,Summer,1,1.94,Low,6.4,18.2,1.0
East Harlem,Clinton Hill,20-02-2016,19:56,19,Evening,Saturday,1,Winter,1,1.29,High,5.0,15.5,1.8
Park Slope,Clinton Hill,22-06-2016,16:02,16,Afternoon,Wednesday,0,Summer,1,1.61,Medium,5.9,16.4,1.3
Bedford-Stuyvesant,Bedford-Stuyvesant,29-01-2016,21:57,21,Evening,Friday,0,Winter,1,5.82,Low,21.6,16.2,1.0
Tottenville,Eltingville,23-06-2016,21:31,21,Evening,Thursday,0,Summer,1,24.45,Low,43.3,33.9,1.0
Fort Hamilton,Flatbush,22-01-2016,14:23,14,Afternoon,Friday,0,Winter,1,1.33,Low,10.8,7.4,1.0
Upper West Side,West Village,17-06-2016,22:50,22,Evening,Friday,0,Summer,1,6.11,Low,29.9,12.3,1.0
East Harlem,East Harlem,24-04-2016,09:48,9,Morning,Sunday,1,Spring,1,1.4,High,3.5,24.0,1.8
Williamsburg,Harlem,21-06-2016,19:13,19,Evening,Tuesday,0,Summer,1,3.71,High,8.4,26.5,1.8
Kensington,Harlem,16-02-2016,00:47,0,Night,Tuesday,0,Winter,1,1.16,Low,4.5,15.5,1.0
East Harlem,Upper West Side,03-03-2016,18:39,18,Evening,Thursday,0,Spring,1,1.9,High,15.7,7.3,1.8
South Slope,Upper West Side,16-03-2016,16:51,16,Afternoon,Wednesday,0,Spring,1,0.89,Medium,2.3,23.2,1.3
Upper West Side,East Harlem,26-03-2016,11:20,11,Morning,Saturday,1,Spring,1,1.4,Low,4.7,17.9,1.0
Harlem,Harlem,17-02-2016,15:00,15,Afternoon,Wednesday,0,Winter,1,1.19,Low,10.0,7.1,1.0
East Harlem,East Harlem,24-02-2016,17:39,17,Afternoon,Wednesday,0,Winter,1,1.29,High,8.2,9.4,1.8
East Harlem,Harlem,03-06-2016,21:46,21,Evening,Friday,0,Summer,1,1.47,Low,7.2,12.2,1.0
East Harlem,East Harlem,03-04-2016,00:28,0,Night,Sunday,1,Spring,1,2.9,Low,14.5,12.0,1.0
Midtown,Crown Heights,11-03-2016,08:31,8,Morning,Friday,0,Spring,5,1.42,High,8.6,9.9,1.8
Harlem,Harlem,10-05-2016,12:56,12,Afternoon,Tuesday,0,Spring,1,0.66,Low,5.8,6.8,1.0
Upper West Side,Chelsea,03-01-2016,16:24,16,Afternoon,Sunday,1,Winter,1,0.9,Medium,3.0,18.0,1.3
Inwood,Upper West Side,22-06-2016,07:04,7,Morning,Wednesday,0,Summer,1,0.92,Medium,2.8,19.7,1.3
Williamsburg,Kensington,21-01-2016,20:46,20,Evening,Thursday,0,Winter,1,3.91,Medium,19.7,11.9,1.3
Upper West Side,Williamsburg,12-03-2016,21:25,21,Evening,Saturday,1,Spring,3,1.8,Low,5.9,18.3,1.0
Harlem,Midtown,03-04-2016,11:27,11,Morning,Sunday,1,Spring,5,1.64,Low,5.2,18.9,1.0
South Slope,Upper West Side,23-02-2016,20:33,20,Evening,Tuesday,0,Winter,5,0.6,Medium,6.8,5.3,1.3
Midtown,Chelsea,08-04-2016,19:54,19,Evening,Friday,0,Spring,2,1.01,High,6.7,9.0,1.8
East Harlem,East Harlem,04-01-2016,18:10,18,Evening,Monday,0,Winter,1,0.65,High,7.0,5.6,1.8
East Harlem,South Slope,05-04-2016,11:45,11,Morning,Tuesday,0,Spring,1,4.45,Low,17.4,15.3,1.0
Bedford-Stuyvesant,East Harlem,20-04-2016,11:28,11,Morning,Wednesday,0,Spring,6,3.97,Low,20.6,11.6,1.0
Bedford-Stuyvesant,Inwood,11-02-2016,23:00,23,Evening,Thursday,0,Winter,2,1.41,Low,6.6,12.8,1.0
Bedford-Stuyvesant,Murray Hill,19-02-2016,06:28,6,Morning,Friday,0,Winter,3,6.55,Low,12.8,30.7,1.0
Clinton Hill,Harlem,29-04-2016,21:18,21,Evening,Friday,0,Spring,3,3.42,Low,10.1,20.3,1.0
Crown Heights,Upper West Side,28-04-2016,21:49,21,Evening,Thursday,0,Spring,2,2.85,Low,7.8,21.9,1.0
Harlem,Upper West Side,27-02-2016,23:04,23,Evening,Saturday,1,Winter,2,1.33,Low,5.6,14.3,1.0
Kensington,Midtown,16-06-2016,15:02,15,Afternoon,Thursday,0,Summer,1,2.5,Low,17.0,8.8,1.0
Inwood,East Harlem,10-06-2016,12:09,12,Afternoon,Friday,0,Summer,1,2.36,Low,21.5,6.6,1.0
Gravesend,Concord,15-03-2016,07:20,7,Morning,Tuesday,0,Spring,1,1.24,Medium,3.0,24.8,1.3
Harlem,Bedford-Stuyvesant,08-05-2016,04:20,4,Night,Sunday,1,Spring,1,2.94,Low,13.9,12.7,1.0
Bensonhurst,Sheepshead Bay,03-04-2016,04:34,4,Night,Sunday,1,Spring,1,7.54,Low,10.0,45.2,1.0
Harlem,Harlem,26-02-2016,10:36,10,Morning,Friday,0,Winter,1,0.78,Medium,7.2,6.5,1.3
Kensington,Williamsburg,14-04-2016,11:05,11,Morning,Thursday,0,Spring,1,2.3,Low,15.2,9.1,1.0
East Harlem,Harlem,08-05-2016,16:28,16,Afternoon,Sunday,1,Spring,2,4.16,Medium,17.8,14.0,1.3
East Harlem,Midtown,16-03-2016,12:13,12,Afternoon,Wednesday,0,Spring,1,2.2,Low,9.7,13.6,1.0
Kensington,Upper West Side,16-02-2016,21:33,21,Evening,Tuesday,0,Winter,1,2.58,Low,23.1,6.7,1.0
Harlem,Murray Hill,21-04-2016,09:59,9,Morning,Thursday,0,Spring,1,5.66,High,32.5,10.4,1.8
Bedford-Stuyvesant,Harlem,28-04-2016,10:20,10,Morning,Thursday,0,Spring,5,2.29,Medium,19.0,7.2,1.3
East Harlem,Crown Heights,03-04-2016,02:31,2,Night,Sunday,1,Spring,3,3.4,Low,7.7,26.5,1.0
Murray Hill,Bedford-Stuyvesant,29-03-2016,13:57,13,Afternoon,Tuesday,0,Spring,1,0.92,Low,5.9,9.4,1.0
Harlem,Upper West Side,14-06-2016,22:49,22,Evening,Tuesday,0,Summer,1,4.7,Low,10.9,25.9,1.0
Upper West Side,Upper West Side,08-06-2016,22:30,22,Evening,Wednesday,0,Summer,1,2.66,Low,12.0,13.3,1.0
East Harlem,Midtown,07-05-2016,16:58,16,Afternoon,Saturday,1,Spring,4,0.97,Medium,6.9,8.4,1.3
Murray Hill,Williamsburg,07-04-2016,14:25,14,Afternoon,Thursday,0,Spring,5,2.3,Low,14.6,9.5,1.0
Crown Heights,South Slope,22-01-2016,07:42,7,Morning,Friday,0,Winter,1,1.62,Medium,6.9,14.1,1.3
Tottenville,Woodrow,28-02-2016,16:23,16,Afternoon,Sunday,1,Winter,1,23.48,Medium,68.5,20.6,1.3
Park Slope,Murray Hill,17-03-2016,21:43,21,Evening,Thursday,0,Spring,1,1.44,Low,8.5,10.2,1.0
Chinatown,Kensington,14-04-2016,15:11,15,Afternoon,Thursday,0,Spring,1,3.55,Low,25.2,8.5,1.0
Chinatown,Upper West Side,11-05-2016,08:56,8,Morning,Wednesday,0,Spring,5,1.31,High,5.2,15.1,1.8
Williamsburg,Upper West Side,18-06-2016,11:23,11,Morning,Saturday,1,Summer,1,1.67,Low,6.6,15.2,1.0
Harlem,Kensington,01-02-2016,22:49,22,Evening,Monday,0,Winter,1,2.05,Low,5.2,23.7,1.0
Bedford-Stuyvesant,Harlem,25-03-2016,15:00,15,Afternoon,Friday,0,Spring,1,2.36,Low,19.9,7.1,1.0
East Harlem,Upper West Side,10-03-2016,21:11,21,Evening,Thursday,0,Spring,1,5.81,Low,22.2,15.7,1.0
Inwood,East Harlem,21-02-2016,00:33,0,Night,Sunday,1,Winter,5,5.61,Low,25.6,13.1,1.0
Upper West Side,South Slope,14-01-2016,09:35,9,Morning,Thursday,0,Winter,1,1.37,High,4.2,19.6,1.8
East Harlem,Bedford-Stuyvesant,15-03-2016,12:47,12,Afternoon,Tuesday,0,Spring,1,0.91,Low,3.8,14.4,1.0
Harlem,Bedford-Stuyvesant,25-04-2016,14:48,14,Afternoon,Monday,0,Spring,1,2.2,Low,18.3,7.2,1.0
East Harlem,Kensington,25-03-2016,11:24,11,Morning,Friday,0,Spring,1,1.79,Low,8.0,13.4,1.0
East Harlem,Crown Heights,23-06-2016,21:46,21,Evening,Thursday,0,Summer,2,2.78,Low,11.2,14.9,1.0
"Bay Terrace, Staten Island",Sheepshead Bay,14-04-2016,18:56,18,Evening,Thursday,0,Spring,1,9.74,High,26.8,21.8,1.8
Harlem,East Harlem,23-05-2016,11:54,11,Morning,Monday,0,Spring,1,8.79,Low,31.2,16.9,1.0
Upper West Side,Park Slope,23-04-2016,12:17,12,Afternoon,Saturday,1,Spring,1,1.8,Low,5.6,19.3,1.0
Oakwood,Tottenville,14-03-2016,08:59,8,Morning,Monday,0,Spring,6,5.21,High,20.2,15.5,1.8
East Harlem,Harlem,23-06-2016,07:59,7,Morning,Thursday,0,Summer,1,1.61,Medium,5.5,17.6,1.3
Canarsie,Rockaway Beach,10-03-2016,20:43,20,Evening,Thursday,0,Spring,1,5.93,Medium,21.0,16.9,1.3
East Harlem,Clinton Hill,01-06-2016,09:58,9,Morning,Wednesday,0,Summer,1,1.22,High,4.7,15.6,1.8
Bedford-Stuyvesant,South Slope,21-05-2016,13:53,13,Afternoon,Saturday,1,Spring,1,6.98,Low,30.2,13.9,1.0
Clinton Hill,Harlem,26-02-2016,16:29,16,Afternoon,Friday,0,Winter,1,0.76,Medium,9.3,4.9,1.3
Great Kills,Flatlands,19-05-2016,19:06,19,Evening,Thursday,0,Spring,1,14.65,High,42.0,20.9,1.8
Bedford-Stuyvesant,West Village,21-05-2016,13:47,13,Afternoon,Saturday,1,Spring,1,1.66,Low,4.8,20.8,1.0
Bedford-Stuyvesant,Upper West Side,23-05-2016,23:05,23,Evening,Monday,0,Spring,1,9.6,Low,26.4,21.8,1.0
Park Slope,Harlem,19-05-2016,23:42,23,Evening,Thursday,0,Spring,1,2.0,Low,6.3,19.0,1.0
Arden Heights,Midwood,11-01-2016,08:04,8,Morning,Monday,0,Winter,2,10.7,High,30.3,21.2,1.8
Bedford-Stuyvesant,Hell's Kitchen,20-01-2016,07:12,7,Morning,Wednesday,0,Winter,1,2.31,Medium,7.2,19.2,1.3
Upper West Side,Upper West Side,29-03-2016,17:25,17,Afternoon,Tuesday,0,Spring,1,0.91,High,2.4,22.8,1.8
Harlem,Harlem,28-03-2016,11:47,11,Morning,Monday,0,Spring,1,3.15,Low,14.3,13.2,1.0
Kensington,Sea Gate,05-03-2016,02:28,2,Night,Saturday,1,Spring,1,14.59,Low,29.8,29.4,1.0
Prince's Bay,Rossville,06-03-2016,12:19,12,Afternoon,Sunday,1,Spring,1,27.29,Low,40.3,40.6,1.0
Upper West Side,East Harlem,29-04-2016,22:37,22,Evening,Friday,0,Spring,1,1.72,Low,12.6,8.2,1.0
Upper West Side,Upper West Side,03-06-2016,20:41,20,Evening,Friday,0,Summer,1,2.45,Medium,14.1,10.4,1.3
Park Slope,Upper West Side,10-06-2016,03:14,3,Night,Friday,0,Summer,1,4.5,Low,8.1,33.3,1.0
Tottenville,Great Kills,13-06-2016,00:35,0,Night,Monday,0,Summer,2,16.47,Low,24.4,40.5,1.0
Upper West Side,East Harlem,04-06-2016,14:49,14,Afternoon,Saturday,1,Summer,1,0.76,Low,3.0,15.2,1.0
South Slope,Hell's Kitchen,29-01-2016,00:45,0,Night,Friday,0,Winter,1,5.73,Low,23.9,14.4,1.0
East Harlem,Upper West Side,15-06-2016,22:07,22,Evening,Wednesday,0,Summer,1,3.05,Low,19.7,9.3,1.0
Crown Heights,Bedford-Stuyvesant,07-02-2016,08:38,8,Morning,Sunday,1,Winter,1,1.23,High,2.2,33.5,1.8
Murray Hill,Kensington,26-02-2016,18:58,18,Evening,Friday,0,Winter,1,19.08,High,41.2,27.8,1.8
Midtown,Hell's Kitchen,11-02-2016,10:58,10,Morning,Thursday,0,Winter,1,0.94,Medium,9.3,6.1,1.3
Bull's Head,Bensonhurst,03-05-2016,16:49,16,Afternoon,Tuesday,0,Spring,1,6.23,Medium,33.6,11.1,1.3
Murray Hill,Hell's Kitchen,20-04-2016,13:48,13,Afternoon,Wednesday,0,Spring,1,1.01,Low,8.8,6.9,1.0
Greenpoint,Harlem,11-04-2016,07:15,7,Morning,Monday,0,Spring,1,1.78,Medium,5.5,19.4,1.3
Tottenville,Eltingville,19-06-2016,00:45,0,Night,Sunday,1,Summer,1,20.68,Low,27.2,45.6,1.0
South Slope,Bedford-Stuyvesant,18-02-2016,21:46,21,Evening,Thursday,0,Winter,1,1.57,Low,6.4,14.7,1.0
Kensington,West Village,21-06-2016,17:58,17,Afternoon,Tuesday,0,Summer,1,2.57,High,18.4,8.4,1.8
East Harlem,Harlem,16-01-2016,09:53,9,Morning,Saturday,1,Winter,5,4.61,High,18.8,14.7,1.8
Fort Greene,East Harlem,10-03-2016,02:04,2,Night,Thursday,0,Spring,3,14.95,Low,21.2,42.3,1.0
Bedford-Stuyvesant,Murray Hill,11-01-2016,05:49,5,Night,Monday,0,Winter,1,0.95,Low,3.7,15.4,1.0
Kensington,East Harlem,19-01-2016,10:48,10,Morning,Tuesday,0,Winter,1,3.05,Medium,21.4,8.6,1.3
Harlem,Williamsburg,27-03-2016,00:44,0,Night,Sunday,1,Spring,1,5.35,Low,20.8,15.4,1.0
Fort Greene,East Harlem,10-03-2016,13:33,13,Afternoon,Thursday,0,Spring,1,4.09,Low,13.4,18.3,1.0
Windsor Terrace,East Harlem,20-05-2016,10:02,10,Morning,Friday,0,Spring,1,1.34,Medium,12.7,6.3,1.3
Harlem,Kensington,02-04-2016,20:19,20,Evening,Saturday,1,Spring,2,1.34,Medium,6.0,13.4,1.3
Bedford-Stuyvesant,South Slope,28-01-2016,20:55,20,Evening,Thursday,0,Winter,1,6.09,Medium,25.8,14.2,1.3
Upper West Side,East Harlem,27-03-2016,09:36,9,Morning,Sunday,1,Spring,1,1.1,High,4.2,15.7,1.8
Midwood,Arverne,12-04-2016,10:49,10,Morning,Tuesday,0,Spring,1,3.63,Medium,14.1,15.4,1.3
Hell's Kitchen,Hell's Kitchen,22-03-2016,22:55,22,Evening,Tuesday,0,Spring,2,4.44,Low,16.4,16.2,1.0
Park Slope,East Harlem,05-05-2016,09:26,9,Morning,Thursday,0,Spring,5,2.42,High,12.3,11.8,1.8
Fort Greene,South Slope,12-01-2016,22:51,22,Evening,Tuesday,0,Winter,4,1.4,Low,6.8,12.4,1.0
Williamsburg,Harlem,04-01-2016,02:11,2,Night,Monday,0,Winter,2,1.23,Low,7.2,10.2,1.0
Kensington,Midtown,21-06-2016,01:07,1,Night,Tuesday,0,Summer,3,10.98,Low,19.3,34.1,1.0
Crown Heights,Upper West Side,29-03-2016,17:16,17,Afternoon,Tuesday,0,Spring,1,3.55,High,12.6,16.9,1.8
Chinatown,Bedford-Stuyvesant,30-04-2016,23:48,23,Evening,Saturday,1,Spring,1,1.59,Low,7.1,13.4,1.0
Bensonhurst,Arden Heights,17-05-2016,12:41,12,Afternoon,Tuesday,0,Spring,1,12.56,Low,35.6,21.2,1.0
Tottenville,Great Kills,15-05-2016,16:36,16,Afternoon,Sunday,1,Spring,1,23.18,Medium,54.8,25.4,1.3
Harlem,East Harlem,31-01-2016,13:39,13,Afternoon,Sunday,1,Winter,1,1.96,Low,5.6,21.0,1.0
Williamsburg,Hell's Kitchen,18-01-2016,14:02,14,Afternoon,Monday,0,Winter,1,0.93,Low,3.6,15.5,1.0
Harlem,Crown Heights,26-03-2016,21:23,21,Evening,Saturday,1,Spring,4,2.12,Low,14.1,9.0,1.0
Bedford-Stuyvesant,Bedford-Stuyvesant,15-04-2016,23:15,23,Evening,Friday,0,Spring,1,3.3,Low,21.5,9.2,1.0
East Harlem,Upper West Side,27-05-2016,23:45,23,Evening,Friday,0,Spring,1,9.35,Low,31.4,17.9,1.0
Williamsburg,Bedford-Stuyvesant,26-06-2016,05:05,5,Night,Sunday,1,Summer,1,1.31,Low,5.1,15.4,1.0
Harlem,Bedford-Stuyvesant,15-04-2016,00:35,0,Night,Friday,0,Spring,1,1.44,Low,5.3,16.3,1.0
East Harlem,Harlem,18-02-2016,10:09,10,Morning,Thursday,0,Winter,1,0.79,Medium,11.0,4.3,1.3
Hell's Kitchen,Fort Greene,01-01-2016,11:12,11,Morning,Friday,0,Winter,3,0.98,Low,4.6,12.8,1.0
Harlem,East Harlem,29-02-2016,18:20,18,Evening,Monday,0,Winter,1,5.97,High,21.2,16.9,1.8
Clifton,Port Richmond,31-05-2016,06:48,6,Morning,Tuesday,0,Spring,6,4.21,Low,8.3,30.4,1.0
Clinton Hill,Bedford-Stuyvesant,12-04-2016,23:06,23,Evening,Tuesday,0,Spring,1,2.02,Low,11.8,10.3,1.0
Stapleton,Sheepshead Bay,19-05-2016,20:35,20,Evening,Thursday,0,Spring,2,4.6,Medium,13.8,20.0,1.3
Upper West Side,Hell's Kitchen,21-01-2016,08:27,8,Morning,Thursday,0,Winter,1,1.21,High,7.8,9.3,1.8
"Bay Terrace, Staten Island",Gravesend,12-05-2016,22:21,22,Evening,Thursday,0,Spring,1,11.99,Low,25.0,28.8,1.0
West Village,East Harlem,08-06-2016,23:03,23,Evening,Wednesday,0,Summer,4,4.03,Low,17.8,13.6,1.0
Harlem,Clinton Hill,14-03-2016,22:12,22,Evening,Monday,0,Spring,1,3.74,Low,8.9,25.2,1.0
Bensonhurst,Castleton Corners,26-02-2016,17:52,17,Afternoon,Friday,0,Winter,1,2.73,High,11.8,13.9,1.8
Upper West Side,Murray Hill,27-06-2016,10:36,10,Morning,Monday,0,Summer,3,2.24,Medium,12.5,10.8,1.3
Upper West Side,Harlem,28-02-2016,17:50,17,Afternoon,Sunday,1,Winter,1,2.43,High,10.5,13.9,1.8
Kensington,Hell's Kitchen,07-02-2016,21:40,21,Evening,Sunday,1,Winter,1,0.9,Low,5.4,10.0,1.0
Castleton Corners,Midwood,21-04-2016,20:38,20,Evening,Thursday,0,Spring,1,1.61,Medium,12.2,7.9,1.3
Bedford-Stuyvesant,Upper West Side,11-01-2016,06:37,6,Morning,Monday,0,Winter,1,3.64,Low,11.4,19.2,1.0
East Harlem,West Village,22-05-2016,14:41,14,Afternoon,Sunday,1,Spring,1,1.34,Low,6.1,13.2,1.0
Midtown,Hell's Kitchen,13-03-2016,16:33,16,Afternoon,Sunday,1,Spring,2,1.3,Medium,8.2,9.5,1.3
Harlem,East Harlem,14-06-2016,14:16,14,Afternoon,Tuesday,0,Summer,1,2.05,Low,6.7,18.4,1.0
Crown Heights,Upper West Side,24-06-2016,11:35,11,Morning,Friday,0,Summer,5,0.58,Low,2.4,14.5,1.0
Bedford-Stuyvesant,South Slope,13-03-2016,14:49,14,Afternoon,Sunday,1,Spring,1,0.15,Low,2.9,3.1,1.0
Williamsburg,Bedford-Stuyvesant,08-03-2016,17:06,17,Afternoon,Tuesday,0,Spring,1,0.85,High,6.5,7.8,1.8
West Village,Upper West Side,02-06-2016,19:32,19,Evening,Thursday,0,Summer,1,2.85,High,16.0,10.7,1.8
Midwood,Fort Hamilton,29-06-2016,20:30,20,Evening,Wednesday,0,Summer,1,1.98,Medium,10.4,11.4,1.3
Chelsea,Kensington,25-06-2016,09:08,9,Morning,Saturday,1,Summer,1,2.73,High,8.4,19.5,1.8
West Village,Bedford-Stuyvesant,11-02-2016,15:52,15,Afternoon,Thursday,0,Winter,1,3.19,Low,22.8,8.4,1.0
Bedford-Stuyvesant,South Slope,18-01-2016,16:58,16,Afternoon,Monday,0,Winter,1,0.8,Medium,4.4,10.9,1.3
Park Slope,Harlem,24-05-2016,17:47,17,Afternoon,Tuesday,0,Spring,1,3.04,High,16.0,11.4,1.8
Hell's Kitchen,Upper West Side,28-05-2016,12:48,12,Afternoon,Saturday,1,Spring,1,0.7,Low,5.0,8.4,1.0
Harlem,Clinton Hill,11-06-2016,23:01,23,Evening,Saturday,1,Summer,1,2.73,Low,7.1,23.1,1.0
Upper West Side,Bedford-Stuyvesant,05-01-2016,14:33,14,Afternoon,Tuesday,0,Winter,5,6.65,Low,14.2,28.1,1.0
Fort Greene,Harlem,21-01-2016,10:53,10,Morning,Thursday,0,Winter,2,2.92,Medium,18.2,9.6,1.3
Bay Ridge,Flatlands,09-05-2016,13:59,13,Afternoon,Monday,0,Spring,1,0.82,Low,10.7,4.6,1.0
Midtown,Harlem,04-03-2016,20:03,20,Evening,Friday,0,Spring,1,1.55,Medium,3.3,28.2,1.3
Harlem,East Harlem,04-05-2016,10:27,10,Morning,Wednesday,0,Spring,2,1.83,Medium,15.4,7.1,1.3
Bath Beach,Midwood,06-04-2016,22:59,22,Evening,Wednesday,0,Spring,1,1.4,Low,4.4,19.1,1.0
Harlem,Clinton Hill,02-02-2016,15:32,15,Afternoon,Tuesday,0,Winter,2,1.56,Low,10.6,8.8,1.0
Flatlands,Grymes Hill,22-01-2016,08:49,8,Morning,Friday,0,Winter,1,1.19,High,12.8,5.6,1.8
Park Slope,Park Slope,16-03-2016,22:47,22,Evening,Wednesday,0,Spring,1,1.93,Low,10.3,11.2,1.0
South Slope,Hell's Kitchen,06-04-2016,19:48,19,Evening,Wednesday,0,Spring,1,6.34,High,21.6,17.6,1.8
Bedford-Stuyvesant,Kensington,21-03-2016,07:28,7,Morning,Monday,0,Spring,5,5.29,Medium,12.6,25.2,1.3
Upper West Side,Bedford-Stuyvesant,23-02-2016,11:35,11,Morning,Tuesday,0,Winter,5,0.96,Low,6.1,9.4,1.0
Fort Greene,Williamsburg,01-02-2016,00:43,0,Night,Monday,0,Winter,1,6.45,Low,9.5,40.7,1.0
South Slope,Upper West Side,21-01-2016,10:32,10,Morning,Thursday,0,Winter,1,2.29,Medium,15.5,8.9,1.3
Arden Heights,Gravesend,16-01-2016,09:14,9,Morning,Saturday,1,Winter,1,15.25,High,19.2,47.7,1.8
Kensington,Kensington,08-02-2016,18:26,18,Evening,Monday,0,Winter,1,13.3,High,40.2,19.9,1.8
Fort Hamilton,Concord,27-05-2016,17:10,17,Afternoon,Friday,0,Spring,1,1.5,High,8.3,10.8,1.8
Upper West Side,East Harlem,06-01-2016,20:31,20,Evening,Wednesday,0,Winter,1,4.08,Medium,19.2,12.8,1.3
Clinton Hill,Inwood,06-03-2016,13:21,13,Afternoon,Sunday,1,Spring,1,1.48,Low,6.5,13.7,1.0
Hell's Kitchen,West Village,16-01-2016,13:46,13,Afternoon,Saturday,1,Winter,1,1.36,Low,6.7,12.2,1.0
Chelsea,South Slope,17-03-2016,09:24,9,Morning,Thursday,0,Spring,1,2.56,High,15.3,10.0,1.8
Upper West Side,Upper West Side,02-01-2016,18:38,18,Evening,Saturday,1,Winter,1,1.09,High,5.5,11.9,1.8
Chinatown,Upper West Side,06-06-2016,20:15,20,Evening,Monday,0,Summer,1,4.72,Medium,20.3,14.0,1.3
Bensonhurst,Concord,06-02-2016,16:37,16,Afternoon,Saturday,1,Winter,6,6.49,Medium,18.1,21.5,1.3
Crown Heights,Harlem,10-01-2016,03:19,3,Night,Sunday,1,Winter,5,2.49,Low,6.0,24.9,1.0
Clinton Hill,East Harlem,12-04-2016,23:29,23,Evening,Tuesday,0,Spring,1,7.15,Low,20.1,21.3,1.0
Clinton Hill,Chinatown,19-03-2016,06:13,6,Morning,Saturday,1,Spring,2,5.62,Low,12.2,27.6,1.0
Midtown,Hell's Kitchen,23-04-2016,16:39,16,Afternoon,Saturday,1,Spring,2,5.52,Medium,16.7,19.8,1.3
East Harlem,Crown Heights,24-02-2016,18:12,18,Evening,Wednesday,0,Winter,1,3.65,High,16.2,13.5,1.8
Upper West Side,Upper West Side,26-06-2016,09:02,9,Morning,Sunday,1,Summer,3,5.29,High,14.1,22.5,1.8
East Harlem,East Harlem,28-06-2016,13:56,13,Afternoon,Tuesday,0,Summer,1,1.47,Low,12.5,7.1,1.0
Harlem,Bedford-Stuyvesant,07-05-2016,17:53,17,Afternoon,Saturday,1,Spring,5,0.84,High,4.0,12.6,1.8
Harlem,Upper West Side,23-03-2016,20:49,20,Evening,Wednesday,0,Spring,5,0.96,Medium,4.2,13.7,1.3
Harlem,Hell's Kitchen,31-01-2016,23:02,23,Evening,Sunday,1,Winter,2,3.32,Low,10.5,19.0,1.0
Harlem,Bedford-Stuyvesant,24-03-2016,13:04,13,Afternoon,Thursday,0,Spring,1,2.14,Low,7.3,17.6,1.0
East Harlem,West Village,14-02-2016,11:30,11,Morning,Sunday,1,Winter,4,5.34,Low,16.2,19.8,1.0
Chinatown,Midtown,23-03-2016,07:33,7,Morning,Wednesday,0,Spring,1,2.12,Medium,12.0,10.6,1.3
South Slope,Harlem,03-03-2016,12:42,12,Afternoon,Thursday,0,Spring,1,1.43,Low,17.0,5.0,1.0
West Village,Kensington,13-01-2016,23:48,23,Evening,Wednesday,0,Winter,1,1.76,Low,5.0,21.1,1.0
Kensington,South Slope,16-03-2016,14:14,14,Afternoon,Wednesday,0,Spring,1,4.09,Low,20.4,12.0,1.0
West Village,Crown Heights,21-03-2016,23:07,23,Evening,Monday,0,Spring,2,2.27,Low,8.3,16.4,1.0
Murray Hill,Chinatown,12-04-2016,22:25,22,Evening,Tuesday,0,Spring,1,1.61,Low,4.5,21.5,1.0
Bedford-Stuyvesant,Upper West Side,12-01-2016,09:36,9,Morning,Tuesday,0,Winter,1,1.05,High,8.1,7.8,1.8
Bedford-Stuyvesant,Upper West Side,30-04-2016,14:10,14,Afternoon,Saturday,1,Spring,1,3.94,Low,19.2,12.3,1.0
East Harlem,East Harlem,03-03-2016,09:28,9,Morning,Thursday,0,Spring,1,0.82,High,2.8,17.6,1.8
Bedford-Stuyvesant,Murray Hill,20-04-2016,01:20,1,Night,Wednesday,0,Spring,1,2.25,Low,9.0,15.0,1.0
Midtown,East Village,16-03-2016,19:35,19,Evening,Wednesday,0,Spring,2,1.61,High,12.8,7.5,1.8
Harlem,West Village,03-06-2016,17:54,17,Afternoon,Friday,0,Summer,1,1.35,High,7.7,10.5,1.8
West Village,Upper West Side,27-02-2016,21:43,21,Evening,Saturday,1,Winter,5,3.0,Low,8.8,20.5,1.0
Kensington,Upper West Side,09-01-2016,13:57,13,Afternoon,Saturday,1,Winter,1,1.22,Low,6.5,11.3,1.0
Upper West Side,Kensington,08-04-2016,22:02,22,Evening,Friday,0,Spring,3,15.63,Low,40.0,23.4,1.0
Bedford-Stuyvesant,Murray Hill,31-03-2016,13:29,13,Afternoon,Thursday,0,Spring,1,2.44,Low,20.0,7.3,1.0
South Slope,Windsor Terrace,14-05-2016,21:35,21,Evening,Saturday,1,Spring,3,0.86,Low,11.9,4.3,1.0
Crown Heights,Midtown,31-01-2016,03:34,3,Night,Sunday,1,Winter,2,12.33,Low,41.0,18.0,1.0
Upper West Side,Clinton Hill,14-06-2016,17:30,17,Afternoon,Tuesday,0,Summer,1,5.16,High,22.1,14.0,1.8
Chelsea,East Harlem,27-04-2016,10:09,10,Morning,Wednesday,0,Spring,1,1.38,Medium,7.0,11.8,1.3
Harlem,Upper West Side,27-06-2016,10:58,10,Morning,Monday,0,Summer,1,2.11,Medium,7.6,16.7,1.3
Crown Heights,Harlem,14-03-2016,21:55,21,Evening,Monday,0,Spring,1,5.14,Low,13.6,22.7,1.0
Crown Heights,West Village,28-02-2016,15:39,15,Afternoon,Sunday,1,Winter,2,0.92,Low,2.1,26.3,1.0
Upper West Side,Park Slope,29-01-2016,20:28,20,Evening,Friday,0,Winter,3,1.11,Medium,6.5,10.2,1.3
Crown Heights,Fort Greene,13-05-2016,23:06,23,Evening,Friday,0,Spring,2,4.04,Low,15.4,15.7,1.0
Bedford-Stuyvesant,Williamsburg,20-04-2016,16:53,16,Afternoon,Wednesday,0,Spring,1,3.31,Medium,11.8,16.8,1.3
South Slope,Midtown,01-04-2016,12:49,12,Afternoon,Friday,0,Spring,1,2.07,Low,8.4,14.8,1.0
Murray Hill,Chinatown,30-03-2016,20:01,20,Evening,Wednesday,0,Spring,1,1.37,Medium,5.5,14.9,1.3
Harlem,East Village,25-05-2016,22:03,22,Evening,Wednesday,0,Spring,1,2.7,Low,10.2,15.9,1.0
Harlem,Upper West Side,05-05-2016,13:40,13,Afternoon,Thursday,0,Spring,1,0.88,Low,3.6,14.7,1.0
Upper West Side,Bedford-Stuyvesant,11-06-2016,22:17,22,Evening,Saturday,1,Summer,1,1.14,Low,7.8,8.8,1.0
"Bay Terrace, Staten Island",Bayswater,14-04-2016,18:14,18,Evening,Thursday,0,Spring,1,9.53,High,32.4,17.6,1.8
Harlem,Upper West Side,16-06-2016,14:48,14,Afternoon,Thursday,0,Summer,1,1.58,Low,15.6,6.1,1.0
Bedford-Stuyvesant,Harlem,26-02-2016,16:02,16,Afternoon,Friday,0,Winter,1,1.84,Medium,8.8,12.5,1.3
East Harlem,Harlem,28-02-2016,13:21,13,Afternoon,Sunday,1,Winter,1,4.19,Low,14.1,17.8,1.0
East Village,Bedford-Stuyvesant,15-03-2016,20:44,20,Evening,Tuesday,0,Spring,1,3.2,Medium,13.8,13.9,1.3
Bedford-Stuyvesant,East Harlem,19-05-2016,19:11,19,Evening,Thursday,0,Spring,1,2.19,High,11.0,11.9,1.8
East Harlem,Park Slope,06-03-2016,21:30,21,Evening,Sunday,1,Spring,3,5.48,Low,14.2,23.2,1.0
Harlem,Clinton Hill,16-02-2016,15:37,15,Afternoon,Tuesday,0,Winter,2,3.52,Low,24.5,8.6,1.0
Williamsburg,Harlem,02-04-2016,23:45,23,Evening,Saturday,1,Spring,1,1.14,Low,2.8,24.4,1.0
South Slope,Harlem,22-06-2016,14:05,14,Afternoon,Wednesday,0,Summer,1,2.09,Low,8.6,14.6,1.0
Murray Hill,Chelsea,12-02-2016,11:55,11,Morning,Friday,0,Winter,1,0.64,Low,4.8,8.0,1.0
South Slope,Inwood,05-06-2016,11:06,11,Morning,Sunday,1,Summer,5,2.26,Low,19.8,6.8,1.0
Williamsburg,Bedford-Stuyvesant,12-02-2016,21:21,21,Evening,Friday,0,Winter,2,4.06,Low,18.3,13.3,1.0
Chelsea,Hell's Kitchen,17-02-2016,14:04,14,Afternoon,Wednesday,0,Winter,6,2.82,Low,13.5,12.5,1.0
Upper West Side,Midtown,06-02-2016,18:19,18,Evening,Saturday,1,Winter,6,3.13,High,14.9,12.6,1.8
West Village,Bedford-Stuyvesant,25-01-2016,08:05,8,Morning,Monday,0,Winter,2,1.25,High,11.7,6.4,1.8
Bedford-Stuyvesant,Harlem,01-01-2016,04:04,4,Night,Friday,0,Winter,2,10.76,Low,27.6,23.4,1.0
Prince's Bay,Eltingville,15-04-2016,16:18,16,Afternoon,Friday,0,Spring,1,25.87,Medium,65.4,23.7,1.3
Hell's Kitchen,East Harlem,29-02-2016,06:11,6,Morning,Monday,0,Winter,1,1.9,Low,5.4,21.1,1.0
Bedford-Stuyvesant,West Village,11-04-2016,14:25,14,Afternoon,Monday,0,Spring,1,2.27,Low,12.9,10.6,1.0
Upper West Side,Crown Heights,27-02-2016,18:03,18,Evening,Saturday,1,Winter,1,2.1,High,8.4,15.0,1.8
Bedford-Stuyvesant,Bedford-Stuyvesant,11-06-2016,03:40,3,Night,Saturday,1,Summer,1,3.9,Low,10.7,21.9,1.0
Upper West Side,Bedford-Stuyvesant,16-02-2016,09:11,9,Morning,Tuesday,0,Winter,1,2.37,High,14.8,9.6,1.8
Sheepshead Bay,Arrochar,19-02-2016,09:27,9,Morning,Friday,0,Winter,1,0.96,High,11.3,5.1,1.8
East Harlem,Upper West Side,21-06-2016,21:46,21,Evening,Tuesday,0,Summer,4,6.44,Low,19.2,20.1,1.0
Harlem,Bedford-Stuyvesant,10-06-2016,21:24,21,Evening,Friday,0,Summer,1,2.33,Low,7.8,17.9,1.0
Upper West Side,Upper West Side,12-04-2016,16:28,16,Afternoon,Tuesday,0,Spring,1,2.49,Medium,7.5,19.9,1.3
Harlem,Crown Heights,02-04-2016,13:26,13,Afternoon,Saturday,1,Spring,1,1.16,Low,9.0,7.7,1.0
Tottenville,Great Kills,03-05-2016,15:28,15,Afternoon,Tuesday,0,Spring,3,24.97,Low,51.5,29.1,1.0
Inwood,East Harlem,20-06-2016,13:56,13,Afternoon,Monday,0,Summer,2,2.05,Low,14.9,8.3,1.0
East Harlem,Harlem,25-06-2016,02:17,2,Night,Saturday,1,Summer,1,3.59,Low,11.7,18.4,1.0
Hell's Kitchen,Harlem,01-02-2016,10:13,10,Morning,Monday,0,Winter,2,2.38,Medium,11.8,12.1,1.3
Upper West Side,Upper West Side,21-02-2016,21:46,21,Evening,Sunday,1,Winter,2,2.86,Low,8.6,20.0,1.0
East Harlem,Hell's Kitchen,13-03-2016,00:22,0,Night,Sunday,1,Spring,1,3.26,Low,8.3,23.6,1.0
Upper West Side,Kensington,18-05-2016,10:54,10,Morning,Wednesday,0,Spring,1,2.57,Medium,23.6,6.5,1.3
South Slope,Fort Greene,21-03-2016,13:37,13,Afternoon,Monday,0,Spring,1,0.83,Low,4.0,12.4,1.0
Bedford-Stuyvesant,East Harlem,15-03-2016,07:50,7,Morning,Tuesday,0,Spring,1,2.22,Medium,11.6,11.5,1.3
South Slope,Fort Greene,06-05-2016,17:29,17,Afternoon,Friday,0,Spring,1,1.41,High,8.3,10.2,1.8
Upper West Side,Fort Greene,13-03-2016,20:42,20,Evening,Sunday,1,Spring,1,1.15,Medium,4.4,15.7,1.3
East Harlem,Park Slope,08-06-2016,03:01,3,Night,Wednesday,0,Summer,1,0.92,Low,1.9,29.1,1.0
Park Slope,Harlem,23-04-2016,03:24,3,Night,Saturday,1,Spring,1,8.43,Low,22.0,23.0,1.0
South Slope,Upper West Side,16-01-2016,23:12,23,Evening,Saturday,1,Winter,1,3.56,Low,9.6,22.2,1.0
Bay Ridge,Arrochar,03-02-2016,19:40,19,Evening,Wednesday,0,Winter,1,1.16,High,4.2,16.6,1.8
Harlem,Upper West Side,27-06-2016,12:39,12,Afternoon,Monday,0,Summer,3,3.4,Low,13.7,14.9,1.0
East Village,East Harlem,11-02-2016,22:01,22,Evening,Thursday,0,Winter,1,2.98,Low,20.0,8.9,1.0
Bedford-Stuyvesant,Upper West Side,20-05-2016,06:03,6,Morning,Friday,0,Spring,1,1.53,Low,4.3,21.3,1.0
Clifton,Fort Hamilton,25-04-2016,20:17,20,Evening,Monday,0,Spring,3,1.45,Medium,7.5,11.6,1.3
Bedford-Stuyvesant,Upper West Side,26-04-2016,23:36,23,Evening,Tuesday,0,Spring,1,4.16,Low,19.8,12.6,1.0
East Village,Midtown,05-06-2016,19:53,19,Evening,Sunday,1,Summer,2,10.6,High,30.8,20.6,1.8
Flatbush,Chinatown,22-05-2016,14:33,14,Afternoon,Sunday,1,Spring,1,1.55,Low,12.6,7.4,1.0
Harlem,Harlem,08-03-2016,17:17,17,Afternoon,Tuesday,0,Spring,6,1.33,High,10.9,7.3,1.8
Fort Greene,Inwood,04-05-2016,17:14,17,Afternoon,Wednesday,0,Spring,1,2.01,High,14.2,8.5,1.8
East Harlem,Upper West Side,04-03-2016,19:22,19,Evening,Friday,0,Spring,1,0.65,High,4.0,9.8,1.8
West Village,Park Slope,03-01-2016,13:49,13,Afternoon,Sunday,1,Winter,2,3.74,Low,9.5,23.6,1.0
Harlem,Upper West Side,12-01-2016,06:09,6,Morning,Tuesday,0,Winter,1,2.34,Low,8.3,16.9,1.0
East Harlem,South Slope,03-02-2016,07:40,7,Morning,Wednesday,0,Winter,1,2.75,Medium,16.2,10.2,1.3
Greenpoint,Flatbush,26-01-2016,13:14,13,Afternoon,Tuesday,0,Winter,1,2.26,Low,21.0,6.5,1.0
South Slope,Hell's Kitchen,19-02-2016,20:46,20,Evening,Friday,0,Winter,3,1.42,Medium,3.1,27.5,1.3
Midtown,Hell's Kitchen,07-02-2016,12:58,12,Afternoon,Sunday,1,Winter,2,2.03,Low,7.0,17.4,1.0
Bedford-Stuyvesant,Bedford-Stuyvesant,28-01-2016,09:00,9,Morning,Thursday,0,Winter,1,1.04,High,7.0,8.9,1.8
Bedford-Stuyvesant,Inwood,07-01-2016,21:46,21,Evening,Thursday,0,Winter,1,3.96,Low,11.1,21.4,1.0
Upper West Side,Murray Hill,19-03-2016,18:46,18,Evening,Saturday,1,Spring,1,0.91,High,3.2,17.1,1.8
South Slope,Crown Heights,12-06-2016,00:55,0,Night,Sunday,1,Summer,1,2.31,Low,11.3,12.3,1.0
Upper West Side,Upper West Side,15-06-2016,09:51,9,Morning,Wednesday,0,Summer,1,2.6,High,17.0,9.2,1.8
Crown Heights,East Harlem,10-04-2016,04:21,4,Night,Sunday,1,Spring,1,8.85,Low,36.5,14.5,1.0
Harlem,Fort Greene,12-05-2016,18:22,18,Evening,Thursday,0,Spring,4,1.44,High,6.1,14.2,1.8
Harlem,Harlem,20-01-2016,11:29,11,Morning,Wednesday,0,Winter,6,3.76,Low,15.9,14.2,1.0
Kensington,Hell's Kitchen,19-02-2016,21:50,21,Evening,Friday,0,Winter,1,3.17,Low,8.9,21.4,1.0
Williamsburg,Hell's Kitchen,06-06-2016,23:49,23,Evening,Monday,0,Summer,1,4.03,Low,12.4,19.5,1.0
East Harlem,Williamsburg,26-05-2016,16:44,16,Afternoon,Thursday,0,Spring,3,2.91,Medium,10.1,17.3,1.3
East Harlem,Harlem,25-01-2016,10:54,10,Morning,Monday,0,Winter,1,1.29,Medium,4.9,15.8,1.3
Crown Heights,Greenpoint,21-05-2016,01:34,1,Night,Saturday,1,Spring,1,1.31,Low,7.6,10.3,1.0
Midtown,Upper West Side,22-01-2016,08:30,8,Morning,Friday,0,Winter,1,1.04,High,4.2,14.9,1.8
Harlem,Harlem,11-06-2016,01:51,1,Night,Saturday,1,Summer,1,1.76,Low,6.7,15.8,1.0
South Slope,Bedford-Stuyvesant,08-05-2016,01:30,1,Night,Sunday,1,Spring,6,2.12,Low,7.0,18.2,1.0
Randall Manor,Flatlands,03-02-2016,06:24,6,Morning,Wednesday,0,Winter,1,2.02,Low,6.7,18.1,1.0
Harlem,Harlem,19-01-2016,07:33,7,Morning,Tuesday,0,Winter,2,5.74,Medium,18.4,18.7,1.3
South Slope,Crown Heights,20-06-2016,12:59,12,Afternoon,Monday,0,Summer,1,3.25,Low,14.2,13.7,1.0
Fort Greene,East Harlem,09-05-2016,13:30,13,Afternoon,Monday,0,Spring,1,0.49,Low,11.6,2.5,1.0
East Harlem,East Harlem,11-05-2016,14:59,14,Afternoon,Wednesday,0,Spring,2,5.25,Low,34.9,9.0,1.0
Tottenville,Tottenville,23-06-2016,06:20,6,Morning,Thursday,0,Summer,1,23.2,Low,41.2,33.8,1.0
Clinton Hill,Harlem,23-06-2016,13:52,13,Afternoon,Thursday,0,Summer,1,12.81,Low,31.1,24.7,1.0
Upper West Side,Harlem,17-02-2016,15:10,15,Afternoon,Wednesday,0,Winter,3,3.96,Low,20.7,11.5,1.0
Bedford-Stuyvesant,South Slope,16-01-2016,19:51,19,Evening,Saturday,1,Winter,1,2.31,High,8.7,15.9,1.8
Chinatown,Park Slope,25-03-2016,20:55,20,Evening,Friday,0,Spring,1,0.82,Medium,7.4,6.6,1.3
Fort Hamilton,Midwood,08-02-2016,07:03,7,Morning,Monday,0,Winter,1,1.31,Medium,6.0,13.1,1.3
Upper West Side,Bedford-Stuyvesant,22-06-2016,17:57,17,Afternoon,Wednesday,0,Summer,1,0.61,High,3.3,11.1,1.8
Upper West Side,Kensington,17-05-2016,16:59,16,Afternoon,Tuesday,0,Spring,1,1.48,Medium,11.9,7.5,1.3
Clinton Hill,Clinton Hill,29-03-2016,08:37,8,Morning,Tuesday,0,Spring,4,1.46,High,6.3,13.9,1.8
Upper West Side,Upper West Side,29-01-2016,12:26,12,Afternoon,Friday,0,Winter,2,1.51,Low,8.4,10.8,1.0
West Village,Harlem,18-01-2016,11:44,11,Morning,Monday,0,Winter,1,6.93,Low,23.1,18.0,1.0
Harlem,Bedford-Stuyvesant,09-04-2016,20:38,20,Evening,Saturday,1,Spring,4,3.65,Medium,10.8,20.3,1.3
Harlem,East Harlem,29-05-2016,19:41,19,Evening,Sunday,1,Spring,2,1.03,High,3.2,19.3,1.8
Clinton Hill,Williamsburg,25-02-2016,23:10,23,Evening,Thursday,0,Winter,3,5.06,Low,15.5,19.6,1.0
Hell's Kitchen,Murray Hill,08-06-2016,07:20,7,Morning,Wednesday,0,Summer,1,10.82,Medium,14.5,44.8,1.3
Midtown,South Slope,09-06-2016,22:07,22,Evening,Thursday,0,Summer,1,2.11,Low,10.2,12.4,1.0
Inwood,East Harlem,01-04-2016,00:43,0,Night,Friday,0,Spring,1,5.23,Low,27.4,11.5,1.0
Harlem,Kensington,12-03-2016,12:56,12,Afternoon,Saturday,1,Spring,5,3.46,Low,21.8,9.5,1.0
Tottenville,Great Kills,16-06-2016,08:07,8,Morning,Thursday,0,Summer,2,26.19,High,124.0,12.7,1.8
Kensington,Fort Greene,12-05-2016,13:54,13,Afternoon,Thursday,0,Spring,6,1.68,Low,7.3,13.8,1.0
Upper West Side,Kensington,16-03-2016,18:52,18,Evening,Wednesday,0,Spring,1,1.89,High,7.5,15.1,1.8
Hell's Kitchen,Williamsburg,30-06-2016,18:50,18,Evening,Thursday,0,Summer,5,7.92,High,56.2,8.5,1.8
Upper West Side,Fort Greene,18-01-2016,00:41,0,Night,Monday,0,Winter,2,2.04,Low,5.2,23.5,1.0
Upper West Side,South Slope,19-01-2016,07:36,7,Morning,Tuesday,0,Winter,1,1.21,Medium,4.5,16.1,1.3
Bensonhurst,Flatlands,01-05-2016,21:42,21,Evening,Sunday,1,Spring,1,1.74,Low,4.5,23.2,1.0
Crown Heights,East Harlem,03-05-2016,21:42,21,Evening,Tuesday,0,Spring,1,11.66,Low,29.7,23.6,1.0
Clinton Hill,West Village,07-01-2016,11:39,11,Morning,Thursday,0,Winter,1,3.68,Low,12.5,17.7,1.0
Greenpoint,Clinton Hill,03-03-2016,22:54,22,Evening,Thursday,0,Spring,2,1.28,Low,3.7,20.8,1.0
Sheepshead Bay,Sheepshead Bay,13-04-2016,16:16,16,Afternoon,Wednesday,0,Spring,1,1.39,Medium,26.2,3.2,1.3
Harlem,Kensington,02-05-2016,23:45,23,Evening,Monday,0,Spring,1,18.39,Low,36.0,30.6,1.0
Arverne,Midwood,15-06-2016,00:52,0,Night,Wednesday,0,Summer,1,2.71,Low,6.8,23.9,1.0
Harlem,Harlem,08-06-2016,19:28,19,Evening,Wednesday,0,Summer,2,8.01,High,39.5,12.2,1.8
East Harlem,East Harlem,04-06-2016,13:32,13,Afternoon,Saturday,1,Summer,6,3.11,Low,21.0,8.9,1.0
Flatbush,Harlem,21-01-2016,15:43,15,Afternoon,Thursday,0,Winter,1,1.72,Low,5.6,18.4,1.0
Tottenville,Huguenot,18-05-2016,14:28,14,Afternoon,Wednesday,0,Spring,2,17.05,Low,36.8,27.8,1.0
Midtown,Upper West Side,22-03-2016,18:09,18,Evening,Tuesday,0,Spring,1,2.11,High,10.2,12.4,1.8
Far Rockaway,Flatlands,16-05-2016,12:05,12,Afternoon,Monday,0,Spring,1,5.51,Low,26.8,12.3,1.0
Inwood,Upper West Side,14-02-2016,03:27,3,Night,Sunday,1,Winter,1,4.78,Low,12.6,22.8,1.0
Grymes Hill,Borough Park,16-02-2016,08:44,8,Morning,Tuesday,0,Winter,1,1.69,High,9.6,10.6,1.8
Harlem,Hell's Kitchen,07-03-2016,14:22,14,Afternoon,Monday,0,Spring,1,1.62,Low,7.3,13.3,1.0
Kensington,Fort Greene,10-04-2016,00:50,0,Night,Sunday,1,Spring,1,3.01,Low,8.4,21.5,1.0
Tottenville,"Bay Terrace, Staten Island",03-05-2016,22:43,22,Evening,Tuesday,0,Spring,1,24.66,Low,36.7,40.3,1.0
Harlem,Greenpoint,19-06-2016,18:33,18,Evening,Sunday,1,Summer,5,5.17,High,25.0,12.4,1.8
Upper West Side,Hell's Kitchen,11-02-2016,12:26,12,Afternoon,Thursday,0,Winter,1,1.74,Low,7.2,14.5,1.0
Bedford-Stuyvesant,East Harlem,29-04-2016,23:40,23,Evening,Friday,0,Spring,1,0.7,Low,5.7,7.4,1.0
Hell's Kitchen,South Slope,13-05-2016,15:07,15,Afternoon,Friday,0,Spring,5,1.68,Low,21.5,4.7,1.0
Upper West Side,Hell's Kitchen,06-02-2016,11:31,11,Morning,Saturday,1,Winter,5,4.55,Low,12.4,22.0,1.0
Bay Ridge,Oakwood,29-01-2016,14:43,14,Afternoon,Friday,0,Winter,6,14.29,Low,47.0,18.2,1.0
East Harlem,Clinton Hill,21-06-2016,17:44,17,Afternoon,Tuesday,0,Summer,2,7.47,High,38.7,11.6,1.8
Arden Heights,Brighton Beach,29-04-2016,16:09,16,Afternoon,Friday,0,Spring,2,3.54,Medium,15.1,14.1,1.3
East Harlem,Flatbush,30-04-2016,22:54,22,Evening,Saturday,1,Spring,2,2.68,Low,11.3,14.2,1.0
Inwood,Hell's Kitchen,05-04-2016,21:43,21,Evening,Tuesday,0,Spring,1,1.12,Low,1.9,35.4,1.0
Sheepshead Bay,Gravesend,04-05-2016,03:08,3,Night,Wednesday,0,Spring,2,8.11,Low,14.8,32.9,1.0
Fort Greene,Midtown,14-01-2016,17:37,17,Afternoon,Thursday,0,Winter,1,1.57,High,11.7,8.1,1.8
Upper West Side,Chinatown,26-03-2016,12:30,12,Afternoon,Saturday,1,Spring,1,2.08,Low,7.8,16.0,1.0
Park Slope,Hell's Kitchen,11-03-2016,13:57,13,Afternoon,Friday,0,Spring,1,3.74,Low,15.3,14.7,1.0
Upper West Side,Hell's Kitchen,18-03-2016,07:16,7,Morning,Friday,0,Spring,6,0.88,Medium,3.8,13.9,1.3
Park Slope,Greenpoint,12-04-2016,20:38,20,Evening,Tuesday,0,Spring,6,3.12,Medium,9.4,19.9,1.3
Upper West Side,Harlem,12-05-2016,18:37,18,Evening,Thursday,0,Spring,1,1.1,High,4.8,13.8,1.8
South Slope,East Harlem,03-03-2016,09:11,9,Morning,Thursday,0,Spring,1,4.13,High,10.0,24.8,1.8
"Bay Terrace, Staten Island",Bay Ridge,15-03-2016,18:52,18,Evening,Tuesday,0,Spring,1,14.57,High,44.2,19.8,1.8
South Slope,Harlem,17-06-2016,09:46,9,Morning,Friday,0,Summer,1,0.97,High,5.7,10.2,1.8
Hell's Kitchen,Upper West Side,20-06-2016,23:06,23,Evening,Monday,0,Summer,1,3.19,Low,10.0,19.1,1.0
Harlem,Murray Hill,17-05-2016,20:51,20,Evening,Tuesday,0,Spring,1,1.67,Medium,6.2,16.2,1.3
Upper West Side,Bedford-Stuyvesant,12-02-2016,07:04,7,Morning,Friday,0,Winter,1,1.5,Medium,6.2,14.5,1.3
East Harlem,Crown Heights,12-03-2016,11:51,11,Morning,Saturday,1,Spring,6,3.52,Low,14.4,14.7,1.0
Upper West Side,Flatbush,10-06-2016,23:05,23,Evening,Friday,0,Summer,1,3.07,Low,8.6,21.4,1.0
Fort Greene,Crown Heights,02-04-2016,10:18,10,Morning,Saturday,1,Spring,2,0.66,Medium,3.6,11.0,1.3
Arrochar,Arden Heights,13-06-2016,12:04,12,Afternoon,Monday,0,Summer,5,12.89,Low,32.8,23.6,1.0
South Slope,East Harlem,05-04-2016,23:46,23,Evening,Tuesday,0,Spring,2,6.85,Low,25.7,16.0,1.0
Kensington,Upper West Side,06-05-2016,20:33,20,Evening,Friday,0,Spring,1,2.9,Medium,9.6,18.1,1.3
East Harlem,East Harlem,10-02-2016,08:15,8,Morning,Wednesday,0,Winter,2,1.3,High,5.7,13.7,1.8
Bensonhurst,Borough Park,15-02-2016,19:11,19,Evening,Monday,0,Winter,1,3.38,High,13.0,15.6,1.8
Fort Greene,East Harlem,24-06-2016,07:03,7,Morning,Friday,0,Summer,1,4.87,Medium,16.8,17.4,1.3
Hell's Kitchen,Chelsea,12-01-2016,13:11,13,Afternoon,Tuesday,0,Winter,1,1.41,Low,8.9,9.5,1.0
Upper West Side,Upper West Side,23-04-2016,11:18,11,Morning,Saturday,1,Spring,3,3.6,Low,14.6,14.8,1.0
Arverne,Sheepshead Bay,22-06-2016,12:48,12,Afternoon,Wednesday,0,Summer,1,0.73,Low,4.8,9.1,1.0
Fort Greene,East Harlem,30-05-2016,10:37,10,Morning,Monday,0,Spring,1,1.28,Medium,3.9,19.7,1.3
Kensington,Bedford-Stuyvesant,20-04-2016,11:29,11,Morning,Wednesday,0,Spring,1,2.27,Low,20.6,6.6,1.0
Murray Hill,Harlem,31-01-2016,07:34,7,Morning,Sunday,1,Winter,1,2.07,Medium,7.6,16.3,1.3
South Slope,Upper West Side,02-04-2016,09:49,9,Morning,Saturday,1,Spring,1,3.28,High,15.4,12.8,1.8
Williamsburg,Clinton Hill,04-02-2016,22:30,22,Evening,Thursday,0,Winter,2,3.95,Low,27.0,8.8,1.0
Bedford-Stuyvesant,Hell's Kitchen,23-06-2016,14:43,14,Afternoon,Thursday,0,Summer,1,3.0,Low,14.2,12.7,1.0
Fort Greene,Fort Greene,06-05-2016,19:18,19,Evening,Friday,0,Spring,1,2.18,High,4.8,27.2,1.8
East Harlem,Crown Heights,18-05-2016,03:34,3,Night,Wednesday,0,Spring,1,1.37,Low,2.2,37.4,1.0
South Slope,Upper West Side,03-05-2016,23:33,23,Evening,Tuesday,0,Spring,2,10.04,Low,47.2,12.8,1.0
Kensington,Bedford-Stuyvesant,01-06-2016,13:17,13,Afternoon,Wednesday,0,Summer,1,0.47,Low,2.4,11.7,1.0
Upper West Side,East Harlem,02-04-2016,13:06,13,Afternoon,Saturday,1,Spring,1,0.92,Low,4.6,12.0,1.0
West Village,West Village,20-04-2016,08:57,8,Morning,Wednesday,0,Spring,1,0.85,High,4.4,11.6,1.8
Emerson Hill,Edgemere,21-05-2016,19:05,19,Evening,Saturday,1,Spring,1,3.12,High,24.0,7.8,1.8
Greenpoint,Kensington,26-03-2016,19:46,19,Evening,Saturday,1,Spring,1,1.28,High,7.8,9.8,1.8
Upper West Side,Kensington,05-06-2016,20:35,20,Evening,Sunday,1,Summer,2,6.7,Medium,16.6,24.2,1.3
Harlem,South Slope,10-02-2016,08:03,8,Morning,Wednesday,0,Winter,2,2.17,High,9.6,13.6,1.8
Fort Hamilton,Eltingville,13-05-2016,05:03,5,Night,Friday,0,Spring,2,20.18,Low,20.8,58.2,1.0
South Slope,Murray Hill,08-04-2016,13:13,13,Afternoon,Friday,0,Spring,2,1.07,Low,11.0,5.8,1.0
Park Slope,Upper West Side,16-05-2016,02:11,2,Night,Monday,0,Spring,1,6.03,Low,12.6,28.7,1.0
Harlem,East Harlem,20-04-2016,13:22,13,Afternoon,Wednesday,0,Spring,4,1.9,Low,13.4,8.5,1.0
Bensonhurst,Great Kills,11-04-2016,19:59,19,Evening,Monday,0,Spring,1,14.92,High,47.8,18.7,1.8
Kensington,Chelsea,24-03-2016,11:54,11,Morning,Thursday,0,Spring,2,5.23,Low,25.0,12.6,1.0
Williamsburg,Chelsea,25-06-2016,17:53,17,Afternoon,Saturday,1,Summer,1,4.17,High,15.0,16.7,1.8
Bedford-Stuyvesant,Kensington,07-02-2016,21:00,21,Evening,Sunday,1,Winter,1,8.69,Low,24.1,21.6,1.0
Harlem,Harlem,15-03-2016,19:33,19,Evening,Tuesday,0,Spring,2,3.11,High,8.9,21.0,1.8
East Harlem,Harlem,07-05-2016,14:52,14,Afternoon,Saturday,1,Spring,6,7.72,Low,30.6,15.1,1.0
Park Slope,East Harlem,31-01-2016,08:57,8,Morning,Sunday,1,Winter,2,1.07,High,5.9,10.9,1.8
Bedford-Stuyvesant,Hell's Kitchen,28-04-2016,06:52,6,Morning,Thursday,0,Spring,1,5.28,Low,16.4,19.3,1.0
South Slope,Midtown,30-04-2016,11:31,11,Morning,Saturday,1,Spring,1,7.96,Low,20.8,23.0,1.0
Upper West Side,Inwood,03-01-2016,10:04,10,Morning,Sunday,1,Winter,2,2.08,Medium,5.4,23.1,1.3
East Harlem,Upper West Side,08-06-2016,16:55,16,Afternoon,Wednesday,0,Summer,1,1.36,Medium,4.2,19.4,1.3
Upper West Side,Bedford-Stuyvesant,23-04-2016,12:29,12,Afternoon,Saturday,1,Spring,1,0.91,Low,2.4,22.8,1.0
East Village,Bedford-Stuyvesant,06-03-2016,02:57,2,Night,Sunday,1,Spring,1,4.82,Low,17.7,16.3,1.0
West Village,Williamsburg,07-06-2016,23:10,23,Evening,Tuesday,0,Summer,1,1.26,Low,3.5,21.6,1.0
Clinton Hill,Upper West Side,27-01-2016,08:14,8,Morning,Wednesday,0,Winter,1,1.6,High,7.2,13.3,1.8
Upper West Side,Upper West Side,30-01-2016,00:20,0,Night,Saturday,1,Winter,1,6.3,Low,18.8,20.1,1.0
South Slope,South Slope,06-03-2016,21:37,21,Evening,Sunday,1,Spring,1,4.81,Low,10.8,26.7,1.0
Upper West Side,Upper West Side,14-05-2016,11:56,11,Morning,Saturday,1,Spring,2,0.96,Low,7.6,7.6,1.0
West Village,East Harlem,22-05-2016,12:44,12,Afternoon,Sunday,1,Spring,2,2.39,Low,16.6,8.6,1.0
East Harlem,Harlem,04-03-2016,14:16,14,Afternoon,Friday,0,Spring,1,1.39,Low,14.2,5.9,1.0
Sheepshead Bay,Clifton,28-02-2016,13:14,13,Afternoon,Sunday,1,Winter,5,1.74,Low,4.6,22.7,1.0
East Harlem,Park Slope,20-02-2016,19:32,19,Evening,Saturday,1,Winter,2,1.91,High,14.2,8.1,1.8
Fort Greene,Hell's Kitchen,03-04-2016,00:47,0,Night,Sunday,1,Spring,3,0.97,Low,6.7,8.7,1.0
Upper West Side,Upper West Side,08-06-2016,14:03,14,Afternoon,Wednesday,0,Summer,1,6.45,Low,16.4,23.6,1.0
South Slope,Upper West Side,08-02-2016,00:51,0,Night,Monday,0,Winter,1,9.83,Low,18.2,32.4,1.0
Windsor Terrace,Bedford-Stuyvesant,20-04-2016,07:44,7,Morning,Wednesday,0,Spring,1,1.56,Medium,5.4,17.3,1.3
Murray Hill,Bedford-Stuyvesant,21-03-2016,15:30,15,Afternoon,Monday,0,Spring,6,1.44,Low,6.0,14.4,1.0
Greenpoint,Upper West Side,19-06-2016,03:46,3,Night,Sunday,1,Summer,1,6.81,Low,15.8,25.9,1.0
Chinatown,Harlem,07-03-2016,05:48,5,Night,Monday,0,Spring,1,2.09,Low,4.9,25.6,1.0
Borough Park,Midwood,24-06-2016,19:17,19,Evening,Friday,0,Summer,1,4.07,High,25.2,9.7,1.8
Harlem,Bedford-Stuyvesant,29-01-2016,20:41,20,Evening,Friday,0,Winter,1,1.49,Medium,7.3,12.2,1.3
East Harlem,Williamsburg,15-02-2016,03:43,3,Night,Monday,0,Winter,6,2.05,Low,7.8,15.8,1.0
Hell's Kitchen,East Harlem,07-02-2016,23:32,23,Evening,Sunday,1,Winter,1,0.86,Low,3.4,15.2,1.0
Harlem,Upper West Side,26-01-2016,07:39,7,Morning,Tuesday,0,Winter,1,9.22,Medium,38.8,14.3,1.3
Hell's Kitchen,Upper West Side,20-04-2016,06:27,6,Morning,Wednesday,0,Spring,1,1.35,Low,6.8,11.9,1.0
Upper West Side,Harlem,16-02-2016,22:12,22,Evening,Tuesday,0,Winter,5,2.42,Low,10.0,14.5,1.0
Harlem,Harlem,09-03-2016,16:17,16,Afternoon,Wednesday,0,Spring,1,2.32,Medium,10.8,12.9,1.3
Upper West Side,East Harlem,03-05-2016,13:25,13,Afternoon,Tuesday,0,Spring,5,1.49,Low,13.4,6.7,1.0
Prince's Bay,Rossville,27-06-2016,09:27,9,Morning,Monday,0,Summer,1,15.25,High,23.2,39.4,1.8
Sheepshead Bay,Oakwood,14-03-2016,04:56,4,Night,Monday,0,Spring,1,11.5,Low,19.2,35.9,1.0
Bedford-Stuyvesant,Murray Hill,21-06-2016,16:24,16,Afternoon,Tuesday,0,Summer,1,2.21,Medium,7.8,17.0,1.3
Bedford-Stuyvesant,West Village,28-06-2016,23:27,23,Evening,Tuesday,0,Summer,6,1.67,Low,5.0,20.0,1.0
Upper West Side,South Slope,23-05-2016,01:11,1,Night,Monday,0,Spring,1,2.35,Low,4.9,28.8,1.0
Bedford-Stuyvesant,Harlem,03-03-2016,13:04,13,Afternoon,Thursday,0,Spring,1,0.89,Low,5.8,9.2,1.0
Harlem,Upper West Side,13-05-2016,07:55,7,Morning,Friday,0,Spring,1,5.06,Medium,33.6,9.0,1.3
West Village,Crown Heights,12-03-2016,21:23,21,Evening,Saturday,1,Spring,1,0.77,Low,7.0,6.6,1.0
Williamsburg,Chinatown,27-02-2016,18:46,18,Evening,Saturday,1,Winter,1,1.14,High,5.7,12.0,1.8
East Harlem,Bedford-Stuyvesant,12-03-2016,20:17,20,Evening,Saturday,1,Spring,1,3.87,Medium,18.4,12.6,1.3
Upper West Side,Clinton Hill,16-04-2016,03:37,3,Night,Saturday,1,Spring,1,4.92,Low,12.6,23.4,1.0
Tottenville,Prince's Bay,28-06-2016,05:11,5,Night,Tuesday,0,Summer,2,26.1,Low,29.0,54.0,1.0
Greenpoint,Murray Hill,17-03-2016,18:44,18,Evening,Thursday,0,Spring,1,0.62,High,2.6,14.3,1.8
Sheepshead Bay,Rossville,21-05-2016,01:30,1,Night,Saturday,1,Spring,6,22.55,Low,41.5,32.6,1.0
South Slope,Upper West Side,24-06-2016,07:18,7,Morning,Friday,0,Summer,2,3.05,Medium,11.8,15.5,1.3
Gravesend,Flatlands,22-06-2016,11:59,11,Morning,Wednesday,0,Summer,1,2.04,Low,12.9,9.5,1.0
Kensington,Fort Greene,02-05-2016,08:31,8,Morning,Monday,0,Spring,1,0.86,High,3.9,13.2,1.8
Bedford-Stuyvesant,Upper West Side,08-04-2016,15:37,15,Afternoon,Friday,0,Spring,1,3.6,Low,14.6,14.8,1.0
Park Slope,Crown Heights,01-01-2016,12:14,12,Afternoon,Friday,0,Winter,1,2.71,Low,9.3,17.5,1.0
Harlem,South Slope,17-04-2016,04:13,4,Night,Sunday,1,Spring,1,7.58,Low,15.0,30.3,1.0
Great Kills,Prince's Bay,01-06-2016,14:29,14,Afternoon,Wednesday,0,Summer,1,25.46,Low,75.5,20.2,1.0
Clinton Hill,Murray Hill,14-01-2016,13:51,13,Afternoon,Thursday,0,Winter,1,1.68,Low,13.2,7.6,1.0
East Harlem,Upper West Side,25-06-2016,11:07,11,Morning,Saturday,1,Summer,3,6.01,Low,17.8,20.3,1.0
Park Slope,Harlem,01-03-2016,06:10,6,Morning,Tuesday,0,Spring,2,1.06,Low,4.9,13.0,1.0
East Harlem,Clinton Hill,05-01-2016,23:11,23,Evening,Tuesday,0,Winter,1,0.76,Low,3.3,13.8,1.0
Fort Greene,Upper West Side,18-05-2016,18:03,18,Evening,Wednesday,0,Spring,1,0.73,High,4.6,9.5,1.8
Bedford-Stuyvesant,Harlem,29-06-2016,23:29,23,Evening,Wednesday,0,Summer,1,6.01,Low,29.7,12.1,1.0
Prince's Bay,Prince's Bay,22-04-2016,11:04,11,Morning,Friday,0,Spring,3,24.39,Low,45.6,32.1,1.0
Harlem,Hell's Kitchen,27-03-2016,10:27,10,Morning,Sunday,1,Spring,1,2.5,Medium,9.8,15.3,1.3
Williamsburg,Bedford-Stuyvesant,29-03-2016,16:15,16,Afternoon,Tuesday,0,Spring,1,1.05,Medium,7.4,8.5,1.3
Upper West Side,Kensington,17-05-2016,14:50,14,Afternoon,Tuesday,0,Spring,2,2.25,Low,16.2,8.3,1.0
Harlem,Williamsburg,10-01-2016,13:01,13,Afternoon,Sunday,1,Winter,1,1.11,Low,4.2,15.9,1.0
East Harlem,Clinton Hill,09-05-2016,19:02,19,Evening,Monday,0,Spring,1,2.63,High,11.8,13.4,1.8
Clinton Hill,Crown Heights,16-03-2016,15:41,15,Afternoon,Wednesday,0,Spring,3,2.47,Low,7.9,18.8,1.0
East Harlem,Kensington,06-03-2016,09:30,9,Morning,Sunday,1,Spring,1,1.25,High,4.9,15.3,1.8
Harlem,Park Slope,02-05-2016,20:50,20,Evening,Monday,0,Spring,1,2.92,Medium,9.6,18.2,1.3
Chelsea,Park Slope,04-03-2016,03:06,3,Night,Friday,0,Spring,1,2.78,Low,8.8,19.0,1.0
Upper West Side,Bedford-Stuyvesant,03-06-2016,12:56,12,Afternoon,Friday,0,Summer,1,3.08,Low,14.3,12.9,1.0
Crown Heights,Midtown,05-04-2016,06:26,6,Morning,Tuesday,0,Spring,1,0.67,Low,2.9,13.9,1.0
Eltingville,Tottenville,10-06-2016,15:39,15,Afternoon,Friday,0,Summer,1,23.13,Low,53.4,26.0,1.0
East Harlem,West Village,25-05-2016,08:12,8,Morning,Wednesday,0,Spring,1,1.13,High,8.6,7.9,1.8
Long Island City,Harlem,10-02-2016,23:48,23,Evening,Wednesday,0,Winter,1,1.56,Low,8.1,11.6,1.0
South Slope,Crown Heights,18-04-2016,06:50,6,Morning,Monday,0,Spring,1,1.27,Low,4.2,18.1,1.0
Upper West Side,West Village,08-05-2016,15:22,15,Afternoon,Sunday,1,Spring,5,0.65,Low,6.2,6.3,1.0
South Slope,Murray Hill,03-03-2016,20:30,20,Evening,Thursday,0,Spring,1,3.54,Medium,14.4,14.7,1.3
East Harlem,South Slope,01-01-2016,00:42,0,Night,Friday,0,Winter,1,4.68,Low,20.9,13.4,1.0
Williamsburg,Crown Heights,22-03-2016,22:42,22,Evening,Tuesday,0,Spring,1,5.78,Low,13.6,25.5,1.0
Inwood,Bedford-Stuyvesant,24-05-2016,10:34,10,Morning,Tuesday,0,Spring,1,1.15,Medium,10.5,6.6,1.3
Williamsburg,South Slope,21-05-2016,11:11,11,Morning,Saturday,1,Spring,2,5.1,Low,14.0,21.9,1.0
South Slope,East Harlem,14-01-2016,21:16,21,Evening,Thursday,0,Winter,6,2.41,Low,6.0,24.1,1.0
Hell's Kitchen,Upper West Side,20-02-2016,22:42,22,Evening,Saturday,1,Winter,1,2.13,Low,7.4,17.3,1.0
East Harlem,Kensington,20-01-2016,13:43,13,Afternoon,Wednesday,0,Winter,2,1.92,Low,6.8,16.9,1.0
Bedford-Stuyvesant,East Harlem,04-06-2016,13:05,13,Afternoon,Saturday,1,Summer,1,1.34,Low,6.8,11.8,1.0
Harlem,Upper West Side,08-05-2016,12:43,12,Afternoon,Sunday,1,Spring,1,1.94,Low,8.0,14.6,1.0
Harlem,Chelsea,23-05-2016,19:46,19,Evening,Monday,0,Spring,2,3.42,High,11.3,18.2,1.8
Bedford-Stuyvesant,West Village,07-05-2016,03:51,3,Night,Saturday,1,Spring,3,0.95,Low,6.1,9.3,1.0
Prince's Bay,Arden Heights,08-06-2016,14:40,14,Afternoon,Wednesday,0,Summer,1,25.23,Low,74.4,20.3,1.0
South Slope,East Harlem,09-03-2016,09:12,9,Morning,Wednesday,0,Spring,1,2.19,High,20.5,6.4,1.8
Bedford-Stuyvesant,East Harlem,22-06-2016,18:03,18,Evening,Wednesday,0,Summer,1,2.34,High,14.0,10.0,1.8
Upper West Side,East Harlem,21-05-2016,08:14,8,Morning,Saturday,1,Spring,1,1.83,High,5.6,19.6,1.8
Upper West Side,Hell's Kitchen,13-02-2016,17:06,17,Afternoon,Saturday,1,Winter,1,4.64,High,32.5,8.6,1.8
South Slope,Harlem,22-06-2016,08:15,8,Morning,Wednesday,0,Summer,1,2.64,High,13.8,11.5,1.8
Murray Hill,Harlem,12-05-2016,10:29,10,Morning,Thursday,0,Spring,2,3.29,Medium,23.7,8.3,1.3
Bedford-Stuyvesant,East Harlem,28-01-2016,21:31,21,Evening,Thursday,0,Winter,1,9.91,Low,24.0,24.8,1.0
Murray Hill,Upper West Side,12-03-2016,21:55,21,Evening,Saturday,1,Spring,2,1.52,Low,11.4,8.0,1.0
Fort Greene,Clinton Hill,22-04-2016,11:56,11,Morning,Friday,0,Spring,5,1.47,Low,14.8,6.0,1.0
Bedford-Stuyvesant,East Harlem,03-04-2016,15:45,15,Afternoon,Sunday,1,Spring,3,5.13,Low,23.7,13.0,1.0
South Slope,Hell's Kitchen,12-04-2016,20:58,20,Evening,Tuesday,0,Spring,5,1.65,Medium,9.1,10.9,1.3
West Village,Midtown,12-04-2016,20:43,20,Evening,Tuesday,0,Spring,1,2.5,Medium,8.0,18.8,1.3
South Slope,Kensington,29-04-2016,08:10,8,Morning,Friday,0,Spring,5,2.7,High,21.8,7.4,1.8
East Harlem,Park Slope,19-06-2016,20:47,20,Evening,Sunday,1,Summer,1,0.4,Medium,1.7,14.1,1.3
Williamsburg,Inwood,05-05-2016,10:10,10,Morning,Thursday,0,Spring,1,0.85,Medium,3.5,14.6,1.3
Upper West Side,Harlem,29-01-2016,15:46,15,Afternoon,Friday,0,Winter,1,0.91,Low,3.6,15.2,1.0
Great Kills,Rockaway Beach,10-01-2016,21:37,21,Evening,Sunday,1,Winter,1,17.17,Low,19.7,52.3,1.0
Harlem,East Harlem,10-05-2016,20:32,20,Evening,Tuesday,0,Spring,1,0.45,Medium,1.2,22.5,1.3
Williamsburg,East Harlem,10-04-2016,01:49,1,Night,Sunday,1,Spring,1,4.06,Low,8.2,29.7,1.0
Upper West Side,Harlem,21-04-2016,20:23,20,Evening,Thursday,0,Spring,1,3.33,Medium,13.9,14.4,1.3
East Harlem,South Slope,29-04-2016,11:35,11,Morning,Friday,0,Spring,1,12.81,Low,24.3,31.6,1.0
Fort Greene,Kensington,04-04-2016,07:22,7,Morning,Monday,0,Spring,5,1.3,Medium,7.5,10.4,1.3
Tottenville,Tottenville,17-05-2016,19:57,19,Evening,Tuesday,0,Spring,1,11.99,High,20.1,35.8,1.8
West Village,Chinatown,23-06-2016,20:48,20,Evening,Thursday,0,Summer,1,4.96,Medium,13.4,22.2,1.3
Windsor Terrace,Harlem,28-03-2016,08:17,8,Morning,Monday,0,Spring,1,3.52,High,16.5,12.8,1.8
Chinatown,Upper West Side,19-02-2016,05:56,5,Night,Friday,0,Winter,1,4.49,Low,11.2,24.1,1.0
East Harlem,South Slope,25-06-2016,20:02,20,Evening,Saturday,1,Summer,2,4.35,Medium,18.2,14.3,1.3
Harlem,Upper West Side,03-01-2016,14:12,14,Afternoon,Sunday,1,Winter,1,2.02,Low,5.8,20.9,1.0
Bedford-Stuyvesant,Hell's Kitchen,07-05-2016,21:55,21,Evening,Saturday,1,Spring,1,2.38,Low,8.3,17.2,1.0
Williamsburg,Inwood,07-01-2016,22:00,22,Evening,Thursday,0,Winter,1,0.92,Low,3.4,16.2,1.0
East Harlem,Harlem,05-04-2016,00:38,0,Night,Tuesday,0,Spring,1,1.96,Low,6.0,19.6,1.0
Greenpoint,Murray Hill,21-06-2016,21:50,21,Evening,Tuesday,0,Summer,1,3.1,Low,17.4,10.7,1.0
Harlem,Harlem,11-04-2016,19:46,19,Evening,Monday,0,Spring,2,0.79,High,6.0,7.9,1.8
West Village,Upper West Side,28-02-2016,07:26,7,Morning,Sunday,1,Winter,1,1.34,Medium,6.4,12.6,1.3
Williamsburg,Crown Heights,28-01-2016,19:03,19,Evening,Thursday,0,Winter,1,3.72,High,9.4,23.7,1.8
Clinton Hill,Kensington,28-03-2016,11:23,11,Morning,Monday,0,Spring,2,0.65,Low,3.9,10.0,1.0
South Slope,West Village,22-04-2016,19:20,19,Evening,Friday,0,Spring,1,0.71,High,11.2,3.8,1.8
East Village,Bedford-Stuyvesant,03-04-2016,01:10,1,Night,Sunday,1,Spring,1,7.59,Low,20.4,22.3,1.0
Bedford-Stuyvesant,Bedford-Stuyvesant,13-01-2016,09:39,9,Morning,Wednesday,0,Winter,6,2.46,High,7.6,19.4,1.8
South Slope,Bedford-Stuyvesant,04-06-2016,23:16,23,Evening,Saturday,1,Summer,2,5.81,Low,20.4,17.1,1.0
Fort Greene,Upper West Side,19-04-2016,14:40,14,Afternoon,Tuesday,0,Spring,2,0.85,Low,2.5,20.4,1.0
Far Rockaway,Rockaway Beach,29-06-2016,10:31,10,Morning,Wednesday,0,Summer,3,1.09,Medium,3.9,16.8,1.3
Bedford-Stuyvesant,Park Slope,27-02-2016,01:32,1,Night,Saturday,1,Winter,1,2.7,Low,8.6,18.8,1.0
West Village,Upper West Side,25-03-2016,00:46,0,Night,Friday,0,Spring,1,6.99,Low,17.8,23.6,1.0
Upper West Side,Upper West Side,16-02-2016,05:24,5,Night,Tuesday,0,Winter,1,0.71,Low,3.6,11.8,1.0
Fort Greene,East Village,17-01-2016,00:47,0,Night,Sunday,1,Winter,1,3.97,Low,11.4,20.9,1.0
West Village,Bedford-Stuyvesant,11-05-2016,19:13,19,Evening,Wednesday,0,Spring,2,3.83,High,29.6,7.8,1.8
Bedford-Stuyvesant,Upper West Side,29-06-2016,20:23,20,Evening,Wednesday,0,Summer,1,3.31,Medium,12.9,15.4,1.3
Bedford-Stuyvesant,Fort Greene,20-01-2016,08:53,8,Morning,Wednesday,0,Winter,1,4.51,High,32.4,8.4,1.8
Kensington,Chinatown,13-04-2016,09:22,9,Morning,Wednesday,0,Spring,1,0.82,High,3.9,12.6,1.8
Harlem,Upper West Side,08-01-2016,00:21,0,Night,Friday,0,Winter,1,1.84,Low,6.6,16.7,1.0
Williamsburg,Upper West Side,17-03-2016,23:33,23,Evening,Thursday,0,Spring,2,7.07,Low,18.4,23.1,1.0
Clinton Hill,West Village,12-02-2016,00:17,0,Night,Friday,0,Winter,1,1.92,Low,4.9,23.5,1.0
Upper West Side,Upper West Side,22-02-2016,08:04,8,Morning,Monday,0,Winter,1,3.34,High,28.5,7.0,1.8
Park Slope,Hell's Kitchen,12-01-2016,16:40,16,Afternoon,Tuesday,0,Winter,1,3.15,Medium,9.1,20.8,1.3
Fort Greene,Inwood,16-05-2016,19:18,19,Evening,Monday,0,Spring,1,3.69,High,18.2,12.2,1.8
Flatlands,Midwood,19-02-2016,07:00,7,Morning,Friday,0,Winter,1,1.37,Medium,5.9,13.9,1.3
Hell's Kitchen,Inwood,24-04-2016,02:17,2,Night,Sunday,1,Spring,2,4.44,Low,11.4,23.4,1.0
Harlem,Upper West Side,31-05-2016,19:14,19,Evening,Tuesday,0,Spring,1,1.8,High,9.6,11.2,1.8
Fort Greene,West Village,02-04-2016,01:12,1,Night,Saturday,1,Spring,1,1.88,Low,6.6,17.1,1.0
South Slope,Bedford-Stuyvesant,05-05-2016,07:33,7,Morning,Thursday,0,Spring,1,5.19,Medium,15.8,19.7,1.3
Williamsburg,South Slope,11-04-2016,21:47,21,Evening,Monday,0,Spring,1,5.14,Low,15.6,19.8,1.0
Harlem,Upper West Side,07-03-2016,13:47,13,Afternoon,Monday,0,Spring,1,0.92,Low,7.6,7.3,1.0
Fort Greene,Upper West Side,15-04-2016,00:00,0,Night,Friday,0,Spring,3,0.86,Low,4.7,11.0,1.0
East Harlem,Upper West Side,24-04-2016,13:33,13,Afternoon,Sunday,1,Spring,5,2.35,Low,5.9,23.9,1.0
East Harlem,Midtown,14-01-2016,17:28,17,Afternoon,Thursday,0,Winter,1,1.05,High,3.6,17.5,1.8
Fort Greene,Bedford-Stuyvesant,13-04-2016,19:43,19,Evening,Wednesday,0,Spring,1,1.1,High,5.4,12.2,1.8
Upper West Side,Kensington,18-06-2016,15:21,15,Afternoon,Saturday,1,Summer,1,2.26,Low,15.8,8.6,1.0
Murray Hill,Hell's Kitchen,20-05-2016,18:12,18,Evening,Friday,0,Spring,2,3.59,High,26.9,8.0,1.8
Fort Greene,Bedford-Stuyvesant,13-04-2016,11:13,11,Morning,Wednesday,0,Spring,1,0.89,Low,12.5,4.3,1.0
East Harlem,Harlem,23-02-2016,09:58,9,Morning,Tuesday,0,Winter,1,4.57,High,11.8,23.2,1.8
Harlem,Midtown,29-02-2016,21:55,21,Evening,Monday,0,Winter,1,5.46,Low,13.0,25.2,1.0
Bedford-Stuyvesant,Chelsea,10-01-2016,03:34,3,Night,Sunday,1,Winter,1,7.67,Low,25.2,18.3,1.0
Bedford-Stuyvesant,Harlem,30-01-2016,23:06,23,Evening,Saturday,1,Winter,1,1.74,Low,6.5,16.1,1.0
East Harlem,Hell's Kitchen,16-03-2016,11:44,11,Morning,Wednesday,0,Spring,1,10.42,Low,23.6,26.5,1.0
Harlem,East Village,20-06-2016,10:59,10,Morning,Monday,0,Summer,3,4.28,Medium,29.2,8.8,1.3
South Slope,Crown Heights,30-01-2016,19:09,19,Evening,Saturday,1,Winter,1,4.58,High,20.4,13.5,1.8
Harlem,Bedford-Stuyvesant,01-03-2016,08:19,8,Morning,Tuesday,0,Spring,1,2.48,High,13.3,11.2,1.8
Bedford-Stuyvesant,East Harlem,08-02-2016,22:33,22,Evening,Monday,0,Winter,1,10.24,Low,23.9,25.7,1.0
Crown Heights,Kensington,22-04-2016,08:08,8,Morning,Friday,0,Spring,1,7.98,High,30.2,15.9,1.8
Murray Hill,East Harlem,14-05-2016,22:33,22,Evening,Saturday,1,Spring,1,1.24,Low,4.7,15.8,1.0
Greenpoint,Kensington,27-01-2016,18:27,18,Evening,Wednesday,0,Winter,1,1.77,High,11.4,9.3,1.8
Clinton Hill,East Harlem,23-06-2016,16:07,16,Afternoon,Thursday,0,Summer,1,9.31,Medium,31.4,17.8,1.3
Upper West Side,Bedford-Stuyvesant,23-03-2016,00:16,0,Night,Wednesday,0,Spring,1,1.07,Low,5.2,12.3,1.0
Great Kills,Oakwood,30-04-2016,15:01,15,Afternoon,Saturday,1,Spring,3,0.18,Low,0.8,13.5,1.0
Arden Heights,Rosebank,06-06-2016,18:40,18,Evening,Monday,0,Summer,1,11.09,High,24.4,27.3,1.8
Hell's Kitchen,Harlem,24-05-2016,07:52,7,Morning,Tuesday,0,Spring,1,2.2,Medium,9.6,13.8,1.3
South Slope,Hell's Kitchen,12-03-2016,18:56,18,Evening,Saturday,1,Spring,1,6.95,High,23.2,18.0,1.8
East Harlem,Kensington,18-01-2016,15:19,15,Afternoon,Monday,0,Winter,1,0.75,Low,3.0,15.0,1.0
East Harlem,Clinton Hill,03-03-2016,00:12,0,Night,Thursday,0,Spring,2,1.88,Low,4.8,23.5,1.0
Crown Heights,Bedford-Stuyvesant,10-04-2016,01:36,1,Night,Sunday,1,Spring,5,1.95,Low,12.0,9.8,1.0
Park Slope,Williamsburg,26-02-2016,22:26,22,Evening,Friday,0,Winter,1,2.93,Low,13.1,13.4,1.0
Clinton Hill,East Harlem,25-04-2016,16:07,16,Afternoon,Monday,0,Spring,1,1.95,Medium,7.4,15.8,1.3
Upper West Side,Upper West Side,20-04-2016,08:26,8,Morning,Wednesday,0,Spring,1,1.08,High,5.7,11.4,1.8
Harlem,Midtown,01-01-2016,16:22,16,Afternoon,Friday,0,Winter,5,1.3,Medium,5.2,15.0,1.3
Park Slope,Hell's Kitchen,02-01-2016,23:08,23,Evening,Saturday,1,Winter,1,1.36,Low,10.9,7.5,1.0
Clinton Hill,East Harlem,27-06-2016,14:40,14,Afternoon,Monday,0,Summer,1,3.18,Low,18.6,10.3,1.0
Bedford-Stuyvesant,Harlem,09-01-2016,22:59,22,Evening,Saturday,1,Winter,2,3.13,Low,6.7,28.0,1.0
Bedford-Stuyvesant,West Village,26-02-2016,06:48,6,Morning,Friday,0,Winter,2,1.16,Low,3.0,23.2,1.0
South Slope,Harlem,13-06-2016,13:02,13,Afternoon,Monday,0,Summer,1,2.95,Low,19.5,9.1,1.0
Bedford-Stuyvesant,Murray Hill,10-05-2016,11:17,11,Morning,Tuesday,0,Spring,2,1.43,Low,18.0,4.8,1.0
Clinton Hill,Bedford-Stuyvesant,21-03-2016,13:27,13,Afternoon,Monday,0,Spring,6,4.85,Low,21.2,13.7,1.0
Upper West Side,East Harlem,30-06-2016,15:34,15,Afternoon,Thursday,0,Summer,1,1.53,Low,10.1,9.1,1.0
Sheepshead Bay,Bensonhurst,29-04-2016,17:36,17,Afternoon,Friday,0,Spring,1,6.67,High,25.8,15.5,1.8
Fort Greene,Greenpoint,07-04-2016,17:19,17,Afternoon,Thursday,0,Spring,2,1.2,High,3.5,20.6,1.8
Bedford-Stuyvesant,Hell's Kitchen,06-06-2016,18:55,18,Evening,Monday,0,Summer,3,1.63,High,9.6,10.2,1.8
Park Slope,Bedford-Stuyvesant,08-02-2016,16:40,16,Afternoon,Monday,0,Winter,1,1.02,Medium,3.5,17.5,1.3
Murray Hill,East Harlem,17-06-2016,22:20,22,Evening,Friday,0,Summer,1,3.31,Low,10.0,19.9,1.0
Harlem,Clinton Hill,11-05-2016,18:23,18,Evening,Wednesday,0,Spring,1,1.09,High,6.9,9.5,1.8
Chinatown,Upper West Side,05-06-2016,03:08,3,Night,Sunday,1,Summer,1,3.09,Low,10.1,18.4,1.0
Chelsea,Harlem,12-02-2016,06:31,6,Morning,Friday,0,Winter,1,1.64,Low,7.2,13.7,1.0
Clinton Hill,Chinatown,22-03-2016,19:24,19,Evening,Tuesday,0,Spring,1,1.57,High,3.6,26.2,1.8
Sheepshead Bay,Coney Island,13-04-2016,18:39,18,Evening,Wednesday,0,Spring,1,0.99,High,3.1,19.2,1.8
Kensington,South Slope,19-05-2016,11:23,11,Morning,Thursday,0,Spring,1,4.65,Low,32.9,8.5,1.0
Harlem,West Village,28-03-2016,02:05,2,Night,Monday,0,Spring,1,1.98,Low,3.8,31.3,1.0
South Slope,Upper West Side,20-02-2016,20:53,20,Evening,Saturday,1,Winter,1,2.84,Medium,7.5,22.7,1.3
East Harlem,Hell's Kitchen,16-05-2016,20:52,20,Evening,Monday,0,Spring,1,2.36,Medium,7.6,18.6,1.3
Murray Hill,Bedford-Stuyvesant,02-04-2016,23:16,23,Evening,Saturday,1,Spring,2,8.71,Low,52.2,10.0,1.0
Chinatown,West Village,17-05-2016,18:35,18,Evening,Tuesday,0,Spring,1,2.65,High,14.6,10.9,1.8
Chinatown,Upper West Side,27-01-2016,17:34,17,Afternoon,Wednesday,0,Winter,5,3.34,High,19.4,10.3,1.8
Kensington,East Harlem,23-02-2016,20:52,20,Evening,Tuesday,0,Winter,1,1.45,Medium,5.4,16.1,1.3
West Village,Williamsburg,20-03-2016,02:36,2,Night,Sunday,1,Spring,2,2.6,Low,5.5,28.4,1.0
East Harlem,Inwood,09-01-2016,03:05,3,Night,Saturday,1,Winter,2,0.76,Low,4.0,11.4,1.0
South Slope,South Slope,06-06-2016,14:56,14,Afternoon,Monday,0,Summer,5,1.5,Low,5.6,16.1,1.0
Upper West Side,Murray Hill,16-05-2016,14:18,14,Afternoon,Monday,0,Spring,1,1.35,Low,9.4,8.6,1.0
Hell's Kitchen,Hell's Kitchen,12-06-2016,11:57,11,Morning,Sunday,1,Summer,1,3.42,Low,11.8,17.4,1.0
Rosebank,Arden Heights,07-03-2016,12:44,12,Afternoon,Monday,0,Spring,2,11.58,Low,20.0,34.7,1.0
Upper West Side,Harlem,20-01-2016,22:43,22,Evening,Wednesday,0,Winter,1,5.09,Low,10.0,30.5,1.0
Midwood,Concord,13-02-2016,12:48,12,Afternoon,Saturday,1,Winter,1,8.65,Low,25.1,20.7,1.0
Murray Hill,Harlem,23-02-2016,07:55,7,Morning,Tuesday,0,Winter,1,1.6,Medium,8.4,11.4,1.3
Inwood,Upper West Side,17-02-2016,22:03,22,Evening,Wednesday,0,Winter,1,6.44,Low,23.1,16.7,1.0
Fort Greene,Park Slope,26-01-2016,10:08,10,Morning,Tuesday,0,Winter,1,1.06,Medium,25.3,2.5,1.3
West Village,Inwood,19-04-2016,10:08,10,Morning,Tuesday,0,Spring,5,2.68,Medium,36.3,4.4,1.3
Harlem,Upper West Side,10-02-2016,20:59,20,Evening,Wednesday,0,Winter,1,3.74,Medium,9.7,23.1,1.3
East Harlem,Upper West Side,25-01-2016,15:20,15,Afternoon,Monday,0,Winter,1,3.9,Low,17.1,13.7,1.0
Chelsea,West Village,20-02-2016,17:15,17,Afternoon,Saturday,1,Winter,1,2.88,High,11.0,15.7,1.8
Fort Greene,Harlem,31-05-2016,22:01,22,Evening,Tuesday,0,Spring,1,3.91,Low,16.1,14.6,1.0
East Harlem,Park Slope,22-04-2016,21:45,21,Evening,Friday,0,Spring,2,1.29,Low,6.9,11.2,1.0
East Harlem,Upper West Side,23-03-2016,19:14,19,Evening,Wednesday,0,Spring,1,0.95,High,3.3,17.3,1.8
Clinton Hill,Harlem,30-04-2016,17:34,17,Afternoon,Saturday,1,Spring,2,0.27,High,1.4,11.6,1.8
Harlem,East Harlem,03-03-2016,20:11,20,Evening,Thursday,0,Spring,3,5.46,Medium,20.8,15.8,1.3
Harlem,Chinatown,29-03-2016,16:01,16,Afternoon,Tuesday,0,Spring,1,0.81,Medium,4.3,11.3,1.3
Williamsburg,East Harlem,12-02-2016,21:25,21,Evening,Friday,0,Winter,2,0.73,Low,7.4,5.9,1.0
Bedford-Stuyvesant,Bedford-Stuyvesant,26-03-2016,13:35,13,Afternoon,Saturday,1,Spring,3,2.82,Low,8.9,19.0,1.0
Hell's Kitchen,Bedford-Stuyvesant,28-03-2016,23:37,23,Evening,Monday,0,Spring,1,1.54,Low,6.0,15.4,1.0
South Slope,East Harlem,30-01-2016,19:56,19,Evening,Saturday,1,Winter,1,0.94,High,2.4,23.5,1.8
Midtown,Fort Greene,09-04-2016,12:53,12,Afternoon,Saturday,1,Spring,2,3.53,Low,14.6,14.5,1.0
Williamsburg,Harlem,02-01-2016,11:04,11,Morning,Saturday,1,Winter,1,3.92,Low,9.6,24.5,1.0
East Harlem,South Slope,16-01-2016,00:11,0,Night,Saturday,1,Winter,1,7.8,Low,31.5,14.9,1.0
Williamsburg,Kensington,21-02-2016,14:51,14,Afternoon,Sunday,1,Winter,1,2.51,Low,8.4,17.9,1.0
Tottenville,Eltingville,01-05-2016,05:58,5,Night,Sunday,1,Spring,1,16.72,Low,20.4,49.2,1.0
Sheepshead Bay,Arrochar,12-03-2016,11:21,11,Morning,Saturday,1,Spring,1,0.27,Low,2.4,6.8,1.0
Harlem,Bedford-Stuyvesant,15-05-2016,13:51,13,Afternoon,Sunday,1,Spring,1,2.43,Low,12.2,12.0,1.0
West Village,Upper West Side,01-05-2016,13:14,13,Afternoon,Sunday,1,Spring,2,8.68,Low,25.0,20.8,1.0
East Harlem,East Harlem,25-02-2016,19:29,19,Evening,Thursday,0,Winter,1,0.69,High,2.8,14.8,1.8
Upper West Side,Bedford-Stuyvesant,09-04-2016,08:13,8,Morning,Saturday,1,Spring,1,0.82,High,1.8,27.3,1.8
Midtown,Fort Greene,27-01-2016,16:06,16,Afternoon,Wednesday,0,Winter,1,2.23,Medium,11.0,12.2,1.3
Murray Hill,Fort Greene,19-06-2016,17:05,17,Afternoon,Sunday,1,Summer,2,1.15,High,9.1,7.6,1.8
Great Kills,Canarsie,22-02-2016,21:05,21,Evening,Monday,0,Winter,1,13.75,Low,23.1,35.7,1.0
Harlem,Upper West Side,20-03-2016,14:46,14,Afternoon,Sunday,1,Spring,1,3.1,Low,14.1,13.2,1.0
East Harlem,Fort Greene,20-03-2016,19:55,19,Evening,Sunday,1,Spring,1,1.47,High,5.0,17.6,1.8
Upper West Side,East Harlem,06-06-2016,19:59,19,Evening,Monday,0,Summer,1,1.08,High,4.3,15.1,1.8
East Harlem,Harlem,07-06-2016,12:30,12,Afternoon,Tuesday,0,Summer,1,1.21,Low,12.6,5.8,1.0
East Harlem,Fort Greene,26-04-2016,10:15,10,Morning,Tuesday,0,Spring,1,5.02,Medium,24.3,12.4,1.3
Williamsburg,Hell's Kitchen,05-04-2016,08:27,8,Morning,Tuesday,0,Spring,2,0.97,High,4.0,14.6,1.8
Upper West Side,Harlem,05-04-2016,18:09,18,Evening,Tuesday,0,Spring,1,3.36,High,14.5,13.9,1.8
South Slope,East Harlem,17-02-2016,08:31,8,Morning,Wednesday,0,Winter,1,1.02,High,10.1,6.1,1.8
Murray Hill,Upper West Side,18-01-2016,15:13,15,Afternoon,Monday,0,Winter,5,2.02,Low,10.7,11.3,1.0
Upper West Side,East Harlem,22-03-2016,18:03,18,Evening,Tuesday,0,Spring,1,1.73,High,7.0,14.8,1.8
Upper West Side,Harlem,19-05-2016,10:13,10,Morning,Thursday,0,Spring,1,8.82,Medium,28.8,18.4,1.3
West Village,Kensington,03-02-2016,05:26,5,Night,Wednesday,0,Winter,6,3.34,Low,10.6,18.9,1.0
East Village,Williamsburg,01-04-2016,23:34,23,Evening,Friday,0,Spring,1,0.69,Low,4.0,10.4,1.0
East Harlem,Harlem,08-03-2016,14:49,14,Afternoon,Tuesday,0,Spring,1,1.88,Low,10.5,10.7,1.0
East Harlem,Harlem,27-06-2016,07:37,7,Morning,Monday,0,Summer,1,1.3,Medium,7.2,10.8,1.3
Williamsburg,Harlem,19-01-2016,08:33,8,Morning,Tuesday,0,Winter,3,1.64,High,14.2,6.9,1.8
Upper West Side,Harlem,18-04-2016,19:06,19,Evening,Monday,0,Spring,1,3.1,High,12.4,15.0,1.8
Kensington,Upper West Side,03-05-2016,11:29,11,Morning,Tuesday,0,Spring,1,1.7,Low,11.2,9.1,1.0
Harlem,Bedford-Stuyvesant,15-02-2016,13:23,13,Afternoon,Monday,0,Winter,1,0.62,Low,3.7,10.1,1.0
Great Kills,Tottenville,28-02-2016,05:49,5,Night,Sunday,1,Winter,5,26.84,Low,30.4,53.0,1.0
West Village,Upper West Side,28-04-2016,12:04,12,Afternoon,Thursday,0,Spring,2,3.83,Low,28.7,8.0,1.0
Midwood,"Bay Terrace, Staten Island",09-03-2016,13:00,13,Afternoon,Wednesday,0,Spring,1,12.19,Low,29.6,24.7,1.0
Upper West Side,South Slope,25-05-2016,23:32,23,Evening,Wednesday,0,Spring,3,3.56,Low,11.0,19.4,1.0
Harlem,East Harlem,28-02-2016,18:42,18,Evening,Sunday,1,Winter,1,0.56,High,5.4,6.2,1.8
Kensington,South Slope,04-05-2016,00:50,0,Night,Wednesday,0,Spring,1,12.73,Low,38.9,19.6,1.0
Harlem,Bedford-Stuyvesant,15-06-2016,09:42,9,Morning,Wednesday,0,Summer,1,2.79,High,17.6,9.5,1.8
Huguenot,Tottenville,14-05-2016,08:23,8,Morning,Saturday,1,Spring,1,23.67,High,39.7,35.8,1.8
East Harlem,Upper West Side,07-03-2016,08:23,8,Morning,Monday,0,Spring,1,2.06,High,5.8,21.3,1.8
West Village,Upper West Side,16-06-2016,14:54,14,Afternoon,Thursday,0,Summer,2,1.41,Low,5.4,15.7,1.0
Chinatown,Midtown,20-06-2016,22:25,22,Evening,Monday,0,Summer,1,1.41,Low,7.7,11.0,1.0
Clinton Hill,Chelsea,26-06-2016,06:13,6,Morning,Sunday,1,Summer,1,4.71,Low,14.0,20.2,1.0
Bedford-Stuyvesant,Murray Hill,19-05-2016,18:46,18,Evening,Thursday,0,Spring,1,5.12,High,25.0,12.3,1.8
Bedford-Stuyvesant,South Slope,27-02-2016,12:50,12,Afternoon,Saturday,1,Winter,1,3.01,Low,13.2,13.7,1.0
Lower East Side,Midtown,18-05-2016,22:12,22,Evening,Wednesday,0,Spring,2,2.72,Low,7.6,21.5,1.0
Murray Hill,East Harlem,18-03-2016,18:47,18,Evening,Friday,0,Spring,1,1.67,High,6.0,16.7,1.8
Lower East Side,Windsor Terrace,16-01-2016,16:58,16,Afternoon,Saturday,1,Winter,3,1.44,Medium,6.7,12.9,1.3
Hell's Kitchen,Hell's Kitchen,04-03-2016,08:05,8,Morning,Friday,0,Spring,1,1.86,High,7.5,14.9,1.8
Williamsburg,Fort Greene,29-01-2016,11:07,11,Morning,Friday,0,Winter,1,1.77,Low,13.3,8.0,1.0
Harlem,East Harlem,20-01-2016,22:34,22,Evening,Wednesday,0,Winter,1,1.92,Low,9.7,11.9,1.0
East Harlem,Fort Greene,19-04-2016,19:37,19,Evening,Tuesday,0,Spring,6,0.58,High,2.0,17.4,1.8
Inwood,Williamsburg,06-02-2016,01:09,1,Night,Saturday,1,Winter,1,0.58,Low,3.7,9.4,1.0
East Harlem,Fort Greene,01-01-2016,20:23,20,Evening,Friday,0,Winter,2,1.9,Medium,14.9,7.7,1.3
Rockaway Beach,New Springville,26-06-2016,10:49,10,Morning,Sunday,1,Summer,1,5.92,Medium,14.2,25.0,1.3
Midtown,Harlem,03-04-2016,13:28,13,Afternoon,Sunday,1,Spring,2,3.83,Low,13.6,16.9,1.0
Clinton Hill,Clinton Hill,27-01-2016,19:59,19,Evening,Wednesday,0,Winter,1,2.64,High,5.9,26.8,1.8
West Village,West Village,16-01-2016,08:39,8,Morning,Saturday,1,Winter,1,6.82,High,19.2,21.3,1.8
Chinatown,South Slope,05-05-2016,14:17,14,Afternoon,Thursday,0,Spring,1,1.4,Low,8.8,9.5,1.0
West Village,Upper West Side,18-04-2016,07:25,7,Morning,Monday,0,Spring,1,2.08,Medium,8.9,14.0,1.3
Bath Beach,Arden Heights,18-04-2016,06:37,6,Morning,Monday,0,Spring,2,10.69,Low,20.9,30.7,1.0
South Slope,Upper West Side,09-05-2016,10:28,10,Morning,Monday,0,Spring,1,1.49,Medium,6.8,13.1,1.3
Murray Hill,Kensington,29-04-2016,08:07,8,Morning,Friday,0,Spring,6,13.36,High,15.0,53.4,1.8
South Slope,Midtown,14-04-2016,17:52,17,Afternoon,Thursday,0,Spring,1,2.04,High,8.3,14.7,1.8
Upper West Side,West Village,14-04-2016,20:50,20,Evening,Thursday,0,Spring,1,2.7,Medium,6.4,25.3,1.3
West Village,East Harlem,27-02-2016,21:04,21,Evening,Saturday,1,Winter,1,1.03,Low,4.6,13.4,1.0
East Harlem,Midtown,08-01-2016,10:56,10,Morning,Friday,0,Winter,1,5.32,Medium,23.7,13.5,1.3
Chinatown,East Harlem,21-01-2016,18:51,18,Evening,Thursday,0,Winter,3,2.21,High,14.8,9.0,1.8
West Village,East Harlem,22-01-2016,14:55,14,Afternoon,Friday,0,Winter,1,6.32,Low,21.5,17.6,1.0
Bedford-Stuyvesant,East Harlem,23-01-2016,00:19,0,Night,Saturday,1,Winter,5,3.95,Low,16.4,14.5,1.0
Windsor Terrace,Greenpoint,08-05-2016,01:57,1,Night,Sunday,1,Spring,1,5.04,Low,12.9,23.4,1.0
Chinatown,Inwood,21-02-2016,16:45,16,Afternoon,Sunday,1,Winter,5,1.6,Medium,6.5,14.8,1.3
Mill Basin,Bensonhurst,25-03-2016,12:06,12,Afternoon,Friday,0,Spring,1,1.93,Low,9.9,11.7,1.0
Park Slope,Bedford-Stuyvesant,30-04-2016,03:42,3,Night,Saturday,1,Spring,1,3.6,Low,9.1,23.7,1.0
Bedford-Stuyvesant,Williamsburg,16-01-2016,23:47,23,Evening,Saturday,1,Winter,5,1.35,Low,7.1,11.4,1.0
Upper West Side,East Harlem,24-05-2016,18:14,18,Evening,Tuesday,0,Spring,1,0.94,High,11.3,5.0,1.8
Hell's Kitchen,East Harlem,12-06-2016,19:47,19,Evening,Sunday,1,Summer,1,0.82,High,5.0,9.8,1.8
"Bay Terrace, Staten Island",Bayswater,18-01-2016,17:01,17,Afternoon,Monday,0,Winter,1,14.45,High,35.8,24.2,1.8
Clinton Hill,East Harlem,25-02-2016,22:54,22,Evening,Thursday,0,Winter,1,0.57,Low,5.1,6.7,1.0
Prince's Bay,Woodrow,26-05-2016,18:40,18,Evening,Thursday,0,Spring,1,23.09,High,45.1,30.7,1.8
Williamsburg,Bedford-Stuyvesant,22-03-2016,09:40,9,Morning,Tuesday,0,Spring,1,1.34,High,9.5,8.5,1.8
Harlem,Park Slope,02-06-2016,10:44,10,Morning,Thursday,0,Summer,1,1.41,Medium,3.3,25.6,1.3
Upper West Side,Fort Greene,29-03-2016,15:18,15,Afternoon,Tuesday,0,Spring,4,1.47,Low,7.9,11.2,1.0
Harlem,South Slope,17-02-2016,22:29,22,Evening,Wednesday,0,Winter,1,5.1,Low,19.3,15.9,1.0
East Harlem,South Slope,13-01-2016,20:11,20,Evening,Wednesday,0,Winter,1,9.07,Medium,18.1,30.1,1.3
Bedford-Stuyvesant,Clinton Hill,11-01-2016,20:03,20,Evening,Monday,0,Winter,1,0.68,Medium,5.2,7.8,1.3
Harlem,East Harlem,09-03-2016,14:56,14,Afternoon,Wednesday,0,Spring,2,5.14,Low,25.2,12.2,1.0
Upper West Side,Upper West Side,17-05-2016,03:19,3,Night,Tuesday,0,Spring,1,5.15,Low,13.4,23.1,1.0
Hell's Kitchen,Upper West Side,07-02-2016,16:28,16,Afternoon,Sunday,1,Winter,1,3.92,Medium,13.6,17.3,1.3
Harlem,Clinton Hill,16-04-2016,10:40,10,Morning,Saturday,1,Spring,3,2.78,Medium,9.5,17.6,1.3
Chinatown,West Village,26-03-2016,15:14,15,Afternoon,Saturday,1,Spring,1,2.89,Low,13.5,12.8,1.0
Tottenville,Prince's Bay,25-01-2016,11:32,11,Morning,Monday,0,Winter,1,25.46,Low,39.2,39.0,1.0
Kensington,Upper West Side,28-03-2016,13:09,13,Afternoon,Monday,0,Spring,1,1.14,Low,6.2,11.0,1.0
Rockaway Beach,Bensonhurst,09-02-2016,19:04,19,Evening,Tuesday,0,Winter,6,2.02,High,14.8,8.2,1.8
Bedford-Stuyvesant,Upper West Side,31-05-2016,05:24,5,Night,Tuesday,0,Spring,6,3.77,Low,7.9,28.6,1.0
Fort Greene,Chelsea,21-04-2016,04:22,4,Night,Thursday,0,Spring,1,10.4,Low,15.6,40.0,1.0
Crown Heights,Bedford-Stuyvesant,15-02-2016,14:52,14,Afternoon,Monday,0,Winter,1,1.11,Low,3.0,22.2,1.0
Harlem,Harlem,28-03-2016,09:08,9,Morning,Monday,0,Spring,1,0.29,High,19.2,0.9,1.8
West Village,South Slope,30-01-2016,18:53,18,Evening,Saturday,1,Winter,1,2.53,High,11.1,13.7,1.8
Chinatown,Upper West Side,12-06-2016,23:21,23,Evening,Sunday,1,Summer,2,1.35,Low,8.3,9.8,1.0
East Flatbush,Bensonhurst,23-03-2016,15:23,15,Afternoon,Wednesday,0,Spring,1,1.13,Low,10.0,6.8,1.0
Harlem,Crown Heights,06-03-2016,10:28,10,Morning,Sunday,1,Spring,1,2.43,Medium,9.0,16.2,1.3
Upper West Side,Fort Greene,17-01-2016,02:09,2,Night,Sunday,1,Winter,2,0.7,Low,3.8,11.1,1.0
Hell's Kitchen,Fort Greene,19-03-2016,02:35,2,Night,Saturday,1,Spring,5,12.8,Low,29.8,25.8,1.0
East Harlem,Kensington,28-01-2016,08:54,8,Morning,Thursday,0,Winter,5,1.83,High,12.1,9.1,1.8
Arrochar,Breezy Point,05-01-2016,03:33,3,Night,Tuesday,0,Winter,1,7.76,Low,16.3,28.6,1.0
Midwood,Sheepshead Bay,05-03-2016,16:30,16,Afternoon,Saturday,1,Spring,1,2.33,Medium,9.9,14.1,1.3
Chinatown,Murray Hill,20-02-2016,20:47,20,Evening,Saturday,1,Winter,1,0.53,Medium,1.6,19.9,1.3
Gravesend,Midland Beach,26-05-2016,05:52,5,Night,Thursday,0,Spring,1,5.43,Low,11.0,29.6,1.0
Upper West Side,Park Slope,08-03-2016,21:35,21,Evening,Tuesday,0,Spring,1,2.44,Low,11.4,12.8,1.0
South Slope,East Harlem,28-06-2016,09:43,9,Morning,Tuesday,0,Summer,2,2.62,High,30.4,5.2,1.8
Flatlands,Fort Hamilton,31-03-2016,23:17,23,Evening,Thursday,0,Spring,1,0.96,Low,7.6,7.6,1.0
East Harlem,Fort Greene,17-05-2016,21:35,21,Evening,Tuesday,0,Spring,1,1.99,Low,6.5,18.4,1.0
Park Slope,Kensington,09-04-2016,18:18,18,Evening,Saturday,1,Spring,2,3.84,High,16.3,14.1,1.8
East Harlem,Harlem,10-01-2016,16:23,16,Afternoon,Sunday,1,Winter,1,1.11,Medium,5.0,13.3,1.3
East Harlem,Harlem,10-06-2016,06:48,6,Morning,Friday,0,Summer,1,2.26,Low,6.6,20.5,1.0
Upper West Side,South Slope,21-03-2016,07:21,7,Morning,Monday,0,Spring,1,1.46,Medium,8.6,10.2,1.3
Murray Hill,Midtown,13-01-2016,19:45,19,Evening,Wednesday,0,Winter,1,9.44,High,20.6,27.5,1.8
Upper West Side,Kensington,02-06-2016,07:11,7,Morning,Thursday,0,Summer,1,2.11,Medium,10.3,12.3,1.3
Kensington,East Harlem,21-06-2016,21:56,21,Evening,Tuesday,0,Summer,1,2.03,Low,17.2,7.1,1.0
Midtown,Windsor Terrace,01-02-2016,19:36,19,Evening,Monday,0,Winter,1,1.81,High,9.4,11.6,1.8
East Harlem,Harlem,05-05-2016,07:49,7,Morning,Thursday,0,Spring,1,1.36,Medium,9.4,8.7,1.3
Upper West Side,Upper West Side,13-01-2016,18:45,18,Evening,Wednesday,0,Winter,2,2.02,High,6.9,17.6,1.8
Port Richmond,Far Rockaway,24-06-2016,22:30,22,Evening,Friday,0,Summer,1,3.13,Low,20.9,9.0,1.0
Bedford-Stuyvesant,Midtown,04-01-2016,17:40,17,Afternoon,Monday,0,Winter,1,21.0,High,32.1,39.3,1.8
Upper West Side,East Harlem,15-01-2016,13:33,13,Afternoon,Friday,0,Winter,1,3.97,Low,14.3,16.7,1.0
Clinton Hill,West Village,29-02-2016,02:36,2,Night,Monday,0,Winter,2,5.19,Low,6.9,45.1,1.0
Upper West Side,Williamsburg,29-04-2016,00:12,0,Night,Friday,0,Spring,2,2.36,Low,10.3,13.7,1.0
Kensington,Murray Hill,06-04-2016,14:38,14,Afternoon,Wednesday,0,Spring,1,3.93,Low,19.1,12.3,1.0
Bedford-Stuyvesant,East Harlem,08-05-2016,01:28,1,Night,Sunday,1,Spring,1,0.55,Low,7.2,4.6,1.0
Bedford-Stuyvesant,Kensington,30-06-2016,06:55,6,Morning,Thursday,0,Summer,1,3.11,Low,10.4,17.9,1.0
Upper West Side,Bedford-Stuyvesant,29-03-2016,22:14,22,Evening,Tuesday,0,Spring,1,0.91,Low,4.0,13.6,1.0
Bedford-Stuyvesant,Fort Greene,05-01-2016,17:13,17,Afternoon,Tuesday,0,Winter,1,0.74,High,1.2,37.0,1.8
Fort Greene,South Slope,16-02-2016,20:14,20,Evening,Tuesday,0,Winter,3,0.88,Medium,2.4,22.0,1.3
Bedford-Stuyvesant,Harlem,07-06-2016,18:55,18,Evening,Tuesday,0,Summer,4,1.94,High,9.7,12.0,1.8
Hell's Kitchen,Murray Hill,15-04-2016,09:50,9,Morning,Friday,0,Spring,1,4.73,High,19.8,14.3,1.8
West Village,Upper West Side,12-02-2016,19:56,19,Evening,Friday,0,Winter,1,4.67,High,11.2,25.0,1.8
Bedford-Stuyvesant,Midtown,28-01-2016,12:26,12,Afternoon,Thursday,0,Winter,1,2.24,Low,17.0,7.9,1.0
Todt Hill,Midwood,16-06-2016,14:07,14,Afternoon,Thursday,0,Summer,1,1.01,Low,7.2,8.4,1.0
Fort Hamilton,Fort Hamilton,15-04-2016,15:42,15,Afternoon,Friday,0,Spring,2,1.27,Low,12.6,6.0,1.0
South Slope,Harlem,13-04-2016,20:51,20,Evening,Wednesday,0,Spring,2,1.34,Medium,3.8,21.2,1.3
Prince's Bay,Tottenville,26-04-2016,16:24,16,Afternoon,Tuesday,0,Spring,1,25.25,Medium,60.0,25.2,1.3
Upper West Side,Harlem,24-02-2016,11:08,11,Morning,Wednesday,0,Winter,1,1.4,Low,14.1,6.0,1.0
Harlem,Hell's Kitchen,04-01-2016,08:02,8,Morning,Monday,0,Winter,2,3.96,High,9.4,25.3,1.8
Murray Hill,Chinatown,18-03-2016,01:45,1,Night,Friday,0,Spring,1,0.44,Low,17.9,1.5,1.0
East Harlem,Fort Greene,19-01-2016,10:23,10,Morning,Tuesday,0,Winter,1,0.63,Medium,1.8,21.0,1.3
Upper West Side,Bedford-Stuyvesant,07-04-2016,06:58,6,Morning,Thursday,0,Spring,1,0.91,Low,5.4,10.1,1.0
Harlem,Chelsea,17-01-2016,19:29,19,Evening,Sunday,1,Winter,1,1.79,High,12.4,8.7,1.8
Bedford-Stuyvesant,East Harlem,02-04-2016,12:00,12,Afternoon,Saturday,1,Spring,2,2.08,Low,7.5,16.6,1.0
Hell's Kitchen,Upper West Side,31-05-2016,17:36,17,Afternoon,Tuesday,0,Spring,1,1.38,High,8.2,10.1,1.8
Chinatown,Crown Heights,31-01-2016,01:46,1,Night,Sunday,1,Winter,1,2.0,Low,6.6,18.2,1.0
Chinatown,Upper West Side,09-02-2016,17:43,17,Afternoon,Tuesday,0,Winter,1,1.95,High,11.9,9.8,1.8
Bedford-Stuyvesant,Harlem,18-06-2016,23:20,23,Evening,Saturday,1,Summer,5,0.72,Low,2.8,15.4,1.0
East Harlem,Windsor Terrace,09-05-2016,18:52,18,Evening,Monday,0,Spring,5,3.0,High,14.4,12.5,1.8
Harlem,Upper West Side,11-02-2016,15:09,15,Afternoon,Thursday,0,Winter,1,0.97,Low,6.4,9.1,1.0
Clifton,Sheepshead Bay,14-04-2016,10:39,10,Morning,Thursday,0,Spring,1,6.77,Medium,19.7,20.6,1.3
Inwood,South Slope,14-04-2016,22:58,22,Evening,Thursday,0,Spring,1,2.95,Low,23.9,7.4,1.0
Upper West Side,Midtown,14-04-2016,07:06,7,Morning,Thursday,0,Spring,1,3.97,Medium,10.4,22.9,1.3
Bedford-Stuyvesant,Williamsburg,12-06-2016,17:44,17,Afternoon,Sunday,1,Summer,2,4.51,High,12.4,21.8,1.8
Hell's Kitchen,South Slope,28-04-2016,19:16,19,Evening,Thursday,0,Spring,1,2.47,High,10.5,14.1,1.8
West Village,Inwood,29-03-2016,09:43,9,Morning,Tuesday,0,Spring,2,5.06,High,19.7,15.4,1.8
Fort Greene,East Harlem,26-04-2016,12:21,12,Afternoon,Tuesday,0,Spring,1,1.02,Low,10.1,6.1,1.0
East Harlem,Midtown,26-05-2016,12:38,12,Afternoon,Thursday,0,Spring,1,2.71,Low,15.8,10.3,1.0
Harlem,Upper West Side,22-02-2016,21:59,21,Evening,Monday,0,Winter,2,6.34,Low,11.5,33.1,1.0
Murray Hill,Upper West Side,28-01-2016,20:52,20,Evening,Thursday,0,Winter,2,0.56,Medium,3.4,9.9,1.3
Bedford-Stuyvesant,Williamsburg,12-02-2016,18:54,18,Evening,Friday,0,Winter,2,1.23,High,12.1,6.1,1.8
Bedford-Stuyvesant,Bedford-Stuyvesant,07-04-2016,09:49,9,Morning,Thursday,0,Spring,4,1.8,High,6.1,17.7,1.8
Fort Greene,Hell's Kitchen,13-01-2016,18:13,18,Evening,Wednesday,0,Winter,1,0.92,High,4.2,13.1,1.8
Arden Heights,Manhattan Beach,08-01-2016,19:54,19,Evening,Friday,0,Winter,1,9.93,High,16.0,37.2,1.8
Upper West Side,Harlem,06-01-2016,02:53,2,Night,Wednesday,0,Winter,4,11.91,Low,26.3,27.2,1.0
East Harlem,Inwood,11-06-2016,04:26,4,Night,Saturday,1,Summer,1,3.14,Low,11.6,16.2,1.0
South Slope,Murray Hill,17-02-2016,20:12,20,Evening,Wednesday,0,Winter,1,6.0,Medium,34.3,10.5,1.3
Harlem,Upper West Side,23-05-2016,19:11,19,Evening,Monday,0,Spring,1,1.86,High,9.3,12.0,1.8
Upper West Side,South Slope,24-02-2016,18:57,18,Evening,Wednesday,0,Winter,1,3.07,High,12.2,15.1,1.8
Great Kills,Prince's Bay,12-02-2016,18:08,18,Evening,Friday,0,Winter,1,25.53,High,70.2,21.8,1.8
Bedford-Stuyvesant,Upper West Side,04-02-2016,19:38,19,Evening,Thursday,0,Winter,1,1.5,High,5.6,16.1,1.8
Harlem,Bedford-Stuyvesant,11-06-2016,17:34,17,Afternoon,Saturday,1,Summer,2,3.25,High,19.4,10.1,1.8
East Harlem,Upper West Side,05-04-2016,12:20,12,Afternoon,Tuesday,0,Spring,1,0.94,Low,5.2,10.8,1.0
Kensington,West Village,21-06-2016,19:46,19,Evening,Tuesday,0,Summer,2,3.11,High,10.2,18.3,1.8
South Slope,Murray Hill,13-04-2016,21:55,21,Evening,Wednesday,0,Spring,1,0.49,Low,2.1,14.0,1.0
Murray Hill,South Slope,01-01-2016,21:11,21,Evening,Friday,0,Winter,1,1.88,Low,4.8,23.5,1.0
Harlem,South Slope,15-02-2016,21:23,21,Evening,Monday,0,Winter,1,1.68,Low,5.0,20.2,1.0
Chinatown,Upper West Side,14-05-2016,00:54,0,Night,Saturday,1,Spring,1,0.36,Low,0.9,24.0,1.0
East Harlem,Upper West Side,08-02-2016,19:28,19,Evening,Monday,0,Winter,1,3.33,High,13.1,15.3,1.8
Clinton Hill,Hell's Kitchen,05-03-2016,12:28,12,Afternoon,Saturday,1,Spring,1,1.83,Low,10.6,10.4,1.0
Bedford-Stuyvesant,Williamsburg,29-04-2016,18:48,18,Evening,Friday,0,Spring,1,3.39,High,24.5,8.3,1.8
Park Slope,Williamsburg,04-06-2016,04:37,4,Night,Saturday,1,Summer,2,1.1,Low,5.5,12.0,1.0
Bedford-Stuyvesant,Murray Hill,23-03-2016,23:55,23,Evening,Wednesday,0,Spring,1,1.54,Low,8.0,11.6,1.0
Bensonhurst,Flatlands,12-04-2016,11:23,11,Morning,Tuesday,0,Spring,1,1.91,Low,18.1,6.3,1.0
Tottenville,Eltingville,05-03-2016,19:32,19,Evening,Saturday,1,Spring,1,19.29,High,46.8,24.7,1.8
East Harlem,Fort Greene,26-06-2016,00:36,0,Night,Sunday,1,Summer,1,1.84,Low,3.4,32.5,1.0
Harlem,East Harlem,24-02-2016,08:10,8,Morning,Wednesday,0,Winter,1,6.14,High,26.5,13.9,1.8
Park Slope,Upper West Side,18-05-2016,08:59,8,Morning,Wednesday,0,Spring,1,5.57,High,16.4,20.4,1.8
East Harlem,Murray Hill,17-06-2016,12:22,12,Afternoon,Friday,0,Summer,1,1.15,Low,15.6,4.4,1.0
Sheepshead Bay,Fort Hamilton,16-06-2016,10:04,10,Morning,Thursday,0,Summer,1,1.35,Medium,12.3,6.6,1.3
Tottenville,Huguenot,14-02-2016,14:05,14,Afternoon,Sunday,1,Winter,3,25.16,Low,41.9,36.0,1.0
Chinatown,Fort Greene,18-04-2016,04:14,4,Night,Monday,0,Spring,2,9.24,Low,12.2,45.4,1.0
Bedford-Stuyvesant,Murray Hill,05-06-2016,20:17,20,Evening,Sunday,1,Summer,1,2.61,Medium,22.1,7.1,1.3
Fort Hamilton,Sheepshead Bay,11-01-2016,19:21,19,Evening,Monday,0,Winter,1,1.71,High,10.4,9.9,1.8
Harlem,Upper West Side,29-06-2016,16:18,16,Afternoon,Wednesday,0,Summer,1,2.63,Medium,12.3,12.8,1.3
Crown Heights,Bedford-Stuyvesant,16-06-2016,12:52,12,Afternoon,Thursday,0,Summer,1,1.3,Low,2.1,37.1,1.0
Williamsburg,Inwood,08-01-2016,09:44,9,Morning,Friday,0,Winter,1,0.81,High,5.3,9.2,1.8
Kensington,Bedford-Stuyvesant,29-04-2016,10:48,10,Morning,Friday,0,Spring,1,2.07,Medium,10.0,12.4,1.3
Park Slope,Harlem,14-02-2016,11:14,11,Morning,Sunday,1,Winter,1,2.67,Low,5.8,27.6,1.0
Bedford-Stuyvesant,South Slope,29-04-2016,17:51,17,Afternoon,Friday,0,Spring,1,0.47,High,14.8,1.9,1.8
Crown Heights,Upper West Side,08-05-2016,12:43,12,Afternoon,Sunday,1,Spring,1,2.93,Low,12.3,14.3,1.0
Upper West Side,East Harlem,03-03-2016,15:50,15,Afternoon,Thursday,0,Spring,1,1.32,Low,7.5,10.6,1.0
Clinton Hill,East Harlem,28-01-2016,10:36,10,Morning,Thursday,0,Winter,1,0.46,Medium,3.2,8.6,1.3
Greenpoint,East Harlem,22-03-2016,21:26,21,Evening,Tuesday,0,Spring,1,11.15,Low,18.0,37.2,1.0
Brighton Beach,Arverne,04-06-2016,18:14,18,Evening,Saturday,1,Summer,2,2.51,High,8.8,17.1,1.8
Bedford-Stuyvesant,East Village,02-01-2016,17:19,17,Afternoon,Saturday,1,Winter,3,6.34,High,28.6,13.3,1.8
Inwood,Park Slope,03-05-2016,01:50,1,Night,Tuesday,0,Spring,1,2.68,Low,7.7,20.9,1.0
Harlem,Bedford-Stuyvesant,20-01-2016,22:35,22,Evening,Wednesday,0,Winter,1,1.48,Low,10.4,8.5,1.0
Bensonhurst,Gravesend,24-05-2016,20:49,20,Evening,Tuesday,0,Spring,1,4.24,Medium,11.3,22.5,1.3
Midtown,Harlem,22-01-2016,18:12,18,Evening,Friday,0,Winter,2,2.33,High,11.4,12.3,1.8
Murray Hill,Harlem,06-01-2016,08:55,8,Morning,Wednesday,0,Winter,1,5.55,High,20.4,16.3,1.8
East Harlem,Upper West Side,13-05-2016,18:40,18,Evening,Friday,0,Spring,1,2.41,High,9.3,15.5,1.8
Harlem,West Village,27-04-2016,14:39,14,Afternoon,Wednesday,0,Spring,1,3.56,Low,17.7,12.1,1.0
South Slope,East Harlem,20-03-2016,19:28,19,Evening,Sunday,1,Spring,1,0.76,High,3.2,14.2,1.8
Upper West Side,Bedford-Stuyvesant,27-04-2016,18:40,18,Evening,Wednesday,0,Spring,1,6.99,High,23.2,18.1,1.8
Arrochar,Midwood,23-02-2016,14:45,14,Afternoon,Tuesday,0,Winter,1,4.86,Low,23.3,12.5,1.0
Harlem,South Slope,06-04-2016,06:13,6,Morning,Wednesday,0,Spring,1,0.86,Low,2.6,19.8,1.0
Harlem,East Harlem,13-05-2016,23:23,23,Evening,Friday,0,Spring,3,1.5,Low,8.1,11.1,1.0
Harlem,Harlem,01-02-2016,13:18,13,Afternoon,Monday,0,Winter,1,1.14,Low,5.7,12.0,1.0
Upper West Side,Williamsburg,27-05-2016,01:23,1,Night,Friday,0,Spring,1,1.73,Low,5.2,20.0,1.0
South Slope,Upper West Side,29-03-2016,15:58,15,Afternoon,Tuesday,0,Spring,1,1.44,Low,3.1,27.9,1.0
Sheepshead Bay,Shore Acres,20-06-2016,09:11,9,Morning,Monday,0,Summer,1,2.07,High,9.5,13.1,1.8
Bedford-Stuyvesant,Harlem,28-06-2016,09:21,9,Morning,Tuesday,0,Summer,1,3.46,High,15.3,13.6,1.8
West Village,Harlem,30-03-2016,14:10,14,Afternoon,Wednesday,0,Spring,1,2.3,Low,16.5,8.4,1.0
Murray Hill,Upper West Side,13-04-2016,16:30,16,Afternoon,Wednesday,0,Spring,1,2.61,Medium,12.6,12.4,1.3
South Slope,West Village,21-05-2016,21:50,21,Evening,Saturday,1,Spring,1,1.35,Low,5.1,15.9,1.0
Oakwood,Midwood,17-02-2016,18:02,18,Evening,Wednesday,0,Winter,1,14.69,High,34.1,25.8,1.8
East Harlem,Harlem,12-02-2016,13:45,13,Afternoon,Friday,0,Winter,1,1.47,Low,8.8,10.0,1.0
Upper West Side,Upper West Side,25-06-2016,10:32,10,Morning,Saturday,1,Summer,1,1.33,Medium,5.2,15.3,1.3
Park Slope,Clinton Hill,20-01-2016,20:36,20,Evening,Wednesday,0,Winter,1,3.44,Medium,14.6,14.1,1.3
East Harlem,Upper West Side,13-04-2016,12:54,12,Afternoon,Wednesday,0,Spring,1,2.98,Low,44.0,4.1,1.0
Harlem,Harlem,26-02-2016,12:50,12,Afternoon,Friday,0,Winter,6,2.36,Low,6.7,21.1,1.0
"Bay Terrace, Staten Island",Fort Hamilton,13-03-2016,20:26,20,Evening,Sunday,1,Spring,2,12.93,Medium,19.6,39.6,1.3
Bedford-Stuyvesant,South Slope,10-05-2016,01:18,1,Night,Tuesday,0,Spring,1,2.6,Low,6.8,22.9,1.0
Park Slope,Hell's Kitchen,24-04-2016,01:53,1,Night,Sunday,1,Spring,2,3.46,Low,13.7,15.2,1.0
Upper West Side,Upper West Side,20-02-2016,04:16,4,Night,Saturday,1,Winter,1,2.61,Low,5.4,29.0,1.0
Upper West Side,Clinton Hill,27-04-2016,18:14,18,Evening,Wednesday,0,Spring,1,2.69,High,16.4,9.8,1.8
Harlem,Clinton Hill,06-01-2016,12:27,12,Afternoon,Wednesday,0,Winter,6,1.94,Low,10.6,11.0,1.0
Park Slope,Bedford-Stuyvesant,26-03-2016,00:09,0,Night,Saturday,1,Spring,5,4.05,Low,16.4,14.8,1.0
Bedford-Stuyvesant,East Harlem,06-04-2016,15:12,15,Afternoon,Wednesday,0,Spring,1,1.39,Low,13.4,6.2,1.0
Fort Hamilton,"Bay Terrace, Staten Island",11-06-2016,07:18,7,Morning,Saturday,1,Summer,2,13.09,Medium,16.5,47.6,1.3
Bedford-Stuyvesant,Upper West Side,13-06-2016,10:48,10,Morning,Monday,0,Summer,1,3.15,Medium,19.0,9.9,1.3
Upper West Side,Murray Hill,10-05-2016,08:01,8,Morning,Tuesday,0,Spring,2,2.31,High,8.6,16.1,1.8
Prince's Bay,Huguenot,04-01-2016,14:56,14,Afternoon,Monday,0,Winter,1,26.18,Low,57.5,27.3,1.0
Inwood,Park Slope,27-02-2016,15:14,15,Afternoon,Saturday,1,Winter,1,2.87,Low,22.6,7.6,1.0
Inwood,Upper West Side,06-01-2016,20:34,20,Evening,Wednesday,0,Winter,1,4.44,Medium,11.2,23.8,1.3
West Brighton,Midwood,07-01-2016,07:01,7,Morning,Thursday,0,Winter,1,1.27,Medium,5.4,14.1,1.3
Upper West Side,Crown Heights,10-03-2016,00:00,0,Night,Thursday,0,Spring,2,4.36,Low,17.1,15.3,1.0
South Slope,East Harlem,25-01-2016,21:45,21,Evening,Monday,0,Winter,2,0.8,Low,4.6,10.4,1.0
Harlem,East Harlem,09-06-2016,09:11,9,Morning,Thursday,0,Summer,1,7.2,High,36.6,11.8,1.8
Dyker Heights,Bensonhurst,07-04-2016,21:52,21,Evening,Thursday,0,Spring,1,0.94,Low,5.7,9.9,1.0
Murray Hill,Fort Greene,01-04-2016,18:14,18,Evening,Friday,0,Spring,1,0.55,High,2.7,12.2,1.8
Hell's Kitchen,Harlem,19-05-2016,11:37,11,Morning,Thursday,0,Spring,2,1.81,Low,11.7,9.3,1.0
Upper West Side,Harlem,21-01-2016,18:44,18,Evening,Thursday,0,Winter,1,1.78,High,7.7,13.9,1.8
Murray Hill,Harlem,10-06-2016,19:24,19,Evening,Friday,0,Summer,2,3.81,High,16.1,14.2,1.8
Harlem,Harlem,03-03-2016,18:11,18,Evening,Thursday,0,Spring,1,0.96,High,5.2,11.1,1.8
West Village,Upper West Side,03-03-2016,18:16,18,Evening,Thursday,0,Spring,1,2.0,High,5.2,23.1,1.8
Clinton Hill,Bedford-Stuyvesant,12-04-2016,14:39,14,Afternoon,Tuesday,0,Spring,1,1.11,Low,9.6,6.9,1.0
East Harlem,Harlem,15-02-2016,04:10,4,Night,Monday,0,Winter,5,12.0,Low,26.8,26.9,1.0
Clinton Hill,Inwood,28-04-2016,19:57,19,Evening,Thursday,0,Spring,3,1.34,High,6.5,12.4,1.8
Upper West Side,Park Slope,19-03-2016,03:48,3,Night,Saturday,1,Spring,2,8.24,Low,15.6,31.7,1.0
Murray Hill,East Harlem,28-03-2016,08:39,8,Morning,Monday,0,Spring,1,2.01,High,6.5,18.6,1.8
Fort Hamilton,Bensonhurst,15-06-2016,13:33,13,Afternoon,Wednesday,0,Summer,1,1.94,Low,6.3,18.5,1.0
Hell's Kitchen,Bedford-Stuyvesant,03-03-2016,21:32,21,Evening,Thursday,0,Spring,2,2.31,Low,10.0,13.9,1.0
South Slope,South Slope,22-05-2016,23:25,23,Evening,Sunday,1,Spring,1,1.44,Low,1.7,50.8,1.0
Harlem,Harlem,20-01-2016,13:45,13,Afternoon,Wednesday,0,Winter,1,6.22,Low,28.0,13.3,1.0
Oakwood,Bull's Head,02-02-2016,13:14,13,Afternoon,Tuesday,0,Winter,2,9.35,Low,24.8,22.6,1.0
Harlem,Clinton Hill,03-02-2016,21:30,21,Evening,Wednesday,0,Winter,1,4.3,Low,8.2,31.5,1.0
Clinton Hill,East Harlem,07-06-2016,19:19,19,Evening,Tuesday,0,Summer,6,1.54,High,3.8,24.3,1.8
Bedford-Stuyvesant,South Slope,22-04-2016,23:05,23,Evening,Friday,0,Spring,1,2.1,Low,12.7,9.9,1.0
Fort Greene,Upper West Side,17-02-2016,19:13,19,Evening,Wednesday,0,Winter,1,3.83,High,16.3,14.1,1.8
Harlem,East Harlem,15-02-2016,18:50,18,Evening,Monday,0,Winter,2,1.61,High,6.6,14.6,1.8
West Village,Bedford-Stuyvesant,08-01-2016,12:03,12,Afternoon,Friday,0,Winter,2,1.92,Low,17.0,6.8,1.0
Upper West Side,Clinton Hill,21-01-2016,01:48,1,Night,Thursday,0,Winter,2,3.14,Low,4.2,44.9,1.0
Clinton Hill,Greenpoint,15-02-2016,17:57,17,Afternoon,Monday,0,Winter,1,2.95,High,13.6,13.0,1.8
East Harlem,South Slope,28-06-2016,08:44,8,Morning,Tuesday,0,Summer,2,2.19,High,7.2,18.2,1.8
Sheepshead Bay,New Springville,02-02-2016,11:45,11,Morning,Tuesday,0,Winter,1,0.25,Low,2.0,7.5,1.0
Chinatown,Long Island City,21-05-2016,12:37,12,Afternoon,Saturday,1,Spring,1,2.69,Low,8.4,19.2,1.0
East Harlem,Upper West Side,03-06-2016,19:53,19,Evening,Friday,0,Summer,2,5.8,High,17.9,19.4,1.8
Emerson Hill,Concord,06-01-2016,07:20,7,Morning,Wednesday,0,Winter,1,1.37,Medium,4.3,19.1,1.3
Williamsburg,South Slope,03-05-2016,19:40,19,Evening,Tuesday,0,Spring,1,2.59,High,9.9,15.7,1.8
Crown Heights,East Harlem,27-01-2016,10:23,10,Morning,Wednesday,0,Winter,2,2.72,Medium,8.2,19.9,1.3
Upper West Side,Upper East Side,30-01-2016,18:34,18,Evening,Saturday,1,Winter,1,0.89,High,3.5,15.3,1.8
Greenpoint,Harlem,17-06-2016,09:19,9,Morning,Friday,0,Summer,1,2.35,High,24.7,5.7,1.8
Bedford-Stuyvesant,Upper West Side,28-05-2016,01:22,1,Night,Saturday,1,Spring,6,3.91,Low,14.6,16.1,1.0
Bedford-Stuyvesant,Windsor Terrace,16-06-2016,09:26,9,Morning,Thursday,0,Summer,1,2.73,High,22.5,7.3,1.8
Hell's Kitchen,East Harlem,14-01-2016,08:05,8,Morning,Thursday,0,Winter,1,1.13,High,4.9,13.8,1.8
Chinatown,Crown Heights,17-02-2016,22:25,22,Evening,Wednesday,0,Winter,1,3.1,Low,5.9,31.5,1.0
Harlem,Upper West Side,22-01-2016,13:04,13,Afternoon,Friday,0,Winter,1,4.07,Low,19.0,12.9,1.0
South Slope,South Slope,30-03-2016,20:35,20,Evening,Wednesday,0,Spring,1,5.61,Medium,16.0,21.0,1.3
Bedford-Stuyvesant,Upper West Side,16-03-2016,15:30,15,Afternoon,Wednesday,0,Spring,1,4.72,Low,20.0,14.2,1.0
Fort Greene,Upper West Side,15-06-2016,21:41,21,Evening,Wednesday,0,Summer,1,1.75,Low,5.9,17.8,1.0
South Slope,Upper West Side,22-01-2016,20:55,20,Evening,Friday,0,Winter,1,4.1,Medium,16.3,15.1,1.3
East Harlem,West Village,20-06-2016,10:21,10,Morning,Monday,0,Summer,1,1.62,Medium,6.4,15.2,1.3
Harlem,West Village,12-03-2016,11:12,11,Morning,Saturday,1,Spring,1,2.24,Low,8.6,15.6,1.0
Inwood,Clinton Hill,14-02-2016,23:49,23,Evening,Sunday,1,Winter,1,0.79,Low,5.4,8.8,1.0
Murray Hill,Upper West Side,27-02-2016,19:12,19,Evening,Saturday,1,Winter,1,3.68,High,19.7,11.2,1.8
Hell's Kitchen,Kensington,08-06-2016,00:47,0,Night,Wednesday,0,Summer,1,1.06,Low,4.6,13.8,1.0
Kensington,Hell's Kitchen,07-06-2016,19:34,19,Evening,Tuesday,0,Summer,1,3.47,High,15.2,13.7,1.8
South Slope,East Harlem,22-02-2016,15:14,15,Afternoon,Monday,0,Winter,1,1.81,Low,9.1,11.9,1.0
Rockaway Beach,Coney Island,28-02-2016,01:47,1,Night,Sunday,1,Winter,1,4.2,Low,13.7,18.4,1.0
Bensonhurst,Clifton,16-02-2016,07:28,7,Morning,Tuesday,0,Winter,1,1.78,Medium,10.7,10.0,1.3
Sheepshead Bay,Sheepshead Bay,27-05-2016,18:54,18,Evening,Friday,0,Spring,2,1.41,High,9.2,9.2,1.8
Upper West Side,Upper West Side,04-03-2016,07:04,7,Morning,Friday,0,Spring,1,1.43,Medium,5.4,15.9,1.3
East Harlem,East Harlem,30-06-2016,21:43,21,Evening,Thursday,0,Summer,2,1.46,Low,6.7,13.1,1.0
Kensington,South Slope,22-06-2016,17:26,17,Afternoon,Wednesday,0,Summer,1,1.02,High,3.5,17.5,1.8
Eltingville,Tottenville,27-04-2016,10:20,10,Morning,Wednesday,0,Spring,2,25.8,Medium,41.5,37.3,1.3
Tottenville,Eltingville,10-02-2016,19:34,19,Evening,Wednesday,0,Winter,1,26.41,High,40.8,38.8,1.8
South Slope,Harlem,08-03-2016,22:51,22,Evening,Tuesday,0,Spring,5,5.45,Low,14.0,23.4,1.0
Bedford-Stuyvesant,Kensington,14-02-2016,20:25,20,Evening,Sunday,1,Winter,1,1.07,Medium,6.2,10.4,1.3
Upper West Side,Crown Heights,17-06-2016,13:41,13,Afternoon,Friday,0,Summer,1,2.29,Low,14.3,9.6,1.0
West Village,South Slope,16-05-2016,21:57,21,Evening,Monday,0,Spring,1,5.17,Low,12.8,24.2,1.0
Arrochar,Bensonhurst,14-05-2016,16:36,16,Afternoon,Saturday,1,Spring,4,1.4,Medium,8.2,10.2,1.3
Harlem,Bedford-Stuyvesant,27-05-2016,16:36,16,Afternoon,Friday,0,Spring,1,3.51,Medium,10.3,20.4,1.3
Harlem,Williamsburg,19-01-2016,11:26,11,Morning,Tuesday,0,Winter,1,2.25,Low,19.0,7.1,1.0
Upper West Side,Harlem,13-03-2016,04:58,4,Night,Sunday,1,Spring,4,0.45,Low,2.8,9.6,1.0
South Slope,Upper West Side,22-05-2016,11:40,11,Morning,Sunday,1,Spring,1,2.44,Low,10.4,14.1,1.0
Inwood,Bedford-Stuyvesant,05-04-2016,20:33,20,Evening,Tuesday,0,Spring,1,1.47,Medium,9.1,9.7,1.3
Bedford-Stuyvesant,Bedford-Stuyvesant,10-04-2016,21:17,21,Evening,Sunday,1,Spring,1,1.16,Low,4.6,15.1,1.0
Hell's Kitchen,Clinton Hill,30-04-2016,21:50,21,Evening,Saturday,1,Spring,1,5.02,Low,18.3,16.5,1.0
Bensonhurst,Sheepshead Bay,13-04-2016,18:01,18,Evening,Wednesday,0,Spring,5,1.81,High,10.8,10.1,1.8
West Village,East Harlem,22-06-2016,19:21,19,Evening,Wednesday,0,Summer,1,5.56,High,12.0,27.8,1.8
Tottenville,Tottenville,23-05-2016,04:29,4,Night,Monday,0,Spring,1,26.59,Low,30.2,52.8,1.0
Bedford-Stuyvesant,Upper West Side,21-02-2016,00:22,0,Night,Sunday,1,Winter,1,0.86,Low,4.4,11.7,1.0
Upper West Side,Inwood,10-02-2016,19:37,19,Evening,Wednesday,0,Winter,1,1.76,High,11.8,8.9,1.8
Inwood,East Harlem,31-01-2016,10:41,10,Morning,Sunday,1,Winter,1,6.83,Medium,16.5,24.8,1.3
Upper West Side,Flatbush,31-05-2016,20:44,20,Evening,Tuesday,0,Spring,1,1.31,Medium,7.8,10.1,1.3
Harlem,East Harlem,05-05-2016,07:13,7,Morning,Thursday,0,Spring,1,2.74,Medium,10.3,16.0,1.3
South Slope,East Harlem,25-05-2016,07:00,7,Morning,Wednesday,0,Spring,1,2.47,Medium,10.4,14.2,1.3
South Slope,Chelsea,30-01-2016,03:35,3,Night,Saturday,1,Winter,1,5.6,Low,12.7,26.5,1.0
West Village,Upper West Side,12-03-2016,18:15,18,Evening,Saturday,1,Spring,1,2.75,High,13.3,12.4,1.8
Williamsburg,Hell's Kitchen,25-06-2016,01:47,1,Night,Saturday,1,Summer,1,2.22,Low,12.0,11.1,1.0
Fort Greene,Upper West Side,24-05-2016,02:11,2,Night,Tuesday,0,Spring,1,2.76,Low,7.3,22.7,1.0
Upper West Side,Harlem,21-05-2016,18:32,18,Evening,Saturday,1,Spring,1,1.1,High,3.2,20.6,1.8
Greenpoint,Harlem,13-01-2016,17:24,17,Afternoon,Wednesday,0,Winter,1,1.15,High,7.0,9.9,1.8
Midtown,South Slope,10-05-2016,15:57,15,Afternoon,Tuesday,0,Spring,1,2.34,Low,15.7,8.9,1.0
Park Slope,Upper West Side,05-03-2016,21:11,21,Evening,Saturday,1,Spring,1,1.5,Low,7.1,12.7,1.0
East Harlem,Chinatown,31-01-2016,08:11,8,Morning,Sunday,1,Winter,2,1.21,High,4.2,17.3,1.8
Bensonhurst,Fort Hamilton,18-03-2016,21:50,21,Evening,Friday,0,Spring,3,1.75,Low,5.7,18.4,1.0
Harlem,East Harlem,15-06-2016,07:07,7,Morning,Wednesday,0,Summer,6,6.05,Medium,26.1,13.9,1.3
Bedford-Stuyvesant,Murray Hill,14-05-2016,00:58,0,Night,Saturday,1,Spring,1,5.52,Low,14.7,22.5,1.0
Fort Hamilton,"Bay Terrace, Staten Island",19-03-2016,04:32,4,Night,Saturday,1,Spring,1,15.22,Low,23.8,38.4,1.0
Park Slope,Clinton Hill,14-02-2016,01:36,1,Night,Sunday,1,Winter,1,4.61,Low,9.3,29.7,1.0
Fort Greene,Kensington,17-04-2016,02:50,2,Night,Sunday,1,Spring,1,2.51,Low,8.4,17.9,1.0
Crown Heights,Hell's Kitchen,02-03-2016,22:08,22,Evening,Wednesday,0,Spring,1,0.77,Low,3.5,13.2,1.0
Windsor Terrace,Harlem,14-02-2016,19:21,19,Evening,Sunday,1,Winter,2,1.05,High,10.8,5.8,1.8
Kensington,Windsor Terrace,27-03-2016,04:12,4,Night,Sunday,1,Spring,1,9.79,Low,16.4,35.8,1.0
Midtown,Upper West Side,17-05-2016,09:39,9,Morning,Tuesday,0,Spring,1,2.53,High,14.8,10.3,1.8
West Village,Midtown,14-05-2016,15:34,15,Afternoon,Saturday,1,Spring,1,1.28,Low,3.8,20.2,1.0
Kensington,Kensington,12-02-2016,17:08,17,Afternoon,Friday,0,Winter,1,1.24,High,2.7,27.6,1.8
Chinatown,Inwood,15-02-2016,00:14,0,Night,Monday,0,Winter,1,4.81,Low,12.0,24.0,1.0
Sheepshead Bay,Sheepshead Bay,22-02-2016,17:49,17,Afternoon,Monday,0,Winter,1,1.88,High,7.4,15.2,1.8
Bedford-Stuyvesant,Fort Greene,22-03-2016,20:39,20,Evening,Tuesday,0,Spring,1,1.81,Medium,10.4,10.4,1.3
Murray Hill,Williamsburg,04-01-2016,07:28,7,Morning,Monday,0,Winter,2,1.48,Medium,6.9,12.9,1.3
Harlem,Fort Greene,08-03-2016,20:50,20,Evening,Tuesday,0,Spring,1,9.08,Medium,30.5,17.9,1.3
Upper West Side,Upper West Side,05-05-2016,07:29,7,Morning,Thursday,0,Spring,1,6.07,Medium,27.6,13.2,1.3
Harlem,Kensington,19-06-2016,18:38,18,Evening,Sunday,1,Summer,1,1.39,High,5.2,16.0,1.8
Hell's Kitchen,East Harlem,04-02-2016,22:36,22,Evening,Thursday,0,Winter,1,8.48,Low,17.1,29.8,1.0
East Harlem,Midtown,27-05-2016,03:01,3,Night,Friday,0,Spring,1,1.75,Low,4.5,23.3,1.0
East Harlem,East Harlem,19-05-2016,06:49,6,Morning,Thursday,0,Spring,2,1.05,Low,3.6,17.5,1.0
Clinton Hill,West Village,14-03-2016,10:45,10,Morning,Monday,0,Spring,1,1.14,Medium,13.4,5.1,1.3
Hell's Kitchen,Hell's Kitchen,16-02-2016,14:00,14,Afternoon,Tuesday,0,Winter,1,2.91,Low,24.2,7.2,1.0
Inwood,Midtown,17-01-2016,22:39,22,Evening,Sunday,1,Winter,1,12.27,Low,18.9,39.0,1.0
Harlem,East Harlem,04-02-2016,10:48,10,Morning,Thursday,0,Winter,1,3.94,Medium,30.4,7.8,1.3
Upper West Side,Bedford-Stuyvesant,10-06-2016,06:04,6,Morning,Friday,0,Summer,2,5.29,Low,12.2,26.0,1.0
Great Kills,Midwood,22-02-2016,08:02,8,Morning,Monday,0,Winter,1,13.5,High,46.5,17.4,1.8
Arden Heights,Shore Acres,19-01-2016,19:46,19,Evening,Tuesday,0,Winter,2,14.66,High,37.4,23.5,1.8
Harlem,Upper West Side,01-05-2016,11:03,11,Morning,Sunday,1,Spring,1,1.0,Low,4.3,14.0,1.0
East Harlem,Harlem,05-02-2016,07:02,7,Morning,Friday,0,Winter,1,2.93,Medium,9.4,18.7,1.3
Fort Greene,South Slope,18-03-2016,00:10,0,Night,Friday,0,Spring,1,5.06,Low,18.8,16.1,1.0
West Village,Upper West Side,07-05-2016,23:06,23,Evening,Saturday,1,Spring,1,1.49,Low,13.9,6.4,1.0
Harlem,Crown Heights,26-03-2016,12:24,12,Afternoon,Saturday,1,Spring,1,3.76,Low,13.2,17.1,1.0
Hell's Kitchen,Fort Greene,16-06-2016,19:16,19,Evening,Thursday,0,Summer,1,1.46,High,5.8,15.1,1.8
West Village,Upper West Side,10-02-2016,04:32,4,Night,Wednesday,0,Winter,1,5.9,Low,12.0,29.5,1.0
South Slope,Bedford-Stuyvesant,19-04-2016,20:33,20,Evening,Tuesday,0,Spring,1,2.31,Medium,7.1,19.5,1.3
Gravesend,Sheepshead Bay,19-05-2016,06:52,6,Morning,Thursday,0,Spring,1,8.69,Low,21.0,24.8,1.0
Upper West Side,East Harlem,29-02-2016,19:17,19,Evening,Monday,0,Winter,1,2.1,High,8.9,14.2,1.8
Clinton Hill,Bedford-Stuyvesant,25-05-2016,21:22,21,Evening,Wednesday,0,Spring,2,4.1,Low,17.0,14.5,1.0
East Harlem,Hell's Kitchen,18-02-2016,08:21,8,Morning,Thursday,0,Winter,3,3.46,High,9.0,23.1,1.8
Upper West Side,Midtown,14-06-2016,22:41,22,Evening,Tuesday,0,Summer,1,1.9,Low,6.6,17.3,1.0
Clinton Hill,Harlem,03-02-2016,12:14,12,Afternoon,Wednesday,0,Winter,1,1.3,Low,3.8,20.5,1.0
East Harlem,Upper West Side,28-03-2016,21:32,21,Evening,Monday,0,Spring,1,2.84,Low,5.7,29.9,1.0
Harlem,Clinton Hill,22-01-2016,06:17,6,Morning,Friday,0,Winter,6,1.81,Low,6.5,16.7,1.0
Upper West Side,East Harlem,16-05-2016,16:37,16,Afternoon,Monday,0,Spring,1,2.57,Medium,14.9,10.3,1.3
Harlem,Bedford-Stuyvesant,03-02-2016,14:47,14,Afternoon,Wednesday,0,Winter,5,2.18,Low,11.1,11.8,1.0
East Harlem,Crown Heights,28-06-2016,20:30,20,Evening,Tuesday,0,Summer,3,1.6,Medium,5.6,17.1,1.3
Fort Greene,East Village,16-04-2016,19:16,19,Evening,Saturday,1,Spring,4,2.33,High,15.3,9.1,1.8
Harlem,Upper West Side,21-05-2016,11:45,11,Morning,Saturday,1,Spring,3,2.36,Low,20.3,7.0,1.0
Bedford-Stuyvesant,East Harlem,22-01-2016,20:55,20,Evening,Friday,0,Winter,1,1.83,Medium,6.0,18.3,1.3
Upper West Side,East Harlem,11-04-2016,11:26,11,Morning,Monday,0,Spring,1,1.8,Low,7.7,14.0,1.0
Clinton Hill,East Harlem,06-04-2016,22:33,22,Evening,Wednesday,0,Spring,1,2.89,Low,12.9,13.4,1.0
Harlem,Bedford-Stuyvesant,13-01-2016,18:02,18,Evening,Wednesday,0,Winter,1,1.67,High,7.8,12.8,1.8
Harlem,East Harlem,05-03-2016,22:53,22,Evening,Saturday,1,Spring,1,1.73,Low,7.4,14.0,1.0
Greenpoint,Midtown,22-06-2016,15:33,15,Afternoon,Wednesday,0,Summer,1,5.99,Low,25.3,14.2,1.0
Crown Heights,Bedford-Stuyvesant,08-03-2016,13:58,13,Afternoon,Tuesday,0,Spring,1,2.14,Low,9.5,13.5,1.0
Tompkinsville,Arverne,22-05-2016,18:15,18,Evening,Sunday,1,Spring,1,3.09,High,13.1,14.2,1.8
Upper West Side,Hell's Kitchen,24-04-2016,14:09,14,Afternoon,Sunday,1,Spring,1,0.63,Low,1.9,19.9,1.0
Clinton Hill,Bedford-Stuyvesant,10-05-2016,13:28,13,Afternoon,Tuesday,0,Spring,4,0.99,Low,11.2,5.3,1.0
Murray Hill,East Harlem,20-05-2016,20:11,20,Evening,Friday,0,Spring,1,1.02,Medium,5.4,11.3,1.3
Bedford-Stuyvesant,Harlem,12-01-2016,08:31,8,Morning,Tuesday,0,Winter,1,1.26,High,5.8,13.0,1.8
Midtown,Harlem,26-02-2016,01:33,1,Night,Friday,0,Winter,1,0.76,Low,3.9,11.7,1.0
Clinton Hill,Inwood,12-06-2016,10:16,10,Morning,Sunday,1,Summer,1,2.24,Medium,7.6,17.7,1.3
East Harlem,Harlem,10-06-2016,10:17,10,Morning,Friday,0,Summer,1,1.42,Medium,6.4,13.3,1.3
South Beach,South Beach,23-02-2016,07:51,7,Morning,Tuesday,0,Winter,1,1.69,Medium,7.0,14.5,1.3
Murray Hill,Hell's Kitchen,29-02-2016,18:28,18,Evening,Monday,0,Winter,6,0.58,High,5.8,6.0,1.8
Midtown,East Harlem,08-05-2016,21:00,21,Evening,Sunday,1,Spring,6,3.3,Low,8.5,23.3,1.0
Midtown,East Harlem,07-01-2016,00:08,0,Night,Thursday,0,Winter,1,3.94,Low,12.8,18.5,1.0
Park Slope,Harlem,16-04-2016,02:56,2,Night,Saturday,1,Spring,1,1.77,Low,8.8,12.1,1.0
Upper West Side,Chelsea,12-06-2016,00:49,0,Night,Sunday,1,Summer,2,7.0,Low,23.6,17.8,1.0
Fort Greene,East Village,18-05-2016,22:21,22,Evening,Wednesday,0,Spring,6,2.87,Low,15.1,11.4,1.0
Fort Greene,Murray Hill,25-02-2016,14:08,14,Afternoon,Thursday,0,Winter,1,1.45,Low,10.2,8.5,1.0
East Harlem,Harlem,05-04-2016,08:00,8,Morning,Tuesday,0,Spring,1,0.78,High,4.4,10.6,1.8
Bedford-Stuyvesant,South Slope,05-05-2016,19:20,19,Evening,Thursday,0,Spring,1,1.92,High,15.6,7.4,1.8
Far Rockaway,Bensonhurst,20-05-2016,11:15,11,Morning,Friday,0,Spring,1,1.65,Low,12.1,8.2,1.0
Kensington,Chinatown,02-03-2016,11:08,11,Morning,Wednesday,0,Spring,1,3.88,Low,21.5,10.8,1.0
Midwood,Rossville,06-03-2016,03:21,3,Night,Sunday,1,Spring,1,21.61,Low,30.4,42.7,1.0
Harlem,Park Slope,19-05-2016,19:26,19,Evening,Thursday,0,Spring,1,1.27,High,9.1,8.4,1.8
East Harlem,Upper West Side,07-05-2016,15:50,15,Afternoon,Saturday,1,Spring,3,4.57,Low,21.2,12.9,1.0
Bedford-Stuyvesant,Midtown,24-06-2016,11:07,11,Morning,Friday,0,Summer,1,1.04,Low,4.0,15.6,1.0
East Harlem,Upper West Side,26-03-2016,01:33,1,Night,Saturday,1,Spring,1,5.19,Low,10.5,29.7,1.0
Bedford-Stuyvesant,Upper West Side,06-06-2016,20:19,20,Evening,Monday,0,Summer,1,1.67,Medium,4.6,21.8,1.3
East Harlem,East Harlem,12-04-2016,09:29,9,Morning,Tuesday,0,Spring,1,6.01,High,33.4,10.8,1.8
South Slope,Upper West Side,28-03-2016,09:01,9,Morning,Monday,0,Spring,1,2.13,High,11.8,10.8,1.8
Prince's Bay,Tottenville,05-06-2016,02:16,2,Night,Sunday,1,Summer,4,15.06,Low,23.6,38.3,1.0
East Harlem,Midtown,07-04-2016,08:17,8,Morning,Thursday,0,Spring,3,6.81,High,15.1,27.1,1.8
West Village,Clinton Hill,13-01-2016,17:08,17,Afternoon,Wednesday,0,Winter,1,1.22,High,5.6,13.1,1.8
Hell's Kitchen,Williamsburg,04-06-2016,01:32,1,Night,Saturday,1,Summer,1,2.34,Low,6.8,20.6,1.0
South Slope,Upper West Side,03-05-2016,14:50,14,Afternoon,Tuesday,0,Spring,1,3.45,Low,27.2,7.6,1.0
Upper West Side,West Village,14-04-2016,22:38,22,Evening,Thursday,0,Spring,1,2.93,Low,13.1,13.4,1.0
Harlem,East Harlem,16-06-2016,02:25,2,Night,Thursday,0,Summer,6,0.92,Low,1.6,34.5,1.0
Eltingville,Tottenville,10-05-2016,15:19,15,Afternoon,Tuesday,0,Spring,2,23.53,Low,53.8,26.2,1.0
Crown Heights,East Harlem,08-06-2016,21:39,21,Evening,Wednesday,0,Summer,1,6.47,Low,26.2,14.8,1.0
Harlem,East Harlem,30-04-2016,21:33,21,Evening,Saturday,1,Spring,1,1.24,Low,4.4,16.9,1.0
Harlem,Chinatown,17-06-2016,11:13,11,Morning,Friday,0,Summer,1,2.5,Low,13.2,11.4,1.0
East Harlem,Chelsea,22-05-2016,00:23,0,Night,Sunday,1,Spring,2,4.2,Low,14.2,17.7,1.0
Fort Greene,Kensington,04-05-2016,14:36,14,Afternoon,Wednesday,0,Spring,1,3.28,Low,7.8,25.2,1.0
Williamsburg,East Harlem,06-03-2016,03:27,3,Night,Sunday,1,Spring,3,5.23,Low,20.8,15.1,1.0
Upper West Side,Inwood,29-06-2016,22:51,22,Evening,Wednesday,0,Summer,1,1.24,Low,8.8,8.5,1.0
Rockaway Beach,Far Rockaway,22-01-2016,16:24,16,Afternoon,Friday,0,Winter,1,2.07,Medium,8.5,14.6,1.3
Sheepshead Bay,Eltingville,24-06-2016,18:14,18,Evening,Friday,0,Summer,1,8.14,High,76.8,6.4,1.8
South Slope,Hell's Kitchen,27-03-2016,11:26,11,Morning,Sunday,1,Spring,1,1.14,Low,7.2,9.5,1.0
Upper West Side,Bedford-Stuyvesant,16-04-2016,19:54,19,Evening,Saturday,1,Spring,1,1.2,High,13.0,5.5,1.8
Bedford-Stuyvesant,Hell's Kitchen,07-02-2016,17:29,17,Afternoon,Sunday,1,Winter,1,0.73,High,3.7,11.8,1.8
East Harlem,Fort Greene,26-05-2016,09:06,9,Morning,Thursday,0,Spring,1,1.61,High,8.0,12.1,1.8
West Village,Clinton Hill,04-03-2016,12:54,12,Afternoon,Friday,0,Spring,1,1.4,Low,7.4,11.4,1.0
Harlem,Harlem,06-04-2016,11:54,11,Morning,Wednesday,0,Spring,1,2.84,Low,20.3,8.4,1.0
East Harlem,Fort Greene,06-05-2016,23:17,23,Evening,Friday,0,Spring,2,1.96,Low,8.5,13.8,1.0
Bedford-Stuyvesant,South Slope,30-01-2016,04:23,4,Night,Saturday,1,Winter,3,4.94,Low,13.9,21.3,1.0
Bedford-Stuyvesant,Bedford-Stuyvesant,01-02-2016,17:48,17,Afternoon,Monday,0,Winter,5,2.31,High,12.4,11.2,1.8
Harlem,Crown Heights,06-06-2016,23:12,23,Evening,Monday,0,Summer,2,0.95,Low,4.0,14.2,1.0
Bedford-Stuyvesant,Harlem,11-05-2016,16:58,16,Afternoon,Wednesday,0,Spring,1,0.84,Medium,4.2,12.0,1.3
Kensington,West Village,21-06-2016,16:05,16,Afternoon,Tuesday,0,Summer,1,3.55,Medium,13.9,15.3,1.3
East Harlem,Upper West Side,20-02-2016,01:34,1,Night,Saturday,1,Winter,6,5.19,Low,8.6,36.2,1.0
Arden Heights,Sheepshead Bay,10-03-2016,19:03,19,Evening,Thursday,0,Spring,1,14.8,High,38.0,23.4,1.8
Upper West Side,Windsor Terrace,23-05-2016,22:00,22,Evening,Monday,0,Spring,3,5.6,Low,23.5,14.3,1.0
Kensington,Fort Greene,26-01-2016,22:49,22,Evening,Tuesday,0,Winter,2,3.07,Low,14.2,13.0,1.0
Fort Greene,Windsor Terrace,04-03-2016,16:55,16,Afternoon,Friday,0,Spring,1,2.17,Medium,10.2,12.8,1.3
Fort Greene,East Harlem,01-02-2016,08:44,8,Morning,Monday,0,Winter,1,1.17,High,12.9,5.4,1.8
Upper West Side,Kensington,31-03-2016,18:56,18,Evening,Thursday,0,Spring,1,1.6,High,6.0,16.0,1.8
South Slope,Harlem,20-05-2016,11:30,11,Morning,Friday,0,Spring,1,8.83,Low,23.3,22.7,1.0
Bensonhurst,Bensonhurst,24-05-2016,01:08,1,Night,Tuesday,0,Spring,1,2.22,Low,10.2,13.1,1.0
West Brighton,"Bay Terrace, Staten Island",21-06-2016,12:02,12,Afternoon,Tuesday,0,Summer,5,13.44,Low,26.9,30.0,1.0
Harlem,Hell's Kitchen,30-03-2016,18:03,18,Evening,Wednesday,0,Spring,1,2.73,High,16.9,9.7,1.8
Murray Hill,Kensington,08-04-2016,14:23,14,Afternoon,Friday,0,Spring,1,3.54,Low,18.8,11.3,1.0
Arrochar,Arverne,24-05-2016,15:58,15,Afternoon,Tuesday,0,Spring,1,2.63,Low,17.2,9.2,1.0
Hell's Kitchen,Harlem,27-02-2016,16:42,16,Afternoon,Saturday,1,Winter,2,1.15,Medium,7.1,9.7,1.3
Kensington,Bedford-Stuyvesant,21-06-2016,10:30,10,Morning,Tuesday,0,Summer,3,6.06,Medium,26.9,13.5,1.3
East Harlem,East Harlem,07-04-2016,17:00,17,Afternoon,Thursday,0,Spring,1,0.79,High,7.0,6.8,1.8
East Harlem,Williamsburg,04-03-2016,21:45,21,Evening,Friday,0,Spring,1,2.42,Low,14.1,10.3,1.0
Bedford-Stuyvesant,Harlem,01-03-2016,13:31,13,Afternoon,Tuesday,0,Spring,2,4.14,Low,20.0,12.4,1.0
Midtown,Williamsburg,01-04-2016,22:00,22,Evening,Friday,0,Spring,1,1.58,Low,6.6,14.4,1.0
Kensington,Chinatown,02-04-2016,13:55,13,Afternoon,Saturday,1,Spring,1,4.16,Low,9.4,26.6,1.0
Park Slope,Upper West Side,16-06-2016,17:10,17,Afternoon,Thursday,0,Summer,1,1.05,High,7.2,8.8,1.8
Harlem,Harlem,13-05-2016,13:49,13,Afternoon,Friday,0,Spring,1,1.74,Low,9.8,10.7,1.0
Harlem,Hell's Kitchen,16-01-2016,18:47,18,Evening,Saturday,1,Winter,1,0.69,High,3.5,11.8,1.8
Inwood,Upper West Side,29-04-2016,22:58,22,Evening,Friday,0,Spring,1,1.67,Low,6.3,15.9,1.0
Fort Greene,West Village,21-02-2016,22:40,22,Evening,Sunday,1,Winter,1,5.98,Low,14.8,24.2,1.0
Prospect-Lefferts Gardens,Chinatown,31-05-2016,22:37,22,Evening,Tuesday,0,Spring,1,3.28,Low,12.4,15.9,1.0
Murray Hill,Fort Greene,18-01-2016,13:43,13,Afternoon,Monday,0,Winter,6,2.26,Low,7.1,19.1,1.0
Harlem,East Harlem,16-04-2016,12:31,12,Afternoon,Saturday,1,Spring,2,1.64,Low,6.3,15.6,1.0
Upper West Side,Harlem,30-06-2016,21:38,21,Evening,Thursday,0,Summer,1,1.68,Low,7.3,13.8,1.0
Bedford-Stuyvesant,Upper West Side,18-02-2016,16:10,16,Afternoon,Thursday,0,Winter,2,4.93,Medium,15.1,19.6,1.3
Midtown,Bedford-Stuyvesant,02-02-2016,17:56,17,Afternoon,Tuesday,0,Winter,1,3.32,High,12.3,16.2,1.8
Upper West Side,Kensington,29-02-2016,20:45,20,Evening,Monday,0,Winter,5,3.6,Medium,10.1,21.4,1.3
Park Slope,South Slope,06-03-2016,07:59,7,Morning,Sunday,1,Spring,1,1.47,Medium,3.6,24.5,1.3
South Slope,Hell's Kitchen,02-04-2016,12:36,12,Afternoon,Saturday,1,Spring,1,3.26,Low,14.1,13.9,1.0
East Harlem,Crown Heights,05-04-2016,08:36,8,Morning,Tuesday,0,Spring,2,1.07,High,8.3,7.7,1.8
Bedford-Stuyvesant,Upper West Side,14-04-2016,20:26,20,Evening,Thursday,0,Spring,1,1.39,Medium,5.7,14.6,1.3
Clinton Hill,Williamsburg,14-04-2016,19:30,19,Evening,Thursday,0,Spring,1,9.06,High,40.8,13.3,1.8
East Harlem,Kensington,09-03-2016,17:09,17,Afternoon,Wednesday,0,Spring,1,1.93,High,10.5,11.0,1.8
Inwood,South Slope,29-06-2016,22:14,22,Evening,Wednesday,0,Summer,2,3.55,Low,18.7,11.4,1.0
Arden Heights,Bensonhurst,20-03-2016,08:58,8,Morning,Sunday,1,Spring,1,14.54,High,16.7,52.2,1.8
Williamsburg,Upper West Side,21-04-2016,16:55,16,Afternoon,Thursday,0,Spring,1,4.01,Medium,21.9,11.0,1.3
Harlem,Murray Hill,16-03-2016,20:18,20,Evening,Wednesday,0,Spring,1,1.23,Medium,7.6,9.7,1.3
Clinton Hill,Harlem,09-02-2016,19:46,19,Evening,Tuesday,0,Winter,1,1.29,High,6.2,12.5,1.8
Arverne,Rockaway Beach,13-01-2016,09:18,9,Morning,Wednesday,0,Winter,2,3.88,High,7.2,32.3,1.8
Inwood,Bushwick,03-05-2016,14:57,14,Afternoon,Tuesday,0,Spring,1,2.16,Low,8.0,16.2,1.0
East Harlem,East Harlem,01-05-2016,17:48,17,Afternoon,Sunday,1,Spring,5,5.49,High,19.8,16.6,1.8
Bedford-Stuyvesant,Midtown,25-05-2016,18:21,18,Evening,Wednesday,0,Spring,1,4.14,High,24.3,10.2,1.8
Bedford-Stuyvesant,Clinton Hill,26-02-2016,08:09,8,Morning,Friday,0,Winter,1,6.41,High,31.0,12.4,1.8
Kensington,Inwood,24-02-2016,10:53,10,Morning,Wednesday,0,Winter,1,1.71,Medium,11.3,9.1,1.3
Clinton Hill,Clinton Hill,26-03-2016,17:02,17,Afternoon,Saturday,1,Spring,1,5.66,High,17.5,19.4,1.8
Bedford-Stuyvesant,Greenpoint,17-02-2016,17:51,17,Afternoon,Wednesday,0,Winter,1,2.16,High,8.2,15.8,1.8
Kensington,Harlem,06-02-2016,12:36,12,Afternoon,Saturday,1,Winter,1,1.48,Low,3.6,24.7,1.0
Tottenville,Arden Heights,17-02-2016,21:42,21,Evening,Wednesday,0,Winter,1,25.8,Low,31.7,48.8,1.0
Murray Hill,Park Slope,19-02-2016,09:41,9,Morning,Friday,0,Winter,1,1.75,High,6.3,16.7,1.8
East Harlem,Upper West Side,13-03-2016,11:44,11,Morning,Sunday,1,Spring,1,5.09,Low,13.4,22.8,1.0
Bedford-Stuyvesant,Bedford-Stuyvesant,06-06-2016,22:39,22,Evening,Monday,0,Summer,1,1.52,Low,9.4,9.7,1.0
East Harlem,Murray Hill,21-06-2016,12:58,12,Afternoon,Tuesday,0,Summer,1,11.65,Low,38.1,18.3,1.0
Harlem,East Harlem,23-03-2016,09:47,9,Morning,Wednesday,0,Spring,3,0.72,High,11.7,3.7,1.8
West Village,Flatbush,28-01-2016,11:38,11,Morning,Thursday,0,Winter,1,2.5,Low,16.0,9.4,1.0
Williamsburg,Hell's Kitchen,29-06-2016,13:23,13,Afternoon,Wednesday,0,Summer,3,2.1,Low,19.2,6.6,1.0
Chelsea,Greenpoint,15-03-2016,09:09,9,Morning,Tuesday,0,Spring,5,1.6,High,8.8,10.9,1.8
Harlem,South Slope,12-03-2016,14:50,14,Afternoon,Saturday,1,Spring,1,2.56,Low,16.8,9.1,1.0
Harlem,Harlem,05-04-2016,23:41,23,Evening,Tuesday,0,Spring,1,0.01,Low,0.8,0.8,1.0
East Harlem,Harlem,17-02-2016,09:55,9,Morning,Wednesday,0,Winter,1,8.08,High,30.3,16.0,1.8
South Slope,East Harlem,07-05-2016,11:39,11,Morning,Saturday,1,Spring,2,3.57,Low,13.5,15.9,1.0
Chinatown,Park Slope,08-01-2016,09:47,9,Morning,Friday,0,Winter,1,1.83,High,8.8,12.5,1.8
Clinton Hill,Murray Hill,07-03-2016,15:59,15,Afternoon,Monday,0,Spring,1,3.97,Low,17.4,13.7,1.0
Upper West Side,Upper West Side,07-01-2016,19:17,19,Evening,Thursday,0,Winter,1,1.92,High,10.8,10.7,1.8
Oakwood,Bay Ridge,02-06-2016,13:04,13,Afternoon,Thursday,0,Summer,5,13.75,Low,45.7,18.1,1.0
Harlem,Harlem,04-02-2016,16:10,16,Afternoon,Thursday,0,Winter,1,1.76,Medium,14.7,7.2,1.3
Fort Greene,Bedford-Stuyvesant,11-06-2016,19:31,19,Evening,Saturday,1,Summer,1,8.63,High,40.6,12.8,1.8
Tottenville,Great Kills,22-06-2016,23:11,23,Evening,Wednesday,0,Summer,2,21.61,Low,23.4,55.4,1.0
New Dorp Beach,Brighton Beach,16-04-2016,02:05,2,Night,Saturday,1,Spring,5,2.84,Low,10.4,16.4,1.0
East Harlem,Harlem,10-02-2016,09:47,9,Morning,Wednesday,0,Winter,1,0.84,High,5.2,9.7,1.8
Inwood,Clinton Hill,19-03-2016,00:59,0,Night,Saturday,1,Spring,1,5.52,Low,26.5,12.5,1.0
East Harlem,Chelsea,19-02-2016,17:00,17,Afternoon,Friday,0,Winter,1,1.57,High,7.4,12.7,1.8
Harlem,Upper West Side,24-02-2016,14:10,14,Afternoon,Wednesday,0,Winter,1,0.51,Low,4.2,7.3,1.0
Hell's Kitchen,East Harlem,13-04-2016,08:25,8,Morning,Wednesday,0,Spring,1,1.9,High,15.9,7.2,1.8
Upper West Side,Inwood,30-01-2016,03:01,3,Night,Saturday,1,Winter,1,1.39,Low,5.1,16.4,1.0
Midtown,Bedford-Stuyvesant,21-05-2016,04:24,4,Night,Saturday,1,Spring,5,2.65,Low,9.5,16.7,1.0
Bedford-Stuyvesant,East Harlem,04-02-2016,07:47,7,Morning,Thursday,0,Winter,2,2.27,Medium,10.1,13.5,1.3
Williamsburg,East Harlem,20-05-2016,20:02,20,Evening,Friday,0,Spring,2,1.76,Medium,7.0,15.1,1.3
Crown Heights,Bedford-Stuyvesant,19-03-2016,21:21,21,Evening,Saturday,1,Spring,1,4.8,Low,10.8,26.7,1.0
Murray Hill,Bedford-Stuyvesant,04-05-2016,11:19,11,Morning,Wednesday,0,Spring,1,1.0,Low,12.0,5.0,1.0
Kensington,South Slope,15-03-2016,19:33,19,Evening,Tuesday,0,Spring,1,2.27,High,8.0,17.0,1.8
Great Kills,Bay Ridge,17-01-2016,13:58,13,Afternoon,Sunday,1,Winter,1,13.48,Low,45.9,17.6,1.0
East Harlem,West Village,07-05-2016,13:24,13,Afternoon,Saturday,1,Spring,1,1.0,Low,8.0,7.5,1.0
Williamsburg,Midtown,07-05-2016,08:37,8,Morning,Saturday,1,Spring,1,1.59,High,4.7,20.3,1.8
Williamsburg,Kensington,23-06-2016,10:41,10,Morning,Thursday,0,Summer,2,2.61,Medium,14.2,11.0,1.3
Upper West Side,West Village,14-02-2016,17:19,17,Afternoon,Sunday,1,Winter,1,11.61,High,41.1,16.9,1.8
Bay Ridge,Sheepshead Bay,24-02-2016,08:50,8,Morning,Wednesday,0,Winter,1,3.83,High,18.4,12.5,1.8
Murray Hill,Kensington,09-01-2016,08:20,8,Morning,Saturday,1,Winter,1,1.39,High,4.0,20.8,1.8
East Harlem,Park Slope,22-05-2016,13:30,13,Afternoon,Sunday,1,Spring,1,1.02,Low,6.8,9.0,1.0
Upper West Side,Clinton Hill,07-06-2016,00:07,0,Night,Tuesday,0,Summer,1,2.81,Low,7.1,23.7,1.0
Clinton Hill,Park Slope,26-03-2016,21:54,21,Evening,Saturday,1,Spring,1,3.78,Low,14.6,15.5,1.0
Bedford-Stuyvesant,Inwood,01-06-2016,08:55,8,Morning,Wednesday,0,Summer,5,0.77,High,6.2,7.5,1.8
South Slope,South Slope,28-02-2016,22:09,22,Evening,Sunday,1,Winter,5,4.03,Low,11.2,21.6,1.0
Park Slope,Harlem,16-02-2016,11:23,11,Morning,Tuesday,0,Winter,1,2.08,Low,16.3,7.7,1.0
South Slope,Fort Greene,16-01-2016,15:20,15,Afternoon,Saturday,1,Winter,5,4.28,Low,15.0,17.1,1.0
Randall Manor,Oakwood,01-02-2016,08:09,8,Morning,Monday,0,Winter,6,12.98,High,25.2,30.9,1.8
Harlem,Harlem,31-01-2016,13:23,13,Afternoon,Sunday,1,Winter,1,0.86,Low,4.2,12.3,1.0
Murray Hill,South Slope,17-06-2016,13:44,13,Afternoon,Friday,0,Summer,1,1.35,Low,10.6,7.6,1.0
East Harlem,Hell's Kitchen,30-04-2016,14:39,14,Afternoon,Saturday,1,Spring,1,1.58,Low,6.9,13.7,1.0
South Slope,South Slope,03-04-2016,13:35,13,Afternoon,Sunday,1,Spring,1,1.79,Low,12.8,8.4,1.0
Bedford-Stuyvesant,Fort Greene,05-03-2016,18:58,18,Evening,Saturday,1,Spring,2,2.4,High,13.3,10.8,1.8
Sheepshead Bay,Edgemere,26-02-2016,09:21,9,Morning,Friday,0,Winter,1,1.12,High,7.2,9.3,1.8
East Harlem,Harlem,10-02-2016,09:59,9,Morning,Wednesday,0,Winter,1,1.98,High,6.0,19.8,1.8
Harlem,Harlem,12-01-2016,16:36,16,Afternoon,Tuesday,0,Winter,1,1.47,Medium,7.2,12.2,1.3
Williamsburg,Upper West Side,01-03-2016,22:31,22,Evening,Tuesday,0,Spring,1,5.65,Low,17.5,19.4,1.0
Tottenville,Arden Heights,17-02-2016,17:09,17,Afternoon,Wednesday,0,Winter,1,24.73,High,32.0,46.4,1.8
Harlem,East Harlem,21-04-2016,17:30,17,Afternoon,Thursday,0,Spring,1,1.05,High,3.8,16.6,1.8
Inwood,Fort Greene,13-02-2016,07:20,7,Morning,Saturday,1,Winter,1,1.38,Medium,2.2,37.6,1.3
Fort Greene,Upper West Side,04-05-2016,06:43,6,Morning,Wednesday,0,Spring,1,1.64,Low,4.5,21.9,1.0
Park Slope,Harlem,06-03-2016,08:56,8,Morning,Sunday,1,Spring,1,1.35,High,2.6,31.2,1.8
Bedford-Stuyvesant,Bedford-Stuyvesant,25-06-2016,13:47,13,Afternoon,Saturday,1,Summer,1,7.16,Low,28.8,14.9,1.0
Murray Hill,East Harlem,25-05-2016,17:37,17,Afternoon,Wednesday,0,Spring,1,1.73,High,9.4,11.0,1.8
Park Slope,Harlem,09-06-2016,06:30,6,Morning,Thursday,0,Summer,6,0.96,Low,1.2,48.0,1.0
Bedford-Stuyvesant,Park Slope,19-01-2016,20:47,20,Evening,Tuesday,0,Winter,1,2.33,Medium,12.0,11.6,1.3
Hell's Kitchen,Chelsea,07-04-2016,10:43,10,Morning,Thursday,0,Spring,1,2.76,Medium,11.8,14.0,1.3
Chinatown,Bedford-Stuyvesant,09-02-2016,09:01,9,Morning,Tuesday,0,Winter,1,2.5,High,9.9,15.2,1.8
Upper West Side,Bedford-Stuyvesant,24-06-2016,22:38,22,Evening,Friday,0,Summer,1,0.57,Low,1.8,19.0,1.0
Williamsburg,Upper West Side,23-04-2016,05:11,5,Night,Saturday,1,Spring,1,1.56,Low,5.6,16.7,1.0
South Beach,Midwood,12-01-2016,20:09,20,Evening,Tuesday,0,Winter,1,4.31,Medium,13.9,18.6,1.3
Fort Greene,Williamsburg,04-05-2016,22:00,22,Evening,Wednesday,0,Spring,1,1.06,Low,5.4,11.8,1.0
Bedford-Stuyvesant,South Slope,13-03-2016,23:16,23,Evening,Sunday,1,Spring,2,2.5,Low,4.7,31.9,1.0
Harlem,Upper West Side,08-02-2016,08:22,8,Morning,Monday,0,Winter,1,3.18,High,11.4,16.7,1.8
Bedford-Stuyvesant,Inwood,08-01-2016,13:01,13,Afternoon,Friday,0,Winter,1,8.28,Low,14.5,34.3,1.0
Bedford-Stuyvesant,East Harlem,17-02-2016,10:09,10,Morning,Wednesday,0,Winter,1,0.56,Medium,1.6,21.0,1.3
Upper West Side,East Harlem,05-04-2016,08:56,8,Morning,Tuesday,0,Spring,1,0.67,High,8.6,4.7,1.8
Flatlands,Bensonhurst,10-05-2016,22:00,22,Evening,Tuesday,0,Spring,5,0.87,Low,8.0,6.5,1.0
East Village,Upper West Side,27-02-2016,06:43,6,Morning,Saturday,1,Winter,1,4.78,Low,8.6,33.3,1.0
Bay Ridge,Sheepshead Bay,29-03-2016,15:42,15,Afternoon,Tuesday,0,Spring,1,1.0,Low,8.2,7.3,1.0
West Village,Harlem,04-04-2016,10:41,10,Morning,Monday,0,Spring,1,3.44,Medium,20.2,10.2,1.3
East Harlem,Hell's Kitchen,16-02-2016,14:52,14,Afternoon,Tuesday,0,Winter,1,2.23,Low,6.6,20.3,1.0
Upper West Side,Bedford-Stuyvesant,08-03-2016,22:42,22,Evening,Tuesday,0,Spring,1,9.49,Low,25.4,22.4,1.0
Rockaway Beach,St. George,29-06-2016,22:51,22,Evening,Wednesday,0,Summer,1,3.09,Low,18.2,10.2,1.0
Harlem,Harlem,06-05-2016,12:48,12,Afternoon,Friday,0,Spring,1,1.48,Low,12.4,7.2,1.0
West Village,Harlem,15-01-2016,12:53,12,Afternoon,Friday,0,Winter,1,1.13,Low,5.9,11.5,1.0
Upper West Side,Bedford-Stuyvesant,26-02-2016,22:00,22,Evening,Friday,0,Winter,1,1.6,Low,6.2,15.5,1.0
Upper West Side,Inwood,07-02-2016,19:57,19,Evening,Sunday,1,Winter,1,2.08,High,7.5,16.6,1.8
Upper West Side,Bedford-Stuyvesant,03-06-2016,19:36,19,Evening,Friday,0,Summer,1,1.64,High,5.2,18.9,1.8
Crown Heights,Hell's Kitchen,10-01-2016,20:11,20,Evening,Sunday,1,Winter,2,2.99,Medium,11.8,15.2,1.3
Harlem,Upper West Side,06-02-2016,16:09,16,Afternoon,Saturday,1,Winter,1,2.69,Medium,13.0,12.4,1.3
Harlem,Hell's Kitchen,16-05-2016,10:22,10,Morning,Monday,0,Spring,1,1.99,Medium,5.8,20.6,1.3
Murray Hill,East Harlem,19-03-2016,11:20,11,Morning,Saturday,1,Spring,1,1.31,Low,6.4,12.3,1.0
South Slope,Williamsburg,29-06-2016,20:51,20,Evening,Wednesday,0,Summer,1,1.77,Medium,12.1,8.8,1.3
Midwood,Sheepshead Bay,16-02-2016,14:55,14,Afternoon,Tuesday,0,Winter,1,0.33,Low,2.5,7.9,1.0
Harlem,West Village,11-01-2016,20:25,20,Evening,Monday,0,Winter,1,2.67,Medium,11.8,13.6,1.3
Arden Heights,East Flatbush,18-02-2016,11:23,11,Morning,Thursday,0,Winter,1,13.42,Low,46.6,17.3,1.0
Chinatown,Williamsburg,19-05-2016,20:50,20,Evening,Thursday,0,Spring,1,4.8,Medium,19.1,15.1,1.3
Harlem,Harlem,04-05-2016,06:25,6,Morning,Wednesday,0,Spring,1,17.6,Low,24.1,43.8,1.0
Bedford-Stuyvesant,Fort Greene,15-04-2016,15:08,15,Afternoon,Friday,0,Spring,1,4.77,Low,23.9,12.0,1.0
Tottenville,Arden Heights,22-05-2016,00:03,0,Night,Sunday,1,Spring,1,24.52,Low,26.0,56.6,1.0
Upper West Side,West Village,07-02-2016,22:34,22,Evening,Sunday,1,Winter,1,4.06,Low,13.4,18.2,1.0
Bedford-Stuyvesant,Inwood,07-05-2016,10:26,10,Morning,Saturday,1,Spring,1,1.65,Medium,7.7,12.9,1.3
Grymes Hill,Arverne,03-05-2016,15:39,15,Afternoon,Tuesday,0,Spring,1,3.54,Low,29.8,7.1,1.0
Upper West Side,Crown Heights,10-02-2016,18:10,18,Evening,Wednesday,0,Winter,1,1.4,High,4.5,18.7,1.8
Upper West Side,Harlem,07-06-2016,17:56,17,Afternoon,Tuesday,0,Summer,1,3.17,High,11.5,16.5,1.8
East Harlem,South Slope,22-05-2016,18:15,18,Evening,Sunday,1,Spring,1,1.59,High,8.5,11.2,1.8
Chelsea,Hell's Kitchen,15-03-2016,08:37,8,Morning,Tuesday,0,Spring,2,3.08,High,12.8,14.4,1.8
Hell's Kitchen,Crown Heights,10-05-2016,12:50,12,Afternoon,Tuesday,0,Spring,1,1.68,Low,12.4,8.1,1.0
Harlem,Flatbush,01-03-2016,07:15,7,Morning,Tuesday,0,Spring,2,7.69,Medium,26.0,17.7,1.3
Bedford-Stuyvesant,Upper West Side,04-02-2016,19:00,19,Evening,Thursday,0,Winter,1,5.19,High,18.6,16.7,1.8
Harlem,East Harlem,30-01-2016,23:03,23,Evening,Saturday,1,Winter,1,2.35,Low,7.3,19.3,1.0
Bedford-Stuyvesant,Midtown,26-02-2016,06:48,6,Morning,Friday,0,Winter,1,2.16,Low,10.5,12.3,1.0
Kensington,Bedford-Stuyvesant,22-02-2016,22:38,22,Evening,Monday,0,Winter,5,2.11,Low,7.0,18.1,1.0
Kensington,Upper West Side,19-04-2016,22:25,22,Evening,Tuesday,0,Spring,3,1.07,Low,4.2,15.3,1.0
Bedford-Stuyvesant,Upper West Side,16-03-2016,18:09,18,Evening,Wednesday,0,Spring,1,2.93,High,13.6,12.9,1.8
Upper West Side,Bedford-Stuyvesant,12-02-2016,11:20,11,Morning,Friday,0,Winter,5,3.7,Low,18.7,11.9,1.0
Upper West Side,East Harlem,09-02-2016,06:27,6,Morning,Tuesday,0,Winter,1,1.93,Low,3.8,30.5,1.0
Bay Ridge,New Dorp Beach,09-04-2016,19:37,19,Evening,Saturday,1,Spring,4,18.51,High,32.2,34.5,1.8
Chinatown,Clinton Hill,12-04-2016,13:11,13,Afternoon,Tuesday,0,Spring,1,1.64,Low,18.2,5.4,1.0
Upper West Side,Inwood,17-03-2016,23:26,23,Evening,Thursday,0,Spring,1,0.91,Low,5.6,9.8,1.0
East Harlem,Murray Hill,17-05-2016,20:31,20,Evening,Tuesday,0,Spring,1,2.2,Medium,10.2,12.9,1.3
Fort Hamilton,Flatlands,21-01-2016,14:47,14,Afternoon,Thursday,0,Winter,2,1.73,Low,9.9,10.5,1.0
Harlem,Harlem,25-01-2016,19:07,19,Evening,Monday,0,Winter,1,0.07,High,0.5,8.4,1.8
Kensington,East Harlem,29-04-2016,12:20,12,Afternoon,Friday,0,Spring,1,5.16,Low,27.4,11.3,1.0
Fort Greene,South Slope,08-02-2016,18:16,18,Evening,Monday,0,Winter,1,1.61,High,3.5,27.6,1.8
Harlem,East Harlem,19-04-2016,20:33,20,Evening,Tuesday,0,Spring,1,0.3,Medium,1.2,15.0,1.3
East Harlem,East Harlem,27-05-2016,21:19,21,Evening,Friday,0,Spring,2,1.31,Low,4.8,16.4,1.0
Windsor Terrace,West Village,25-03-2016,00:45,0,Night,Friday,0,Spring,1,1.73,Low,10.2,10.2,1.0
Upper West Side,Bedford-Stuyvesant,13-05-2016,20:29,20,Evening,Friday,0,Spring,2,1.83,Medium,8.2,13.4,1.3
Williamsburg,Bedford-Stuyvesant,20-05-2016,08:40,8,Morning,Friday,0,Spring,1,5.49,High,17.8,18.5,1.8
Williamsburg,Midtown,29-04-2016,11:02,11,Morning,Friday,0,Spring,1,1.96,Low,11.9,9.9,1.0
Kensington,Hell's Kitchen,09-06-2016,16:48,16,Afternoon,Thursday,0,Summer,1,7.55,Medium,44.2,10.2,1.3
Park Slope,Bedford-Stuyvesant,05-04-2016,17:18,17,Afternoon,Tuesday,0,Spring,2,0.14,High,3.3,2.5,1.8
Upper West Side,Murray Hill,14-05-2016,11:28,11,Morning,Saturday,1,Spring,2,2.3,Low,13.8,10.0,1.0
Chinatown,East Harlem,15-03-2016,16:57,16,Afternoon,Tuesday,0,Spring,1,4.45,Medium,19.7,13.6,1.3
Upper West Side,Crown Heights,27-05-2016,23:53,23,Evening,Friday,0,Spring,1,2.15,Low,8.2,15.7,1.0
Williamsburg,West Village,01-06-2016,19:34,19,Evening,Wednesday,0,Summer,1,0.81,High,2.1,23.1,1.8
East Harlem,Clinton Hill,14-01-2016,07:42,7,Morning,Thursday,0,Winter,6,1.51,Medium,6.1,14.9,1.3
East Harlem,Murray Hill,23-05-2016,17:43,17,Afternoon,Monday,0,Spring,6,1.43,High,11.6,7.4,1.8
Williamsburg,Hell's Kitchen,22-05-2016,19:49,19,Evening,Sunday,1,Spring,1,4.88,High,19.6,14.9,1.8
East Harlem,Upper West Side,18-06-2016,13:22,13,Afternoon,Saturday,1,Summer,4,2.89,Low,9.7,17.9,1.0
Chelsea,Chinatown,27-05-2016,15:03,15,Afternoon,Friday,0,Spring,1,2.19,Low,13.1,10.0,1.0
Hell's Kitchen,Chinatown,12-05-2016,21:05,21,Evening,Thursday,0,Spring,1,0.72,Low,9.1,4.7,1.0
Upper West Side,West Village,08-02-2016,20:24,20,Evening,Monday,0,Winter,1,3.63,Medium,14.7,14.8,1.3
Upper West Side,East Harlem,01-04-2016,16:23,16,Afternoon,Friday,0,Spring,1,3.33,Medium,26.2,7.6,1.3
Kensington,Kensington,09-06-2016,15:35,15,Afternoon,Thursday,0,Summer,1,1.95,Low,7.2,16.2,1.0
East Harlem,South Slope,28-04-2016,01:39,1,Night,Thursday,0,Spring,1,3.88,Low,11.1,21.0,1.0
Inwood,South Slope,23-04-2016,21:39,21,Evening,Saturday,1,Spring,1,3.85,Low,14.7,15.7,1.0
Arrochar,Brighton Beach,07-04-2016,22:35,22,Evening,Thursday,0,Spring,1,13.3,Low,45.6,17.5,1.0
South Slope,West Village,19-03-2016,13:37,13,Afternoon,Saturday,1,Spring,1,4.04,Low,16.7,14.5,1.0
Park Slope,West Village,23-02-2016,09:33,9,Morning,Tuesday,0,Winter,1,1.66,High,6.3,15.8,1.8
Inwood,Kensington,07-04-2016,21:55,21,Evening,Thursday,0,Spring,1,8.0,Low,27.4,17.5,1.0
Hell's Kitchen,Bedford-Stuyvesant,20-04-2016,16:22,16,Afternoon,Wednesday,0,Spring,2,2.88,Medium,22.3,7.7,1.3
Murray Hill,Bedford-Stuyvesant,30-06-2016,18:28,18,Evening,Thursday,0,Summer,2,0.37,High,31.2,0.7,1.8
Upper West Side,Kensington,13-03-2016,21:08,21,Evening,Sunday,1,Spring,1,1.8,Low,4.7,23.0,1.0
Harlem,Midtown,05-02-2016,20:45,20,Evening,Friday,0,Winter,2,3.3,Medium,11.9,16.6,1.3
Harlem,Kensington,03-02-2016,20:34,20,Evening,Wednesday,0,Winter,1,3.27,Medium,11.9,16.5,1.3
Inwood,East Harlem,05-03-2016,21:42,21,Evening,Saturday,1,Spring,1,3.32,Low,25.0,8.0,1.0
Bedford-Stuyvesant,Inwood,10-05-2016,10:41,10,Morning,Tuesday,0,Spring,1,2.53,Medium,13.5,11.2,1.3
Fort Hamilton,Bath Beach,26-06-2016,09:25,9,Morning,Sunday,1,Summer,1,1.72,High,5.0,20.6,1.8
Bedford-Stuyvesant,East Harlem,12-04-2016,13:15,13,Afternoon,Tuesday,0,Spring,1,1.51,Low,9.8,9.2,1.0
Hell's Kitchen,Williamsburg,11-02-2016,19:30,19,Evening,Thursday,0,Winter,1,0.64,High,2.2,17.5,1.8
South Slope,Harlem,07-02-2016,00:33,0,Night,Sunday,1,Winter,1,1.4,Low,5.5,15.3,1.0
Hell's Kitchen,Kensington,05-06-2016,18:07,18,Evening,Sunday,1,Summer,1,10.17,High,24.7,24.7,1.8
Harlem,East Harlem,08-02-2016,07:58,7,Morning,Monday,0,Winter,4,3.25,Medium,16.3,12.0,1.3
Bedford-Stuyvesant,Upper West Side,13-03-2016,01:08,1,Night,Sunday,1,Spring,6,1.35,Low,7.5,10.8,1.0
West Village,Park Slope,22-06-2016,23:38,23,Evening,Wednesday,0,Summer,1,2.97,Low,9.2,19.4,1.0
Harlem,Bedford-Stuyvesant,21-01-2016,19:05,19,Evening,Thursday,0,Winter,2,6.29,High,25.8,14.6,1.8
Tottenville,Woodrow,08-05-2016,00:01,0,Night,Sunday,1,Spring,2,10.67,Low,18.3,35.0,1.0
Fort Greene,South Slope,22-01-2016,20:24,20,Evening,Friday,0,Winter,1,7.77,Medium,23.4,19.9,1.3
West Village,South Slope,21-03-2016,09:57,9,Morning,Monday,0,Spring,1,1.82,High,6.9,15.8,1.8
West Village,West Village,18-03-2016,23:12,23,Evening,Friday,0,Spring,2,5.47,Low,37.5,8.8,1.0
South Slope,Fort Greene,28-03-2016,20:42,20,Evening,Monday,0,Spring,1,3.25,Medium,12.6,15.5,1.3
West Village,Upper West Side,04-06-2016,13:17,13,Afternoon,Saturday,1,Summer,4,5.74,Low,25.0,13.8,1.0
Murray Hill,Upper West Side,20-03-2016,15:31,15,Afternoon,Sunday,1,Spring,5,1.58,Low,11.1,8.5,1.0
Clinton Hill,Harlem,28-02-2016,02:06,2,Night,Sunday,1,Winter,2,1.95,Low,10.4,11.2,1.0
Clinton Hill,Fort Greene,16-02-2016,17:00,17,Afternoon,Tuesday,0,Winter,2,3.75,High,10.5,21.4,1.8
Borough Park,Bensonhurst,08-03-2016,11:39,11,Morning,Tuesday,0,Spring,2,4.16,Low,28.6,8.7,1.0
Williamsburg,Park Slope,12-06-2016,04:56,4,Night,Sunday,1,Summer,1,0.42,Low,2.3,11.0,1.0
Gravesend,Arverne,18-05-2016,17:54,17,Afternoon,Wednesday,0,Spring,1,1.93,High,10.3,11.2,1.8
Park Slope,Williamsburg,15-01-2016,20:31,20,Evening,Friday,0,Winter,2,0.23,Medium,1.6,8.6,1.3
Bedford-Stuyvesant,Fort Greene,29-06-2016,19:00,19,Evening,Wednesday,0,Summer,5,4.41,High,22.2,11.9,1.8
Murray Hill,Clinton Hill,14-03-2016,07:30,7,Morning,Monday,0,Spring,1,0.85,Medium,3.6,14.2,1.3
Murray Hill,Williamsburg,22-04-2016,08:58,8,Morning,Friday,0,Spring,1,3.94,High,24.7,9.6,1.8
Hell's Kitchen,East Harlem,19-06-2016,17:33,17,Afternoon,Sunday,1,Summer,1,1.86,High,5.4,20.7,1.8
Hell's Kitchen,Bedford-Stuyvesant,26-03-2016,14:30,14,Afternoon,Saturday,1,Spring,1,0.68,Low,19.4,2.1,1.0
Crown Heights,Williamsburg,16-01-2016,22:39,22,Evening,Saturday,1,Winter,2,2.43,Low,21.1,6.9,1.0
Inwood,Bedford-Stuyvesant,24-06-2016,11:38,11,Morning,Friday,0,Summer,2,2.8,Low,20.3,8.3,1.0
Harlem,East Harlem,16-06-2016,06:41,6,Morning,Thursday,0,Summer,1,2.75,Low,13.0,12.7,1.0
Park Slope,West Village,04-03-2016,20:34,20,Evening,Friday,0,Spring,1,2.15,Medium,14.2,9.1,1.3
Upper West Side,Harlem,26-05-2016,06:47,6,Morning,Thursday,0,Spring,1,1.12,Low,2.5,26.9,1.0
Edgemere,Sheepshead Bay,11-03-2016,17:15,17,Afternoon,Friday,0,Spring,1,3.6,High,7.6,28.4,1.8
Silver Lake,Arden Heights,21-04-2016,10:53,10,Morning,Thursday,0,Spring,3,13.44,Medium,31.5,25.6,1.3
Midtown,Midtown,23-04-2016,18:50,18,Evening,Saturday,1,Spring,1,3.92,High,22.4,10.5,1.8
Bedford-Stuyvesant,Upper West Side,21-02-2016,13:26,13,Afternoon,Sunday,1,Winter,1,1.38,Low,9.2,9.0,1.0
Williamsburg,Harlem,01-06-2016,22:59,22,Evening,Wednesday,0,Summer,2,1.45,Low,12.2,7.1,1.0
Harlem,Bedford-Stuyvesant,15-06-2016,07:25,7,Morning,Wednesday,0,Summer,1,6.77,Medium,26.3,15.4,1.3
Crown Heights,Upper West Side,11-03-2016,22:05,22,Evening,Friday,0,Spring,2,4.76,Low,18.8,15.2,1.0
Flatbush,South Slope,08-02-2016,20:20,20,Evening,Monday,0,Winter,1,5.96,Medium,25.0,14.3,1.3
Prince's Bay,Eltingville,29-05-2016,20:43,20,Evening,Sunday,1,Spring,5,21.69,Medium,36.5,35.7,1.3
Fort Greene,Chinatown,29-01-2016,08:09,8,Morning,Friday,0,Winter,1,1.12,High,7.6,8.8,1.8
West Village,Harlem,31-05-2016,17:14,17,Afternoon,Tuesday,0,Spring,4,1.25,High,7.0,10.7,1.8
Midwood,Woodrow,20-04-2016,03:07,3,Night,Wednesday,0,Spring,1,21.41,Low,26.5,48.5,1.0
Harlem,Upper West Side,23-03-2016,10:08,10,Morning,Wednesday,0,Spring,1,0.79,Medium,12.2,3.9,1.3
Greenpoint,Upper West Side,04-01-2016,18:05,18,Evening,Monday,0,Winter,1,1.68,High,5.4,18.7,1.8
East Harlem,Kensington,06-02-2016,23:01,23,Evening,Saturday,1,Winter,1,1.51,Low,6.6,13.7,1.0
Crown Heights,Upper West Side,05-04-2016,13:14,13,Afternoon,Tuesday,0,Spring,2,5.73,Low,23.1,14.9,1.0
Harlem,Harlem,09-02-2016,11:28,11,Morning,Tuesday,0,Winter,1,3.33,Low,14.9,13.4,1.0
Upper West Side,Bedford-Stuyvesant,18-01-2016,20:54,20,Evening,Monday,0,Winter,1,1.39,Medium,6.8,12.3,1.3
Midwood,Oakwood,12-05-2016,10:34,10,Morning,Thursday,0,Spring,1,16.22,Medium,42.1,23.1,1.3
Fort Hamilton,Arverne,28-01-2016,12:12,12,Afternoon,Thursday,0,Winter,1,2.2,Low,14.2,9.3,1.0
Upper West Side,South Slope,22-03-2016,16:42,16,Afternoon,Tuesday,0,Spring,1,2.67,Medium,17.7,9.1,1.3
East Harlem,East Harlem,17-06-2016,07:23,7,Morning,Friday,0,Summer,1,2.0,Medium,9.6,12.5,1.3
Canarsie,Rossville,03-02-2016,16:43,16,Afternoon,Wednesday,0,Winter,1,11.25,Medium,48.9,13.8,1.3
East Harlem,Upper West Side,13-01-2016,16:58,16,Afternoon,Wednesday,0,Winter,1,5.1,Medium,15.7,19.5,1.3
Bedford-Stuyvesant,East Harlem,06-05-2016,05:51,5,Night,Friday,0,Spring,1,2.53,Low,8.9,17.1,1.0
East Harlem,Kensington,08-06-2016,22:23,22,Evening,Wednesday,0,Summer,1,5.25,Low,17.4,18.1,1.0
Inwood,Williamsburg,26-06-2016,09:23,9,Morning,Sunday,1,Summer,2,1.52,High,5.3,17.2,1.8
Flatbush,Sheepshead Bay,10-05-2016,15:24,15,Afternoon,Tuesday,0,Spring,1,4.3,Low,23.1,11.2,1.0
Bay Ridge,Bayswater,08-06-2016,11:41,11,Morning,Wednesday,0,Summer,1,1.49,Low,8.0,11.2,1.0
Bedford-Stuyvesant,South Slope,10-01-2016,10:48,10,Morning,Sunday,1,Winter,1,2.87,Medium,9.8,17.6,1.3
Chinatown,Fort Greene,26-01-2016,19:42,19,Evening,Tuesday,0,Winter,1,1.96,High,9.8,12.0,1.8
Williamsburg,Kensington,07-05-2016,22:16,22,Evening,Saturday,1,Spring,1,3.82,Low,14.0,16.4,1.0
Bedford-Stuyvesant,Harlem,12-04-2016,08:47,8,Morning,Tuesday,0,Spring,1,1.62,High,8.6,11.3,1.8
East Harlem,Upper West Side,22-05-2016,12:42,12,Afternoon,Sunday,1,Spring,1,4.56,Low,24.1,11.4,1.0
Hell's Kitchen,Harlem,15-01-2016,13:18,13,Afternoon,Friday,0,Winter,1,2.91,Low,12.7,13.7,1.0
Borough Park,Bayswater,19-04-2016,08:43,8,Morning,Tuesday,0,Spring,2,0.79,High,2.1,22.6,1.8
East Harlem,Harlem,21-02-2016,17:01,17,Afternoon,Sunday,1,Winter,1,1.8,High,8.6,12.6,1.8
South Slope,Murray Hill,18-02-2016,19:44,19,Evening,Thursday,0,Winter,1,3.28,High,8.6,22.9,1.8
Hell's Kitchen,Bedford-Stuyvesant,13-03-2016,15:59,15,Afternoon,Sunday,1,Spring,2,2.24,Low,6.4,21.0,1.0
Midtown,Chelsea,31-01-2016,19:15,19,Evening,Sunday,1,Winter,1,3.74,High,7.9,28.4,1.8
East Harlem,Midtown,14-04-2016,17:01,17,Afternoon,Thursday,0,Spring,5,2.1,High,10.9,11.6,1.8
Harlem,Bedford-Stuyvesant,12-05-2016,08:18,8,Morning,Thursday,0,Spring,1,2.17,High,11.6,11.2,1.8
Clinton Hill,Hell's Kitchen,14-02-2016,18:29,18,Evening,Sunday,1,Winter,1,1.01,High,4.2,14.4,1.8
Fort Greene,East Harlem,05-02-2016,17:19,17,Afternoon,Friday,0,Winter,1,2.23,High,11.3,11.8,1.8
East Harlem,Harlem,08-01-2016,18:51,18,Evening,Friday,0,Winter,1,1.73,High,12.1,8.6,1.8
Bedford-Stuyvesant,Harlem,15-06-2016,18:03,18,Evening,Wednesday,0,Summer,1,1.28,High,7.2,10.7,1.8
Williamsburg,Upper West Side,07-01-2016,12:45,12,Afternoon,Thursday,0,Winter,1,0.5,Low,1.9,15.8,1.0
Midwood,Sheepshead Bay,28-04-2016,06:47,6,Morning,Thursday,0,Spring,1,2.59,Low,11.7,13.3,1.0
Bedford-Stuyvesant,Hell's Kitchen,09-01-2016,03:32,3,Night,Saturday,1,Winter,1,1.57,Low,11.3,8.3,1.0
Hell's Kitchen,Midtown,16-01-2016,18:49,18,Evening,Saturday,1,Winter,1,1.47,High,4.9,18.0,1.8
South Slope,Upper West Side,20-06-2016,01:20,1,Night,Monday,0,Summer,3,1.55,Low,2.3,40.4,1.0
Murray Hill,Bedford-Stuyvesant,02-06-2016,11:24,11,Morning,Thursday,0,Summer,1,3.53,Low,15.7,13.5,1.0
Upper West Side,West Village,01-05-2016,17:05,17,Afternoon,Sunday,1,Spring,3,2.88,High,11.2,15.4,1.8
Arden Heights,Bay Ridge,20-01-2016,14:26,14,Afternoon,Wednesday,0,Winter,1,13.29,Low,31.7,25.2,1.0
Murray Hill,Upper West Side,29-06-2016,22:58,22,Evening,Wednesday,0,Summer,1,1.14,Low,4.5,15.2,1.0
Bedford-Stuyvesant,East Harlem,14-04-2016,15:48,15,Afternoon,Thursday,0,Spring,1,0.13,Low,2.4,3.2,1.0
Bedford-Stuyvesant,Williamsburg,17-02-2016,20:09,20,Evening,Wednesday,0,Winter,2,0.83,Medium,3.0,16.6,1.3
Upper West Side,Kensington,15-04-2016,19:09,19,Evening,Friday,0,Spring,1,3.45,High,11.5,18.0,1.8
West Village,Kensington,12-01-2016,10:46,10,Morning,Tuesday,0,Winter,1,2.03,Medium,12.8,9.5,1.3
Upper West Side,East Harlem,21-04-2016,23:33,23,Evening,Thursday,0,Spring,1,0.98,Low,5.2,11.3,1.0
Midtown,East Harlem,12-01-2016,10:03,10,Morning,Tuesday,0,Winter,1,2.67,Medium,9.6,16.7,1.3
Park Slope,Midtown,02-06-2016,13:17,13,Afternoon,Thursday,0,Summer,1,2.42,Low,14.9,9.7,1.0
South Slope,Harlem,15-05-2016,10:12,10,Morning,Sunday,1,Spring,2,2.96,Medium,6.0,29.6,1.3
Bedford-Stuyvesant,Williamsburg,04-02-2016,00:22,0,Night,Thursday,0,Winter,1,1.56,Low,2.4,39.0,1.0
East Harlem,Chinatown,16-04-2016,00:58,0,Night,Saturday,1,Spring,1,1.06,Low,7.2,8.8,1.0
Kensington,Hell's Kitchen,30-03-2016,09:39,9,Morning,Wednesday,0,Spring,2,8.81,High,40.5,13.1,1.8
Harlem,Bedford-Stuyvesant,26-02-2016,07:43,7,Morning,Friday,0,Winter,2,1.16,Medium,3.1,22.5,1.3
Murray Hill,Upper West Side,06-06-2016,19:11,19,Evening,Monday,0,Summer,1,2.62,High,12.3,12.8,1.8
Tottenville,Great Kills,17-03-2016,06:20,6,Morning,Thursday,0,Spring,1,17.15,Low,36.3,28.3,1.0
East Harlem,Upper West Side,03-03-2016,09:37,9,Morning,Thursday,0,Spring,5,1.54,High,8.6,10.7,1.8
Harlem,Upper West Side,16-01-2016,15:35,15,Afternoon,Saturday,1,Winter,1,3.68,Low,12.2,18.1,1.0
Fort Hamilton,Arrochar,22-01-2016,10:13,10,Morning,Friday,0,Winter,2,2.52,Medium,14.5,10.4,1.3
Clinton Hill,East Harlem,16-04-2016,18:35,18,Evening,Saturday,1,Spring,1,3.51,High,13.8,15.3,1.8
Upper West Side,Upper West Side,01-01-2016,12:48,12,Afternoon,Friday,0,Winter,1,1.38,Low,6.4,12.9,1.0
"Bay Terrace, Staten Island",Tottenville,17-04-2016,15:13,15,Afternoon,Sunday,1,Spring,3,25.6,Low,48.8,31.5,1.0
Fort Greene,Upper West Side,25-06-2016,21:01,21,Evening,Saturday,1,Summer,1,1.29,Low,6.7,11.6,1.0
Harlem,Chinatown,09-03-2016,13:49,13,Afternoon,Wednesday,0,Spring,2,2.18,Low,15.1,8.7,1.0
Inwood,Harlem,26-03-2016,13:08,13,Afternoon,Saturday,1,Spring,1,6.43,Low,28.1,13.7,1.0
Midtown,Harlem,03-06-2016,21:07,21,Evening,Friday,0,Summer,1,3.54,Low,15.8,13.4,1.0
Upper West Side,East Harlem,03-02-2016,16:03,16,Afternoon,Wednesday,0,Winter,5,2.74,Medium,10.7,15.4,1.3
Bayswater,Arrochar,31-05-2016,11:41,11,Morning,Tuesday,0,Spring,1,1.21,Low,9.2,7.9,1.0
Harlem,Bedford-Stuyvesant,02-03-2016,12:00,12,Afternoon,Wednesday,0,Spring,2,2.85,Low,20.0,8.6,1.0
"Bay Terrace, Staten Island",Brighton Beach,15-01-2016,14:55,14,Afternoon,Friday,0,Winter,1,9.24,Low,33.1,16.7,1.0
Bedford-Stuyvesant,South Slope,02-02-2016,20:46,20,Evening,Tuesday,0,Winter,1,4.78,Medium,24.2,11.9,1.3
South Slope,Harlem,27-02-2016,03:09,3,Night,Saturday,1,Winter,1,5.83,Low,14.7,23.8,1.0
Murray Hill,Upper West Side,28-04-2016,17:34,17,Afternoon,Thursday,0,Spring,1,1.8,High,4.8,22.5,1.8
Chinatown,Upper West Side,26-06-2016,11:55,11,Morning,Sunday,1,Summer,1,0.17,Low,4.2,2.4,1.0
Upper West Side,South Slope,14-03-2016,08:42,8,Morning,Monday,0,Spring,1,4.2,High,19.0,13.3,1.8
South Slope,Midtown,26-04-2016,08:50,8,Morning,Tuesday,0,Spring,1,1.39,High,13.1,6.4,1.8
Hell's Kitchen,Harlem,25-02-2016,21:10,21,Evening,Thursday,0,Winter,1,5.86,Low,23.3,15.1,1.0
East Harlem,Park Slope,08-03-2016,18:44,18,Evening,Tuesday,0,Spring,1,2.33,High,10.6,13.2,1.8
East Harlem,Bedford-Stuyvesant,14-01-2016,08:14,8,Morning,Thursday,0,Winter,1,1.35,High,5.4,15.0,1.8
Flatbush,Oakwood,12-01-2016,22:57,22,Evening,Tuesday,0,Winter,1,14.31,Low,35.9,23.9,1.0
Rossville,Flatbush,10-01-2016,21:47,21,Evening,Sunday,1,Winter,1,11.17,Low,16.8,39.9,1.0
Upper West Side,Upper West Side,14-03-2016,20:34,20,Evening,Monday,0,Spring,2,8.79,Medium,20.0,26.4,1.3
Hell's Kitchen,Murray Hill,24-03-2016,05:21,5,Night,Thursday,0,Spring,2,10.12,Low,14.5,41.9,1.0
Kensington,Inwood,03-05-2016,20:09,20,Evening,Tuesday,0,Spring,1,1.87,Medium,8.8,12.8,1.3
Tottenville,Prince's Bay,16-02-2016,21:27,21,Evening,Tuesday,0,Winter,1,24.63,Low,25.5,58.0,1.0
Inwood,Fort Greene,25-06-2016,02:32,2,Night,Saturday,1,Summer,1,2.01,Low,6.7,18.0,1.0
Upper West Side,Chinatown,23-06-2016,13:52,13,Afternoon,Thursday,0,Summer,2,0.54,Low,5.0,6.5,1.0
Williamsburg,East Harlem,05-06-2016,11:30,11,Morning,Sunday,1,Summer,1,2.84,Low,6.4,26.6,1.0
South Slope,Hell's Kitchen,02-02-2016,17:11,17,Afternoon,Tuesday,0,Winter,1,1.56,High,4.6,20.3,1.8
Inwood,East Harlem,14-01-2016,01:34,1,Night,Thursday,0,Winter,1,8.53,Low,16.3,31.4,1.0
Midtown,Williamsburg,20-06-2016,08:18,8,Morning,Monday,0,Summer,1,1.39,High,7.7,10.8,1.8
Bedford-Stuyvesant,East Harlem,18-03-2016,15:58,15,Afternoon,Friday,0,Spring,5,1.72,Low,10.9,9.5,1.0
South Slope,South Slope,26-06-2016,13:53,13,Afternoon,Sunday,1,Summer,6,2.67,Low,10.8,14.8,1.0
South Slope,Upper West Side,22-03-2016,23:44,23,Evening,Tuesday,0,Spring,4,4.33,Low,13.4,19.4,1.0
Clinton Hill,Kensington,10-05-2016,18:04,18,Evening,Tuesday,0,Spring,1,2.88,High,15.0,11.5,1.8
East Harlem,East Harlem,15-04-2016,21:32,21,Evening,Friday,0,Spring,1,1.3,Low,10.3,7.6,1.0
Murray Hill,Crown Heights,30-06-2016,18:30,18,Evening,Thursday,0,Summer,1,8.0,High,40.4,11.9,1.8
East Harlem,Upper West Side,03-05-2016,10:05,10,Morning,Tuesday,0,Spring,1,0.91,Medium,14.5,3.8,1.3
Harlem,Park Slope,16-05-2016,13:15,13,Afternoon,Monday,0,Spring,1,1.15,Low,7.0,9.9,1.0
Clifton,South Beach,26-03-2016,14:21,14,Afternoon,Saturday,1,Spring,1,2.3,Low,7.6,18.2,1.0
South Slope,Upper West Side,30-01-2016,18:59,18,Evening,Saturday,1,Winter,6,0.73,High,2.6,16.8,1.8
Hell's Kitchen,Murray Hill,24-03-2016,18:24,18,Evening,Thursday,0,Spring,1,4.45,High,15.0,17.8,1.8
South Slope,Upper West Side,06-01-2016,06:46,6,Morning,Wednesday,0,Winter,1,3.58,Low,11.3,19.0,1.0
Upper West Side,East Harlem,17-03-2016,08:37,8,Morning,Thursday,0,Spring,1,3.55,High,32.4,6.6,1.8
West Village,Upper West Side,24-04-2016,10:23,10,Morning,Sunday,1,Spring,1,0.85,Medium,3.3,15.5,1.3
Midtown,Bedford-Stuyvesant,14-03-2016,15:51,15,Afternoon,Monday,0,Spring,2,1.52,Low,6.3,14.5,1.0
Hell's Kitchen,Upper West Side,12-05-2016,22:15,22,Evening,Thursday,0,Spring,2,3.31,Low,9.8,20.3,1.0
Tottenville,Prince's Bay,09-01-2016,20:47,20,Evening,Saturday,1,Winter,2,25.94,Medium,44.6,34.9,1.3
Bedford-Stuyvesant,Fort Greene,15-03-2016,19:29,19,Evening,Tuesday,0,Spring,1,2.37,High,11.0,12.9,1.8
West Village,West Village,13-03-2016,13:31,13,Afternoon,Sunday,1,Spring,2,2.37,Low,6.8,20.9,1.0
Harlem,Park Slope,05-06-2016,19:19,19,Evening,Sunday,1,Summer,1,4.06,High,20.4,11.9,1.8
Fort Greene,Inwood,09-05-2016,22:51,22,Evening,Monday,0,Spring,1,2.61,Low,12.3,12.7,1.0
Bensonhurst,Arden Heights,18-03-2016,13:11,13,Afternoon,Friday,0,Spring,1,9.22,Low,15.9,34.8,1.0
Midtown,East Harlem,31-05-2016,11:25,11,Morning,Tuesday,0,Spring,1,2.8,Low,11.0,15.3,1.0
East Harlem,East Harlem,11-01-2016,07:51,7,Morning,Monday,0,Winter,5,7.65,Medium,22.2,20.7,1.3
Murray Hill,Upper West Side,08-01-2016,19:01,19,Evening,Friday,0,Winter,1,0.76,High,3.9,11.7,1.8
East Harlem,Clinton Hill,04-06-2016,20:24,20,Evening,Saturday,1,Summer,1,7.97,Medium,38.5,12.4,1.3
Upper West Side,Kensington,23-06-2016,12:00,12,Afternoon,Thursday,0,Summer,5,1.99,Low,8.1,14.7,1.0
Upper West Side,West Village,19-02-2016,01:14,1,Night,Friday,0,Winter,1,1.28,Low,1.8,42.7,1.0
South Slope,Fort Greene,17-05-2016,20:34,20,Evening,Tuesday,0,Spring,2,6.18,Medium,18.0,20.6,1.3
Williamsburg,Upper West Side,26-05-2016,01:37,1,Night,Thursday,0,Spring,5,5.76,Low,13.8,25.0,1.0
Harlem,Kensington,23-05-2016,21:06,21,Evening,Monday,0,Spring,1,5.32,Low,9.7,32.9,1.0
Murray Hill,Kensington,26-04-2016,14:16,14,Afternoon,Tuesday,0,Spring,2,2.14,Low,14.4,8.9,1.0
Hell's Kitchen,South Slope,23-01-2016,01:53,1,Night,Saturday,1,Winter,6,3.13,Low,9.2,20.4,1.0
Harlem,Fort Greene,31-01-2016,00:34,0,Night,Sunday,1,Winter,3,3.24,Low,17.2,11.3,1.0
East Harlem,Upper West Side,12-02-2016,18:51,18,Evening,Friday,0,Winter,6,1.15,High,6.5,10.6,1.8
Williamsburg,Upper West Side,25-04-2016,07:01,7,Morning,Monday,0,Spring,2,4.48,Medium,10.0,26.9,1.3
East Harlem,East Harlem,02-01-2016,13:48,13,Afternoon,Saturday,1,Winter,1,5.99,Low,18.2,19.7,1.0
East Harlem,Clinton Hill,06-01-2016,10:56,10,Morning,Wednesday,0,Winter,1,0.44,Medium,2.5,10.6,1.3
Hell's Kitchen,Bedford-Stuyvesant,04-05-2016,18:26,18,Evening,Wednesday,0,Spring,1,2.98,High,18.0,9.9,1.8
Murray Hill,Fort Greene,03-01-2016,14:40,14,Afternoon,Sunday,1,Winter,1,5.22,Low,28.7,10.9,1.0
Hell's Kitchen,Harlem,05-02-2016,08:50,8,Morning,Friday,0,Winter,1,1.34,High,9.3,8.6,1.8
Brighton Beach,Far Rockaway,27-04-2016,08:16,8,Morning,Wednesday,0,Spring,1,3.0,High,10.0,18.0,1.8
Upper West Side,Hell's Kitchen,30-04-2016,19:32,19,Evening,Saturday,1,Spring,5,1.85,High,9.8,11.3,1.8
Park Slope,Murray Hill,24-03-2016,21:22,21,Evening,Thursday,0,Spring,1,2.6,Low,12.9,12.1,1.0
Fort Greene,Chinatown,18-01-2016,22:28,22,Evening,Monday,0,Winter,1,1.47,Low,5.7,15.5,1.0
Inwood,Harlem,21-05-2016,15:55,15,Afternoon,Saturday,1,Spring,1,2.35,Low,15.4,9.2,1.0
Midtown,Inwood,20-01-2016,21:52,21,Evening,Wednesday,0,Winter,1,6.51,Low,16.6,23.5,1.0
South Slope,Crown Heights,07-03-2016,11:34,11,Morning,Monday,0,Spring,1,2.86,Low,14.6,11.8,1.0
Harlem,East Harlem,29-05-2016,14:18,14,Afternoon,Sunday,1,Spring,1,1.52,Low,8.4,10.9,1.0
Inwood,East Harlem,26-02-2016,20:08,20,Evening,Friday,0,Winter,1,9.52,Medium,32.4,17.6,1.3
Upper West Side,East Harlem,01-03-2016,20:22,20,Evening,Tuesday,0,Spring,6,9.11,Medium,22.4,24.4,1.3
Crown Heights,East Harlem,29-03-2016,17:17,17,Afternoon,Tuesday,0,Spring,1,1.41,High,10.4,8.1,1.8
Fort Hamilton,Huguenot,10-03-2016,02:53,2,Night,Thursday,0,Spring,1,18.37,Low,22.8,48.3,1.0
Hell's Kitchen,Harlem,15-03-2016,22:15,22,Evening,Tuesday,0,Spring,1,9.85,Low,29.6,20.0,1.0
Murray Hill,Crown Heights,21-03-2016,10:53,10,Morning,Monday,0,Spring,1,2.31,Medium,6.1,22.7,1.3
Crown Heights,Upper West Side,23-06-2016,04:43,4,Night,Thursday,0,Summer,1,1.54,Low,2.6,35.5,1.0
West Village,Upper West Side,01-05-2016,18:54,18,Evening,Sunday,1,Spring,1,0.48,High,3.7,7.8,1.8
Fort Greene,South Slope,11-01-2016,15:59,15,Afternoon,Monday,0,Winter,1,2.37,Low,11.9,11.9,1.0
Bedford-Stuyvesant,Kensington,25-06-2016,17:41,17,Afternoon,Saturday,1,Summer,3,9.61,High,23.4,24.6,1.8
Clinton Hill,East Harlem,22-01-2016,18:37,18,Evening,Friday,0,Winter,1,3.64,High,16.0,13.6,1.8
Harlem,South Slope,20-03-2016,12:34,12,Afternoon,Sunday,1,Spring,1,1.0,Low,4.5,13.3,1.0
Bedford-Stuyvesant,Harlem,01-02-2016,15:05,15,Afternoon,Monday,0,Winter,2,1.78,Low,12.2,8.8,1.0
East Harlem,South Slope,12-03-2016,21:47,21,Evening,Saturday,1,Spring,1,2.41,Low,15.3,9.5,1.0
Bedford-Stuyvesant,Murray Hill,19-06-2016,10:01,10,Morning,Sunday,1,Summer,3,1.79,Medium,8.5,12.6,1.3
Bergen Beach,Bensonhurst,14-05-2016,14:28,14,Afternoon,Saturday,1,Spring,3,1.77,Low,8.6,12.3,1.0
Bedford-Stuyvesant,Bedford-Stuyvesant,19-06-2016,19:11,19,Evening,Sunday,1,Summer,3,3.25,High,9.8,19.9,1.8
Kensington,Upper West Side,26-06-2016,13:24,13,Afternoon,Sunday,1,Summer,1,2.06,Low,10.5,11.8,1.0
Fort Greene,East Harlem,11-06-2016,10:15,10,Morning,Saturday,1,Summer,5,1.56,Medium,11.2,8.4,1.3
Huguenot,Tottenville,21-02-2016,14:01,14,Afternoon,Sunday,1,Winter,1,25.66,Low,50.4,30.5,1.0
East Harlem,Inwood,07-04-2016,00:52,0,Night,Thursday,0,Spring,1,1.74,Low,11.8,8.8,1.0
Williamsburg,Upper West Side,18-06-2016,12:25,12,Afternoon,Saturday,1,Summer,2,1.07,Low,11.2,5.7,1.0
Fort Greene,Fort Greene,11-01-2016,08:23,8,Morning,Monday,0,Winter,3,10.22,High,20.5,29.9,1.8
Murray Hill,Harlem,14-01-2016,10:26,10,Morning,Thursday,0,Winter,1,1.65,Medium,9.6,10.3,1.3
Hell's Kitchen,Upper West Side,12-01-2016,21:55,21,Evening,Tuesday,0,Winter,1,1.38,Low,8.1,10.2,1.0
East Harlem,Clinton Hill,18-02-2016,14:03,14,Afternoon,Thursday,0,Winter,1,1.14,Low,4.3,15.9,1.0
Upper West Side,West Village,27-04-2016,10:09,10,Morning,Wednesday,0,Spring,2,2.49,Medium,23.5,6.4,1.3
Park Slope,East Harlem,26-01-2016,12:14,12,Afternoon,Tuesday,0,Winter,1,2.1,Low,11.6,10.9,1.0
East Harlem,Chelsea,09-01-2016,18:20,18,Evening,Saturday,1,Winter,1,3.09,High,6.8,27.3,1.8
Upper West Side,South Slope,26-06-2016,23:42,23,Evening,Sunday,1,Summer,1,2.5,Low,5.2,28.8,1.0
Fort Greene,Bedford-Stuyvesant,09-01-2016,12:52,12,Afternoon,Saturday,1,Winter,1,1.94,Low,12.5,9.3,1.0
Arverne,Bensonhurst,27-02-2016,10:40,10,Morning,Saturday,1,Winter,1,6.26,Medium,16.7,22.5,1.3
Hell's Kitchen,East Harlem,21-04-2016,01:28,1,Night,Thursday,0,Spring,2,4.26,Low,10.3,24.8,1.0
Harlem,Harlem,24-04-2016,21:05,21,Evening,Sunday,1,Spring,1,3.27,Low,14.9,13.2,1.0
Harlem,East Harlem,03-02-2016,18:48,18,Evening,Wednesday,0,Winter,1,3.15,High,10.2,18.5,1.8
Arden Heights,Flatbush,18-05-2016,11:58,11,Morning,Wednesday,0,Spring,1,14.08,Low,64.4,13.1,1.0
East Harlem,South Slope,14-04-2016,22:54,22,Evening,Thursday,0,Spring,1,1.23,Low,2.4,30.8,1.0
Upper West Side,South Slope,30-03-2016,11:31,11,Morning,Wednesday,0,Spring,1,0.67,Low,1.6,25.1,1.0
Bedford-Stuyvesant,West Village,09-05-2016,15:53,15,Afternoon,Monday,0,Spring,5,4.29,Low,9.0,28.6,1.0
Fort Hamilton,Arverne,11-01-2016,11:37,11,Morning,Monday,0,Winter,1,3.07,Low,16.2,11.4,1.0
Harlem,Harlem,30-04-2016,15:54,15,Afternoon,Saturday,1,Spring,6,0.86,Low,9.4,5.5,1.0
Greenpoint,Williamsburg,11-06-2016,22:40,22,Evening,Saturday,1,Summer,1,1.74,Low,12.6,8.3,1.0
Bedford-Stuyvesant,Williamsburg,31-03-2016,20:22,20,Evening,Thursday,0,Spring,5,7.03,Medium,22.1,19.1,1.3
Murray Hill,Bedford-Stuyvesant,27-02-2016,01:34,1,Night,Saturday,1,Winter,2,6.36,Low,20.3,18.8,1.0
Hell's Kitchen,Upper West Side,20-01-2016,20:45,20,Evening,Wednesday,0,Winter,2,2.1,Medium,10.1,12.5,1.3
East Harlem,East Harlem,04-02-2016,12:58,12,Afternoon,Thursday,0,Winter,1,0.72,Low,9.4,4.6,1.0
Harlem,Harlem,08-02-2016,01:15,1,Night,Monday,0,Winter,1,5.99,Low,11.0,32.7,1.0
Williamsburg,Harlem,06-06-2016,11:21,11,Morning,Monday,0,Summer,1,1.7,Low,7.9,12.9,1.0
Murray Hill,East Harlem,18-02-2016,07:27,7,Morning,Thursday,0,Winter,1,2.97,Medium,14.6,12.2,1.3
Harlem,Fort Greene,18-03-2016,00:48,0,Night,Friday,0,Spring,1,9.93,Low,30.3,19.7,1.0
Upper West Side,East Harlem,24-06-2016,20:39,20,Evening,Friday,0,Summer,2,2.28,Medium,8.7,15.7,1.3
Tottenville,Great Kills,11-05-2016,05:46,5,Night,Wednesday,0,Spring,1,8.76,Low,14.7,35.8,1.0
Concord,Far Rockaway,22-04-2016,08:47,8,Morning,Friday,0,Spring,5,2.54,High,9.6,15.9,1.8
Inwood,Harlem,23-04-2016,14:04,14,Afternoon,Saturday,1,Spring,1,2.63,Low,8.0,19.7,1.0
Upper West Side,Harlem,20-05-2016,06:51,6,Morning,Friday,0,Spring,2,2.19,Low,11.4,11.5,1.0
Bedford-Stuyvesant,Harlem,11-01-2016,16:20,16,Afternoon,Monday,0,Winter,5,1.4,Medium,5.6,15.0,1.3
Fort Greene,East Harlem,24-04-2016,13:24,13,Afternoon,Sunday,1,Spring,2,1.19,Low,9.6,7.4,1.0
Hell's Kitchen,South Slope,15-02-2016,00:28,0,Night,Monday,0,Winter,1,1.27,Low,2.8,27.2,1.0
South Slope,Upper West Side,28-03-2016,18:00,18,Evening,Monday,0,Spring,1,0.9,High,7.8,6.9,1.8
Upper West Side,Upper West Side,12-05-2016,11:14,11,Morning,Thursday,0,Spring,1,1.72,Low,18.2,5.7,1.0
East Harlem,Harlem,28-02-2016,12:17,12,Afternoon,Sunday,1,Winter,1,2.21,Low,8.6,15.4,1.0
Kensington,Harlem,07-06-2016,08:47,8,Morning,Tuesday,0,Summer,1,1.23,High,11.6,6.4,1.8
Chinatown,Bedford-Stuyvesant,10-02-2016,13:13,13,Afternoon,Wednesday,0,Winter,1,1.26,Low,2.6,29.1,1.0
Fort Hamilton,Rosebank,24-06-2016,06:20,6,Morning,Friday,0,Summer,1,1.01,Low,3.5,17.3,1.0
Chelsea,Bedford-Stuyvesant,27-02-2016,11:07,11,Morning,Saturday,1,Winter,2,2.06,Low,12.7,9.7,1.0
East Harlem,Chinatown,17-03-2016,10:18,10,Morning,Thursday,0,Spring,4,2.05,Medium,14.5,8.5,1.3
West Village,Kensington,12-02-2016,09:36,9,Morning,Friday,0,Winter,1,2.56,High,17.2,8.9,1.8
Williamsburg,Bedford-Stuyvesant,04-02-2016,16:33,16,Afternoon,Thursday,0,Winter,2,5.76,Medium,24.8,13.9,1.3
Midtown,Greenpoint,23-01-2016,00:59,0,Night,Saturday,1,Winter,5,1.46,Low,6.8,12.9,1.0
Upper West Side,Harlem,17-02-2016,07:37,7,Morning,Wednesday,0,Winter,6,0.72,Medium,2.8,15.4,1.3
West Village,East Harlem,21-03-2016,08:08,8,Morning,Monday,0,Spring,1,3.21,High,21.0,9.2,1.8
Hell's Kitchen,West Village,02-06-2016,03:26,3,Night,Thursday,0,Summer,1,1.68,Low,4.7,21.4,1.0
Bedford-Stuyvesant,Crown Heights,08-04-2016,11:56,11,Morning,Friday,0,Spring,1,2.28,Low,19.6,7.0,1.0
Sheepshead Bay,Fort Hamilton,15-02-2016,13:37,13,Afternoon,Monday,0,Winter,1,4.17,Low,16.6,15.1,1.0
South Slope,South Slope,24-05-2016,16:46,16,Afternoon,Tuesday,0,Spring,1,1.42,Medium,8.8,9.7,1.3
East Harlem,Windsor Terrace,16-05-2016,15:20,15,Afternoon,Monday,0,Spring,1,0.78,Low,4.6,10.2,1.0
Upper West Side,East Harlem,13-01-2016,14:39,14,Afternoon,Wednesday,0,Winter,1,0.87,Low,8.0,6.5,1.0
Williamsburg,Harlem,14-04-2016,17:19,17,Afternoon,Thursday,0,Spring,1,0.94,High,6.3,9.0,1.8
Fort Greene,Fort Greene,30-05-2016,00:18,0,Night,Monday,0,Spring,1,2.78,Low,4.0,41.7,1.0
Harlem,Harlem,02-04-2016,13:11,13,Afternoon,Saturday,1,Spring,1,1.01,Low,6.1,9.9,1.0
Midtown,Harlem,21-04-2016,07:52,7,Morning,Thursday,0,Spring,1,0.74,Medium,4.2,10.6,1.3
Inwood,Greenpoint,20-03-2016,21:31,21,Evening,Sunday,1,Spring,5,1.97,Low,8.5,13.9,1.0
Upper West Side,Upper West Side,23-04-2016,11:37,11,Morning,Saturday,1,Spring,2,0.66,Low,4.2,9.4,1.0
Crown Heights,East Village,28-06-2016,01:18,1,Night,Tuesday,0,Summer,1,2.32,Low,7.8,17.8,1.0
Bensonhurst,Arrochar,11-05-2016,06:49,6,Morning,Wednesday,0,Spring,1,2.3,Low,7.4,18.6,1.0
Hell's Kitchen,Upper West Side,28-05-2016,08:02,8,Morning,Saturday,1,Spring,1,2.78,High,8.8,19.0,1.8
Upper West Side,Fort Greene,05-06-2016,17:39,17,Afternoon,Sunday,1,Summer,5,1.3,High,11.9,6.6,1.8
Harlem,West Village,19-01-2016,01:13,1,Night,Tuesday,0,Winter,2,2.31,Low,4.8,28.9,1.0
Hell's Kitchen,Upper West Side,14-05-2016,12:54,12,Afternoon,Saturday,1,Spring,2,2.54,Low,12.9,11.8,1.0
Edgemere,Sheepshead Bay,29-01-2016,17:03,17,Afternoon,Friday,0,Winter,1,4.02,High,17.7,13.6,1.8
Bensonhurst,Bayswater,07-04-2016,00:03,0,Night,Thursday,0,Spring,1,0.7,Low,5.2,8.1,1.0
Bedford-Stuyvesant,Harlem,02-02-2016,17:37,17,Afternoon,Tuesday,0,Winter,1,3.67,High,15.7,14.0,1.8
Kensington,Crown Heights,05-05-2016,22:45,22,Evening,Thursday,0,Spring,1,6.31,Low,32.6,11.6,1.0
Harlem,South Slope,06-03-2016,00:21,0,Night,Sunday,1,Spring,5,1.24,Low,6.3,11.8,1.0
West Village,Upper West Side,10-03-2016,10:28,10,Morning,Thursday,0,Spring,1,1.01,Medium,3.4,17.8,1.3
Kensington,South Slope,22-06-2016,19:44,19,Evening,Wednesday,0,Summer,3,6.7,High,22.0,18.3,1.8
East Harlem,Crown Heights,15-06-2016,12:10,12,Afternoon,Wednesday,0,Summer,1,2.04,Low,13.4,9.1,1.0
Upper West Side,Clinton Hill,11-02-2016,11:02,11,Morning,Thursday,0,Winter,5,1.69,Low,15.8,6.4,1.0
Upper West Side,Upper West Side,06-03-2016,19:09,19,Evening,Sunday,1,Spring,1,2.25,High,14.8,9.1,1.8
Bedford-Stuyvesant,South Slope,25-04-2016,19:46,19,Evening,Monday,0,Spring,2,2.22,High,9.4,14.2,1.8
Clinton Hill,Crown Heights,23-05-2016,22:12,22,Evening,Monday,0,Spring,1,0.73,Low,5.3,8.3,1.0
Chinatown,Park Slope,14-02-2016,17:48,17,Afternoon,Sunday,1,Winter,2,2.8,High,7.1,23.7,1.8
Harlem,Fort Greene,20-04-2016,21:31,21,Evening,Wednesday,0,Spring,1,0.97,Low,5.9,9.9,1.0
Harlem,Midtown,31-05-2016,21:32,21,Evening,Tuesday,0,Spring,1,13.0,Low,36.6,21.3,1.0
Williamsburg,Crown Heights,05-03-2016,03:29,3,Night,Saturday,1,Spring,2,0.74,Low,4.9,9.1,1.0
East Village,Crown Heights,21-02-2016,15:43,15,Afternoon,Sunday,1,Winter,1,1.37,Low,8.5,9.7,1.0
Hell's Kitchen,Williamsburg,08-02-2016,21:11,21,Evening,Monday,0,Winter,1,2.59,Low,5.8,26.8,1.0
Upper West Side,Crown Heights,27-01-2016,19:57,19,Evening,Wednesday,0,Winter,1,0.79,High,2.7,17.6,1.8
Hell's Kitchen,Inwood,03-01-2016,03:31,3,Night,Sunday,1,Winter,2,0.43,Low,3.0,8.6,1.0
Fort Greene,Fort Greene,20-05-2016,15:46,15,Afternoon,Friday,0,Spring,1,7.12,Low,44.1,9.7,1.0
Bedford-Stuyvesant,Fort Greene,10-04-2016,00:52,0,Night,Sunday,1,Spring,1,2.16,Low,14.1,9.2,1.0
Murray Hill,Murray Hill,08-01-2016,12:41,12,Afternoon,Friday,0,Winter,1,1.57,Low,11.6,8.1,1.0
Crown Heights,Lower East Side,09-03-2016,23:38,23,Evening,Wednesday,0,Spring,1,3.37,Low,7.0,28.9,1.0
East Harlem,Upper West Side,18-01-2016,19:19,19,Evening,Monday,0,Winter,2,6.26,High,18.1,20.8,1.8
Crown Heights,East Harlem,08-04-2016,13:55,13,Afternoon,Friday,0,Spring,1,1.96,Low,16.5,7.1,1.0
Tottenville,Huguenot,22-06-2016,13:59,13,Afternoon,Wednesday,0,Summer,1,25.08,Low,63.6,23.7,1.0
East Harlem,East Harlem,07-03-2016,22:11,22,Evening,Monday,0,Spring,2,3.0,Low,13.1,13.7,1.0
Bedford-Stuyvesant,East Harlem,20-03-2016,09:25,9,Morning,Sunday,1,Spring,1,6.02,High,13.3,27.2,1.8
Bedford-Stuyvesant,Upper West Side,08-02-2016,08:50,8,Morning,Monday,0,Winter,1,3.28,High,25.6,7.7,1.8
Harlem,Midtown,22-06-2016,08:43,8,Morning,Wednesday,0,Summer,1,3.29,High,18.7,10.6,1.8
Williamsburg,Bedford-Stuyvesant,09-01-2016,11:20,11,Morning,Saturday,1,Winter,2,0.57,Low,3.4,10.1,1.0
Upper West Side,Fort Greene,22-02-2016,08:37,8,Morning,Monday,0,Winter,1,1.02,High,5.5,11.1,1.8
Upper West Side,Upper West Side,16-01-2016,23:56,23,Evening,Saturday,1,Winter,1,1.18,Low,3.0,23.6,1.0
East Harlem,Upper West Side,04-05-2016,12:23,12,Afternoon,Wednesday,0,Spring,2,1.17,Low,4.6,15.3,1.0
Chelsea,South Slope,08-01-2016,16:59,16,Afternoon,Friday,0,Winter,1,2.5,Medium,18.0,8.3,1.3
Midwood,Sheepshead Bay,25-03-2016,00:10,0,Night,Friday,0,Spring,4,2.59,Low,11.4,13.6,1.0
Arrochar,Flatbush,12-03-2016,11:03,11,Morning,Saturday,1,Spring,1,3.66,Low,16.3,13.5,1.0
Midtown,South Slope,02-05-2016,23:14,23,Evening,Monday,0,Spring,1,2.86,Low,9.1,18.9,1.0
South Slope,Chinatown,28-06-2016,10:20,10,Morning,Tuesday,0,Summer,1,1.39,Medium,8.7,9.6,1.3
Chelsea,East Harlem,27-04-2016,06:29,6,Morning,Wednesday,0,Spring,1,1.91,Low,7.2,15.9,1.0
Bedford-Stuyvesant,Park Slope,26-01-2016,15:30,15,Afternoon,Tuesday,0,Winter,1,4.33,Low,37.1,7.0,1.0
Upper West Side,Crown Heights,18-04-2016,07:56,7,Morning,Monday,0,Spring,4,3.18,Medium,14.1,13.5,1.3
Great Kills,Great Kills,07-06-2016,16:59,16,Afternoon,Tuesday,0,Summer,2,18.7,Medium,76.9,14.6,1.3
West Village,Harlem,24-02-2016,07:46,7,Morning,Wednesday,0,Winter,6,2.6,Medium,14.0,11.1,1.3
Harlem,Williamsburg,30-03-2016,15:17,15,Afternoon,Wednesday,0,Spring,1,1.86,Low,11.9,9.4,1.0
Upper West Side,Bedford-Stuyvesant,20-05-2016,02:55,2,Night,Friday,0,Spring,1,10.23,Low,26.9,22.8,1.0
Bedford-Stuyvesant,West Village,02-01-2016,15:34,15,Afternoon,Saturday,1,Winter,2,3.31,Low,15.7,12.6,1.0
Harlem,South Slope,17-01-2016,03:39,3,Night,Sunday,1,Winter,2,2.51,Low,7.8,19.3,1.0
East Harlem,Bedford-Stuyvesant,17-05-2016,18:22,18,Evening,Tuesday,0,Spring,3,2.21,High,8.2,16.2,1.8
South Slope,Harlem,24-04-2016,13:43,13,Afternoon,Sunday,1,Spring,1,1.76,Low,5.9,17.9,1.0
East Harlem,Upper West Side,29-03-2016,11:22,11,Morning,Tuesday,0,Spring,1,2.83,Low,16.2,10.5,1.0
Harlem,Crown Heights,28-06-2016,00:46,0,Night,Tuesday,0,Summer,1,0.82,Low,3.8,12.9,1.0
Crown Heights,Chinatown,24-03-2016,18:18,18,Evening,Thursday,0,Spring,1,4.94,High,15.0,19.8,1.8
Bedford-Stuyvesant,East Harlem,28-03-2016,13:31,13,Afternoon,Monday,0,Spring,2,2.3,Low,14.0,9.9,1.0
Murray Hill,Upper West Side,12-06-2016,20:41,20,Evening,Sunday,1,Summer,2,0.65,Medium,1.8,21.7,1.3
East Village,Bedford-Stuyvesant,28-06-2016,16:44,16,Afternoon,Tuesday,0,Summer,1,0.72,Medium,6.3,6.9,1.3
Chinatown,Crown Heights,15-06-2016,21:04,21,Evening,Wednesday,0,Summer,2,1.11,Low,11.1,6.0,1.0
Bedford-Stuyvesant,East Harlem,26-04-2016,20:14,20,Evening,Tuesday,0,Spring,1,6.05,Medium,19.8,18.3,1.3
Harlem,Bedford-Stuyvesant,05-04-2016,09:31,9,Morning,Tuesday,0,Spring,1,6.38,High,21.0,18.2,1.8
Fort Greene,Upper West Side,29-01-2016,05:11,5,Night,Friday,0,Winter,5,5.27,Low,10.3,30.7,1.0
Upper West Side,Park Slope,11-03-2016,00:40,0,Night,Friday,0,Spring,1,1.85,Low,3.8,29.2,1.0
Harlem,South Slope,21-04-2016,21:26,21,Evening,Thursday,0,Spring,1,2.26,Low,5.8,23.4,1.0
South Slope,Williamsburg,27-05-2016,19:36,19,Evening,Friday,0,Spring,1,0.92,High,4.3,12.8,1.8
East Harlem,East Village,14-04-2016,20:16,20,Evening,Thursday,0,Spring,1,2.73,Medium,16.5,9.9,1.3
Hell's Kitchen,West Village,17-04-2016,00:44,0,Night,Sunday,1,Spring,1,3.48,Low,12.8,16.3,1.0
Harlem,East Harlem,10-01-2016,13:20,13,Afternoon,Sunday,1,Winter,1,4.31,Low,14.2,18.2,1.0
Harlem,Harlem,20-06-2016,08:06,8,Morning,Monday,0,Summer,1,2.18,High,12.4,10.5,1.8
Bedford-Stuyvesant,Kensington,30-06-2016,17:31,17,Afternoon,Thursday,0,Summer,1,2.21,High,20.0,6.6,1.8
Williamsburg,Upper West Side,20-05-2016,02:45,2,Night,Friday,0,Spring,1,1.59,Low,5.8,16.4,1.0
Flatbush,Fort Greene,30-04-2016,11:50,11,Morning,Saturday,1,Spring,1,1.78,Low,6.1,17.5,1.0
Upper West Side,East Harlem,13-05-2016,07:03,7,Morning,Friday,0,Spring,5,0.85,Medium,2.6,19.6,1.3
Inwood,Upper West Side,15-04-2016,22:27,22,Evening,Friday,0,Spring,2,7.35,Low,16.8,26.2,1.0
Midwood,Far Rockaway,11-03-2016,02:50,2,Night,Friday,0,Spring,5,1.45,Low,4.8,18.1,1.0
Inwood,Bedford-Stuyvesant,24-05-2016,22:16,22,Evening,Tuesday,0,Spring,2,5.36,Low,22.9,14.0,1.0
Park Slope,Chinatown,06-02-2016,14:10,14,Afternoon,Saturday,1,Winter,1,3.47,Low,13.6,15.3,1.0
East Harlem,Park Slope,13-06-2016,08:31,8,Morning,Monday,0,Summer,3,0.83,High,5.3,9.4,1.8
East Harlem,Harlem,15-03-2016,09:19,9,Morning,Tuesday,0,Spring,1,4.3,High,27.4,9.4,1.8
Gravesend,South Beach,03-02-2016,10:47,10,Morning,Wednesday,0,Winter,1,1.68,Medium,5.5,18.3,1.3
Bedford-Stuyvesant,Upper West Side,16-04-2016,21:53,21,Evening,Saturday,1,Spring,1,4.73,Low,14.1,20.1,1.0
Clinton Hill,Upper West Side,14-03-2016,07:35,7,Morning,Monday,0,Spring,1,1.12,Medium,4.9,13.7,1.3
Edgemere,Great Kills,15-06-2016,04:04,4,Night,Wednesday,0,Summer,3,5.45,Low,12.9,25.3,1.0
Upper West Side,Upper West Side,15-06-2016,16:46,16,Afternoon,Wednesday,0,Summer,1,2.04,Medium,14.0,8.7,1.3
East Harlem,Chinatown,12-01-2016,08:23,8,Morning,Tuesday,0,Winter,1,2.13,High,10.3,12.4,1.8
Hell's Kitchen,Williamsburg,05-03-2016,11:33,11,Morning,Saturday,1,Spring,1,3.11,Low,17.4,10.7,1.0
Upper West Side,West Village,25-06-2016,13:39,13,Afternoon,Saturday,1,Summer,1,3.27,Low,9.1,21.6,1.0
Bedford-Stuyvesant,East Harlem,29-06-2016,16:01,16,Afternoon,Wednesday,0,Summer,1,2.63,Medium,29.8,5.3,1.3
Midtown,Williamsburg,04-04-2016,17:08,17,Afternoon,Monday,0,Spring,1,2.8,High,23.3,7.2,1.8
Upper West Side,Upper West Side,27-04-2016,19:56,19,Evening,Wednesday,0,Spring,1,1.91,High,7.2,15.9,1.8
East Harlem,Midtown,17-05-2016,06:33,6,Morning,Tuesday,0,Spring,1,5.28,Low,17.7,17.9,1.0
Harlem,Harlem,12-01-2016,20:39,20,Evening,Tuesday,0,Winter,1,6.46,Medium,18.5,21.0,1.3
Upper West Side,Upper West Side,07-04-2016,14:41,14,Afternoon,Thursday,0,Spring,1,1.2,Low,11.4,6.3,1.0
Midtown,Long Island City,06-06-2016,22:33,22,Evening,Monday,0,Summer,1,1.43,Low,4.2,20.4,1.0
Bedford-Stuyvesant,Upper West Side,25-06-2016,14:08,14,Afternoon,Saturday,1,Summer,1,0.79,Low,13.4,3.5,1.0
Bedford-Stuyvesant,Harlem,11-02-2016,22:45,22,Evening,Thursday,0,Winter,1,2.01,Low,11.4,10.6,1.0
Murray Hill,Upper West Side,20-01-2016,20:44,20,Evening,Wednesday,0,Winter,1,0.62,Medium,3.0,12.4,1.3
Midtown,Upper West Side,20-02-2016,13:34,13,Afternoon,Saturday,1,Winter,1,5.1,Low,20.4,15.0,1.0
East Harlem,Harlem,08-02-2016,12:51,12,Afternoon,Monday,0,Winter,1,3.83,Low,11.4,20.2,1.0
Upper West Side,Williamsburg,25-06-2016,08:41,8,Morning,Saturday,1,Summer,1,4.23,High,7.8,32.5,1.8
Eltingville,Tottenville,06-04-2016,17:38,17,Afternoon,Wednesday,0,Spring,1,24.24,High,61.8,23.5,1.8
Rockaway Beach,Sheepshead Bay,15-03-2016,06:33,6,Morning,Tuesday,0,Spring,5,1.79,Low,7.0,15.3,1.0
Hell's Kitchen,Bedford-Stuyvesant,07-02-2016,21:41,21,Evening,Sunday,1,Winter,1,4.17,Low,17.7,14.1,1.0
Fort Greene,Upper West Side,16-03-2016,08:47,8,Morning,Wednesday,0,Spring,1,4.63,High,16.6,16.7,1.8
Upper West Side,Clinton Hill,29-06-2016,07:04,7,Morning,Wednesday,0,Summer,5,2.58,Medium,6.0,25.8,1.3
Williamsburg,Upper West Side,13-02-2016,15:33,15,Afternoon,Saturday,1,Winter,4,0.73,Low,4.2,10.4,1.0
Park Slope,East Harlem,16-01-2016,21:02,21,Evening,Saturday,1,Winter,2,1.25,Low,5.4,13.9,1.0
Fort Greene,Inwood,06-03-2016,02:21,2,Night,Sunday,1,Spring,1,5.3,Low,19.9,16.0,1.0
Far Rockaway,Borough Park,27-03-2016,11:39,11,Morning,Sunday,1,Spring,5,5.84,Low,13.4,26.1,1.0
Harlem,Hell's Kitchen,22-02-2016,19:12,19,Evening,Monday,0,Winter,1,1.22,High,6.8,10.8,1.8
West Village,Bedford-Stuyvesant,27-01-2016,14:10,14,Afternoon,Wednesday,0,Winter,1,1.2,Low,9.6,7.5,1.0
Inwood,Harlem,04-04-2016,22:39,22,Evening,Monday,0,Spring,5,1.47,Low,8.7,10.1,1.0
East Harlem,Upper West Side,19-05-2016,20:42,20,Evening,Thursday,0,Spring,1,0.52,Medium,5.3,5.9,1.3
Midwood,Flatlands,27-03-2016,09:30,9,Morning,Sunday,1,Spring,1,2.75,High,14.8,11.1,1.8
Flatlands,Midwood,16-02-2016,16:01,16,Afternoon,Tuesday,0,Winter,1,1.76,Medium,9.0,11.7,1.3
East Harlem,Upper West Side,07-01-2016,18:44,18,Evening,Thursday,0,Winter,2,2.75,High,25.6,6.4,1.8
Murray Hill,Williamsburg,23-02-2016,22:22,22,Evening,Tuesday,0,Winter,1,5.44,Low,41.5,7.9,1.0
Bedford-Stuyvesant,Crown Heights,13-04-2016,10:49,10,Morning,Wednesday,0,Spring,1,1.25,Medium,4.9,15.3,1.3
South Slope,East Harlem,20-04-2016,15:05,15,Afternoon,Wednesday,0,Spring,2,1.04,Low,8.0,7.8,1.0
Hell's Kitchen,East Harlem,28-03-2016,11:07,11,Morning,Monday,0,Spring,1,3.15,Low,15.8,12.0,1.0
Hell's Kitchen,Murray Hill,08-04-2016,19:20,19,Evening,Friday,0,Spring,2,0.97,High,12.6,4.6,1.8
East Harlem,Crown Heights,01-01-2016,00:59,0,Night,Friday,0,Winter,5,3.42,Low,22.9,9.0,1.0
Rockaway Beach,Dyker Heights,13-06-2016,09:03,9,Morning,Monday,0,Summer,1,4.44,High,28.1,9.5,1.8
Kensington,Bedford-Stuyvesant,12-03-2016,18:25,18,Evening,Saturday,1,Spring,1,6.66,High,27.4,14.6,1.8
West Village,Crown Heights,27-04-2016,22:39,22,Evening,Wednesday,0,Spring,1,5.01,Low,11.8,25.5,1.0
Fort Greene,Bedford-Stuyvesant,16-01-2016,00:03,0,Night,Saturday,1,Winter,6,3.0,Low,8.4,21.4,1.0
Sheepshead Bay,"Bay Terrace, Staten Island",02-01-2016,07:09,7,Morning,Saturday,1,Winter,1,11.9,Medium,18.4,38.8,1.3
Bedford-Stuyvesant,Midtown,08-06-2016,12:17,12,Afternoon,Wednesday,0,Summer,1,0.89,Low,5.2,10.3,1.0
East Harlem,Inwood,08-06-2016,01:04,1,Night,Wednesday,0,Summer,2,1.67,Low,11.0,9.1,1.0
Kensington,Upper West Side,20-02-2016,09:19,9,Morning,Saturday,1,Winter,4,2.2,High,5.9,22.4,1.8
Bedford-Stuyvesant,Murray Hill,29-06-2016,09:01,9,Morning,Wednesday,0,Summer,6,3.87,High,23.9,9.7,1.8
Upper West Side,Fort Greene,23-06-2016,16:30,16,Afternoon,Thursday,0,Summer,1,6.4,Medium,27.2,14.1,1.3
Fort Greene,Bedford-Stuyvesant,18-03-2016,17:19,17,Afternoon,Friday,0,Spring,1,1.67,High,23.7,4.2,1.8
East Harlem,Harlem,08-02-2016,16:22,16,Afternoon,Monday,0,Winter,1,2.22,Medium,13.9,9.6,1.3
Harlem,Harlem,24-06-2016,12:11,12,Afternoon,Friday,0,Summer,1,2.22,Low,11.7,11.4,1.0
West Village,West Village,07-05-2016,13:12,13,Afternoon,Saturday,1,Spring,1,2.21,Low,4.2,31.6,1.0
Bedford-Stuyvesant,Chinatown,23-06-2016,12:56,12,Afternoon,Thursday,0,Summer,1,2.07,Low,9.8,12.7,1.0
Upper West Side,South Slope,03-01-2016,08:54,8,Morning,Sunday,1,Winter,2,1.14,High,2.6,26.3,1.8
Clinton Hill,Upper West Side,16-01-2016,15:41,15,Afternoon,Saturday,1,Winter,1,2.06,Low,6.2,19.9,1.0
East Harlem,Midtown,22-05-2016,04:11,4,Night,Sunday,1,Spring,1,0.58,Low,1.7,20.5,1.0
Midtown,Upper West Side,12-01-2016,10:52,10,Morning,Tuesday,0,Winter,1,1.02,Medium,4.8,12.8,1.3
West Village,Harlem,02-02-2016,08:36,8,Morning,Tuesday,0,Winter,1,2.01,High,9.0,13.4,1.8
East Harlem,East Harlem,09-01-2016,09:16,9,Morning,Saturday,1,Winter,6,0.28,High,0.8,21.0,1.8
Midtown,Clinton Hill,18-03-2016,17:23,17,Afternoon,Friday,0,Spring,1,1.99,High,9.9,12.1,1.8
West Village,Harlem,24-02-2016,16:28,16,Afternoon,Wednesday,0,Winter,1,3.35,Medium,11.9,16.9,1.3
Midtown,Midtown,07-01-2016,19:22,19,Evening,Thursday,0,Winter,1,0.1,High,7.2,0.8,1.8
Harlem,Upper West Side,15-02-2016,15:41,15,Afternoon,Monday,0,Winter,1,5.53,Low,19.7,16.8,1.0
Bedford-Stuyvesant,Kensington,07-03-2016,22:40,22,Evening,Monday,0,Spring,1,13.95,Low,31.6,26.5,1.0
Upper West Side,Harlem,15-06-2016,15:05,15,Afternoon,Wednesday,0,Summer,1,1.3,Low,10.2,7.6,1.0
East Harlem,Kensington,16-01-2016,23:04,23,Evening,Saturday,1,Winter,1,1.49,Low,5.4,16.6,1.0
Inwood,Kensington,30-03-2016,17:02,17,Afternoon,Wednesday,0,Spring,1,18.45,High,44.8,24.7,1.8
Harlem,Hell's Kitchen,25-04-2016,16:07,16,Afternoon,Monday,0,Spring,3,3.3,Medium,12.2,16.2,1.3
Bedford-Stuyvesant,Harlem,07-01-2016,18:23,18,Evening,Thursday,0,Winter,1,1.17,High,5.5,12.8,1.8
Inwood,Upper West Side,06-04-2016,21:12,21,Evening,Wednesday,0,Spring,1,2.68,Low,9.2,17.5,1.0
Brighton Beach,Arverne,06-03-2016,10:43,10,Morning,Sunday,1,Spring,5,5.09,Medium,11.3,27.0,1.3
Chinatown,Hell's Kitchen,05-04-2016,08:34,8,Morning,Tuesday,0,Spring,2,7.64,High,24.1,19.0,1.8
Upper West Side,East Harlem,23-03-2016,17:35,17,Afternoon,Wednesday,0,Spring,1,2.25,High,14.0,9.6,1.8
Harlem,East Harlem,07-01-2016,23:35,23,Evening,Thursday,0,Winter,1,12.67,Low,32.2,23.6,1.0
West Village,Murray Hill,18-03-2016,06:09,6,Morning,Friday,0,Spring,1,1.98,Low,8.0,14.8,1.0
Clinton Hill,East Harlem,17-04-2016,21:54,21,Evening,Sunday,1,Spring,2,1.13,Low,7.6,8.9,1.0
Arverne,Oakwood,07-02-2016,16:16,16,Afternoon,Sunday,1,Winter,5,11.64,Medium,25.3,27.6,1.3
Chinatown,Upper West Side,27-03-2016,17:09,17,Afternoon,Sunday,1,Spring,2,0.93,High,6.0,9.3,1.8
Upper West Side,Inwood,20-04-2016,12:47,12,Afternoon,Wednesday,0,Spring,1,4.02,Low,36.5,6.6,1.0
West Village,Williamsburg,18-02-2016,21:14,21,Evening,Thursday,0,Winter,1,2.82,Low,11.6,14.6,1.0
Chinatown,East Harlem,16-01-2016,20:10,20,Evening,Saturday,1,Winter,1,2.28,Medium,11.4,12.0,1.3
Hell's Kitchen,Upper West Side,25-02-2016,14:17,14,Afternoon,Thursday,0,Winter,1,2.54,Low,12.7,12.0,1.0
Kensington,Upper West Side,23-03-2016,16:49,16,Afternoon,Wednesday,0,Spring,3,4.3,Medium,23.0,11.2,1.3
Chelsea,South Slope,20-06-2016,17:27,17,Afternoon,Monday,0,Summer,1,3.31,High,16.2,12.3,1.8
Hell's Kitchen,Bedford-Stuyvesant,01-05-2016,00:29,0,Night,Sunday,1,Spring,1,6.59,Low,9.5,41.6,1.0
Hell's Kitchen,Upper West Side,26-06-2016,21:46,21,Evening,Sunday,1,Summer,1,1.96,Low,6.0,19.6,1.0
Upper West Side,Murray Hill,11-06-2016,14:33,14,Afternoon,Saturday,1,Summer,3,2.57,Low,9.1,16.9,1.0
East Village,Bedford-Stuyvesant,21-05-2016,23:20,23,Evening,Saturday,1,Spring,1,1.47,Low,12.9,6.8,1.0
Bedford-Stuyvesant,Harlem,17-03-2016,23:49,23,Evening,Thursday,0,Spring,1,0.73,Low,4.6,9.5,1.0
Arverne,Arrochar,18-01-2016,10:18,10,Morning,Monday,0,Winter,1,2.36,Medium,9.8,14.4,1.3
Upper West Side,Harlem,24-05-2016,05:04,5,Night,Tuesday,0,Spring,2,1.26,Low,2.8,27.0,1.0
South Slope,Harlem,04-03-2016,16:35,16,Afternoon,Friday,0,Spring,2,2.44,Medium,13.0,11.3,1.3
Upper West Side,East Harlem,10-03-2016,17:20,17,Afternoon,Thursday,0,Spring,1,3.01,High,14.5,12.5,1.8
Upper West Side,Harlem,05-06-2016,17:51,17,Afternoon,Sunday,1,Summer,1,2.71,High,10.4,15.6,1.8
Upper West Side,Midtown,23-05-2016,17:44,17,Afternoon,Monday,0,Spring,1,1.82,High,7.5,14.6,1.8
West Village,Upper West Side,14-03-2016,23:21,23,Evening,Monday,0,Spring,2,5.12,Low,17.3,17.8,1.0
East Harlem,Harlem,10-02-2016,19:33,19,Evening,Wednesday,0,Winter,1,1.73,High,12.0,8.6,1.8
Chinatown,East Harlem,04-06-2016,19:45,19,Evening,Saturday,1,Summer,1,1.35,High,5.4,15.0,1.8
Upper West Side,Harlem,27-04-2016,17:54,17,Afternoon,Wednesday,0,Spring,1,3.54,High,14.4,14.7,1.8
Harlem,East Harlem,24-05-2016,06:35,6,Morning,Tuesday,0,Spring,1,2.51,Low,9.0,16.7,1.0
Murray Hill,Upper West Side,09-03-2016,17:39,17,Afternoon,Wednesday,0,Spring,1,1.24,High,6.6,11.3,1.8
Arden Heights,Midwood,22-01-2016,20:10,20,Evening,Friday,0,Winter,1,12.22,Medium,15.7,46.7,1.3
Upper West Side,Murray Hill,13-06-2016,06:52,6,Morning,Monday,0,Summer,1,3.67,Low,7.6,29.0,1.0
Upper West Side,Williamsburg,19-03-2016,04:47,4,Night,Saturday,1,Spring,1,1.11,Low,3.1,21.5,1.0
Midtown,Greenpoint,24-04-2016,19:49,19,Evening,Sunday,1,Spring,1,2.47,High,18.8,7.9,1.8
Great Kills,South Beach,08-05-2016,21:26,21,Evening,Sunday,1,Spring,1,13.59,Low,38.8,21.0,1.0
Park Slope,South Slope,27-03-2016,02:22,2,Night,Sunday,1,Spring,1,5.39,Low,17.6,18.4,1.0
East Harlem,Hell's Kitchen,05-04-2016,18:24,18,Evening,Tuesday,0,Spring,1,2.1,High,19.7,6.4,1.8
South Slope,South Slope,19-03-2016,15:02,15,Afternoon,Saturday,1,Spring,1,2.15,Low,13.6,9.5,1.0
Williamsburg,Crown Heights,01-02-2016,20:44,20,Evening,Monday,0,Winter,1,0.76,Medium,1.7,26.8,1.3
Harlem,East Harlem,28-02-2016,17:14,17,Afternoon,Sunday,1,Winter,1,2.91,High,18.7,9.3,1.8
East Harlem,Harlem,15-05-2016,19:54,19,Evening,Sunday,1,Spring,1,2.04,High,5.1,24.0,1.8
East Harlem,Upper West Side,02-01-2016,15:05,15,Afternoon,Saturday,1,Winter,1,2.93,Low,14.8,11.9,1.0
Upper West Side,East Harlem,12-02-2016,00:53,0,Night,Friday,0,Winter,1,2.02,Low,7.8,15.5,1.0
Great Kills,New Dorp Beach,19-02-2016,22:43,22,Evening,Friday,0,Winter,1,0.48,Low,8.2,3.5,1.0
East Harlem,Greenpoint,20-03-2016,01:25,1,Night,Sunday,1,Spring,1,5.38,Low,13.8,23.4,1.0
Upper West Side,Park Slope,28-05-2016,17:59,17,Afternoon,Saturday,1,Spring,1,5.21,High,19.0,16.5,1.8
Oakwood,New Springville,06-05-2016,16:16,16,Afternoon,Friday,0,Spring,2,16.0,Medium,39.3,24.4,1.3
East Harlem,Clinton Hill,09-01-2016,11:28,11,Morning,Saturday,1,Winter,1,0.84,Low,4.5,11.2,1.0
Bedford-Stuyvesant,Upper West Side,08-03-2016,21:24,21,Evening,Tuesday,0,Spring,1,1.02,Low,4.1,14.9,1.0
Arden Heights,Sheepshead Bay,13-03-2016,19:46,19,Evening,Sunday,1,Spring,1,11.38,High,21.5,31.8,1.8
Harlem,Inwood,17-05-2016,17:35,17,Afternoon,Tuesday,0,Spring,2,1.11,High,9.3,7.2,1.8
Harlem,Kensington,19-01-2016,22:18,22,Evening,Tuesday,0,Winter,1,1.11,Low,8.2,8.1,1.0
Upper West Side,East Harlem,03-02-2016,03:32,3,Night,Wednesday,0,Winter,1,7.0,Low,13.7,30.7,1.0
Greenpoint,Murray Hill,27-06-2016,23:09,23,Evening,Monday,0,Summer,1,8.35,Low,23.2,21.6,1.0
Arden Heights,Bay Ridge,11-02-2016,14:45,14,Afternoon,Thursday,0,Winter,1,13.47,Low,58.6,13.8,1.0
Upper West Side,Kensington,03-01-2016,23:10,23,Evening,Sunday,1,Winter,1,2.16,Low,4.0,32.4,1.0
Williamsburg,Upper West Side,19-04-2016,18:19,18,Evening,Tuesday,0,Spring,1,4.43,High,18.0,14.8,1.8
Bedford-Stuyvesant,Upper West Side,06-01-2016,16:27,16,Afternoon,Wednesday,0,Winter,3,2.47,Medium,12.8,11.6,1.3
West Village,Fort Greene,30-01-2016,09:26,9,Morning,Saturday,1,Winter,3,2.81,High,8.6,19.6,1.8
Flatbush,Upper West Side,15-04-2016,00:00,0,Night,Friday,0,Spring,1,5.71,Low,26.8,12.8,1.0
Bedford-Stuyvesant,Crown Heights,11-05-2016,22:25,22,Evening,Wednesday,0,Spring,1,5.16,Low,17.2,18.0,1.0
Bensonhurst,Flatlands,12-05-2016,14:13,14,Afternoon,Thursday,0,Spring,1,2.14,Low,17.2,7.5,1.0
Clinton Hill,Hell's Kitchen,24-04-2016,22:35,22,Evening,Sunday,1,Spring,1,5.41,Low,11.6,28.0,1.0
Fort Greene,Greenpoint,26-04-2016,17:02,17,Afternoon,Tuesday,0,Spring,3,2.81,High,10.0,16.9,1.8
Rockaway Beach,Sheepshead Bay,31-01-2016,17:48,17,Afternoon,Sunday,1,Winter,1,0.64,High,2.2,17.5,1.8
Clinton Hill,Kensington,17-06-2016,06:55,6,Morning,Friday,0,Summer,1,1.7,Low,4.8,21.2,1.0
East Harlem,Upper West Side,31-03-2016,15:24,15,Afternoon,Thursday,0,Spring,1,5.17,Low,28.6,10.8,1.0
Bedford-Stuyvesant,Fort Greene,16-05-2016,19:12,19,Evening,Monday,0,Spring,2,7.58,High,24.7,18.4,1.8
Tottenville,Tottenville,16-02-2016,23:53,23,Evening,Tuesday,0,Winter,5,26.17,Low,29.3,53.6,1.0
Crown Heights,Upper West Side,08-04-2016,20:33,20,Evening,Friday,0,Spring,1,11.0,Medium,27.8,23.7,1.3
East Harlem,Harlem,12-06-2016,19:02,19,Evening,Sunday,1,Summer,1,1.61,High,7.7,12.5,1.8
East Harlem,Murray Hill,07-06-2016,12:26,12,Afternoon,Tuesday,0,Summer,1,1.23,Low,5.7,12.9,1.0
Midwood,Arverne,29-05-2016,15:58,15,Afternoon,Sunday,1,Spring,2,3.43,Low,13.7,15.0,1.0
Crown Heights,Harlem,28-05-2016,11:53,11,Morning,Saturday,1,Spring,2,4.43,Low,22.8,11.7,1.0
Fort Greene,West Village,30-04-2016,19:08,19,Evening,Saturday,1,Spring,2,0.78,High,4.9,9.6,1.8
Great Kills,Dyker Heights,10-06-2016,14:15,14,Afternoon,Friday,0,Summer,1,13.48,Low,46.0,17.6,1.0
Crown Heights,Harlem,30-06-2016,13:52,13,Afternoon,Thursday,0,Summer,1,4.35,Low,22.2,11.8,1.0
East Harlem,Upper West Side,17-05-2016,10:00,10,Morning,Tuesday,0,Spring,1,3.15,Medium,21.3,8.9,1.3
Bedford-Stuyvesant,East Harlem,17-02-2016,15:00,15,Afternoon,Wednesday,0,Winter,4,2.07,Low,11.4,10.9,1.0
Harlem,Kensington,14-02-2016,15:34,15,Afternoon,Sunday,1,Winter,1,6.71,Low,20.2,19.9,1.0
Bedford-Stuyvesant,Chinatown,25-02-2016,17:50,17,Afternoon,Thursday,0,Winter,1,1.42,High,8.6,9.9,1.8
Murray Hill,Park Slope,08-06-2016,23:52,23,Evening,Wednesday,0,Summer,1,6.91,Low,19.6,21.2,1.0
Crown Heights,Harlem,12-03-2016,13:34,13,Afternoon,Saturday,1,Spring,1,8.38,Low,39.6,12.7,1.0
Murray Hill,Harlem,25-05-2016,20:55,20,Evening,Wednesday,0,Spring,6,2.18,Medium,10.9,12.0,1.3
Arverne,Bensonhurst,21-02-2016,20:10,20,Evening,Sunday,1,Winter,1,2.13,Medium,5.3,24.1,1.3
Williamsburg,Harlem,12-03-2016,06:54,6,Morning,Saturday,1,Spring,1,2.33,Low,4.4,31.8,1.0
Bedford-Stuyvesant,Clinton Hill,10-05-2016,10:14,10,Morning,Tuesday,0,Spring,1,1.41,Medium,7.8,10.8,1.3
East Harlem,Bedford-Stuyvesant,18-06-2016,00:56,0,Night,Saturday,1,Summer,1,3.29,Low,14.4,13.7,1.0
Bedford-Stuyvesant,Park Slope,14-03-2016,20:11,20,Evening,Monday,0,Spring,1,1.23,Medium,3.9,18.9,1.3
Bedford-Stuyvesant,Upper West Side,11-06-2016,01:48,1,Night,Saturday,1,Summer,2,7.98,Low,26.6,18.0,1.0
West Village,East Harlem,03-04-2016,19:42,19,Evening,Sunday,1,Spring,1,1.86,High,5.6,19.9,1.8
Midtown,Upper West Side,20-06-2016,13:26,13,Afternoon,Monday,0,Summer,1,1.35,Low,7.0,11.6,1.0
Hell's Kitchen,East Harlem,08-06-2016,01:51,1,Night,Wednesday,0,Summer,1,0.95,Low,4.4,13.0,1.0
Crown Heights,Harlem,04-06-2016,03:08,3,Night,Saturday,1,Summer,5,1.83,Low,8.6,12.8,1.0
Bedford-Stuyvesant,Clinton Hill,14-04-2016,13:50,13,Afternoon,Thursday,0,Spring,6,1.71,Low,15.4,6.7,1.0
Upper West Side,East Village,28-04-2016,14:59,14,Afternoon,Thursday,0,Spring,3,0.81,Low,4.2,11.6,1.0
South Slope,East Harlem,20-02-2016,18:45,18,Evening,Saturday,1,Winter,5,0.99,High,3.2,18.6,1.8
Crown Heights,East Harlem,14-01-2016,19:59,19,Evening,Thursday,0,Winter,1,1.77,High,10.1,10.5,1.8
Bedford-Stuyvesant,Upper West Side,02-04-2016,23:01,23,Evening,Saturday,1,Spring,1,3.76,Low,10.7,21.1,1.0
South Slope,Crown Heights,08-06-2016,08:03,8,Morning,Wednesday,0,Summer,1,3.39,High,18.7,10.9,1.8
Kensington,Bedford-Stuyvesant,14-05-2016,14:01,14,Afternoon,Saturday,1,Spring,1,1.48,Low,6.1,14.6,1.0
Tottenville,Huguenot,18-03-2016,10:59,10,Morning,Friday,0,Spring,2,25.53,Medium,47.2,32.5,1.3
Clinton Hill,South Slope,15-04-2016,13:45,13,Afternoon,Friday,0,Spring,1,2.16,Low,8.0,16.2,1.0
Fort Greene,Harlem,28-01-2016,08:55,8,Morning,Thursday,0,Winter,1,1.44,High,12.4,7.0,1.8
Hell's Kitchen,East Harlem,11-06-2016,14:42,14,Afternoon,Saturday,1,Summer,5,0.86,Low,3.6,14.3,1.0
Harlem,Harlem,07-03-2016,22:19,22,Evening,Monday,0,Spring,1,2.04,Low,7.8,15.7,1.0
Fort Greene,Fort Greene,10-01-2016,12:49,12,Afternoon,Sunday,1,Winter,1,2.4,Low,9.9,14.5,1.0
Harlem,Upper West Side,29-01-2016,17:18,17,Afternoon,Friday,0,Winter,1,4.51,High,16.6,16.3,1.8
East Harlem,Williamsburg,31-03-2016,21:34,21,Evening,Thursday,0,Spring,1,0.78,Low,4.2,11.1,1.0
Upper West Side,Midtown,11-06-2016,20:03,20,Evening,Saturday,1,Summer,1,0.91,Medium,3.6,15.2,1.3
Harlem,Harlem,08-04-2016,09:18,9,Morning,Friday,0,Spring,1,0.64,High,2.4,16.0,1.8
Graniteville,Silver Lake,07-06-2016,09:00,9,Morning,Tuesday,0,Summer,1,1.84,High,9.0,12.3,1.8
Murray Hill,Clinton Hill,04-01-2016,18:29,18,Evening,Monday,0,Winter,1,1.06,High,5.5,11.6,1.8
Williamsburg,East Harlem,23-05-2016,10:31,10,Morning,Monday,0,Spring,1,2.14,Medium,16.9,7.6,1.3
Upper West Side,Harlem,03-05-2016,09:16,9,Morning,Tuesday,0,Spring,2,2.55,High,10.6,14.4,1.8
Harlem,South Slope,22-03-2016,19:23,19,Evening,Tuesday,0,Spring,1,3.89,High,7.6,30.7,1.8
Far Rockaway,Bay Ridge,24-04-2016,18:50,18,Evening,Sunday,1,Spring,1,5.51,High,21.2,15.6,1.8
Midwood,Midwood,23-06-2016,07:38,7,Morning,Thursday,0,Summer,1,4.5,Medium,16.1,16.8,1.3
South Slope,Kensington,19-02-2016,01:28,1,Night,Friday,0,Winter,5,1.12,Low,3.2,21.0,1.0
Upper West Side,Bedford-Stuyvesant,28-06-2016,12:15,12,Afternoon,Tuesday,0,Summer,1,4.89,Low,37.3,7.9,1.0
East Harlem,East Harlem,09-05-2016,11:02,11,Morning,Monday,0,Spring,1,1.48,Low,9.0,9.9,1.0
Bedford-Stuyvesant,West Village,19-04-2016,16:45,16,Afternoon,Tuesday,0,Spring,1,1.24,Medium,6.3,11.8,1.3
Harlem,Harlem,29-04-2016,17:58,17,Afternoon,Friday,0,Spring,3,2.02,High,18.0,6.7,1.8
Hell's Kitchen,Crown Heights,30-03-2016,12:39,12,Afternoon,Wednesday,0,Spring,1,1.67,Low,20.2,5.0,1.0
Upper West Side,Midtown,08-01-2016,15:39,15,Afternoon,Friday,0,Winter,2,2.45,Low,7.0,21.0,1.0
Tottenville,Great Kills,16-04-2016,15:02,15,Afternoon,Saturday,1,Spring,1,13.84,Low,33.0,25.2,1.0
Bedford-Stuyvesant,East Harlem,17-06-2016,18:42,18,Evening,Friday,0,Summer,4,3.86,High,11.8,19.6,1.8
Williamsburg,Bedford-Stuyvesant,18-04-2016,09:54,9,Morning,Monday,0,Spring,1,1.3,High,8.2,9.5,1.8
Upper West Side,Hell's Kitchen,26-02-2016,09:45,9,Morning,Friday,0,Winter,2,1.5,High,10.4,8.7,1.8
Bedford-Stuyvesant,Upper West Side,06-03-2016,23:46,23,Evening,Sunday,1,Spring,1,1.46,Low,4.3,20.4,1.0
Crown Heights,West Village,29-05-2016,14:38,14,Afternoon,Sunday,1,Spring,1,1.49,Low,6.5,13.8,1.0
Williamsburg,Kensington,25-01-2016,22:12,22,Evening,Monday,0,Winter,1,7.01,Low,28.2,14.9,1.0
Tottenville,Prince's Bay,12-06-2016,13:35,13,Afternoon,Sunday,1,Summer,5,25.75,Low,60.0,25.8,1.0
Harlem,Clinton Hill,03-05-2016,09:39,9,Morning,Tuesday,0,Spring,1,4.66,High,30.5,9.2,1.8
Bedford-Stuyvesant,Harlem,22-04-2016,21:12,21,Evening,Friday,0,Spring,1,6.61,Low,13.1,30.3,1.0
Bedford-Stuyvesant,Upper West Side,29-01-2016,07:40,7,Morning,Friday,0,Winter,1,9.5,Medium,26.4,21.6,1.3
Upper West Side,Crown Heights,03-04-2016,13:04,13,Afternoon,Sunday,1,Spring,1,1.86,Low,8.6,13.0,1.0
South Slope,East Harlem,17-04-2016,14:36,14,Afternoon,Sunday,1,Spring,1,4.12,Low,13.6,18.2,1.0
Hell's Kitchen,Bedford-Stuyvesant,24-02-2016,09:08,9,Morning,Wednesday,0,Winter,6,1.76,High,13.8,7.7,1.8
Bedford-Stuyvesant,Harlem,06-04-2016,20:36,20,Evening,Wednesday,0,Spring,1,3.59,Medium,16.8,12.8,1.3
Midwood,Coney Island,10-05-2016,23:44,23,Evening,Tuesday,0,Spring,1,14.52,Low,32.6,26.7,1.0
Harlem,South Slope,08-03-2016,15:32,15,Afternoon,Tuesday,0,Spring,4,0.84,Low,4.6,11.0,1.0
East Harlem,Williamsburg,25-01-2016,20:15,20,Evening,Monday,0,Winter,1,3.05,Medium,10.4,17.6,1.3
Upper West Side,Bedford-Stuyvesant,14-01-2016,07:00,7,Morning,Thursday,0,Winter,1,0.59,Medium,6.9,5.1,1.3
Hell's Kitchen,Midtown,21-06-2016,08:34,8,Morning,Tuesday,0,Summer,5,5.76,High,26.7,12.9,1.8
Fort Greene,Hell's Kitchen,24-06-2016,18:22,18,Evening,Friday,0,Summer,2,0.87,High,4.2,12.4,1.8
Williamsburg,Clinton Hill,27-01-2016,16:26,16,Afternoon,Wednesday,0,Winter,1,2.23,Medium,10.2,13.1,1.3
Kensington,Upper West Side,24-03-2016,06:10,6,Morning,Thursday,0,Spring,1,8.03,Low,16.3,29.6,1.0
Upper West Side,Upper West Side,10-04-2016,16:11,16,Afternoon,Sunday,1,Spring,1,4.25,Medium,25.1,10.2,1.3
Tottenville,Woodrow,11-01-2016,13:44,13,Afternoon,Monday,0,Winter,1,15.06,Low,27.6,32.7,1.0
Midtown,Hell's Kitchen,08-02-2016,17:26,17,Afternoon,Monday,0,Winter,5,1.3,High,4.4,17.7,1.8
Prince's Bay,Prince's Bay,17-06-2016,00:37,0,Night,Friday,0,Summer,1,23.71,Low,30.7,46.3,1.0
Crown Heights,Bedford-Stuyvesant,24-05-2016,01:44,1,Night,Tuesday,0,Spring,1,4.82,Low,12.5,23.1,1.0
Hell's Kitchen,Kensington,24-05-2016,22:06,22,Evening,Tuesday,0,Spring,1,1.43,Low,5.7,15.1,1.0
Midtown,Harlem,20-01-2016,09:28,9,Morning,Wednesday,0,Winter,1,5.02,High,29.4,10.2,1.8
West Village,East Harlem,19-02-2016,18:45,18,Evening,Friday,0,Winter,1,3.05,High,20.2,9.1,1.8
"Bay Terrace, Staten Island",Fort Hamilton,08-06-2016,12:17,12,Afternoon,Wednesday,0,Summer,1,12.87,Low,45.3,17.0,1.0
Bedford-Stuyvesant,Upper West Side,05-05-2016,05:57,5,Night,Thursday,0,Spring,1,3.63,Low,8.4,25.9,1.0
Upper West Side,Upper West Side,22-01-2016,16:11,16,Afternoon,Friday,0,Winter,1,1.04,Medium,8.2,7.6,1.3
Upper West Side,Bedford-Stuyvesant,14-02-2016,17:51,17,Afternoon,Sunday,1,Winter,1,1.1,High,6.4,10.3,1.8
Inwood,Murray Hill,04-02-2016,18:23,18,Evening,Thursday,0,Winter,1,1.37,High,9.6,8.6,1.8
Williamsburg,West Village,30-04-2016,11:40,11,Morning,Saturday,1,Spring,2,1.47,Low,8.6,10.3,1.0
East Harlem,Upper West Side,31-01-2016,16:07,16,Afternoon,Sunday,1,Winter,1,1.98,Medium,4.9,24.2,1.3
Bedford-Stuyvesant,Upper West Side,02-06-2016,01:02,1,Night,Thursday,0,Summer,2,10.3,Low,22.6,27.3,1.0
Upper West Side,Upper West Side,24-02-2016,18:28,18,Evening,Wednesday,0,Winter,1,2.41,High,7.2,20.1,1.8
Upper West Side,Park Slope,14-01-2016,14:44,14,Afternoon,Thursday,0,Winter,1,4.11,Low,17.1,14.4,1.0
Tottenville,Huguenot,23-02-2016,23:27,23,Evening,Tuesday,0,Winter,6,24.62,Low,32.0,46.2,1.0
Upper West Side,Upper West Side,06-05-2016,22:58,22,Evening,Friday,0,Spring,5,5.74,Low,10.3,33.4,1.0
Midwood,Bensonhurst,26-02-2016,06:18,6,Morning,Friday,0,Winter,1,1.89,Low,5.6,20.2,1.0
Bensonhurst,Borough Park,30-05-2016,16:22,16,Afternoon,Monday,0,Spring,1,4.86,Medium,12.0,24.3,1.3
Clinton Hill,Park Slope,30-06-2016,08:57,8,Morning,Thursday,0,Summer,1,3.32,High,5.8,34.3,1.8
South Slope,West Village,28-01-2016,19:47,19,Evening,Thursday,0,Winter,1,2.54,High,14.2,10.7,1.8
South Slope,Bedford-Stuyvesant,20-03-2016,16:16,16,Afternoon,Sunday,1,Spring,1,2.98,Medium,12.1,14.8,1.3
Williamsburg,Murray Hill,23-04-2016,19:43,19,Evening,Saturday,1,Spring,1,1.34,High,8.7,9.2,1.8
East Harlem,Bedford-Stuyvesant,04-01-2016,16:37,16,Afternoon,Monday,0,Winter,1,3.68,Medium,13.5,16.4,1.3
East Harlem,Clinton Hill,04-01-2016,11:50,11,Morning,Monday,0,Winter,1,1.86,Low,7.2,15.5,1.0
Bedford-Stuyvesant,Upper West Side,10-01-2016,18:19,18,Evening,Sunday,1,Winter,1,0.73,High,4.0,11.0,1.8
Concord,Clifton,14-03-2016,07:06,7,Morning,Monday,0,Spring,1,1.07,Medium,3.5,18.3,1.3
Kensington,Park Slope,19-04-2016,22:27,22,Evening,Tuesday,0,Spring,1,1.85,Low,7.6,14.6,1.0
Hell's Kitchen,Bedford-Stuyvesant,22-06-2016,19:22,19,Evening,Wednesday,0,Summer,1,1.8,High,7.7,14.0,1.8
Crown Heights,West Village,14-05-2016,16:24,16,Afternoon,Saturday,1,Spring,5,1.64,Medium,7.8,12.6,1.3
Upper West Side,East Harlem,29-01-2016,07:24,7,Morning,Friday,0,Winter,2,4.89,Medium,18.3,16.0,1.3
Kensington,Harlem,16-01-2016,17:54,17,Afternoon,Saturday,1,Winter,1,2.23,High,11.5,11.6,1.8
Bedford-Stuyvesant,Harlem,19-02-2016,00:38,0,Night,Friday,0,Winter,3,6.11,Low,26.8,13.7,1.0
Bedford-Stuyvesant,Upper West Side,11-03-2016,20:30,20,Evening,Friday,0,Spring,2,1.9,Medium,10.4,11.0,1.3
Park Slope,Upper West Side,14-03-2016,18:38,18,Evening,Monday,0,Spring,1,0.29,High,2.0,8.7,1.8
East Harlem,Harlem,23-03-2016,20:36,20,Evening,Wednesday,0,Spring,1,3.36,Medium,9.2,21.9,1.3
Harlem,Harlem,08-04-2016,14:50,14,Afternoon,Friday,0,Spring,1,2.23,Low,21.6,6.2,1.0
Greenpoint,Hell's Kitchen,16-06-2016,20:27,20,Evening,Thursday,0,Summer,1,3.34,Medium,18.0,11.1,1.3
Fort Greene,Park Slope,22-03-2016,08:34,8,Morning,Tuesday,0,Spring,2,2.53,High,23.0,6.6,1.8
West Village,East Harlem,03-06-2016,19:39,19,Evening,Friday,0,Summer,1,4.27,High,20.8,12.3,1.8
Fort Greene,Kensington,04-04-2016,07:09,7,Morning,Monday,0,Spring,2,3.32,Medium,11.9,16.7,1.3
Bedford-Stuyvesant,Upper West Side,30-04-2016,21:57,21,Evening,Saturday,1,Spring,2,2.39,Low,9.6,14.9,1.0
Fort Greene,Chinatown,26-04-2016,10:51,10,Morning,Tuesday,0,Spring,1,2.88,Medium,17.9,9.7,1.3
Harlem,West Village,22-03-2016,10:42,10,Morning,Tuesday,0,Spring,2,2.31,Medium,9.9,14.0,1.3
Clinton Hill,Kensington,29-06-2016,23:59,23,Evening,Wednesday,0,Summer,3,0.96,Low,3.0,19.2,1.0
East Harlem,Harlem,28-01-2016,22:47,22,Evening,Thursday,0,Winter,1,14.54,Low,23.6,37.0,1.0
Harlem,East Harlem,03-04-2016,19:17,19,Evening,Sunday,1,Spring,6,5.07,High,13.7,22.2,1.8
Midtown,Harlem,22-06-2016,00:25,0,Night,Wednesday,0,Summer,1,1.76,Low,4.0,26.4,1.0
Bedford-Stuyvesant,Bedford-Stuyvesant,22-05-2016,17:51,17,Afternoon,Sunday,1,Spring,1,6.61,High,28.7,13.8,1.8
Clinton Hill,Harlem,09-02-2016,22:58,22,Evening,Tuesday,0,Winter,1,0.53,Low,1.8,17.7,1.0
Tottenville,Tottenville,12-03-2016,07:40,7,Morning,Saturday,1,Spring,2,27.3,Medium,36.9,44.4,1.3
Upper West Side,Bedford-Stuyvesant,14-04-2016,21:01,21,Evening,Thursday,0,Spring,1,2.85,Low,16.0,10.7,1.0
Williamsburg,Chinatown,28-01-2016,00:00,0,Night,Thursday,0,Winter,1,8.36,Low,21.7,23.1,1.0
East Harlem,West Village,30-03-2016,23:53,23,Evening,Wednesday,0,Spring,1,2.62,Low,8.3,18.9,1.0
Murray Hill,East Harlem,25-03-2016,21:39,21,Evening,Friday,0,Spring,1,4.67,Low,20.3,13.8,1.0
West Village,East Harlem,25-04-2016,18:50,18,Evening,Monday,0,Spring,4,2.43,High,10.2,14.3,1.8
East Harlem,Upper West Side,13-03-2016,13:54,13,Afternoon,Sunday,1,Spring,6,2.93,Low,13.4,13.1,1.0
South Slope,Harlem,16-06-2016,18:23,18,Evening,Thursday,0,Summer,2,2.85,High,13.6,12.6,1.8
Upper West Side,East Harlem,18-05-2016,01:13,1,Night,Wednesday,0,Spring,2,0.85,Low,3.4,15.0,1.0
Upper West Side,West Village,04-06-2016,14:42,14,Afternoon,Saturday,1,Summer,2,1.55,Low,5.8,16.0,1.0
Upper West Side,Fort Greene,15-04-2016,19:50,19,Evening,Friday,0,Spring,1,2.02,High,6.3,19.2,1.8
Bedford-Stuyvesant,West Village,28-06-2016,20:56,20,Evening,Tuesday,0,Summer,1,6.75,Medium,26.6,15.2,1.3
Chelsea,West Village,19-01-2016,14:41,14,Afternoon,Tuesday,0,Winter,5,0.57,Low,1.9,18.0,1.0
Harlem,South Slope,12-01-2016,20:11,20,Evening,Tuesday,0,Winter,1,2.05,Medium,6.6,18.6,1.3
Upper West Side,Bedford-Stuyvesant,14-04-2016,01:13,1,Night,Thursday,0,Spring,1,0.81,Low,3.2,15.2,1.0
Upper West Side,Inwood,19-03-2016,00:58,0,Night,Saturday,1,Spring,3,1.44,Low,8.3,10.4,1.0
Chinatown,Chelsea,15-03-2016,11:32,11,Morning,Tuesday,0,Spring,1,1.85,Low,15.9,7.0,1.0
Upper West Side,East Harlem,07-02-2016,18:23,18,Evening,Sunday,1,Winter,1,2.74,High,8.8,18.7,1.8
Midtown,Harlem,02-02-2016,12:01,12,Afternoon,Tuesday,0,Winter,1,0.82,Low,10.3,4.8,1.0
Prince's Bay,Prince's Bay,22-05-2016,16:56,16,Afternoon,Sunday,1,Spring,1,22.38,Medium,61.7,21.8,1.3
Fort Greene,Inwood,03-06-2016,18:06,18,Evening,Friday,0,Summer,1,2.41,High,9.2,15.7,1.8
Arden Heights,Castleton Corners,26-04-2016,20:50,20,Evening,Tuesday,0,Spring,1,11.69,Medium,18.6,37.7,1.3
Bedford-Stuyvesant,Park Slope,14-05-2016,12:16,12,Afternoon,Saturday,1,Spring,1,1.36,Low,5.3,15.4,1.0
East Harlem,Park Slope,24-04-2016,15:56,15,Afternoon,Sunday,1,Spring,2,0.86,Low,10.0,5.2,1.0
Bensonhurst,Arverne,10-05-2016,08:25,8,Morning,Tuesday,0,Spring,1,1.11,High,5.7,11.7,1.8
Gravesend,Flatbush,07-04-2016,19:58,19,Evening,Thursday,0,Spring,5,4.2,High,17.3,14.6,1.8
Bedford-Stuyvesant,Bedford-Stuyvesant,26-05-2016,07:19,7,Morning,Thursday,0,Spring,1,4.31,Medium,31.7,8.2,1.3
Inwood,Fort Greene,04-06-2016,04:23,4,Night,Saturday,1,Summer,2,8.71,Low,17.0,30.7,1.0
Fort Greene,Harlem,19-04-2016,06:48,6,Morning,Tuesday,0,Spring,1,1.98,Low,6.9,17.2,1.0
Hell's Kitchen,Midtown,06-06-2016,15:55,15,Afternoon,Monday,0,Summer,1,2.23,Low,11.7,11.4,1.0
East Harlem,Upper West Side,29-06-2016,22:51,22,Evening,Wednesday,0,Summer,1,10.6,Low,34.2,18.6,1.0
South Slope,Hell's Kitchen,15-06-2016,21:41,21,Evening,Wednesday,0,Summer,1,8.16,Low,31.2,15.7,1.0
Harlem,Upper West Side,11-02-2016,23:36,23,Evening,Thursday,0,Winter,2,4.95,Low,21.3,13.9,1.0
Bedford-Stuyvesant,East Harlem,20-04-2016,02:09,2,Night,Wednesday,0,Spring,1,5.24,Low,13.4,23.5,1.0
Williamsburg,Upper West Side,01-03-2016,23:38,23,Evening,Tuesday,0,Spring,6,8.23,Low,19.0,26.0,1.0
Kensington,Williamsburg,12-05-2016,21:28,21,Evening,Thursday,0,Spring,1,3.89,Low,20.8,11.2,1.0
Hell's Kitchen,Bedford-Stuyvesant,29-02-2016,06:37,6,Morning,Monday,0,Winter,1,4.95,Low,9.2,32.3,1.0
Tottenville,Arden Heights,08-02-2016,21:54,21,Evening,Monday,0,Winter,1,24.92,Low,27.0,55.4,1.0
Harlem,Murray Hill,30-01-2016,16:06,16,Afternoon,Saturday,1,Winter,1,4.81,Medium,29.0,10.0,1.3
Kensington,Bedford-Stuyvesant,21-02-2016,16:11,16,Afternoon,Sunday,1,Winter,1,0.93,Medium,2.7,20.7,1.3
Park Slope,Harlem,01-05-2016,11:18,11,Morning,Sunday,1,Spring,4,2.37,Low,8.2,17.3,1.0
Midtown,East Harlem,25-01-2016,08:58,8,Morning,Monday,0,Winter,1,2.74,High,9.7,16.9,1.8
Harlem,Upper West Side,20-04-2016,22:30,22,Evening,Wednesday,0,Spring,1,3.26,Low,13.1,14.9,1.0
East Village,Fort Greene,08-01-2016,01:59,1,Night,Friday,0,Winter,1,2.02,Low,6.1,19.9,1.0
Flatbush,Bedford-Stuyvesant,15-05-2016,18:48,18,Evening,Sunday,1,Spring,1,3.32,High,13.8,14.4,1.8
South Slope,Chinatown,15-01-2016,09:23,9,Morning,Friday,0,Winter,1,1.36,High,6.9,11.8,1.8
Midtown,Harlem,17-02-2016,10:00,10,Morning,Wednesday,0,Winter,6,2.17,Medium,10.2,12.8,1.3
Upper West Side,Upper West Side,25-04-2016,18:21,18,Evening,Monday,0,Spring,1,1.67,High,3.4,29.5,1.8
West Village,South Slope,11-03-2016,17:22,17,Afternoon,Friday,0,Spring,1,0.99,High,4.6,12.9,1.8
Bedford-Stuyvesant,East Harlem,09-06-2016,22:47,22,Evening,Thursday,0,Summer,1,1.75,Low,12.3,8.5,1.0
Bedford-Stuyvesant,Upper West Side,25-02-2016,15:18,15,Afternoon,Thursday,0,Winter,1,0.8,Low,7.5,6.4,1.0
East Harlem,Fort Greene,18-05-2016,20:08,20,Evening,Wednesday,0,Spring,1,6.06,Medium,28.1,12.9,1.3
Upper West Side,Harlem,16-06-2016,08:46,8,Morning,Thursday,0,Summer,1,2.42,High,17.8,8.2,1.8
East Harlem,Midtown,13-05-2016,19:58,19,Evening,Friday,0,Spring,1,4.91,High,15.1,19.5,1.8
Inwood,East Harlem,14-05-2016,21:53,21,Evening,Saturday,1,Spring,1,4.01,Low,16.0,15.0,1.0
Murray Hill,East Harlem,23-06-2016,00:32,0,Night,Thursday,0,Summer,1,5.92,Low,16.2,21.9,1.0
South Slope,Bedford-Stuyvesant,17-04-2016,12:48,12,Afternoon,Sunday,1,Spring,1,3.73,Low,16.2,13.8,1.0
Harlem,Harlem,22-05-2016,08:06,8,Morning,Sunday,1,Spring,1,1.56,High,7.0,13.4,1.8
Hell's Kitchen,Inwood,18-02-2016,12:34,12,Afternoon,Thursday,0,Winter,2,1.07,Low,4.9,13.1,1.0
Harlem,East Harlem,21-05-2016,02:09,2,Night,Saturday,1,Spring,1,3.14,Low,7.2,26.2,1.0
Bedford-Stuyvesant,Upper West Side,20-05-2016,19:27,19,Evening,Friday,0,Spring,6,1.61,High,4.8,20.1,1.8
Upper West Side,Harlem,11-03-2016,16:05,16,Afternoon,Friday,0,Spring,1,2.17,Medium,9.5,13.7,1.3
Harlem,Inwood,13-02-2016,22:32,22,Evening,Saturday,1,Winter,1,1.92,Low,9.6,12.0,1.0
Bedford-Stuyvesant,East Harlem,27-06-2016,12:58,12,Afternoon,Monday,0,Summer,1,2.31,Low,10.3,13.5,1.0
Harlem,East Harlem,19-05-2016,21:45,21,Evening,Thursday,0,Spring,5,1.08,Low,5.6,11.6,1.0
Bedford-Stuyvesant,Chinatown,07-05-2016,12:22,12,Afternoon,Saturday,1,Spring,2,1.02,Low,7.5,8.2,1.0
East Harlem,Park Slope,26-05-2016,03:49,3,Night,Thursday,0,Spring,2,2.67,Low,5.8,27.6,1.0
South Slope,Chinatown,16-05-2016,11:11,11,Morning,Monday,0,Spring,1,1.44,Low,6.6,13.1,1.0
Harlem,East Harlem,22-01-2016,16:13,16,Afternoon,Friday,0,Winter,1,1.51,Medium,7.3,12.4,1.3
East Harlem,Crown Heights,08-05-2016,19:45,19,Evening,Sunday,1,Spring,1,1.42,High,6.3,13.5,1.8
East Harlem,Inwood,22-01-2016,20:10,20,Evening,Friday,0,Winter,2,2.0,Medium,16.2,7.4,1.3
Bedford-Stuyvesant,Inwood,07-01-2016,23:23,23,Evening,Thursday,0,Winter,1,3.58,Low,16.5,13.0,1.0
Harlem,Bedford-Stuyvesant,15-05-2016,01:05,1,Night,Sunday,1,Spring,1,4.45,Low,16.8,15.9,1.0
Bedford-Stuyvesant,South Slope,21-03-2016,11:54,11,Morning,Monday,0,Spring,1,1.48,Low,8.6,10.3,1.0
Bushwick,Bedford-Stuyvesant,18-01-2016,15:53,15,Afternoon,Monday,0,Winter,2,0.67,Low,1.7,23.6,1.0
Hell's Kitchen,Upper West Side,23-05-2016,15:53,15,Afternoon,Monday,0,Spring,2,3.61,Low,12.2,17.8,1.0
Bedford-Stuyvesant,Upper West Side,01-04-2016,02:24,2,Night,Friday,0,Spring,1,2.17,Low,6.8,19.1,1.0
Bedford-Stuyvesant,Clinton Hill,25-05-2016,14:04,14,Afternoon,Wednesday,0,Spring,1,1.9,Low,11.2,10.2,1.0
Bedford-Stuyvesant,Harlem,30-04-2016,03:28,3,Night,Saturday,1,Spring,1,10.74,Low,23.6,27.3,1.0
Upper West Side,Harlem,22-03-2016,10:16,10,Morning,Tuesday,0,Spring,1,1.69,Medium,15.3,6.6,1.3
Upper West Side,Upper West Side,28-01-2016,07:14,7,Morning,Thursday,0,Winter,1,0.96,Medium,5.5,10.5,1.3
East Harlem,Upper West Side,24-05-2016,13:14,13,Afternoon,Tuesday,0,Spring,1,3.87,Low,22.3,10.4,1.0
Murray Hill,Bedford-Stuyvesant,27-04-2016,06:26,6,Morning,Wednesday,0,Spring,1,1.44,Low,5.3,16.3,1.0
Upper West Side,Upper West Side,14-05-2016,23:39,23,Evening,Saturday,1,Spring,1,1.86,Low,13.5,8.3,1.0
Kensington,Inwood,13-04-2016,21:58,21,Evening,Wednesday,0,Spring,1,3.33,Low,12.2,16.4,1.0
Fort Greene,Midtown,22-01-2016,15:59,15,Afternoon,Friday,0,Winter,1,4.19,Low,18.2,13.8,1.0
Harlem,Harlem,06-02-2016,12:26,12,Afternoon,Saturday,1,Winter,3,2.43,Low,8.2,17.8,1.0
Bayswater,Sheepshead Bay,28-03-2016,07:24,7,Morning,Monday,0,Spring,1,5.17,Medium,18.2,17.0,1.3
Clinton Hill,East Harlem,20-06-2016,23:01,23,Evening,Monday,0,Summer,1,1.73,Low,4.7,22.1,1.0
East Harlem,Upper West Side,18-04-2016,13:54,13,Afternoon,Monday,0,Spring,2,3.6,Low,19.3,11.2,1.0
Upper West Side,Hell's Kitchen,05-03-2016,21:14,21,Evening,Saturday,1,Spring,2,11.35,Low,21.1,32.3,1.0
Upper West Side,Harlem,25-03-2016,17:40,17,Afternoon,Friday,0,Spring,1,1.15,High,4.8,14.4,1.8
Upper West Side,East Harlem,13-03-2016,13:40,13,Afternoon,Sunday,1,Spring,1,5.42,Low,14.5,22.4,1.0
Upper West Side,East Harlem,17-04-2016,09:36,9,Morning,Sunday,1,Spring,1,2.26,High,9.3,14.6,1.8
Bedford-Stuyvesant,Park Slope,29-06-2016,20:29,20,Evening,Wednesday,0,Summer,1,2.83,Medium,13.6,12.5,1.3
Upper West Side,Kensington,05-01-2016,13:08,13,Afternoon,Tuesday,0,Winter,1,1.24,Low,10.6,7.0,1.0
Kensington,South Slope,28-03-2016,12:30,12,Afternoon,Monday,0,Spring,1,5.56,Low,25.5,13.1,1.0
Bedford-Stuyvesant,Windsor Terrace,14-02-2016,23:09,23,Evening,Sunday,1,Winter,1,2.62,Low,12.0,13.1,1.0
Chinatown,Crown Heights,01-04-2016,05:39,5,Night,Friday,0,Spring,1,2.79,Low,7.2,23.2,1.0
Chinatown,Chinatown,24-03-2016,18:18,18,Evening,Thursday,0,Spring,1,1.41,High,10.9,7.8,1.8
Prospect-Lefferts Gardens,Upper West Side,22-06-2016,08:06,8,Morning,Wednesday,0,Summer,1,1.45,High,4.4,19.8,1.8
Bay Ridge,Arverne,03-03-2016,19:25,19,Evening,Thursday,0,Spring,2,2.11,High,14.9,8.5,1.8
Midtown,South Slope,11-01-2016,12:47,12,Afternoon,Monday,0,Winter,4,1.78,Low,8.1,13.2,1.0
East Harlem,South Slope,04-05-2016,22:42,22,Evening,Wednesday,0,Spring,1,1.76,Low,12.0,8.8,1.0
Arden Heights,Mariners Harbor,17-02-2016,11:10,11,Morning,Wednesday,0,Winter,6,13.59,Low,42.5,19.2,1.0
Midwood,Oakwood,30-05-2016,03:20,3,Night,Monday,0,Spring,1,15.07,Low,38.4,23.5,1.0
Harlem,East Harlem,17-01-2016,20:04,20,Evening,Sunday,1,Winter,2,1.44,Medium,5.2,16.6,1.3
South Slope,Upper West Side,13-03-2016,14:19,14,Afternoon,Sunday,1,Spring,2,1.58,Low,5.8,16.3,1.0
Harlem,Williamsburg,07-03-2016,06:53,6,Morning,Monday,0,Spring,1,2.5,Low,9.5,15.8,1.0
Upper West Side,Bedford-Stuyvesant,30-05-2016,03:00,3,Night,Monday,0,Spring,1,2.42,Low,6.0,24.2,1.0
Bedford-Stuyvesant,Greenpoint,15-04-2016,19:49,19,Evening,Friday,0,Spring,1,5.62,High,34.2,9.9,1.8
East Harlem,East Harlem,04-06-2016,19:44,19,Evening,Saturday,1,Summer,1,5.06,High,17.4,17.4,1.8
Harlem,Upper West Side,25-05-2016,14:03,14,Afternoon,Wednesday,0,Spring,1,1.71,Low,12.2,8.4,1.0
East Harlem,Upper West Side,03-03-2016,13:39,13,Afternoon,Thursday,0,Spring,1,1.81,Low,11.5,9.4,1.0
Bedford-Stuyvesant,Crown Heights,23-06-2016,22:33,22,Evening,Thursday,0,Summer,1,2.03,Low,13.0,9.4,1.0
Inwood,Upper West Side,27-03-2016,22:20,22,Evening,Sunday,1,Spring,1,6.33,Low,18.6,20.4,1.0
Chinatown,Kensington,19-04-2016,07:32,7,Morning,Tuesday,0,Spring,2,4.35,Medium,23.8,11.0,1.3
Bedford-Stuyvesant,Upper West Side,30-06-2016,21:20,21,Evening,Thursday,0,Summer,1,4.4,Low,12.0,22.0,1.0
Midtown,East Harlem,19-04-2016,14:46,14,Afternoon,Tuesday,0,Spring,2,4.49,Low,17.1,15.8,1.0
Harlem,Harlem,20-06-2016,21:12,21,Evening,Monday,0,Summer,6,1.94,Low,6.3,18.5,1.0
Upper West Side,Upper West Side,26-02-2016,19:44,19,Evening,Friday,0,Winter,1,5.91,High,18.1,19.6,1.8
Kensington,Hell's Kitchen,29-06-2016,18:02,18,Evening,Wednesday,0,Summer,1,2.46,High,17.8,8.3,1.8
Chinatown,Murray Hill,17-06-2016,17:49,17,Afternoon,Friday,0,Summer,5,7.66,High,25.4,18.1,1.8
Upper West Side,Fort Greene,21-06-2016,21:49,21,Evening,Tuesday,0,Summer,1,5.73,Low,17.8,19.3,1.0
East Harlem,Upper West Side,17-06-2016,02:35,2,Night,Friday,0,Summer,6,2.95,Low,4.0,44.2,1.0
West Village,Upper West Side,13-01-2016,06:49,6,Morning,Wednesday,0,Winter,1,2.84,Low,14.0,12.2,1.0
Bedford-Stuyvesant,Chelsea,22-05-2016,06:39,6,Morning,Sunday,1,Spring,1,1.2,Low,3.0,24.0,1.0
Crown Heights,Crown Heights,18-03-2016,23:53,23,Evening,Friday,0,Spring,2,4.48,Low,25.6,10.5,1.0
Arden Heights,Clifton,30-05-2016,19:27,19,Evening,Monday,0,Spring,1,9.74,High,21.2,27.6,1.8
Harlem,Bedford-Stuyvesant,22-06-2016,19:41,19,Evening,Wednesday,0,Summer,5,1.69,High,13.4,7.6,1.8
Chinatown,Fort Greene,27-06-2016,00:13,0,Night,Monday,0,Summer,2,2.41,Low,7.1,20.4,1.0
Sheepshead Bay,Concord,20-05-2016,11:40,11,Morning,Friday,0,Spring,1,2.86,Low,10.1,17.0,1.0
Hell's Kitchen,Hell's Kitchen,15-05-2016,11:09,11,Morning,Sunday,1,Spring,3,7.39,Low,17.0,26.1,1.0
Harlem,Harlem,16-03-2016,17:35,17,Afternoon,Wednesday,0,Spring,1,0.67,High,4.7,8.6,1.8
West Village,Fort Greene,21-04-2016,08:51,8,Morning,Thursday,0,Spring,1,0.87,High,12.8,4.1,1.8
Crown Heights,Bedford-Stuyvesant,12-01-2016,22:33,22,Evening,Tuesday,0,Winter,1,6.44,Low,29.2,13.2,1.0
Bedford-Stuyvesant,South Slope,21-05-2016,23:06,23,Evening,Saturday,1,Spring,1,0.94,Low,4.9,11.5,1.0
Kensington,Upper West Side,26-05-2016,09:02,9,Morning,Thursday,0,Spring,5,0.95,High,4.1,13.9,1.8
Oakwood,Bay Ridge,09-02-2016,20:26,20,Evening,Tuesday,0,Winter,1,13.52,Medium,22.4,36.2,1.3
Harlem,Clinton Hill,03-06-2016,08:47,8,Morning,Friday,0,Summer,4,8.45,High,33.1,15.3,1.8
Clinton Hill,Hell's Kitchen,02-02-2016,10:08,10,Morning,Tuesday,0,Winter,1,7.7,Medium,16.8,27.5,1.3
Chelsea,Hell's Kitchen,12-04-2016,10:32,10,Morning,Tuesday,0,Spring,1,2.49,Medium,15.3,9.8,1.3
Harlem,West Village,12-06-2016,20:36,20,Evening,Sunday,1,Summer,1,5.39,Medium,9.2,35.2,1.3
West Village,East Harlem,19-02-2016,12:20,12,Afternoon,Friday,0,Winter,1,1.25,Low,6.7,11.2,1.0
Murray Hill,Bedford-Stuyvesant,27-05-2016,18:08,18,Evening,Friday,0,Spring,5,2.95,High,19.1,9.3,1.8
Chelsea,Upper West Side,30-06-2016,15:45,15,Afternoon,Thursday,0,Summer,1,2.8,Low,15.7,10.7,1.0
Harlem,Park Slope,13-05-2016,09:19,9,Morning,Friday,0,Spring,1,1.99,High,21.4,5.6,1.8
Kensington,Kensington,11-01-2016,17:13,17,Afternoon,Monday,0,Winter,2,0.99,High,7.7,7.7,1.8
Clinton Hill,Kensington,22-04-2016,02:26,2,Night,Friday,0,Spring,2,2.55,Low,6.2,24.7,1.0
Midwood,Grymes Hill,27-02-2016,15:42,15,Afternoon,Saturday,1,Winter,1,0.8,Low,4.7,10.2,1.0
East Harlem,Bedford-Stuyvesant,07-04-2016,15:06,15,Afternoon,Thursday,0,Spring,2,1.65,Low,12.9,7.7,1.0
South Slope,Kensington,03-02-2016,06:15,6,Morning,Wednesday,0,Winter,1,6.03,Low,13.4,27.0,1.0
Bedford-Stuyvesant,South Slope,05-02-2016,00:18,0,Night,Friday,0,Winter,3,1.29,Low,3.1,25.0,1.0
Kensington,Kensington,05-04-2016,22:01,22,Evening,Tuesday,0,Spring,1,1.47,Low,5.9,14.9,1.0
East Harlem,Upper West Side,14-05-2016,03:33,3,Night,Saturday,1,Spring,5,6.39,Low,14.1,27.2,1.0
Upper West Side,Crown Heights,23-04-2016,18:42,18,Evening,Saturday,1,Spring,2,2.92,High,16.1,10.9,1.8
Chelsea,Upper West Side,17-06-2016,23:31,23,Evening,Friday,0,Summer,1,1.2,Low,4.9,14.7,1.0
Upper West Side,Bedford-Stuyvesant,08-02-2016,01:41,1,Night,Monday,0,Winter,1,4.36,Low,9.3,28.1,1.0
Harlem,Harlem,20-06-2016,14:13,14,Afternoon,Monday,0,Summer,2,2.37,Low,22.0,6.5,1.0
Tottenville,Tottenville,11-01-2016,19:44,19,Evening,Monday,0,Winter,3,9.91,High,12.2,48.7,1.8
Upper West Side,Upper West Side,21-06-2016,00:32,0,Night,Tuesday,0,Summer,1,4.02,Low,11.6,20.8,1.0
Bedford-Stuyvesant,East Harlem,08-06-2016,09:20,9,Morning,Wednesday,0,Summer,1,0.71,High,3.6,11.8,1.8
West Village,Bedford-Stuyvesant,25-05-2016,06:51,6,Morning,Wednesday,0,Spring,1,1.33,Low,2.0,39.9,1.0
Harlem,Murray Hill,10-06-2016,01:44,1,Night,Friday,0,Summer,1,1.89,Low,9.5,11.9,1.0
East Harlem,Harlem,17-04-2016,21:29,21,Evening,Sunday,1,Spring,1,3.5,Low,12.3,17.1,1.0
Clinton Hill,Kensington,22-04-2016,13:06,13,Afternoon,Friday,0,Spring,1,14.04,Low,49.0,17.2,1.0
Fort Greene,Upper West Side,20-03-2016,10:34,10,Morning,Sunday,1,Spring,2,1.35,Medium,5.0,16.2,1.3
Bedford-Stuyvesant,Upper West Side,04-02-2016,23:37,23,Evening,Thursday,0,Winter,1,5.04,Low,18.9,16.0,1.0
Kensington,Upper West Side,24-05-2016,12:41,12,Afternoon,Tuesday,0,Spring,1,3.93,Low,26.9,8.8,1.0
East Harlem,South Slope,27-01-2016,20:35,20,Evening,Wednesday,0,Winter,1,3.11,Medium,16.6,11.2,1.3
East Harlem,Harlem,16-06-2016,09:27,9,Morning,Thursday,0,Summer,1,2.63,High,16.6,9.5,1.8
Midwood,Sheepshead Bay,29-06-2016,15:38,15,Afternoon,Wednesday,0,Summer,1,1.44,Low,8.5,10.2,1.0
Arrochar,Bensonhurst,11-01-2016,15:17,15,Afternoon,Monday,0,Winter,1,2.66,Low,11.6,13.8,1.0
West Village,Upper West Side,07-06-2016,11:59,11,Morning,Tuesday,0,Summer,1,1.14,Low,7.4,9.2,1.0
Hell's Kitchen,Bedford-Stuyvesant,28-06-2016,13:57,13,Afternoon,Tuesday,0,Summer,1,1.79,Low,7.9,13.6,1.0
Crown Heights,Clinton Hill,22-01-2016,22:04,22,Evening,Friday,0,Winter,1,1.26,Low,10.8,7.0,1.0
Bedford-Stuyvesant,South Slope,09-02-2016,23:11,23,Evening,Tuesday,0,Winter,2,2.82,Low,7.2,23.5,1.0
Harlem,Midtown,09-04-2016,08:07,8,Morning,Saturday,1,Spring,4,8.14,High,19.7,24.8,1.8
Williamsburg,Murray Hill,18-03-2016,01:19,1,Night,Friday,0,Spring,5,6.15,Low,19.3,19.1,1.0
East Harlem,Upper West Side,02-05-2016,14:03,14,Afternoon,Monday,0,Spring,1,2.93,Low,14.8,11.9,1.0
Harlem,East Harlem,21-06-2016,11:53,11,Morning,Tuesday,0,Summer,1,0.28,Low,3.9,4.3,1.0
Inwood,South Slope,13-04-2016,23:15,23,Evening,Wednesday,0,Spring,1,5.93,Low,17.5,20.3,1.0
Murray Hill,Kensington,12-04-2016,13:59,13,Afternoon,Tuesday,0,Spring,2,2.85,Low,19.8,8.6,1.0
Park Slope,East Harlem,25-04-2016,07:41,7,Morning,Monday,0,Spring,1,1.08,Medium,4.0,16.2,1.3
Midwood,Castleton Corners,08-01-2016,13:19,13,Afternoon,Friday,0,Winter,5,1.02,Low,3.3,18.5,1.0
Bedford-Stuyvesant,Kensington,18-01-2016,18:13,18,Evening,Monday,0,Winter,1,2.41,High,8.5,17.0,1.8
Upper West Side,Inwood,20-06-2016,13:47,13,Afternoon,Monday,0,Summer,1,0.35,Low,2.0,10.5,1.0
Hell's Kitchen,East Harlem,30-06-2016,12:35,12,Afternoon,Thursday,0,Summer,1,0.84,Low,6.6,7.6,1.0
Upper West Side,Murray Hill,03-01-2016,15:10,15,Afternoon,Sunday,1,Winter,4,5.62,Low,25.8,13.1,1.0
Hell's Kitchen,Upper West Side,01-05-2016,20:54,20,Evening,Sunday,1,Spring,1,1.92,Medium,7.8,14.8,1.3
East Harlem,West Village,18-06-2016,09:55,9,Morning,Saturday,1,Summer,1,1.93,High,7.3,15.9,1.8
Upper West Side,Chinatown,09-02-2016,18:39,18,Evening,Tuesday,0,Winter,6,2.22,High,14.8,9.0,1.8
Clinton Hill,Hell's Kitchen,13-03-2016,05:12,5,Night,Sunday,1,Spring,1,3.78,Low,12.7,17.9,1.0
East Harlem,Bushwick,05-01-2016,18:51,18,Evening,Tuesday,0,Winter,4,5.31,High,33.1,9.6,1.8
East Harlem,Bedford-Stuyvesant,11-06-2016,13:33,13,Afternoon,Saturday,1,Summer,1,0.35,Low,8.5,2.5,1.0
East Harlem,Chelsea,04-02-2016,05:09,5,Night,Thursday,0,Winter,1,1.48,Low,2.8,31.7,1.0
Murray Hill,Harlem,25-05-2016,08:10,8,Morning,Wednesday,0,Spring,1,1.59,High,9.3,10.3,1.8
Windsor Terrace,Inwood,20-02-2016,01:47,1,Night,Saturday,1,Winter,5,4.42,Low,14.6,18.2,1.0
Upper West Side,Bedford-Stuyvesant,24-02-2016,08:16,8,Morning,Wednesday,0,Winter,1,0.69,High,4.0,10.4,1.8
Upper West Side,Greenpoint,31-01-2016,17:37,17,Afternoon,Sunday,1,Winter,1,2.49,High,8.6,17.4,1.8
South Slope,Harlem,02-01-2016,18:15,18,Evening,Saturday,1,Winter,1,3.22,High,10.6,18.2,1.8
Williamsburg,Park Slope,20-02-2016,12:03,12,Afternoon,Saturday,1,Winter,1,2.9,Low,21.6,8.1,1.0
Upper West Side,South Slope,09-06-2016,20:18,20,Evening,Thursday,0,Summer,1,1.72,Medium,8.2,12.6,1.3
Midwood,Arverne,09-03-2016,18:51,18,Evening,Wednesday,0,Spring,1,7.11,High,24.8,17.2,1.8
East Harlem,Bedford-Stuyvesant,23-05-2016,13:56,13,Afternoon,Monday,0,Spring,1,0.87,Low,6.6,7.9,1.0
Bedford-Stuyvesant,Bedford-Stuyvesant,29-04-2016,22:10,22,Evening,Friday,0,Spring,1,1.31,Low,14.6,5.4,1.0
Crown Heights,East Harlem,02-06-2016,12:46,12,Afternoon,Thursday,0,Summer,1,0.54,Low,12.2,2.7,1.0
Bedford-Stuyvesant,Park Slope,28-06-2016,21:53,21,Evening,Tuesday,0,Summer,1,1.08,Low,4.2,15.4,1.0
Upper West Side,Harlem,28-03-2016,07:10,7,Morning,Monday,0,Spring,1,3.38,Medium,10.1,20.1,1.3
Hell's Kitchen,Upper West Side,14-02-2016,20:14,20,Evening,Sunday,1,Winter,1,0.64,Medium,2.2,17.5,1.3
East Harlem,Harlem,16-05-2016,08:38,8,Morning,Monday,0,Spring,1,0.63,High,2.5,15.1,1.8
Harlem,East Harlem,26-04-2016,23:14,23,Evening,Tuesday,0,Spring,1,1.18,Low,4.2,16.9,1.0
Park Slope,Harlem,22-01-2016,09:14,9,Morning,Friday,0,Winter,1,3.28,High,21.6,9.1,1.8
Bedford-Stuyvesant,Flatbush,26-03-2016,20:16,20,Evening,Saturday,1,Spring,1,2.51,Medium,24.8,6.1,1.3
East Harlem,Bedford-Stuyvesant,11-01-2016,11:29,11,Morning,Monday,0,Winter,2,1.97,Low,12.7,9.3,1.0
Upper West Side,Bedford-Stuyvesant,23-05-2016,13:44,13,Afternoon,Monday,0,Spring,2,2.02,Low,9.8,12.4,1.0
Upper West Side,East Harlem,18-03-2016,12:23,12,Afternoon,Friday,0,Spring,3,2.24,Low,27.8,4.8,1.0
Harlem,Upper West Side,01-01-2016,01:50,1,Night,Friday,0,Winter,1,3.37,Low,11.5,17.6,1.0
Chinatown,Kensington,06-01-2016,15:12,15,Afternoon,Wednesday,0,Winter,1,2.07,Low,14.2,8.7,1.0
Bedford-Stuyvesant,Upper West Side,25-02-2016,07:30,7,Morning,Thursday,0,Winter,1,7.18,Medium,18.7,23.0,1.3
West Village,Crown Heights,20-06-2016,19:02,19,Evening,Monday,0,Summer,5,0.66,High,2.0,19.8,1.8
Bensonhurst,Arverne,10-05-2016,12:58,12,Afternoon,Tuesday,0,Spring,5,1.02,Low,7.8,7.8,1.0
Bedford-Stuyvesant,Inwood,13-02-2016,03:36,3,Night,Saturday,1,Winter,2,3.59,Low,6.2,34.7,1.0
Park Slope,Fort Greene,27-03-2016,20:12,20,Evening,Sunday,1,Spring,1,4.26,Medium,7.6,33.6,1.3
Harlem,Upper West Side,19-05-2016,20:51,20,Evening,Thursday,0,Spring,1,1.28,Medium,5.0,15.4,1.3
South Slope,Hell's Kitchen,18-04-2016,20:24,20,Evening,Monday,0,Spring,1,2.18,Medium,2.9,45.1,1.3
Midwood,Sheepshead Bay,11-04-2016,21:17,21,Evening,Monday,0,Spring,1,1.66,Low,7.6,13.1,1.0
Midwood,Tompkinsville,02-05-2016,22:17,22,Evening,Monday,0,Spring,4,0.87,Low,3.3,15.8,1.0
Kensington,Clinton Hill,16-06-2016,09:44,9,Morning,Thursday,0,Summer,2,2.09,High,19.0,6.6,1.8
Harlem,Harlem,15-06-2016,19:50,19,Evening,Wednesday,0,Summer,1,3.65,High,17.1,12.8,1.8
Harlem,Fort Greene,06-04-2016,16:54,16,Afternoon,Wednesday,0,Spring,2,2.86,Medium,15.3,11.2,1.3
East Harlem,Midtown,04-02-2016,09:18,9,Morning,Thursday,0,Winter,4,6.31,High,15.4,24.6,1.8
Bedford-Stuyvesant,Midtown,15-05-2016,14:51,14,Afternoon,Sunday,1,Spring,1,2.94,Low,13.4,13.2,1.0
Inwood,Harlem,07-04-2016,22:58,22,Evening,Thursday,0,Spring,3,3.47,Low,16.8,12.4,1.0
Hell's Kitchen,East Harlem,31-01-2016,02:04,2,Night,Sunday,1,Winter,1,3.22,Low,14.9,13.0,1.0
Harlem,South Slope,02-04-2016,03:14,3,Night,Saturday,1,Spring,1,5.59,Low,17.8,18.8,1.0
Midwood,Sheepshead Bay,29-01-2016,06:52,6,Morning,Friday,0,Winter,1,1.09,Low,3.1,21.1,1.0
South Slope,Fort Greene,19-02-2016,07:45,7,Morning,Friday,0,Winter,5,4.33,Medium,12.0,21.6,1.3
Upper West Side,Upper West Side,05-06-2016,18:30,18,Evening,Sunday,1,Summer,1,0.73,High,9.2,4.8,1.8
Kensington,Bedford-Stuyvesant,05-06-2016,19:16,19,Evening,Sunday,1,Summer,1,4.55,High,16.6,16.4,1.8
Midwood,"Bay Terrace, Staten Island",13-06-2016,08:41,8,Morning,Monday,0,Summer,2,11.79,High,33.5,21.1,1.8
East Harlem,Midtown,18-06-2016,15:53,15,Afternoon,Saturday,1,Summer,1,4.69,Low,19.5,14.4,1.0
Midwood,Arverne,21-01-2016,14:06,14,Afternoon,Thursday,0,Winter,2,3.73,Low,18.2,12.3,1.0
Upper West Side,Bedford-Stuyvesant,07-05-2016,02:02,2,Night,Saturday,1,Spring,3,1.63,Low,5.2,18.8,1.0
Harlem,Harlem,19-03-2016,14:13,14,Afternoon,Saturday,1,Spring,1,2.11,Low,12.4,10.2,1.0
West Village,Crown Heights,22-04-2016,23:45,23,Evening,Friday,0,Spring,1,2.5,Low,9.6,15.6,1.0
Inwood,Fort Greene,01-01-2016,14:05,14,Afternoon,Friday,0,Winter,1,3.22,Low,6.8,28.4,1.0
West Village,Murray Hill,09-05-2016,23:07,23,Evening,Monday,0,Spring,1,6.78,Low,14.3,28.4,1.0
South Slope,Upper West Side,21-03-2016,22:48,22,Evening,Monday,0,Spring,4,1.57,Low,6.5,14.5,1.0
Greenpoint,Upper West Side,12-02-2016,21:10,21,Evening,Friday,0,Winter,1,2.27,Low,16.8,8.1,1.0
East Harlem,Windsor Terrace,25-05-2016,16:40,16,Afternoon,Wednesday,0,Spring,1,3.58,Medium,10.3,20.9,1.3
Bedford-Stuyvesant,Harlem,12-02-2016,09:38,9,Morning,Friday,0,Winter,1,2.95,High,11.8,15.0,1.8
East Harlem,South Slope,01-02-2016,10:36,10,Morning,Monday,0,Winter,1,1.09,Medium,6.6,9.9,1.3
Arrochar,Midwood,26-05-2016,15:38,15,Afternoon,Thursday,0,Spring,1,5.36,Low,29.6,10.9,1.0
Kensington,Upper West Side,14-05-2016,19:50,19,Evening,Saturday,1,Spring,1,1.82,High,9.5,11.5,1.8
Fort Greene,South Slope,16-06-2016,08:38,8,Morning,Thursday,0,Summer,1,0.76,High,3.9,11.7,1.8
Crown Heights,Upper West Side,01-03-2016,20:41,20,Evening,Tuesday,0,Spring,1,2.68,Medium,9.8,16.4,1.3
Kensington,Bedford-Stuyvesant,10-01-2016,06:03,6,Morning,Sunday,1,Winter,1,0.68,Low,7.8,5.2,1.0
East Harlem,East Harlem,12-03-2016,14:58,14,Afternoon,Saturday,1,Spring,1,3.81,Low,18.9,12.1,1.0
Arden Heights,Rockaway Beach,17-02-2016,13:16,13,Afternoon,Wednesday,0,Winter,1,14.96,Low,30.5,29.4,1.0
South Slope,Kensington,22-01-2016,22:38,22,Evening,Friday,0,Winter,2,1.21,Low,8.2,8.9,1.0
Randall Manor,Sheepshead Bay,28-02-2016,10:35,10,Morning,Sunday,1,Winter,1,5.97,Medium,15.7,22.8,1.3
Oakwood,Coney Island,07-05-2016,19:50,19,Evening,Saturday,1,Spring,6,22.95,High,31.8,43.3,1.8
Kensington,West Village,14-05-2016,10:37,10,Morning,Saturday,1,Spring,2,4.27,Medium,20.6,12.4,1.3
Arverne,Westerleigh,24-05-2016,18:22,18,Evening,Tuesday,0,Spring,2,1.72,High,13.6,7.6,1.8
Harlem,Upper West Side,31-05-2016,12:22,12,Afternoon,Tuesday,0,Spring,1,2.0,Low,12.7,9.4,1.0
Upper West Side,Bedford-Stuyvesant,06-05-2016,18:01,18,Evening,Friday,0,Spring,1,4.8,High,21.8,13.2,1.8
Flatbush,Bensonhurst,18-01-2016,01:50,1,Night,Monday,0,Winter,6,1.33,Low,3.5,22.8,1.0
Harlem,Bedford-Stuyvesant,09-05-2016,13:37,13,Afternoon,Monday,0,Spring,2,7.9,Low,37.4,12.7,1.0
Williamsburg,Bedford-Stuyvesant,12-02-2016,19:07,19,Evening,Friday,0,Winter,1,1.52,High,13.1,7.0,1.8
South Slope,Upper West Side,31-05-2016,23:26,23,Evening,Tuesday,0,Spring,1,9.98,Low,19.6,30.6,1.0
Kensington,East Harlem,17-03-2016,22:51,22,Evening,Thursday,0,Spring,1,1.26,Low,11.1,6.8,1.0
Lower East Side,South Slope,16-03-2016,09:17,9,Morning,Wednesday,0,Spring,1,1.85,High,9.3,11.9,1.8
West Village,East Harlem,13-01-2016,22:33,22,Evening,Wednesday,0,Winter,1,0.88,Low,5.6,9.4,1.0
Sheepshead Bay,Arverne,20-06-2016,20:21,20,Evening,Monday,0,Summer,1,0.39,Medium,1.7,13.8,1.3
Clinton Hill,South Slope,31-01-2016,02:34,2,Night,Sunday,1,Winter,1,0.08,Low,1.7,2.8,1.0
Harlem,Lower East Side,25-03-2016,21:46,21,Evening,Friday,0,Spring,5,1.13,Low,8.1,8.4,1.0
East Harlem,Upper West Side,02-04-2016,00:23,0,Night,Saturday,1,Spring,2,4.43,Low,14.7,18.1,1.0
Park Slope,Midtown,14-04-2016,20:50,20,Evening,Thursday,0,Spring,2,2.5,Medium,11.3,13.3,1.3
South Slope,Fort Greene,26-06-2016,21:26,21,Evening,Sunday,1,Summer,1,5.81,Low,16.0,21.8,1.0
Bedford-Stuyvesant,Clinton Hill,15-04-2016,08:59,8,Morning,Friday,0,Spring,1,2.65,High,7.3,21.8,1.8
Crown Heights,Upper West Side,11-05-2016,22:58,22,Evening,Wednesday,0,Spring,1,3.34,Low,9.0,22.3,1.0
East Harlem,Hell's Kitchen,02-05-2016,02:33,2,Night,Monday,0,Spring,1,8.65,Low,20.0,26.0,1.0
Crown Heights,East Harlem,24-03-2016,15:17,15,Afternoon,Thursday,0,Spring,1,3.65,Low,15.4,14.2,1.0
Tottenville,Huguenot,28-05-2016,14:26,14,Afternoon,Saturday,1,Spring,1,16.07,Low,26.2,36.8,1.0
Tottenville,Eltingville,13-02-2016,13:26,13,Afternoon,Saturday,1,Winter,1,24.09,Low,25.8,56.0,1.0
West Village,Park Slope,19-01-2016,08:53,8,Morning,Tuesday,0,Winter,1,2.8,High,11.3,14.9,1.8
East Harlem,South Slope,08-04-2016,09:15,9,Morning,Friday,0,Spring,2,2.84,High,11.0,15.5,1.8
South Slope,Williamsburg,25-04-2016,18:22,18,Evening,Monday,0,Spring,1,1.9,High,11.7,9.7,1.8
East Harlem,Chinatown,07-04-2016,02:28,2,Night,Thursday,0,Spring,1,1.93,Low,5.1,22.7,1.0
Windsor Terrace,Upper West Side,04-06-2016,20:22,20,Evening,Saturday,1,Summer,1,2.1,Medium,8.9,14.2,1.3
Upper West Side,Chinatown,11-06-2016,00:54,0,Night,Saturday,1,Summer,2,6.3,Low,19.0,19.9,1.0
Kensington,Midtown,18-03-2016,20:25,20,Evening,Friday,0,Spring,1,3.77,Medium,11.6,19.5,1.3
Upper West Side,Harlem,30-03-2016,08:10,8,Morning,Wednesday,0,Spring,1,3.82,High,14.1,16.3,1.8
Upper West Side,Hell's Kitchen,06-01-2016,08:32,8,Morning,Wednesday,0,Winter,1,3.14,High,18.1,10.4,1.8
Harlem,Harlem,24-01-2016,21:07,21,Evening,Sunday,1,Winter,1,1.8,Low,6.9,15.7,1.0
Murray Hill,East Harlem,15-02-2016,19:40,19,Evening,Monday,0,Winter,1,2.95,High,13.8,12.8,1.8
Williamsburg,Clinton Hill,02-03-2016,09:52,9,Morning,Wednesday,0,Spring,1,0.91,High,12.7,4.3,1.8
Park Slope,East Harlem,18-04-2016,21:10,21,Evening,Monday,0,Spring,1,0.97,Low,1.8,32.3,1.0
Bath Beach,Midwood,23-03-2016,12:16,12,Afternoon,Wednesday,0,Spring,1,0.98,Low,6.8,8.6,1.0
East Harlem,Inwood,29-02-2016,20:56,20,Evening,Monday,0,Winter,1,1.59,Medium,8.1,11.8,1.3
East Harlem,Kensington,19-06-2016,18:48,18,Evening,Sunday,1,Summer,1,1.48,High,8.0,11.1,1.8
Harlem,Upper West Side,08-02-2016,20:32,20,Evening,Monday,0,Winter,1,2.12,Medium,6.9,18.4,1.3
Windsor Terrace,Bedford-Stuyvesant,01-05-2016,08:01,8,Morning,Sunday,1,Spring,1,2.84,High,14.2,12.0,1.8
Bedford-Stuyvesant,Clinton Hill,08-03-2016,00:09,0,Night,Tuesday,0,Spring,1,2.18,Low,10.5,12.5,1.0
East Harlem,Murray Hill,28-03-2016,14:14,14,Afternoon,Monday,0,Spring,1,1.46,Low,3.6,24.3,1.0
Upper West Side,Park Slope,27-03-2016,19:51,19,Evening,Sunday,1,Spring,1,6.06,High,22.0,16.5,1.8
Arverne,Fort Hamilton,08-03-2016,08:25,8,Morning,Tuesday,0,Spring,1,2.27,High,9.5,14.3,1.8
Williamsburg,Williamsburg,10-04-2016,02:18,2,Night,Sunday,1,Spring,1,0.99,Low,5.4,11.0,1.0
Harlem,Upper West Side,16-04-2016,17:43,17,Afternoon,Saturday,1,Spring,1,3.53,High,13.6,15.6,1.8
Midtown,Park Slope,22-06-2016,09:15,9,Morning,Wednesday,0,Summer,1,2.94,High,10.9,16.2,1.8
East Harlem,Chinatown,14-05-2016,23:37,23,Evening,Saturday,1,Spring,4,1.24,Low,4.8,15.5,1.0
Midtown,Inwood,03-04-2016,02:14,2,Night,Sunday,1,Spring,1,1.56,Low,5.1,18.4,1.0
Midtown,Fort Greene,11-06-2016,23:16,23,Evening,Saturday,1,Summer,1,2.62,Low,7.8,20.2,1.0
Arden Heights,Midwood,22-06-2016,10:38,10,Morning,Wednesday,0,Summer,1,12.83,Medium,34.8,22.1,1.3
Bedford-Stuyvesant,Williamsburg,30-04-2016,04:06,4,Night,Saturday,1,Spring,1,2.21,Low,9.9,13.4,1.0
Hell's Kitchen,East Harlem,19-03-2016,23:18,23,Evening,Saturday,1,Spring,1,3.3,Low,12.8,15.5,1.0
Upper West Side,Fort Greene,01-02-2016,19:39,19,Evening,Monday,0,Winter,1,3.66,High,17.6,12.5,1.8
Harlem,East Harlem,13-01-2016,20:44,20,Evening,Wednesday,0,Winter,1,2.98,Medium,10.8,16.6,1.3
Bedford-Stuyvesant,Upper West Side,09-06-2016,14:09,14,Afternoon,Thursday,0,Summer,1,1.41,Low,9.0,9.4,1.0
Harlem,East Harlem,14-06-2016,18:59,18,Evening,Tuesday,0,Summer,4,5.31,High,16.6,19.2,1.8
Harlem,West Village,07-06-2016,19:55,19,Evening,Tuesday,0,Summer,1,3.79,High,13.3,17.1,1.8
Harlem,Midtown,05-03-2016,22:14,22,Evening,Saturday,1,Spring,1,1.99,Low,5.5,21.7,1.0
Arrochar,Gravesend,25-04-2016,08:28,8,Morning,Monday,0,Spring,1,9.38,High,17.9,31.4,1.8
Chinatown,Bedford-Stuyvesant,26-06-2016,18:22,18,Evening,Sunday,1,Summer,1,2.22,High,3.8,35.1,1.8
Chinatown,Harlem,29-02-2016,16:45,16,Afternoon,Monday,0,Winter,1,0.58,Medium,4.7,7.4,1.3
"Bay Terrace, Staten Island",Gravesend,19-03-2016,21:44,21,Evening,Saturday,1,Spring,1,11.49,Low,30.2,22.8,1.0
Inwood,East Harlem,29-03-2016,18:30,18,Evening,Tuesday,0,Spring,1,7.48,High,21.8,20.6,1.8
Bedford-Stuyvesant,East Harlem,27-06-2016,08:09,8,Morning,Monday,0,Summer,1,6.16,High,30.9,12.0,1.8
Crown Heights,Bedford-Stuyvesant,17-06-2016,22:56,22,Evening,Friday,0,Summer,1,14.34,Low,32.8,26.2,1.0
Fort Greene,Harlem,03-06-2016,20:45,20,Evening,Friday,0,Summer,1,2.26,Medium,11.3,12.0,1.3
Tottenville,Prince's Bay,05-04-2016,01:45,1,Night,Tuesday,0,Spring,2,27.22,Low,33.6,48.6,1.0
Tottenville,Huguenot,15-01-2016,12:41,12,Afternoon,Friday,0,Winter,1,18.53,Low,32.3,34.4,1.0
Park Slope,Midtown,06-03-2016,22:21,22,Evening,Sunday,1,Spring,1,2.47,Low,8.8,16.8,1.0
Upper West Side,Inwood,20-06-2016,23:10,23,Evening,Monday,0,Summer,5,2.52,Low,19.6,7.7,1.0
Hell's Kitchen,Fort Greene,08-01-2016,08:24,8,Morning,Friday,0,Winter,1,1.4,High,8.1,10.4,1.8
Kensington,Bedford-Stuyvesant,21-05-2016,23:03,23,Evening,Saturday,1,Spring,3,5.81,Low,15.9,21.9,1.0
Bedford-Stuyvesant,Harlem,01-05-2016,00:18,0,Night,Sunday,1,Spring,3,10.52,Low,25.1,25.1,1.0
Murray Hill,Inwood,16-06-2016,08:14,8,Morning,Thursday,0,Summer,2,1.35,High,6.5,12.5,1.8
Greenpoint,Inwood,27-04-2016,16:17,16,Afternoon,Wednesday,0,Spring,1,2.61,Medium,12.0,13.0,1.3
Inwood,Harlem,09-04-2016,19:44,19,Evening,Saturday,1,Spring,3,3.29,High,13.6,14.5,1.8
East Harlem,Upper West Side,18-05-2016,13:57,13,Afternoon,Wednesday,0,Spring,1,2.2,Low,7.4,17.8,1.0
Upper West Side,Kensington,01-04-2016,20:30,20,Evening,Friday,0,Spring,1,0.83,Medium,8.3,6.0,1.3
Upper West Side,Upper West Side,19-02-2016,20:55,20,Evening,Friday,0,Winter,1,3.68,Medium,12.3,18.0,1.3
Clinton Hill,Kensington,16-03-2016,00:13,0,Night,Wednesday,0,Spring,5,16.11,Low,34.1,28.3,1.0
Bedford-Stuyvesant,Hell's Kitchen,15-05-2016,13:49,13,Afternoon,Sunday,1,Spring,1,4.01,Low,23.4,10.3,1.0
Fort Greene,Bedford-Stuyvesant,26-06-2016,00:11,0,Night,Sunday,1,Summer,2,1.12,Low,11.7,5.7,1.0
Murray Hill,Fort Greene,27-05-2016,09:59,9,Morning,Friday,0,Spring,1,1.61,High,16.6,5.8,1.8
Bedford-Stuyvesant,Upper West Side,04-05-2016,14:30,14,Afternoon,Wednesday,0,Spring,2,1.84,Low,5.8,19.0,1.0
Hell's Kitchen,Kensington,23-04-2016,16:47,16,Afternoon,Saturday,1,Spring,1,3.07,Medium,14.9,12.4,1.3
Fort Greene,Hell's Kitchen,30-01-2016,11:57,11,Morning,Saturday,1,Winter,2,5.47,Low,21.1,15.6,1.0
Upper West Side,Fort Greene,19-03-2016,06:30,6,Morning,Saturday,1,Spring,1,2.62,Low,5.0,31.4,1.0
Harlem,East Harlem,08-01-2016,14:16,14,Afternoon,Friday,0,Winter,1,1.11,Low,8.0,8.3,1.0
Upper West Side,Harlem,27-04-2016,14:33,14,Afternoon,Wednesday,0,Spring,1,0.47,Low,0.8,35.2,1.0
Park Slope,Hell's Kitchen,28-05-2016,22:31,22,Evening,Saturday,1,Spring,1,3.36,Low,10.2,19.8,1.0
Chelsea,Harlem,12-05-2016,06:52,6,Morning,Thursday,0,Spring,1,1.48,Low,2.6,34.2,1.0
Murray Hill,Clinton Hill,30-06-2016,10:13,10,Morning,Thursday,0,Summer,1,0.9,Medium,10.2,5.3,1.3
West Village,Midtown,14-05-2016,02:55,2,Night,Saturday,1,Spring,3,1.38,Low,4.3,19.3,1.0
Crown Heights,Harlem,14-05-2016,19:58,19,Evening,Saturday,1,Spring,1,3.95,High,15.6,15.2,1.8
Midwood,Arverne,10-01-2016,10:43,10,Morning,Sunday,1,Winter,1,3.36,Medium,10.8,18.7,1.3
Fort Greene,Greenpoint,21-01-2016,01:16,1,Night,Thursday,0,Winter,1,5.58,Low,15.7,21.3,1.0
Murray Hill,Kensington,06-01-2016,18:43,18,Evening,Wednesday,0,Winter,2,1.79,High,10.1,10.6,1.8
Hell's Kitchen,East Harlem,04-05-2016,20:31,20,Evening,Wednesday,0,Spring,1,1.74,Medium,4.9,21.3,1.3
Hell's Kitchen,Williamsburg,24-02-2016,19:28,19,Evening,Wednesday,0,Winter,2,1.1,High,4.2,15.7,1.8
Bedford-Stuyvesant,Midtown,03-01-2016,01:54,1,Night,Sunday,1,Winter,1,5.13,Low,17.5,17.6,1.0
Harlem,Upper West Side,12-03-2016,17:26,17,Afternoon,Saturday,1,Spring,2,8.35,High,32.2,15.6,1.8
Upper West Side,East Harlem,11-05-2016,22:38,22,Evening,Wednesday,0,Spring,1,3.41,Low,9.4,21.8,1.0
Bedford-Stuyvesant,Harlem,01-01-2016,00:08,0,Night,Friday,0,Winter,1,4.29,Low,14.1,18.3,1.0
Upper West Side,Kensington,14-01-2016,18:04,18,Evening,Thursday,0,Winter,1,2.22,High,12.4,10.7,1.8
Upper West Side,East Harlem,30-01-2016,02:03,2,Night,Saturday,1,Winter,1,2.24,Low,5.8,23.2,1.0
Hell's Kitchen,East Harlem,12-02-2016,18:56,18,Evening,Friday,0,Winter,2,5.35,High,16.0,20.1,1.8
Inwood,Park Slope,15-06-2016,00:11,0,Night,Wednesday,0,Summer,1,2.5,Low,11.3,13.3,1.0
Murray Hill,Chinatown,04-06-2016,19:53,19,Evening,Saturday,1,Summer,5,1.03,High,4.3,14.4,1.8
Midtown,South Slope,20-05-2016,12:47,12,Afternoon,Friday,0,Spring,1,5.52,Low,29.8,11.1,1.0
Chelsea,Crown Heights,03-02-2016,09:29,9,Morning,Wednesday,0,Winter,1,1.57,High,14.9,6.3,1.8
Bedford-Stuyvesant,Park Slope,22-04-2016,22:58,22,Evening,Friday,0,Spring,1,4.66,Low,19.9,14.1,1.0
Rockaway Beach,Sheepshead Bay,26-01-2016,18:47,18,Evening,Tuesday,0,Winter,1,2.12,High,20.8,6.1,1.8
East Harlem,South Slope,08-04-2016,16:19,16,Afternoon,Friday,0,Spring,1,1.89,Medium,9.4,12.1,1.3
Upper West Side,Upper West Side,01-05-2016,12:57,12,Afternoon,Sunday,1,Spring,1,2.28,Low,9.6,14.2,1.0
East Harlem,Williamsburg,25-05-2016,00:31,0,Night,Wednesday,0,Spring,1,7.21,Low,18.2,23.8,1.0
Fort Greene,East Harlem,05-01-2016,09:34,9,Morning,Tuesday,0,Winter,1,1.23,High,8.5,8.7,1.8
Clinton Hill,East Harlem,03-04-2016,17:00,17,Afternoon,Sunday,1,Spring,1,1.97,High,17.4,6.8,1.8
Park Slope,Upper West Side,11-03-2016,20:34,20,Evening,Friday,0,Spring,1,1.44,Medium,9.8,8.8,1.3
Harlem,Hell's Kitchen,26-05-2016,00:30,0,Night,Thursday,0,Spring,1,1.21,Low,4.3,16.9,1.0
Chinatown,Williamsburg,18-01-2016,11:55,11,Morning,Monday,0,Winter,1,0.84,Low,4.5,11.2,1.0
Harlem,Prospect-Lefferts Gardens,07-04-2016,21:15,21,Evening,Thursday,0,Spring,1,2.61,Low,19.7,7.9,1.0
Arden Heights,Arverne,25-03-2016,22:54,22,Evening,Friday,0,Spring,2,10.95,Low,22.6,29.1,1.0
Hell's Kitchen,Kensington,18-03-2016,20:35,20,Evening,Friday,0,Spring,1,0.65,Medium,1.7,22.9,1.3
Bedford-Stuyvesant,Harlem,29-04-2016,19:56,19,Evening,Friday,0,Spring,2,2.08,High,7.0,17.8,1.8
Flatbush,East Harlem,09-06-2016,13:42,13,Afternoon,Thursday,0,Summer,1,5.89,Low,51.0,6.9,1.0
Eltingville,Great Kills,20-03-2016,12:13,12,Afternoon,Sunday,1,Spring,2,21.52,Low,31.9,40.5,1.0
Chinatown,Bedford-Stuyvesant,10-01-2016,13:50,13,Afternoon,Sunday,1,Winter,1,1.08,Low,6.2,10.5,1.0
Clinton Hill,Park Slope,10-04-2016,01:30,1,Night,Sunday,1,Spring,1,0.44,Low,7.5,3.5,1.0
East Harlem,Upper West Side,18-02-2016,22:38,22,Evening,Thursday,0,Winter,6,9.57,Low,21.7,26.5,1.0
Harlem,Midtown,24-05-2016,07:57,7,Morning,Tuesday,0,Spring,2,1.52,Medium,8.1,11.3,1.3
Harlem,Crown Heights,01-05-2016,01:09,1,Night,Sunday,1,Spring,1,6.48,Low,16.4,23.7,1.0
Upper West Side,Midtown,11-01-2016,22:03,22,Evening,Monday,0,Winter,2,1.27,Low,7.0,10.9,1.0
Williamsburg,Upper West Side,01-02-2016,15:47,15,Afternoon,Monday,0,Winter,1,1.74,Low,9.3,11.2,1.0
Harlem,Bedford-Stuyvesant,01-01-2016,00:33,0,Night,Friday,0,Winter,1,3.48,Low,16.5,12.7,1.0
Hell's Kitchen,West Village,17-01-2016,16:19,16,Afternoon,Sunday,1,Winter,1,4.12,Medium,9.4,26.3,1.3
Midtown,Kensington,12-06-2016,21:42,21,Evening,Sunday,1,Summer,2,1.99,Low,7.0,17.1,1.0
Clinton Hill,West Village,03-04-2016,12:29,12,Afternoon,Sunday,1,Spring,1,1.41,Low,8.3,10.2,1.0
Bedford-Stuyvesant,Inwood,16-04-2016,23:24,23,Evening,Saturday,1,Spring,1,2.98,Low,9.2,19.4,1.0
Midwood,Bath Beach,12-01-2016,18:45,18,Evening,Tuesday,0,Winter,1,4.77,High,24.8,11.5,1.8
Upper West Side,Hell's Kitchen,02-04-2016,07:50,7,Morning,Saturday,1,Spring,1,1.14,Medium,4.9,14.0,1.3
Arden Heights,Great Kills,13-04-2016,13:06,13,Afternoon,Wednesday,0,Spring,1,13.01,Low,44.0,17.7,1.0
West Village,Park Slope,10-03-2016,23:42,23,Evening,Thursday,0,Spring,4,1.94,Low,9.9,11.8,1.0
Prospect-Lefferts Gardens,Harlem,07-05-2016,23:40,23,Evening,Saturday,1,Spring,1,5.13,Low,39.8,7.7,1.0
East Harlem,Midtown,05-03-2016,18:44,18,Evening,Saturday,1,Spring,1,2.1,High,12.5,10.1,1.8
Upper West Side,East Harlem,27-02-2016,10:06,10,Morning,Saturday,1,Winter,5,1.37,Medium,7.1,11.6,1.3
Hell's Kitchen,Harlem,07-01-2016,17:17,17,Afternoon,Thursday,0,Winter,1,2.88,High,17.3,10.0,1.8
Inwood,Fort Greene,15-03-2016,00:25,0,Night,Tuesday,0,Spring,1,10.05,Low,28.2,21.4,1.0
Harlem,Crown Heights,12-04-2016,16:56,16,Afternoon,Tuesday,0,Spring,1,4.57,Medium,13.7,20.0,1.3
Bedford-Stuyvesant,South Slope,17-06-2016,03:05,3,Night,Friday,0,Summer,4,2.55,Low,7.7,19.9,1.0
West Village,East Harlem,07-05-2016,15:38,15,Afternoon,Saturday,1,Spring,1,0.82,Low,7.2,6.8,1.0
Hell's Kitchen,Harlem,16-03-2016,18:42,18,Evening,Wednesday,0,Spring,2,2.49,High,6.4,23.3,1.8
Harlem,Harlem,21-01-2016,18:32,18,Evening,Thursday,0,Winter,2,1.82,High,8.4,13.0,1.8
Murray Hill,South Slope,26-02-2016,12:35,12,Afternoon,Friday,0,Winter,1,7.51,Low,27.4,16.4,1.0
Hell's Kitchen,Park Slope,23-04-2016,20:39,20,Evening,Saturday,1,Spring,1,2.06,Medium,15.6,7.9,1.3
Bedford-Stuyvesant,Kensington,18-01-2016,09:14,9,Morning,Monday,0,Winter,1,0.85,High,3.0,17.0,1.8
Harlem,Harlem,07-06-2016,08:18,8,Morning,Tuesday,0,Summer,1,3.02,High,10.4,17.4,1.8
Harlem,Bedford-Stuyvesant,11-01-2016,20:18,20,Evening,Monday,0,Winter,5,3.06,Medium,13.8,13.3,1.3
East Harlem,East Harlem,04-02-2016,10:52,10,Morning,Thursday,0,Winter,1,3.78,Medium,22.8,9.9,1.3
Harlem,Bedford-Stuyvesant,13-04-2016,16:40,16,Afternoon,Wednesday,0,Spring,2,2.14,Medium,7.8,16.5,1.3
Chinatown,Bedford-Stuyvesant,01-06-2016,21:25,21,Evening,Wednesday,0,Summer,1,4.8,Low,12.1,23.8,1.0
Upper West Side,Harlem,16-02-2016,19:21,19,Evening,Tuesday,0,Winter,1,0.67,High,3.4,11.8,1.8
Harlem,Upper West Side,09-05-2016,11:36,11,Morning,Monday,0,Spring,1,1.55,Low,6.2,15.0,1.0
Williamsburg,East Harlem,04-01-2016,07:13,7,Morning,Monday,0,Winter,1,0.88,Medium,4.8,11.0,1.3
Inwood,East Harlem,26-03-2016,02:29,2,Night,Saturday,1,Spring,1,0.47,Low,4.0,7.0,1.0
Oakwood,Coney Island,19-06-2016,14:50,14,Afternoon,Sunday,1,Summer,1,5.66,Low,16.4,20.7,1.0
West Village,Williamsburg,22-06-2016,21:54,21,Evening,Wednesday,0,Summer,1,1.94,Low,3.6,32.3,1.0
Upper West Side,East Harlem,10-04-2016,20:17,20,Evening,Sunday,1,Spring,1,0.99,Medium,3.0,19.8,1.3
South Slope,East Harlem,15-02-2016,16:50,16,Afternoon,Monday,0,Winter,1,3.3,Medium,14.1,14.0,1.3
Clifton,Bensonhurst,30-06-2016,07:30,7,Morning,Thursday,0,Summer,1,0.85,Medium,1.9,26.8,1.3
Fort Greene,Midtown,28-05-2016,17:26,17,Afternoon,Saturday,1,Spring,1,0.56,High,0.9,37.3,1.8
Williamsburg,East Village,28-05-2016,13:53,13,Afternoon,Saturday,1,Spring,2,3.4,Low,11.7,17.4,1.0
East Harlem,South Slope,03-01-2016,23:10,23,Evening,Sunday,1,Winter,2,3.89,Low,6.4,36.5,1.0
Upper West Side,Bedford-Stuyvesant,17-02-2016,11:08,11,Morning,Wednesday,0,Winter,1,1.29,Low,6.4,12.1,1.0
Greenpoint,West Village,13-06-2016,22:03,22,Evening,Monday,0,Summer,1,2.2,Low,10.4,12.7,1.0
Upper West Side,South Slope,03-03-2016,02:08,2,Night,Thursday,0,Spring,1,0.72,Low,8.0,5.4,1.0
Upper West Side,Upper West Side,22-03-2016,07:30,7,Morning,Tuesday,0,Spring,1,1.6,Medium,9.8,9.8,1.3
South Slope,Bedford-Stuyvesant,12-02-2016,14:58,14,Afternoon,Friday,0,Winter,5,2.4,Low,14.8,9.7,1.0
Bedford-Stuyvesant,Upper West Side,14-02-2016,10:01,10,Morning,Sunday,1,Winter,1,8.25,Medium,24.1,20.5,1.3
Prince's Bay,"Bay Terrace, Staten Island",22-04-2016,10:06,10,Morning,Friday,0,Spring,6,25.09,Medium,62.4,24.1,1.3
Murray Hill,South Slope,19-02-2016,19:54,19,Evening,Friday,0,Winter,1,1.17,High,7.0,10.0,1.8
South Slope,Bedford-Stuyvesant,18-03-2016,19:22,19,Evening,Friday,0,Spring,2,1.32,High,9.0,8.8,1.8
Arverne,Far Rockaway,15-01-2016,13:33,13,Afternoon,Friday,0,Winter,2,1.6,Low,11.0,8.7,1.0
Upper West Side,East Harlem,27-02-2016,12:24,12,Afternoon,Saturday,1,Winter,1,1.6,Low,5.9,16.3,1.0
South Slope,Crown Heights,05-02-2016,09:53,9,Morning,Friday,0,Winter,1,2.79,High,29.6,5.7,1.8
Inwood,Midtown,12-05-2016,16:27,16,Afternoon,Thursday,0,Spring,1,1.14,Medium,17.7,3.9,1.3
Fort Greene,Fort Greene,04-01-2016,15:55,15,Afternoon,Monday,0,Winter,1,0.53,Low,1.9,16.7,1.0
East Harlem,Williamsburg,18-03-2016,23:18,23,Evening,Friday,0,Spring,1,3.55,Low,20.3,10.5,1.0
East Harlem,East Harlem,05-02-2016,17:37,17,Afternoon,Friday,0,Winter,1,1.62,High,5.7,17.1,1.8
Tottenville,Woodrow,16-06-2016,21:28,21,Evening,Thursday,0,Summer,1,3.06,Low,7.8,23.5,1.0
Bedford-Stuyvesant,Kensington,08-01-2016,00:21,0,Night,Friday,0,Winter,1,13.3,Low,16.4,48.7,1.0
Clinton Hill,East Harlem,25-02-2016,07:16,7,Morning,Thursday,0,Winter,6,7.23,Medium,16.8,25.8,1.3
Bedford-Stuyvesant,Bedford-Stuyvesant,25-06-2016,20:42,20,Evening,Saturday,1,Summer,2,1.78,Medium,4.4,24.3,1.3
Upper West Side,East Harlem,03-03-2016,20:06,20,Evening,Thursday,0,Spring,1,0.79,Medium,10.0,4.7,1.3
Chelsea,Kensington,26-05-2016,00:25,0,Night,Thursday,0,Spring,1,12.68,Low,27.9,27.3,1.0
Fort Greene,Bedford-Stuyvesant,06-03-2016,14:23,14,Afternoon,Sunday,1,Spring,2,4.4,Low,12.5,21.1,1.0
East Harlem,Bedford-Stuyvesant,26-04-2016,07:23,7,Morning,Tuesday,0,Spring,1,1.87,Medium,8.2,13.7,1.3
Bedford-Stuyvesant,Bedford-Stuyvesant,16-06-2016,12:17,12,Afternoon,Thursday,0,Summer,1,1.29,Low,15.4,5.0,1.0
Kensington,West Village,14-03-2016,21:57,21,Evening,Monday,0,Spring,2,1.09,Low,4.6,14.2,1.0
Fort Greene,Upper West Side,23-06-2016,21:21,21,Evening,Thursday,0,Summer,3,4.4,Low,21.2,12.5,1.0
Bedford-Stuyvesant,Bedford-Stuyvesant,25-03-2016,02:09,2,Night,Friday,0,Spring,1,1.38,Low,4.8,17.2,1.0
Dyker Heights,Sea Gate,03-06-2016,14:43,14,Afternoon,Friday,0,Summer,1,14.62,Low,33.1,26.5,1.0
Bedford-Stuyvesant,Upper West Side,14-06-2016,15:16,15,Afternoon,Tuesday,0,Summer,3,2.67,Low,7.6,21.1,1.0
Bedford-Stuyvesant,West Village,13-06-2016,19:00,19,Evening,Monday,0,Summer,1,1.76,High,11.0,9.6,1.8
Bedford-Stuyvesant,Upper West Side,29-04-2016,21:26,21,Evening,Friday,0,Spring,2,1.19,Low,5.0,14.3,1.0
East Harlem,East Harlem,13-01-2016,09:09,9,Morning,Wednesday,0,Winter,1,2.37,High,13.0,10.9,1.8
Upper West Side,East Harlem,07-04-2016,21:34,21,Evening,Thursday,0,Spring,1,16.42,Low,35.0,28.1,1.0
Kensington,Bedford-Stuyvesant,08-04-2016,15:04,15,Afternoon,Friday,0,Spring,2,5.74,Low,22.9,15.0,1.0
East Harlem,Upper West Side,15-01-2016,20:33,20,Evening,Friday,0,Winter,2,3.93,Medium,13.2,17.9,1.3
Upper West Side,Bedford-Stuyvesant,07-02-2016,23:36,23,Evening,Sunday,1,Winter,2,1.21,Low,5.4,13.4,1.0
Clinton Hill,Harlem,06-06-2016,19:20,19,Evening,Monday,0,Summer,1,0.63,High,4.7,8.0,1.8
East Harlem,Crown Heights,17-01-2016,01:58,1,Night,Sunday,1,Winter,1,1.28,Low,6.2,12.4,1.0
Fort Greene,Harlem,22-03-2016,17:19,17,Afternoon,Tuesday,0,Spring,1,3.06,High,17.4,10.6,1.8
Upper West Side,Harlem,27-06-2016,16:18,16,Afternoon,Monday,0,Summer,1,2.67,Medium,10.9,14.7,1.3
Park Slope,Murray Hill,10-02-2016,08:07,8,Morning,Wednesday,0,Winter,1,2.17,High,8.7,15.0,1.8
Hell's Kitchen,Bedford-Stuyvesant,17-01-2016,03:29,3,Night,Sunday,1,Winter,5,0.37,Low,2.4,9.2,1.0
Upper West Side,Midtown,26-03-2016,12:25,12,Afternoon,Saturday,1,Spring,1,3.53,Low,13.3,15.9,1.0
Upper West Side,Crown Heights,09-01-2016,12:09,12,Afternoon,Saturday,1,Winter,2,3.56,Low,14.6,14.6,1.0
Arden Heights,Sheepshead Bay,21-01-2016,20:12,20,Evening,Thursday,0,Winter,2,9.17,Medium,22.7,24.2,1.3
Fort Greene,Williamsburg,19-06-2016,18:13,18,Evening,Sunday,1,Summer,1,1.11,High,3.2,20.8,1.8
Bedford-Stuyvesant,East Harlem,07-01-2016,14:47,14,Afternoon,Thursday,0,Winter,1,1.82,Low,12.9,8.5,1.0
Bayswater,Bensonhurst,21-01-2016,11:34,11,Morning,Thursday,0,Winter,1,1.66,Low,11.5,8.7,1.0
East Harlem,Upper West Side,14-02-2016,12:19,12,Afternoon,Sunday,1,Winter,1,2.63,Low,4.0,39.4,1.0
Clinton Hill,East Harlem,05-02-2016,18:24,18,Evening,Friday,0,Winter,1,3.03,High,12.7,14.3,1.8
Arverne,Flatlands,05-04-2016,10:51,10,Morning,Tuesday,0,Spring,5,1.67,Medium,14.3,7.0,1.3
Kensington,Harlem,15-03-2016,14:41,14,Afternoon,Tuesday,0,Spring,1,4.34,Low,20.9,12.5,1.0
East Harlem,Harlem,23-02-2016,19:53,19,Evening,Tuesday,0,Winter,1,11.03,High,31.2,21.2,1.8
Tottenville,Tottenville,04-06-2016,01:29,1,Night,Saturday,1,Summer,1,26.85,Low,29.1,55.4,1.0
Fort Greene,Midtown,26-01-2016,23:46,23,Evening,Tuesday,0,Winter,1,1.77,Low,8.0,13.3,1.0
Harlem,Harlem,30-03-2016,15:38,15,Afternoon,Wednesday,0,Spring,1,7.22,Low,17.5,24.8,1.0
Hell's Kitchen,Upper West Side,14-03-2016,13:35,13,Afternoon,Monday,0,Spring,1,1.88,Low,8.5,13.3,1.0
Williamsburg,Kensington,18-03-2016,02:49,2,Night,Friday,0,Spring,1,20.95,Low,24.5,51.3,1.0
Kensington,Williamsburg,01-05-2016,09:08,9,Morning,Sunday,1,Spring,6,4.81,High,25.3,11.4,1.8
Bensonhurst,Bensonhurst,13-01-2016,07:17,7,Morning,Wednesday,0,Winter,1,2.47,Medium,11.3,13.1,1.3
Edgemere,Midwood,08-06-2016,14:37,14,Afternoon,Wednesday,0,Summer,3,6.83,Low,32.2,12.7,1.0
Bedford-Stuyvesant,Upper West Side,01-05-2016,19:15,19,Evening,Sunday,1,Spring,1,1.36,High,5.5,14.8,1.8
Bedford-Stuyvesant,Murray Hill,02-03-2016,07:33,7,Morning,Wednesday,0,Spring,1,3.96,Medium,17.3,13.7,1.3
South Slope,South Slope,17-06-2016,10:17,10,Morning,Friday,0,Summer,1,1.4,Medium,8.8,9.5,1.3
Midtown,Murray Hill,29-04-2016,13:33,13,Afternoon,Friday,0,Spring,2,0.93,Low,7.4,7.5,1.0
Tottenville,Eltingville,23-02-2016,16:51,16,Afternoon,Tuesday,0,Winter,5,21.37,Medium,54.3,23.6,1.3
Clinton Hill,South Slope,20-06-2016,11:55,11,Morning,Monday,0,Summer,1,0.65,Low,9.6,4.1,1.0
East Harlem,Chinatown,19-06-2016,19:13,19,Evening,Sunday,1,Summer,1,9.35,High,21.0,26.7,1.8
Upper West Side,Hell's Kitchen,11-01-2016,05:59,5,Night,Monday,0,Winter,1,7.19,Low,10.1,42.7,1.0
Harlem,Bedford-Stuyvesant,10-06-2016,01:30,1,Night,Friday,0,Summer,1,2.65,Low,10.0,15.9,1.0
West Village,Hell's Kitchen,21-06-2016,07:56,7,Morning,Tuesday,0,Summer,1,2.7,Medium,8.5,19.1,1.3
West Village,West Village,29-04-2016,00:18,0,Night,Friday,0,Spring,1,1.39,Low,7.9,10.6,1.0
Woodrow,Great Kills,11-01-2016,17:01,17,Afternoon,Monday,0,Winter,1,25.94,High,41.0,38.0,1.8
Upper West Side,South Slope,13-04-2016,21:33,21,Evening,Wednesday,0,Spring,4,8.16,Low,36.0,13.6,1.0
East Harlem,Harlem,03-04-2016,23:20,23,Evening,Sunday,1,Spring,1,1.6,Low,5.4,17.8,1.0
East Harlem,East Harlem,20-01-2016,14:41,14,Afternoon,Wednesday,0,Winter,2,1.53,Low,9.2,10.0,1.0
East Harlem,Upper West Side,19-04-2016,12:20,12,Afternoon,Tuesday,0,Spring,1,2.49,Low,22.5,6.6,1.0
Prince's Bay,Eltingville,23-04-2016,10:05,10,Morning,Saturday,1,Spring,1,12.91,Medium,20.2,38.3,1.3
Tottenville,Rossville,11-02-2016,17:41,17,Afternoon,Thursday,0,Winter,4,24.54,High,56.3,26.2,1.8
Bedford-Stuyvesant,Harlem,16-01-2016,15:01,15,Afternoon,Saturday,1,Winter,5,0.69,Low,3.3,12.5,1.0
East Harlem,Harlem,09-01-2016,19:24,19,Evening,Saturday,1,Winter,1,6.07,High,23.4,15.6,1.8
Harlem,Upper West Side,23-03-2016,21:11,21,Evening,Wednesday,0,Spring,1,1.63,Low,9.2,10.6,1.0
Kensington,Inwood,04-05-2016,21:03,21,Evening,Wednesday,0,Spring,2,1.08,Low,4.0,16.2,1.0
Bedford-Stuyvesant,Harlem,08-03-2016,22:37,22,Evening,Tuesday,0,Spring,1,1.26,Low,9.0,8.4,1.0
South Slope,West Village,22-01-2016,18:12,18,Evening,Friday,0,Winter,1,0.38,High,2.9,7.9,1.8
Bedford-Stuyvesant,Murray Hill,04-03-2016,20:40,20,Evening,Friday,0,Spring,1,3.65,Medium,29.0,7.6,1.3
Bedford-Stuyvesant,Chinatown,19-02-2016,16:01,16,Afternoon,Friday,0,Winter,1,1.14,Medium,8.4,8.1,1.3
Fort Greene,Greenpoint,30-01-2016,01:14,1,Night,Saturday,1,Winter,1,1.8,Low,6.1,17.7,1.0
Bedford-Stuyvesant,Upper West Side,30-04-2016,19:56,19,Evening,Saturday,1,Spring,1,3.12,High,11.8,15.9,1.8
Williamsburg,Harlem,17-06-2016,17:28,17,Afternoon,Friday,0,Summer,1,6.85,High,18.8,21.9,1.8
Midtown,East Harlem,30-06-2016,13:47,13,Afternoon,Thursday,0,Summer,1,3.43,Low,22.7,9.1,1.0
Park Slope,South Slope,16-04-2016,23:09,23,Evening,Saturday,1,Spring,1,1.06,Low,3.7,17.2,1.0
Harlem,Kensington,25-04-2016,14:50,14,Afternoon,Monday,0,Spring,1,23.14,Low,48.9,28.4,1.0
Harlem,Fort Greene,19-02-2016,17:31,17,Afternoon,Friday,0,Winter,1,2.0,High,10.2,11.8,1.8
Upper West Side,Murray Hill,13-01-2016,20:03,20,Evening,Wednesday,0,Winter,1,2.58,Medium,10.7,14.5,1.3
Harlem,Harlem,21-04-2016,14:21,14,Afternoon,Thursday,0,Spring,1,1.2,Low,16.7,4.3,1.0
Upper West Side,West Village,01-05-2016,10:56,10,Morning,Sunday,1,Spring,2,3.01,Medium,18.6,9.7,1.3
Harlem,Upper West Side,21-01-2016,16:47,16,Afternoon,Thursday,0,Winter,6,3.13,Medium,26.2,7.2,1.3
Tottenville,Great Kills,01-03-2016,06:14,6,Morning,Tuesday,0,Spring,2,26.65,Low,53.4,29.9,1.0
Bedford-Stuyvesant,Chinatown,02-06-2016,17:09,17,Afternoon,Thursday,0,Summer,2,0.5,High,7.6,3.9,1.8
Murray Hill,South Slope,03-01-2016,06:48,6,Morning,Sunday,1,Winter,1,0.65,Low,1.8,21.7,1.0
East Village,Williamsburg,06-02-2016,01:17,1,Night,Saturday,1,Winter,1,0.18,Low,0.7,15.4,1.0
Clinton Hill,West Village,14-05-2016,04:41,4,Night,Saturday,1,Spring,1,1.57,Low,3.5,26.9,1.0
Windsor Terrace,Harlem,09-01-2016,22:22,22,Evening,Saturday,1,Winter,3,1.31,Low,8.7,9.0,1.0
Fort Greene,Upper West Side,27-01-2016,21:52,21,Evening,Wednesday,0,Winter,1,1.65,Low,2.6,38.1,1.0
South Slope,East Harlem,31-05-2016,04:24,4,Night,Tuesday,0,Spring,1,0.69,Low,3.6,11.5,1.0
Harlem,Harlem,04-05-2016,17:59,17,Afternoon,Wednesday,0,Spring,6,2.11,High,22.5,5.6,1.8
South Slope,Clinton Hill,19-01-2016,18:05,18,Evening,Tuesday,0,Winter,1,2.95,High,14.9,11.9,1.8
Murray Hill,Windsor Terrace,27-05-2016,19:29,19,Evening,Friday,0,Spring,2,1.32,High,8.5,9.3,1.8
Kensington,Bedford-Stuyvesant,28-01-2016,10:18,10,Morning,Thursday,0,Winter,2,3.92,Medium,28.7,8.2,1.3
Arden Heights,Sheepshead Bay,09-03-2016,19:11,19,Evening,Wednesday,0,Spring,1,15.62,High,34.3,27.3,1.8
Upper West Side,East Harlem,23-04-2016,15:10,15,Afternoon,Saturday,1,Spring,2,1.06,Low,2.6,24.5,1.0
Midtown,Harlem,06-03-2016,00:57,0,Night,Sunday,1,Spring,1,4.86,Low,11.4,25.6,1.0
Bedford-Stuyvesant,Harlem,18-03-2016,08:52,8,Morning,Friday,0,Spring,2,1.25,High,5.2,14.4,1.8
Harlem,Harlem,25-02-2016,09:29,9,Morning,Thursday,0,Winter,1,1.39,High,19.6,4.3,1.8
Upper West Side,East Harlem,29-03-2016,17:54,17,Afternoon,Tuesday,0,Spring,5,2.27,High,8.6,15.8,1.8
Kensington,Harlem,11-03-2016,12:54,12,Afternoon,Friday,0,Spring,5,4.22,Low,23.8,10.6,1.0
Inwood,Harlem,29-03-2016,13:46,13,Afternoon,Tuesday,0,Spring,1,3.36,Low,21.0,9.6,1.0
East Harlem,Midtown,09-01-2016,00:37,0,Night,Saturday,1,Winter,5,4.15,Low,9.6,25.9,1.0
Arden Heights,Bay Ridge,27-04-2016,17:09,17,Afternoon,Wednesday,0,Spring,1,15.14,High,44.3,20.5,1.8
Chelsea,Upper West Side,09-06-2016,16:21,16,Afternoon,Thursday,0,Summer,3,1.03,Medium,5.3,11.7,1.3
Midtown,Bedford-Stuyvesant,04-05-2016,10:09,10,Morning,Wednesday,0,Spring,3,2.27,Medium,14.0,9.7,1.3
Bedford-Stuyvesant,Clinton Hill,04-03-2016,17:01,17,Afternoon,Friday,0,Spring,1,2.21,High,10.1,13.1,1.8
Rosebank,Arverne,05-05-2016,15:57,15,Afternoon,Thursday,0,Spring,1,1.61,Low,17.9,5.4,1.0
Harlem,South Slope,11-04-2016,22:47,22,Evening,Monday,0,Spring,1,1.53,Low,6.2,14.8,1.0
Harlem,Chelsea,14-03-2016,15:35,15,Afternoon,Monday,0,Spring,1,1.1,Low,10.4,6.3,1.0
Upper West Side,East Harlem,08-01-2016,11:11,11,Morning,Friday,0,Winter,1,0.6,Low,2.9,12.4,1.0
Upper West Side,Midtown,24-06-2016,06:00,6,Morning,Friday,0,Summer,6,0.65,Low,10.8,3.6,1.0
Murray Hill,East Harlem,27-03-2016,11:53,11,Morning,Sunday,1,Spring,5,0.73,Low,1.2,36.5,1.0
Harlem,South Slope,20-01-2016,21:35,21,Evening,Wednesday,0,Winter,2,1.05,Low,6.2,10.2,1.0
Upper West Side,Bedford-Stuyvesant,29-01-2016,22:18,22,Evening,Friday,0,Winter,2,1.54,Low,7.1,13.0,1.0
East Harlem,Chinatown,15-04-2016,10:27,10,Morning,Friday,0,Spring,1,2.0,Medium,12.0,10.0,1.3
Kensington,Harlem,29-01-2016,20:30,20,Evening,Friday,0,Winter,1,2.99,Medium,19.9,9.0,1.3
Bedford-Stuyvesant,Hell's Kitchen,23-06-2016,03:04,3,Night,Thursday,0,Summer,2,3.12,Low,15.5,12.1,1.0
Harlem,Harlem,16-01-2016,23:15,23,Evening,Saturday,1,Winter,6,2.84,Low,7.0,24.3,1.0
Todt Hill,Borough Park,14-03-2016,08:09,8,Morning,Monday,0,Spring,1,3.6,High,18.8,11.5,1.8
Oakwood,Sheepshead Bay,11-05-2016,15:48,15,Afternoon,Wednesday,0,Spring,4,11.69,Low,48.2,14.6,1.0
East Harlem,Fort Greene,10-06-2016,11:50,11,Morning,Friday,0,Summer,1,1.85,Low,16.1,6.9,1.0
Upper West Side,Midtown,23-05-2016,20:19,20,Evening,Monday,0,Spring,5,0.75,Medium,2.2,20.5,1.3
Harlem,Bedford-Stuyvesant,10-01-2016,22:41,22,Evening,Sunday,1,Winter,1,2.3,Low,21.6,6.4,1.0
South Slope,Crown Heights,07-05-2016,07:14,7,Morning,Saturday,1,Spring,1,5.12,Medium,17.3,17.8,1.3
Inwood,Bedford-Stuyvesant,11-02-2016,11:59,11,Morning,Thursday,0,Winter,1,4.15,Low,27.0,9.2,1.0
Kensington,East Harlem,10-03-2016,17:27,17,Afternoon,Thursday,0,Spring,1,2.82,High,13.4,12.6,1.8
East Harlem,Bedford-Stuyvesant,08-04-2016,21:35,21,Evening,Friday,0,Spring,1,9.02,Low,29.6,18.3,1.0
Hell's Kitchen,West Village,04-04-2016,09:02,9,Morning,Monday,0,Spring,2,1.15,High,5.8,11.9,1.8
Bath Beach,Arden Heights,09-03-2016,15:09,15,Afternoon,Wednesday,0,Spring,1,9.99,Low,29.0,20.7,1.0
Murray Hill,Harlem,17-03-2016,01:10,1,Night,Thursday,0,Spring,1,10.79,Low,19.2,33.7,1.0
Bedford-Stuyvesant,East Harlem,22-06-2016,19:47,19,Evening,Wednesday,0,Summer,3,2.52,High,6.4,23.6,1.8
Kensington,Bedford-Stuyvesant,27-05-2016,17:44,17,Afternoon,Friday,0,Spring,1,1.25,High,5.4,13.9,1.8
Upper West Side,Clinton Hill,26-05-2016,07:55,7,Morning,Thursday,0,Spring,1,1.72,Medium,7.5,13.8,1.3
Williamsburg,Hell's Kitchen,07-05-2016,22:51,22,Evening,Saturday,1,Spring,1,1.24,Low,4.4,16.9,1.0
East Harlem,Bedford-Stuyvesant,25-03-2016,17:45,17,Afternoon,Friday,0,Spring,1,9.68,High,33.7,17.2,1.8
Sheepshead Bay,"Bay Terrace, Staten Island",01-02-2016,18:09,18,Evening,Monday,0,Winter,5,9.14,High,31.8,17.2,1.8
South Slope,East Harlem,23-05-2016,11:40,11,Morning,Monday,0,Spring,1,2.02,Low,8.6,14.1,1.0
Upper West Side,Park Slope,12-06-2016,16:43,16,Afternoon,Sunday,1,Summer,1,2.49,Medium,9.7,15.4,1.3
Bedford-Stuyvesant,Hell's Kitchen,25-04-2016,08:40,8,Morning,Monday,0,Spring,1,2.5,High,12.9,11.6,1.8
Williamsburg,Bedford-Stuyvesant,08-05-2016,01:01,1,Night,Sunday,1,Spring,5,5.06,Low,17.6,17.2,1.0
Murray Hill,Crown Heights,29-01-2016,00:49,0,Night,Friday,0,Winter,1,2.46,Low,9.2,16.0,1.0
Midwood,Fort Hamilton,14-01-2016,23:44,23,Evening,Thursday,0,Winter,1,2.36,Low,7.4,19.1,1.0
Harlem,Upper West Side,13-05-2016,22:58,22,Evening,Friday,0,Spring,1,3.15,Low,12.2,15.5,1.0
West Village,Upper West Side,15-05-2016,19:23,19,Evening,Sunday,1,Spring,1,0.99,High,3.8,15.6,1.8
Fort Greene,East Harlem,20-02-2016,14:45,14,Afternoon,Saturday,1,Winter,6,2.34,Low,7.0,20.1,1.0
West Village,Upper West Side,16-01-2016,21:30,21,Evening,Saturday,1,Winter,1,3.06,Low,11.0,16.7,1.0
East Harlem,Midtown,05-04-2016,15:36,15,Afternoon,Tuesday,0,Spring,1,3.18,Low,16.4,11.6,1.0
Hell's Kitchen,Harlem,07-01-2016,08:43,8,Morning,Thursday,0,Winter,1,2.71,High,28.6,5.7,1.8
West Village,Upper West Side,25-04-2016,19:35,19,Evening,Monday,0,Spring,5,2.67,High,15.4,10.4,1.8
Inwood,Upper West Side,01-05-2016,21:01,21,Evening,Sunday,1,Spring,1,2.58,Low,12.8,12.1,1.0
Far Rockaway,Arverne,08-01-2016,13:43,13,Afternoon,Friday,0,Winter,1,0.71,Low,3.4,12.5,1.0
Bedford-Stuyvesant,Park Slope,30-04-2016,22:56,22,Evening,Saturday,1,Spring,1,2.19,Low,17.9,7.3,1.0
East Harlem,Upper West Side,13-03-2016,22:01,22,Evening,Sunday,1,Spring,5,6.33,Low,11.7,32.5,1.0
Arverne,Midwood,13-05-2016,13:24,13,Afternoon,Friday,0,Spring,1,1.53,Low,12.3,7.5,1.0
Castleton Corners,Bull's Head,09-05-2016,11:16,11,Morning,Monday,0,Spring,1,2.64,Low,17.1,9.3,1.0
Upper West Side,Murray Hill,08-05-2016,10:58,10,Morning,Sunday,1,Spring,1,2.79,Medium,7.0,23.9,1.3
Chinatown,Harlem,12-05-2016,06:38,6,Morning,Thursday,0,Spring,1,1.63,Low,4.9,20.0,1.0
Bedford-Stuyvesant,Harlem,22-04-2016,22:12,22,Evening,Friday,0,Spring,4,1.73,Low,10.4,10.0,1.0
Bedford-Stuyvesant,Inwood,27-06-2016,22:27,22,Evening,Monday,0,Summer,2,2.45,Low,12.6,11.7,1.0
East Harlem,Upper West Side,01-02-2016,05:33,5,Night,Monday,0,Winter,1,9.94,Low,17.0,35.1,1.0
Upper West Side,East Harlem,20-06-2016,21:56,21,Evening,Monday,0,Summer,1,4.31,Low,9.4,27.5,1.0
Kensington,East Harlem,25-02-2016,19:20,19,Evening,Thursday,0,Winter,1,2.63,High,14.9,10.6,1.8
Harlem,Clinton Hill,07-05-2016,08:48,8,Morning,Saturday,1,Spring,1,1.63,High,5.6,17.5,1.8
Harlem,Hell's Kitchen,28-04-2016,20:05,20,Evening,Thursday,0,Spring,1,1.66,Medium,6.3,15.8,1.3
Kensington,Upper West Side,04-04-2016,11:12,11,Morning,Monday,0,Spring,2,0.92,Low,5.6,9.9,1.0
Murray Hill,South Slope,20-03-2016,12:31,12,Afternoon,Sunday,1,Spring,2,2.95,Low,10.1,17.5,1.0
Chinatown,Upper West Side,24-05-2016,09:02,9,Morning,Tuesday,0,Spring,6,1.59,High,13.5,7.1,1.8
Inwood,Upper West Side,16-01-2016,02:59,2,Night,Saturday,1,Winter,5,6.88,Low,20.9,19.8,1.0
Kensington,East Harlem,31-03-2016,10:00,10,Morning,Thursday,0,Spring,1,2.06,Medium,4.9,25.2,1.3
West Village,East Harlem,19-03-2016,09:44,9,Morning,Saturday,1,Spring,1,1.35,High,3.5,23.1,1.8
Park Slope,Upper West Side,09-05-2016,11:08,11,Morning,Monday,0,Spring,1,5.86,Low,30.1,11.7,1.0
East Harlem,Harlem,10-03-2016,08:14,8,Morning,Thursday,0,Spring,5,1.88,High,8.9,12.7,1.8
Inwood,Windsor Terrace,26-03-2016,18:31,18,Evening,Saturday,1,Spring,1,4.39,High,17.8,14.8,1.8
East Harlem,Fort Greene,09-04-2016,07:33,7,Morning,Saturday,1,Spring,1,1.19,Medium,2.2,32.5,1.3
South Slope,East Harlem,12-01-2016,23:34,23,Evening,Tuesday,0,Winter,1,5.17,Low,7.8,39.8,1.0
Bedford-Stuyvesant,Crown Heights,16-06-2016,19:19,19,Evening,Thursday,0,Summer,1,3.05,High,18.9,9.7,1.8
Prince's Bay,Woodrow,20-04-2016,20:27,20,Evening,Wednesday,0,Spring,5,25.99,Medium,39.5,39.5,1.3
Arden Heights,Sheepshead Bay,16-06-2016,10:57,10,Morning,Thursday,0,Summer,1,11.11,Medium,59.7,11.2,1.3
Williamsburg,Bedford-Stuyvesant,19-04-2016,13:02,13,Afternoon,Tuesday,0,Spring,1,2.98,Low,7.1,25.2,1.0
East Harlem,East Harlem,27-04-2016,20:28,20,Evening,Wednesday,0,Spring,1,4.88,Medium,18.4,15.9,1.3
Upper West Side,Upper West Side,02-05-2016,09:30,9,Morning,Monday,0,Spring,1,0.96,High,4.7,12.3,1.8
East Harlem,Clinton Hill,20-03-2016,20:28,20,Evening,Sunday,1,Spring,2,5.93,Medium,13.2,27.0,1.3
Murray Hill,Fort Greene,13-02-2016,03:27,3,Night,Saturday,1,Winter,2,1.87,Low,5.6,20.0,1.0
Fort Greene,Bedford-Stuyvesant,07-03-2016,20:37,20,Evening,Monday,0,Spring,1,2.9,Medium,11.6,15.0,1.3
Upper West Side,Midtown,02-02-2016,00:54,0,Night,Tuesday,0,Winter,1,7.47,Low,31.8,14.1,1.0
Midwood,Midwood,21-01-2016,10:18,10,Morning,Thursday,0,Winter,1,1.14,Medium,7.0,9.8,1.3
East Harlem,Upper West Side,14-02-2016,16:31,16,Afternoon,Sunday,1,Winter,1,3.54,Medium,15.0,14.2,1.3
Chelsea,Crown Heights,26-03-2016,15:15,15,Afternoon,Saturday,1,Spring,1,1.02,Low,3.8,16.1,1.0
South Slope,Bedford-Stuyvesant,23-02-2016,20:27,20,Evening,Tuesday,0,Winter,1,0.89,Medium,1.8,29.7,1.3
Harlem,Fort Greene,20-03-2016,10:38,10,Morning,Sunday,1,Spring,2,2.29,Medium,9.0,15.3,1.3
Midtown,East Harlem,05-01-2016,18:45,18,Evening,Tuesday,0,Winter,1,1.07,High,5.7,11.3,1.8
Clinton Hill,East Harlem,31-05-2016,14:07,14,Afternoon,Tuesday,0,Spring,1,4.25,Low,22.2,11.5,1.0
Upper West Side,Williamsburg,13-06-2016,00:20,0,Night,Monday,0,Summer,2,3.23,Low,8.2,23.6,1.0
South Slope,Park Slope,06-02-2016,10:59,10,Morning,Saturday,1,Winter,2,2.07,Medium,13.7,9.1,1.3
East Harlem,Murray Hill,08-06-2016,20:00,20,Evening,Wednesday,0,Summer,5,7.95,Medium,18.0,26.5,1.3
Midwood,Rossville,28-06-2016,22:35,22,Evening,Tuesday,0,Summer,1,14.91,Low,59.5,15.0,1.0
Bensonhurst,Bayswater,07-04-2016,10:47,10,Morning,Thursday,0,Spring,1,1.57,Medium,10.4,9.1,1.3
Harlem,South Slope,10-01-2016,13:49,13,Afternoon,Sunday,1,Winter,1,1.34,Low,4.8,16.8,1.0
Williamsburg,Bedford-Stuyvesant,09-04-2016,01:37,1,Night,Saturday,1,Spring,2,13.14,Low,18.8,41.9,1.0
Inwood,Bedford-Stuyvesant,08-06-2016,21:32,21,Evening,Wednesday,0,Summer,1,7.95,Low,45.4,10.5,1.0
Bensonhurst,Far Rockaway,31-03-2016,09:46,9,Morning,Thursday,0,Spring,1,1.11,High,5.3,12.6,1.8
Chinatown,Bedford-Stuyvesant,12-04-2016,16:33,16,Afternoon,Tuesday,0,Spring,2,1.88,Medium,14.7,7.7,1.3
Harlem,Crown Heights,16-04-2016,10:48,10,Morning,Saturday,1,Spring,1,4.11,Medium,14.1,17.5,1.3
Bedford-Stuyvesant,Bedford-Stuyvesant,28-03-2016,09:20,9,Morning,Monday,0,Spring,6,2.55,High,11.9,12.9,1.8
East Harlem,Harlem,15-03-2016,15:54,15,Afternoon,Tuesday,0,Spring,1,10.67,Low,30.0,21.3,1.0
Harlem,Harlem,23-06-2016,12:54,12,Afternoon,Thursday,0,Summer,1,0.35,Low,1.7,12.4,1.0
Bedford-Stuyvesant,Park Slope,20-06-2016,11:57,11,Morning,Monday,0,Summer,2,1.58,Low,13.5,7.0,1.0
Park Slope,Williamsburg,11-05-2016,21:23,21,Evening,Wednesday,0,Spring,1,1.62,Low,4.8,20.2,1.0
Far Rockaway,Borough Park,12-03-2016,10:55,10,Morning,Saturday,1,Spring,2,4.54,Medium,11.7,23.3,1.3
Harlem,East Harlem,11-06-2016,00:40,0,Night,Saturday,1,Summer,1,8.68,Low,17.2,30.3,1.0
Kensington,East Harlem,16-02-2016,16:20,16,Afternoon,Tuesday,0,Winter,1,2.72,Medium,13.2,12.4,1.3
Hell's Kitchen,Chelsea,12-01-2016,17:32,17,Afternoon,Tuesday,0,Winter,3,1.6,High,9.1,10.5,1.8
Harlem,East Harlem,04-06-2016,19:57,19,Evening,Saturday,1,Summer,1,1.61,High,10.5,9.2,1.8
Harlem,Upper West Side,10-04-2016,15:49,15,Afternoon,Sunday,1,Spring,1,1.65,Low,6.8,14.6,1.0
Bedford-Stuyvesant,Bedford-Stuyvesant,31-03-2016,17:19,17,Afternoon,Thursday,0,Spring,3,1.56,High,4.2,22.3,1.8
Upper West Side,East Harlem,15-01-2016,19:59,19,Evening,Friday,0,Winter,1,0.55,High,4.1,8.0,1.8
Bedford-Stuyvesant,Murray Hill,03-05-2016,20:09,20,Evening,Tuesday,0,Spring,1,4.39,Medium,12.8,20.6,1.3
Crown Heights,Clinton Hill,19-01-2016,17:22,17,Afternoon,Tuesday,0,Winter,1,6.36,High,26.1,14.6,1.8
Park Slope,Upper West Side,03-01-2016,14:46,14,Afternoon,Sunday,1,Winter,1,3.15,Low,6.6,28.6,1.0
East Harlem,West Village,06-06-2016,11:53,11,Morning,Monday,0,Summer,1,0.85,Low,4.4,11.6,1.0
Harlem,Upper West Side,28-03-2016,12:47,12,Afternoon,Monday,0,Spring,1,0.75,Low,6.7,6.7,1.0
East Harlem,East Harlem,20-05-2016,20:24,20,Evening,Friday,0,Spring,2,1.09,Medium,4.2,15.6,1.3
West Village,Murray Hill,25-03-2016,03:12,3,Night,Friday,0,Spring,2,17.31,Low,24.1,43.1,1.0
Edgemere,Tompkinsville,03-04-2016,03:47,3,Night,Sunday,1,Spring,1,3.42,Low,9.0,22.8,1.0
Harlem,South Slope,06-06-2016,00:40,0,Night,Monday,0,Summer,1,2.38,Low,9.9,14.4,1.0
Upper West Side,Bedford-Stuyvesant,17-02-2016,19:47,19,Evening,Wednesday,0,Winter,1,2.05,High,7.1,17.3,1.8
Harlem,Harlem,12-03-2016,15:57,15,Afternoon,Saturday,1,Spring,1,1.29,Low,3.8,20.4,1.0
Harlem,Clinton Hill,07-05-2016,16:58,16,Afternoon,Saturday,1,Spring,1,2.72,Medium,11.9,13.7,1.3
Murray Hill,Greenpoint,17-02-2016,09:16,9,Morning,Wednesday,0,Winter,1,1.05,High,6.0,10.5,1.8
Woodrow,Tottenville,01-02-2016,15:16,15,Afternoon,Monday,0,Winter,1,16.4,Low,27.4,35.9,1.0
South Slope,South Slope,02-03-2016,22:35,22,Evening,Wednesday,0,Spring,1,0.95,Low,4.2,13.6,1.0
Upper West Side,Upper West Side,22-06-2016,11:52,11,Morning,Wednesday,0,Summer,2,3.68,Low,30.3,7.3,1.0
Harlem,Hell's Kitchen,15-03-2016,23:13,23,Evening,Tuesday,0,Spring,1,1.76,Low,6.3,16.8,1.0
Bedford-Stuyvesant,East Harlem,09-03-2016,22:37,22,Evening,Wednesday,0,Spring,2,1.82,Low,6.4,17.1,1.0
Upper West Side,Crown Heights,19-01-2016,12:28,12,Afternoon,Tuesday,0,Winter,2,2.59,Low,22.6,6.9,1.0
Upper West Side,Upper West Side,05-06-2016,12:42,12,Afternoon,Sunday,1,Summer,1,1.1,Low,7.1,9.3,1.0
East Harlem,Fort Greene,27-02-2016,08:36,8,Morning,Saturday,1,Winter,1,5.01,High,18.9,15.9,1.8
Upper West Side,Bedford-Stuyvesant,27-01-2016,08:20,8,Morning,Wednesday,0,Winter,2,4.13,High,18.5,13.4,1.8
Park Slope,Kensington,31-01-2016,10:55,10,Morning,Sunday,1,Winter,1,1.27,Medium,17.6,4.3,1.3
Chinatown,Fort Greene,10-02-2016,17:46,17,Afternoon,Wednesday,0,Winter,1,2.35,High,7.1,19.9,1.8
Harlem,East Harlem,23-05-2016,10:38,10,Morning,Monday,0,Spring,1,0.97,Medium,7.7,7.6,1.3
Oakwood,Prince's Bay,12-05-2016,20:19,20,Evening,Thursday,0,Spring,5,10.79,Medium,23.8,27.2,1.3
Windsor Terrace,Hell's Kitchen,06-06-2016,13:21,13,Afternoon,Monday,0,Summer,2,3.85,Low,20.5,11.3,1.0
East Harlem,Clinton Hill,19-02-2016,15:42,15,Afternoon,Friday,0,Winter,1,1.14,Low,2.2,31.1,1.0
Midtown,Upper East Side,14-06-2016,22:00,22,Evening,Tuesday,0,Summer,1,5.2,Low,17.7,17.6,1.0
Gravesend,Bensonhurst,02-01-2016,16:11,16,Afternoon,Saturday,1,Winter,1,4.46,Medium,10.2,26.2,1.3
Williamsburg,Bedford-Stuyvesant,10-03-2016,15:51,15,Afternoon,Thursday,0,Spring,1,3.65,Low,11.6,18.9,1.0
Kensington,Hell's Kitchen,10-06-2016,11:43,11,Morning,Friday,0,Summer,1,1.15,Low,10.7,6.4,1.0
Williamsburg,Williamsburg,01-01-2016,00:57,0,Night,Friday,0,Winter,1,9.12,Low,30.4,18.0,1.0
West Village,West Village,08-03-2016,18:49,18,Evening,Tuesday,0,Spring,1,0.49,High,6.3,4.7,1.8
Chinatown,Harlem,24-04-2016,18:08,18,Evening,Sunday,1,Spring,5,1.64,High,6.8,14.5,1.8
Sheepshead Bay,Midwood,09-05-2016,16:03,16,Afternoon,Monday,0,Spring,2,0.93,Medium,3.2,17.4,1.3
West Village,Harlem,16-05-2016,11:08,11,Morning,Monday,0,Spring,1,1.94,Low,12.0,9.7,1.0
Bedford-Stuyvesant,Clinton Hill,21-05-2016,06:30,6,Morning,Saturday,1,Spring,1,1.48,Low,2.6,34.2,1.0
Bedford-Stuyvesant,Midtown,18-03-2016,15:04,15,Afternoon,Friday,0,Spring,2,2.88,Low,20.0,8.6,1.0
Park Slope,Murray Hill,29-03-2016,00:52,0,Night,Tuesday,0,Spring,1,2.31,Low,6.2,22.4,1.0
Flatlands,Flatlands,31-05-2016,08:34,8,Morning,Tuesday,0,Spring,1,3.22,High,19.6,9.9,1.8
Far Rockaway,Arverne,10-02-2016,21:07,21,Evening,Wednesday,0,Winter,1,3.43,Low,7.3,28.2,1.0
Crown Heights,Harlem,27-05-2016,15:00,15,Afternoon,Friday,0,Spring,1,3.33,Low,18.6,10.7,1.0
Harlem,Upper West Side,02-03-2016,07:34,7,Morning,Wednesday,0,Spring,1,1.33,Medium,6.3,12.7,1.3
East Harlem,Fort Greene,13-06-2016,06:07,6,Morning,Monday,0,Summer,1,0.7,Low,1.8,23.3,1.0
Midtown,Murray Hill,24-06-2016,18:37,18,Evening,Friday,0,Summer,1,2.28,High,10.7,12.8,1.8
West Village,Hell's Kitchen,11-04-2016,01:51,1,Night,Monday,0,Spring,1,1.24,Low,3.5,21.3,1.0
East Harlem,Hell's Kitchen,09-04-2016,03:07,3,Night,Saturday,1,Spring,1,0.84,Low,6.0,8.4,1.0
Dyker Heights,Midwood,06-04-2016,10:29,10,Morning,Wednesday,0,Spring,2,1.79,Medium,15.4,7.0,1.3
Upper West Side,East Harlem,06-04-2016,13:29,13,Afternoon,Wednesday,0,Spring,1,0.84,Low,54.4,0.9,1.0
East Harlem,Bedford-Stuyvesant,21-06-2016,18:52,18,Evening,Tuesday,0,Summer,1,1.49,High,5.0,17.9,1.8
Hell's Kitchen,Upper West Side,17-06-2016,16:53,16,Afternoon,Friday,0,Summer,1,1.51,Medium,3.3,27.5,1.3
East Harlem,East Harlem,17-05-2016,13:25,13,Afternoon,Tuesday,0,Spring,1,1.02,Low,5.4,11.3,1.0
East Harlem,Upper West Side,30-06-2016,11:42,11,Morning,Thursday,0,Summer,1,1.28,Low,9.8,7.8,1.0
Bedford-Stuyvesant,Upper West Side,16-04-2016,20:37,20,Evening,Saturday,1,Spring,1,0.11,Medium,6.2,1.1,1.3
Tottenville,Eltingville,18-04-2016,22:04,22,Evening,Monday,0,Spring,1,24.0,Low,33.1,43.5,1.0
Bedford-Stuyvesant,Upper West Side,28-06-2016,18:46,18,Evening,Tuesday,0,Summer,1,0.96,High,7.4,7.8,1.8
Upper West Side,Harlem,17-04-2016,15:37,15,Afternoon,Sunday,1,Spring,1,1.66,Low,5.7,17.5,1.0
Sheepshead Bay,Oakwood,13-05-2016,00:37,0,Night,Friday,0,Spring,1,15.82,Low,22.4,42.4,1.0
Rockaway Beach,Gravesend,04-01-2016,18:02,18,Evening,Monday,0,Winter,1,1.94,High,7.6,15.3,1.8
Bath Beach,Prince's Bay,07-05-2016,19:12,19,Evening,Saturday,1,Spring,1,16.52,High,33.7,29.4,1.8
Midwood,Sheepshead Bay,14-02-2016,09:15,9,Morning,Sunday,1,Winter,1,2.16,High,9.0,14.4,1.8
Crown Heights,Bedford-Stuyvesant,30-06-2016,20:50,20,Evening,Thursday,0,Summer,1,1.03,Medium,3.0,20.6,1.3
Bedford-Stuyvesant,Upper West Side,10-02-2016,08:29,8,Morning,Wednesday,0,Winter,1,1.7,High,10.7,9.5,1.8
Arden Heights,Tottenville,22-05-2016,05:04,5,Night,Sunday,1,Spring,1,25.72,Low,37.2,41.5,1.0
East Harlem,Bedford-Stuyvesant,13-01-2016,23:21,23,Evening,Wednesday,0,Winter,1,3.3,Low,11.0,18.0,1.0
Great Kills,Brighton Beach,28-04-2016,17:13,17,Afternoon,Thursday,0,Spring,5,4.12,High,21.5,11.5,1.8
South Slope,Murray Hill,29-04-2016,15:54,15,Afternoon,Friday,0,Spring,1,1.17,Low,7.2,9.7,1.0
Upper West Side,East Harlem,27-02-2016,14:11,14,Afternoon,Saturday,1,Winter,1,4.33,Low,22.4,11.6,1.0
Eltingville,Tottenville,27-03-2016,10:13,10,Morning,Sunday,1,Spring,2,25.42,Medium,28.0,54.5,1.3
Murray Hill,Clinton Hill,04-05-2016,22:33,22,Evening,Wednesday,0,Spring,1,1.9,Low,4.7,24.3,1.0
Williamsburg,Upper West Side,13-06-2016,16:59,16,Afternoon,Monday,0,Summer,1,2.05,Medium,8.2,15.0,1.3
Hell's Kitchen,Hell's Kitchen,29-05-2016,16:05,16,Afternoon,Sunday,1,Spring,5,1.29,Medium,7.6,10.2,1.3
Fort Greene,Park Slope,13-01-2016,13:36,13,Afternoon,Wednesday,0,Winter,2,3.5,Low,19.5,10.8,1.0
Upper West Side,Bedford-Stuyvesant,29-03-2016,15:51,15,Afternoon,Tuesday,0,Spring,1,3.23,Low,13.9,13.9,1.0
Sheepshead Bay,Sheepshead Bay,18-05-2016,00:30,0,Night,Wednesday,0,Spring,1,13.04,Low,25.4,30.8,1.0
Upper West Side,Hell's Kitchen,26-06-2016,19:34,19,Evening,Sunday,1,Summer,1,1.08,High,3.7,17.5,1.8
Clinton Hill,East Harlem,14-03-2016,09:43,9,Morning,Monday,0,Spring,1,2.24,High,15.6,8.6,1.8
Arverne,Oakwood,10-02-2016,12:10,12,Afternoon,Wednesday,0,Winter,1,16.98,Low,34.4,29.6,1.0
Clinton Hill,East Harlem,10-01-2016,10:57,10,Morning,Sunday,1,Winter,1,0.95,Medium,4.2,13.6,1.3
Murray Hill,West Village,06-03-2016,20:28,20,Evening,Sunday,1,Spring,1,1.37,Medium,4.2,19.6,1.3
South Slope,Harlem,18-01-2016,12:33,12,Afternoon,Monday,0,Winter,1,2.21,Low,9.0,14.7,1.0
Williamsburg,Bedford-Stuyvesant,16-06-2016,12:52,12,Afternoon,Thursday,0,Summer,1,4.68,Low,23.3,12.1,1.0
Williamsburg,Hell's Kitchen,21-03-2016,21:24,21,Evening,Monday,0,Spring,2,3.58,Low,14.6,14.7,1.0
Midtown,Upper West Side,11-05-2016,10:01,10,Morning,Wednesday,0,Spring,1,1.62,Medium,6.8,14.3,1.3
Park Slope,South Slope,04-02-2016,15:34,15,Afternoon,Thursday,0,Winter,1,1.65,Low,23.9,4.1,1.0
Inwood,Bedford-Stuyvesant,18-01-2016,13:00,13,Afternoon,Monday,0,Winter,2,1.79,Low,3.2,33.6,1.0
Bensonhurst,Bayswater,29-01-2016,17:29,17,Afternoon,Friday,0,Winter,1,3.91,High,19.2,12.2,1.8
East Harlem,Harlem,05-01-2016,20:31,20,Evening,Tuesday,0,Winter,1,5.69,Medium,17.2,19.8,1.3
Fort Greene,Midtown,27-03-2016,03:12,3,Night,Sunday,1,Spring,6,4.46,Low,9.4,28.5,1.0
Park Slope,East Harlem,26-06-2016,23:21,23,Evening,Sunday,1,Summer,1,6.87,Low,12.5,33.0,1.0
Chinatown,East Harlem,13-02-2016,11:17,11,Morning,Saturday,1,Winter,1,2.85,Low,9.0,19.0,1.0
Upper West Side,Harlem,24-03-2016,13:46,13,Afternoon,Thursday,0,Spring,1,4.17,Low,36.8,6.8,1.0
Murray Hill,Bedford-Stuyvesant,24-03-2016,05:50,5,Night,Thursday,0,Spring,1,4.07,Low,7.4,33.0,1.0
Hell's Kitchen,Upper West Side,09-06-2016,18:18,18,Evening,Thursday,0,Summer,3,3.15,High,38.4,4.9,1.8
Upper West Side,South Slope,29-06-2016,21:31,21,Evening,Wednesday,0,Summer,1,1.34,Low,7.8,10.3,1.0
Crown Heights,Harlem,27-04-2016,08:58,8,Morning,Wednesday,0,Spring,1,1.86,High,14.1,7.9,1.8
Inwood,Harlem,14-01-2016,09:09,9,Morning,Thursday,0,Winter,1,1.37,High,7.9,10.4,1.8
Chinatown,East Harlem,13-02-2016,11:45,11,Morning,Saturday,1,Winter,1,3.39,Low,12.3,16.5,1.0
East Harlem,East Harlem,29-03-2016,19:37,19,Evening,Tuesday,0,Spring,6,0.51,High,2.3,13.3,1.8
Bedford-Stuyvesant,Harlem,02-03-2016,07:31,7,Morning,Wednesday,0,Spring,1,3.3,Medium,13.9,14.2,1.3
Upper West Side,Upper West Side,21-04-2016,19:59,19,Evening,Thursday,0,Spring,1,1.93,High,6.8,17.0,1.8
Upper West Side,Harlem,10-06-2016,21:09,21,Evening,Friday,0,Summer,1,6.12,Low,11.8,31.1,1.0
East Village,Clinton Hill,30-06-2016,23:15,23,Evening,Thursday,0,Summer,1,4.94,Low,30.9,9.6,1.0
Murray Hill,Chinatown,15-05-2016,14:42,14,Afternoon,Sunday,1,Spring,1,5.57,Low,17.9,18.7,1.0
Bedford-Stuyvesant,Windsor Terrace,03-05-2016,00:40,0,Night,Tuesday,0,Spring,1,1.87,Low,10.1,11.1,1.0
Clinton Hill,East Harlem,07-06-2016,17:43,17,Afternoon,Tuesday,0,Summer,1,1.97,High,10.2,11.6,1.8
Rosebank,Brighton Beach,27-03-2016,01:09,1,Night,Sunday,1,Spring,1,5.65,Low,11.6,29.2,1.0
East Harlem,Bedford-Stuyvesant,06-01-2016,17:10,17,Afternoon,Wednesday,0,Winter,3,1.35,High,8.9,9.1,1.8
Chinatown,Harlem,27-06-2016,16:50,16,Afternoon,Monday,0,Summer,6,1.35,Medium,13.8,5.9,1.3
South Slope,Park Slope,21-06-2016,23:40,23,Evening,Tuesday,0,Summer,1,3.26,Low,8.6,22.7,1.0
South Slope,Upper West Side,10-05-2016,13:20,13,Afternoon,Tuesday,0,Spring,1,2.16,Low,14.8,8.8,1.0
East Harlem,Midtown,17-06-2016,06:11,6,Morning,Friday,0,Summer,1,1.38,Low,5.0,16.6,1.0
Arverne,Arverne,10-03-2016,10:06,10,Morning,Thursday,0,Spring,1,2.73,Medium,14.5,11.3,1.3
Park Slope,West Village,10-04-2016,21:05,21,Evening,Sunday,1,Spring,1,1.57,Low,4.9,19.2,1.0
Bedford-Stuyvesant,East Harlem,15-06-2016,13:22,13,Afternoon,Wednesday,0,Summer,1,2.67,Low,11.1,14.4,1.0
Far Rockaway,Arverne,21-01-2016,08:10,8,Morning,Thursday,0,Winter,1,1.07,High,2.0,32.1,1.8
Hell's Kitchen,Upper West Side,07-04-2016,21:26,21,Evening,Thursday,0,Spring,1,4.63,Low,11.8,23.5,1.0
South Slope,Fort Greene,03-03-2016,23:24,23,Evening,Thursday,0,Spring,1,2.55,Low,16.0,9.6,1.0
Bedford-Stuyvesant,South Slope,17-02-2016,15:01,15,Afternoon,Wednesday,0,Winter,1,0.69,Low,5.3,7.8,1.0
East Harlem,Midtown,21-04-2016,08:14,8,Morning,Thursday,0,Spring,5,1.86,High,9.0,12.4,1.8
Hell's Kitchen,Hell's Kitchen,21-03-2016,18:47,18,Evening,Monday,0,Spring,2,0.63,High,2.3,16.4,1.8
East Harlem,Midtown,20-04-2016,19:40,19,Evening,Wednesday,0,Spring,1,1.66,High,7.8,12.8,1.8
Midtown,East Harlem,10-02-2016,09:20,9,Morning,Wednesday,0,Winter,1,1.93,High,13.1,8.8,1.8
Crown Heights,Bedford-Stuyvesant,19-04-2016,21:22,21,Evening,Tuesday,0,Spring,1,0.92,Low,3.4,16.2,1.0
South Slope,Inwood,06-05-2016,20:36,20,Evening,Friday,0,Spring,1,1.39,Medium,5.3,15.7,1.3
Port Richmond,"Bay Terrace, Staten Island",22-01-2016,15:25,15,Afternoon,Friday,0,Winter,1,12.5,Low,49.2,15.2,1.0
Fort Greene,Hell's Kitchen,18-04-2016,20:11,20,Evening,Monday,0,Spring,1,1.17,Medium,3.4,20.6,1.3
Harlem,Upper West Side,27-02-2016,15:06,15,Afternoon,Saturday,1,Winter,1,1.87,Low,11.6,9.7,1.0
West Village,Harlem,12-01-2016,14:43,14,Afternoon,Tuesday,0,Winter,1,3.16,Low,16.8,11.3,1.0
Canarsie,Oakwood,27-02-2016,03:41,3,Night,Saturday,1,Winter,1,15.18,Low,16.7,54.5,1.0
Upper West Side,East Harlem,07-04-2016,16:04,16,Afternoon,Thursday,0,Spring,1,2.36,Medium,12.8,11.1,1.3
Upper West Side,East Harlem,08-01-2016,08:49,8,Morning,Friday,0,Winter,1,3.79,High,12.3,18.5,1.8
Harlem,East Harlem,07-04-2016,18:32,18,Evening,Thursday,0,Spring,2,1.81,High,17.4,6.2,1.8
Crown Heights,Upper West Side,31-01-2016,02:47,2,Night,Sunday,1,Winter,1,4.4,Low,15.6,16.9,1.0
Great Kills,Rockaway Beach,20-06-2016,18:26,18,Evening,Monday,0,Summer,1,15.73,High,43.6,21.6,1.8
Bedford-Stuyvesant,Harlem,08-04-2016,20:23,20,Evening,Friday,0,Spring,1,1.44,Medium,6.8,12.7,1.3
East Harlem,Harlem,17-04-2016,16:28,16,Afternoon,Sunday,1,Spring,1,5.03,Medium,20.4,14.8,1.3
Midtown,South Slope,01-04-2016,22:42,22,Evening,Friday,0,Spring,1,1.49,Low,4.8,18.6,1.0
Hell's Kitchen,Clinton Hill,16-04-2016,23:44,23,Evening,Saturday,1,Spring,1,2.57,Low,14.1,10.9,1.0
Harlem,Hell's Kitchen,01-04-2016,20:33,20,Evening,Friday,0,Spring,1,1.08,Medium,5.8,11.2,1.3
Upper West Side,Bedford-Stuyvesant,29-02-2016,12:44,12,Afternoon,Monday,0,Winter,1,1.34,Low,12.8,6.3,1.0
Upper West Side,Harlem,29-04-2016,19:57,19,Evening,Friday,0,Spring,1,3.47,High,11.4,18.3,1.8
Harlem,East Harlem,24-06-2016,18:22,18,Evening,Friday,0,Summer,1,1.6,High,32.6,2.9,1.8
East Harlem,Midtown,09-04-2016,12:55,12,Afternoon,Saturday,1,Spring,1,1.52,Low,12.8,7.1,1.0
Bedford-Stuyvesant,East Harlem,14-04-2016,13:22,13,Afternoon,Thursday,0,Spring,1,1.53,Low,10.2,9.0,1.0
East Harlem,Crown Heights,14-04-2016,23:43,23,Evening,Thursday,0,Spring,1,5.53,Low,22.6,14.7,1.0
Kensington,Harlem,17-06-2016,12:11,12,Afternoon,Friday,0,Summer,1,2.22,Low,10.4,12.8,1.0
Harlem,Harlem,27-02-2016,21:36,21,Evening,Saturday,1,Winter,1,6.41,Low,15.4,25.0,1.0
Upper West Side,Fort Greene,17-04-2016,22:26,22,Evening,Sunday,1,Spring,1,1.5,Low,10.5,8.6,1.0
East Harlem,Kensington,05-03-2016,17:20,17,Afternoon,Saturday,1,Spring,1,2.03,High,11.5,10.6,1.8
Chinatown,Bedford-Stuyvesant,26-02-2016,17:09,17,Afternoon,Friday,0,Winter,2,6.32,High,38.7,9.8,1.8
Crown Heights,East Harlem,15-01-2016,15:20,15,Afternoon,Friday,0,Winter,2,1.77,Low,10.6,10.0,1.0
West Village,South Slope,21-03-2016,17:32,17,Afternoon,Monday,0,Spring,1,2.55,High,18.6,8.2,1.8
South Slope,Bedford-Stuyvesant,16-02-2016,23:36,23,Evening,Tuesday,0,Winter,1,4.78,Low,13.7,20.9,1.0
Clinton Hill,East Harlem,16-01-2016,13:53,13,Afternoon,Saturday,1,Winter,2,3.74,Low,16.8,13.4,1.0
Bedford-Stuyvesant,East Harlem,16-03-2016,18:26,18,Evening,Wednesday,0,Spring,1,1.68,High,13.8,7.3,1.8
South Slope,South Slope,06-02-2016,16:00,16,Afternoon,Saturday,1,Winter,1,0.33,Medium,13.7,1.4,1.3
Hell's Kitchen,Bedford-Stuyvesant,26-04-2016,19:34,19,Evening,Tuesday,0,Spring,1,3.1,High,16.2,11.5,1.8
Williamsburg,Kensington,25-01-2016,18:45,18,Evening,Monday,0,Winter,1,1.71,High,8.1,12.7,1.8
East Harlem,Inwood,23-03-2016,13:10,13,Afternoon,Wednesday,0,Spring,1,7.11,Low,28.6,14.9,1.0
East Harlem,East Harlem,14-01-2016,09:26,9,Morning,Thursday,0,Winter,1,1.19,High,11.4,6.3,1.8
Clinton Hill,Murray Hill,27-03-2016,11:41,11,Morning,Sunday,1,Spring,1,1.73,Low,6.6,15.7,1.0
Hell's Kitchen,East Harlem,23-04-2016,01:59,1,Night,Saturday,1,Spring,2,3.18,Low,9.6,19.9,1.0
East Harlem,Hell's Kitchen,22-06-2016,18:01,18,Evening,Wednesday,0,Summer,1,2.19,High,8.0,16.4,1.8
Upper West Side,Kensington,27-02-2016,12:47,12,Afternoon,Saturday,1,Winter,1,3.07,Low,9.8,18.8,1.0
"Bay Terrace, Staten Island",Bayswater,03-05-2016,19:01,19,Evening,Tuesday,0,Spring,6,11.11,High,27.5,24.2,1.8
Upper West Side,Murray Hill,19-06-2016,12:21,12,Afternoon,Sunday,1,Summer,6,0.99,Low,4.2,14.1,1.0
Upper West Side,Bedford-Stuyvesant,15-04-2016,23:28,23,Evening,Friday,0,Spring,2,3.63,Low,13.5,16.1,1.0
East Harlem,Bedford-Stuyvesant,11-06-2016,00:13,0,Night,Saturday,1,Summer,1,6.98,Low,22.6,18.5,1.0
South Slope,Clinton Hill,23-06-2016,15:53,15,Afternoon,Thursday,0,Summer,1,3.5,Low,18.1,11.6,1.0
South Slope,Crown Heights,20-01-2016,21:12,21,Evening,Wednesday,0,Winter,1,1.65,Low,6.3,15.7,1.0
Chinatown,Harlem,25-01-2016,12:28,12,Afternoon,Monday,0,Winter,1,1.18,Low,5.5,12.9,1.0
South Slope,Upper West Side,29-05-2016,22:32,22,Evening,Sunday,1,Spring,1,6.89,Low,26.1,15.8,1.0
Hell's Kitchen,Bedford-Stuyvesant,22-02-2016,11:41,11,Morning,Monday,0,Winter,5,2.28,Low,13.7,10.0,1.0
West Village,Hell's Kitchen,19-04-2016,20:43,20,Evening,Tuesday,0,Spring,1,1.21,Medium,11.8,6.2,1.3
Clinton Hill,West Village,01-05-2016,00:47,0,Night,Sunday,1,Spring,1,1.26,Low,6.6,11.5,1.0
Harlem,South Slope,11-05-2016,22:40,22,Evening,Wednesday,0,Spring,1,3.73,Low,15.5,14.4,1.0
East Harlem,Fort Greene,01-02-2016,22:59,22,Evening,Monday,0,Winter,2,4.43,Low,16.3,16.3,1.0
Chelsea,Williamsburg,12-06-2016,23:18,23,Evening,Sunday,1,Summer,1,3.37,Low,13.4,15.1,1.0
Hell's Kitchen,Bedford-Stuyvesant,26-04-2016,20:37,20,Evening,Tuesday,0,Spring,1,1.92,Medium,7.3,15.8,1.3
Midwood,Sheepshead Bay,20-03-2016,09:21,9,Morning,Sunday,1,Spring,1,2.92,High,15.2,11.5,1.8
Crown Heights,Harlem,16-06-2016,08:39,8,Morning,Thursday,0,Summer,1,0.96,High,3.2,18.0,1.8
Eltingville,Tottenville,08-02-2016,04:17,4,Night,Monday,0,Winter,2,26.77,Low,31.5,51.0,1.0
Kensington,East Harlem,11-04-2016,20:39,20,Evening,Monday,0,Spring,1,3.9,Medium,5.7,41.1,1.3
Williamsburg,Upper West Side,08-04-2016,23:51,23,Evening,Friday,0,Spring,1,0.77,Low,6.2,7.5,1.0
East Harlem,Bedford-Stuyvesant,21-06-2016,12:09,12,Afternoon,Tuesday,0,Summer,1,1.93,Low,31.1,3.7,1.0
Murray Hill,East Harlem,14-02-2016,01:13,1,Night,Sunday,1,Winter,1,1.56,Low,8.4,11.1,1.0
Kensington,Upper West Side,06-05-2016,17:51,17,Afternoon,Friday,0,Spring,2,2.6,High,17.4,9.0,1.8
Upper West Side,Upper West Side,27-03-2016,14:35,14,Afternoon,Sunday,1,Spring,4,2.09,Low,11.2,11.2,1.0
Arrochar,Huguenot,28-05-2016,02:23,2,Night,Saturday,1,Spring,5,29.61,Low,25.2,70.5,1.0
Upper West Side,Upper West Side,10-06-2016,20:16,20,Evening,Friday,0,Summer,1,1.21,Medium,2.6,27.9,1.3
Williamsburg,West Village,23-02-2016,20:45,20,Evening,Tuesday,0,Winter,5,0.86,Medium,6.3,8.2,1.3
Harlem,Upper West Side,06-02-2016,23:31,23,Evening,Saturday,1,Winter,1,3.13,Low,10.6,17.7,1.0
Murray Hill,Upper West Side,20-05-2016,22:23,22,Evening,Friday,0,Spring,1,5.28,Low,22.5,14.1,1.0
Upper West Side,South Slope,09-04-2016,10:37,10,Morning,Saturday,1,Spring,2,2.05,Medium,6.6,18.6,1.3
Fort Greene,Murray Hill,17-04-2016,00:54,0,Night,Sunday,1,Spring,1,4.81,Low,11.7,24.7,1.0
Hell's Kitchen,Bedford-Stuyvesant,17-06-2016,08:59,8,Morning,Friday,0,Summer,1,2.69,High,8.3,19.4,1.8
Clinton Hill,Upper West Side,02-03-2016,20:06,20,Evening,Wednesday,0,Spring,1,3.78,Medium,12.6,18.0,1.3
Bedford-Stuyvesant,West Village,29-01-2016,10:47,10,Morning,Friday,0,Winter,1,2.3,Medium,12.6,11.0,1.3
Bedford-Stuyvesant,Upper West Side,07-03-2016,19:56,19,Evening,Monday,0,Spring,2,6.15,High,16.5,22.4,1.8
Bedford-Stuyvesant,Harlem,03-01-2016,11:33,11,Morning,Sunday,1,Winter,1,5.23,Low,18.9,16.6,1.0
Bensonhurst,Edgemere,11-02-2016,20:39,20,Evening,Thursday,0,Winter,1,6.9,Medium,21.6,19.2,1.3
Arden Heights,Brighton Beach,24-01-2016,19:56,19,Evening,Sunday,1,Winter,1,10.34,High,20.6,30.1,1.8
Chinatown,Upper West Side,19-04-2016,22:54,22,Evening,Tuesday,0,Spring,1,4.25,Low,9.0,28.3,1.0
Midtown,Bedford-Stuyvesant,06-02-2016,10:36,10,Morning,Saturday,1,Winter,5,1.89,Medium,12.2,9.3,1.3
Midwood,Arverne,21-06-2016,15:04,15,Afternoon,Tuesday,0,Summer,2,2.29,Low,19.6,7.0,1.0
East Harlem,Hell's Kitchen,09-03-2016,16:54,16,Afternoon,Wednesday,0,Spring,1,2.11,Medium,5.9,21.5,1.3
Upper West Side,Clinton Hill,29-06-2016,13:35,13,Afternoon,Wednesday,0,Summer,1,2.31,Low,9.4,14.7,1.0
Clinton Hill,Upper West Side,13-03-2016,00:53,0,Night,Sunday,1,Spring,1,1.98,Low,6.8,17.5,1.0
Park Slope,East Harlem,03-06-2016,00:20,0,Night,Friday,0,Summer,1,8.28,Low,23.9,20.8,1.0
Bedford-Stuyvesant,East Harlem,22-04-2016,07:55,7,Morning,Friday,0,Spring,1,2.12,Medium,14.9,8.5,1.3
Bedford-Stuyvesant,East Village,22-06-2016,20:42,20,Evening,Wednesday,0,Summer,1,0.46,Medium,1.8,15.3,1.3
South Slope,Murray Hill,14-04-2016,11:32,11,Morning,Thursday,0,Spring,1,1.34,Low,18.1,4.4,1.0
Inwood,Kensington,30-06-2016,19:32,19,Evening,Thursday,0,Summer,1,0.64,High,1.9,20.2,1.8
Williamsburg,Upper West Side,26-01-2016,21:54,21,Evening,Tuesday,0,Winter,2,2.97,Low,10.0,17.8,1.0
East Harlem,Bedford-Stuyvesant,26-04-2016,19:21,19,Evening,Tuesday,0,Spring,2,5.0,High,14.1,21.3,1.8
Bedford-Stuyvesant,East Harlem,10-01-2016,14:40,14,Afternoon,Sunday,1,Winter,2,2.95,Low,12.8,13.8,1.0
Great Kills,Sheepshead Bay,22-01-2016,17:48,17,Afternoon,Friday,0,Winter,1,11.52,High,31.9,21.7,1.8
Kensington,Harlem,02-01-2016,19:28,19,Evening,Saturday,1,Winter,3,0.97,High,3.1,18.8,1.8
West Village,Greenpoint,10-05-2016,17:52,17,Afternoon,Tuesday,0,Spring,1,3.27,High,16.0,12.3,1.8
Fort Greene,Hell's Kitchen,22-01-2016,17:30,17,Afternoon,Friday,0,Winter,1,0.48,High,2.9,9.9,1.8
Bedford-Stuyvesant,Bedford-Stuyvesant,07-01-2016,09:54,9,Morning,Thursday,0,Winter,1,2.04,High,16.5,7.4,1.8
Tottenville,Prince's Bay,09-02-2016,15:53,15,Afternoon,Tuesday,0,Winter,6,24.75,Low,46.7,31.8,1.0
East Harlem,Murray Hill,14-01-2016,07:39,7,Morning,Thursday,0,Winter,1,2.24,Medium,10.7,12.6,1.3
Upper West Side,Inwood,08-02-2016,18:48,18,Evening,Monday,0,Winter,1,1.63,High,11.3,8.7,1.8
Williamsburg,Bedford-Stuyvesant,27-02-2016,19:09,19,Evening,Saturday,1,Winter,1,1.37,High,8.4,9.8,1.8
Murray Hill,East Harlem,17-02-2016,16:06,16,Afternoon,Wednesday,0,Winter,2,1.99,Medium,17.2,6.9,1.3
Kensington,Bedford-Stuyvesant,30-05-2016,11:41,11,Morning,Monday,0,Spring,2,2.41,Low,8.8,16.4,1.0
East Harlem,Midtown,06-06-2016,22:22,22,Evening,Monday,0,Summer,1,1.77,Low,9.8,10.8,1.0
Hell's Kitchen,East Harlem,13-01-2016,21:08,21,Evening,Wednesday,0,Winter,1,8.01,Low,23.5,20.5,1.0
South Slope,Upper West Side,05-01-2016,00:41,0,Night,Tuesday,0,Winter,2,2.58,Low,6.8,22.8,1.0
Windsor Terrace,Harlem,31-01-2016,04:00,4,Night,Sunday,1,Winter,1,1.99,Low,8.2,14.6,1.0
Midwood,Arverne,05-01-2016,15:08,15,Afternoon,Tuesday,0,Winter,5,3.55,Low,12.8,16.6,1.0
South Slope,Bedford-Stuyvesant,11-01-2016,20:18,20,Evening,Monday,0,Winter,2,1.88,Medium,3.5,32.2,1.3
East Harlem,Hell's Kitchen,24-02-2016,16:12,16,Afternoon,Wednesday,0,Winter,1,1.12,Medium,5.9,11.4,1.3
East Harlem,East Harlem,26-01-2016,19:04,19,Evening,Tuesday,0,Winter,1,1.36,High,6.2,13.2,1.8
Crown Heights,Williamsburg,28-03-2016,13:06,13,Afternoon,Monday,0,Spring,1,0.82,Low,3.0,16.4,1.0
Bedford-Stuyvesant,Williamsburg,19-01-2016,17:45,17,Afternoon,Tuesday,0,Winter,1,1.14,High,5.4,12.7,1.8
Upper West Side,Bedford-Stuyvesant,26-03-2016,22:04,22,Evening,Saturday,1,Spring,1,1.13,Low,4.6,14.7,1.0
East Harlem,Upper West Side,24-02-2016,19:14,19,Evening,Wednesday,0,Winter,1,2.55,High,10.2,15.0,1.8
Clinton Hill,East Harlem,20-02-2016,15:16,15,Afternoon,Saturday,1,Winter,6,2.48,Low,11.9,12.5,1.0
Upper West Side,Chinatown,22-01-2016,10:33,10,Morning,Friday,0,Winter,1,1.22,Medium,8.6,8.5,1.3
South Slope,Harlem,18-03-2016,14:41,14,Afternoon,Friday,0,Spring,1,3.56,Low,19.9,10.7,1.0
Rockaway Beach,Sheepshead Bay,23-02-2016,11:17,11,Morning,Tuesday,0,Winter,1,2.04,Low,6.2,19.7,1.0
Upper West Side,Upper West Side,24-04-2016,10:57,10,Morning,Sunday,1,Spring,3,0.6,Medium,1.8,20.0,1.3
Upper West Side,West Village,31-01-2016,00:47,0,Night,Sunday,1,Winter,3,2.58,Low,22.7,6.8,1.0
Harlem,Murray Hill,14-04-2016,11:19,11,Morning,Thursday,0,Spring,1,3.2,Low,14.6,13.2,1.0
Harlem,Murray Hill,01-03-2016,13:34,13,Afternoon,Tuesday,0,Spring,1,1.7,Low,7.3,14.0,1.0
Inwood,Harlem,20-03-2016,03:18,3,Night,Sunday,1,Spring,1,1.49,Low,10.6,8.4,1.0
Clinton Hill,Upper West Side,16-03-2016,23:38,23,Evening,Wednesday,0,Spring,1,1.12,Low,6.0,11.2,1.0
Flatbush,Hell's Kitchen,09-05-2016,16:57,16,Afternoon,Monday,0,Spring,1,0.94,Medium,8.8,6.4,1.3
Bedford-Stuyvesant,Chinatown,08-02-2016,08:42,8,Morning,Monday,0,Winter,1,2.34,High,5.1,27.5,1.8
Bedford-Stuyvesant,East Harlem,15-03-2016,14:04,14,Afternoon,Tuesday,0,Spring,1,5.6,Low,27.6,12.2,1.0
Upper West Side,Williamsburg,05-04-2016,18:55,18,Evening,Tuesday,0,Spring,1,1.69,High,5.4,18.8,1.8
East Harlem,Kensington,15-02-2016,19:36,19,Evening,Monday,0,Winter,1,3.23,High,10.0,19.4,1.8
Upper West Side,Fort Greene,11-06-2016,23:33,23,Evening,Saturday,1,Summer,1,1.39,Low,6.0,13.9,1.0
Kensington,Kensington,05-04-2016,16:52,16,Afternoon,Tuesday,0,Spring,1,2.23,Medium,7.1,18.8,1.3
Upper West Side,Windsor Terrace,18-06-2016,23:08,23,Evening,Saturday,1,Summer,1,3.22,Low,13.6,14.2,1.0
Park Slope,South Slope,13-03-2016,03:36,3,Night,Sunday,1,Spring,1,1.65,Low,6.9,14.3,1.0
Chinatown,Park Slope,15-04-2016,22:46,22,Evening,Friday,0,Spring,1,1.06,Low,7.9,8.1,1.0
Bedford-Stuyvesant,Midtown,01-03-2016,13:32,13,Afternoon,Tuesday,0,Spring,2,2.54,Low,13.9,11.0,1.0
Tompkinsville,South Beach,01-06-2016,10:10,10,Morning,Wednesday,0,Summer,1,3.11,Medium,18.1,10.3,1.3
Harlem,East Harlem,19-05-2016,23:11,23,Evening,Thursday,0,Spring,1,5.19,Low,31.3,9.9,1.0
South Slope,Williamsburg,16-03-2016,19:33,19,Evening,Wednesday,0,Spring,2,1.28,High,4.7,16.3,1.8
Hell's Kitchen,East Harlem,24-03-2016,21:27,21,Evening,Thursday,0,Spring,2,1.52,Low,3.4,26.8,1.0
Flatbush,Midwood,10-05-2016,06:31,6,Morning,Tuesday,0,Spring,5,3.39,Low,9.8,20.8,1.0
Fort Greene,Clinton Hill,22-06-2016,18:04,18,Evening,Wednesday,0,Summer,1,2.67,High,13.0,12.3,1.8
Bedford-Stuyvesant,East Harlem,22-04-2016,06:47,6,Morning,Friday,0,Spring,6,1.58,Low,9.9,9.6,1.0
Park Slope,Williamsburg,12-03-2016,14:29,14,Afternoon,Saturday,1,Spring,1,2.62,Low,9.3,16.9,1.0
South Slope,Bedford-Stuyvesant,15-05-2016,19:37,19,Evening,Sunday,1,Spring,1,1.82,High,7.2,15.2,1.8
Upper West Side,Bedford-Stuyvesant,18-02-2016,10:44,10,Morning,Thursday,0,Winter,4,0.99,Medium,6.6,9.0,1.3
South Slope,Harlem,02-04-2016,14:32,14,Afternoon,Saturday,1,Spring,2,1.78,Low,6.4,16.7,1.0
Williamsburg,Fort Greene,17-03-2016,00:26,0,Night,Thursday,0,Spring,1,2.61,Low,11.8,13.3,1.0
Fort Greene,South Slope,12-04-2016,18:26,18,Evening,Tuesday,0,Spring,1,2.68,High,13.8,11.7,1.8
"Bay Terrace, Staten Island",Sheepshead Bay,22-06-2016,21:26,21,Evening,Wednesday,0,Summer,1,16.66,Low,22.9,43.7,1.0
Arden Heights,Midwood,02-06-2016,11:16,11,Morning,Thursday,0,Summer,1,12.67,Low,44.9,16.9,1.0
Fort Greene,Upper West Side,27-06-2016,18:36,18,Evening,Monday,0,Summer,2,6.97,High,19.6,21.3,1.8
Harlem,Harlem,22-06-2016,14:51,14,Afternoon,Wednesday,0,Summer,1,2.02,Low,7.3,16.6,1.0
Bedford-Stuyvesant,Williamsburg,15-05-2016,18:58,18,Evening,Sunday,1,Spring,2,0.98,High,5.5,10.7,1.8
East Harlem,Fort Greene,19-01-2016,18:14,18,Evening,Tuesday,0,Winter,5,2.29,High,9.3,14.8,1.8
East Flatbush,Bensonhurst,04-01-2016,06:18,6,Morning,Monday,0,Winter,1,1.39,Low,4.2,19.9,1.0
Williamsburg,Bedford-Stuyvesant,03-06-2016,17:37,17,Afternoon,Friday,0,Summer,1,3.87,High,24.6,9.4,1.8
Fort Greene,Park Slope,31-03-2016,11:42,11,Morning,Thursday,0,Spring,1,6.36,Low,34.8,11.0,1.0
Midtown,Inwood,20-02-2016,16:45,16,Afternoon,Saturday,1,Winter,1,2.91,Medium,15.4,11.3,1.3
East Harlem,Williamsburg,29-06-2016,23:03,23,Evening,Wednesday,0,Summer,1,3.01,Low,8.9,20.3,1.0
Harlem,Upper West Side,27-06-2016,02:00,2,Night,Monday,0,Summer,3,1.77,Low,6.6,16.1,1.0
Clinton Hill,East Harlem,15-01-2016,10:42,10,Morning,Friday,0,Winter,1,0.72,Medium,5.1,8.5,1.3
South Slope,Clinton Hill,12-05-2016,09:12,9,Morning,Thursday,0,Spring,1,1.75,High,10.1,10.4,1.8
Upper West Side,Bedford-Stuyvesant,03-03-2016,10:10,10,Morning,Thursday,0,Spring,1,0.02,Medium,25.2,0.0,1.3
Upper West Side,Murray Hill,26-04-2016,18:38,18,Evening,Tuesday,0,Spring,1,0.41,High,3.8,6.5,1.8
Upper West Side,Hell's Kitchen,10-01-2016,20:00,20,Evening,Sunday,1,Winter,1,4.36,Medium,11.5,22.7,1.3
Midtown,Chelsea,21-03-2016,21:27,21,Evening,Monday,0,Spring,2,1.85,Low,5.2,21.3,1.0
Williamsburg,Hell's Kitchen,19-03-2016,00:11,0,Night,Saturday,1,Spring,5,1.8,Low,6.8,15.9,1.0
Inwood,Harlem,04-02-2016,08:41,8,Morning,Thursday,0,Winter,1,2.01,High,16.8,7.2,1.8
Bedford-Stuyvesant,Harlem,11-01-2016,02:05,2,Night,Monday,0,Winter,1,4.36,Low,8.6,30.4,1.0
Clinton Hill,Bedford-Stuyvesant,01-03-2016,19:09,19,Evening,Tuesday,0,Spring,1,1.05,High,3.3,19.1,1.8
Harlem,Upper West Side,14-04-2016,23:19,23,Evening,Thursday,0,Spring,1,2.83,Low,12.5,13.6,1.0
Harlem,Murray Hill,09-05-2016,11:32,11,Morning,Monday,0,Spring,1,0.79,Low,2.3,20.6,1.0
Tottenville,Eltingville,09-03-2016,17:25,17,Afternoon,Wednesday,0,Spring,4,26.17,High,54.1,29.0,1.8
Fort Greene,West Village,16-04-2016,08:22,8,Morning,Saturday,1,Spring,1,1.17,High,2.9,24.2,1.8
Fort Greene,Upper West Side,23-03-2016,08:29,8,Morning,Wednesday,0,Spring,1,2.11,High,8.0,15.8,1.8
Bedford-Stuyvesant,East Harlem,31-05-2016,23:47,23,Evening,Tuesday,0,Spring,1,2.74,Low,10.0,16.4,1.0
Upper West Side,Upper West Side,24-04-2016,20:59,20,Evening,Sunday,1,Spring,2,5.16,Medium,14.5,21.4,1.3
Upper West Side,Hell's Kitchen,23-06-2016,16:11,16,Afternoon,Thursday,0,Summer,1,2.39,Medium,21.4,6.7,1.3
East Harlem,Fort Greene,16-06-2016,14:48,14,Afternoon,Thursday,0,Summer,1,1.42,Low,10.6,8.0,1.0
Bedford-Stuyvesant,South Slope,09-04-2016,20:38,20,Evening,Saturday,1,Spring,1,2.9,Medium,9.1,19.1,1.3
East Harlem,Midtown,14-04-2016,20:23,20,Evening,Thursday,0,Spring,3,3.53,Medium,15.1,14.0,1.3
Bedford-Stuyvesant,East Harlem,29-05-2016,21:28,21,Evening,Sunday,1,Spring,2,1.45,Low,9.0,9.7,1.0
Midtown,Chinatown,18-02-2016,16:04,16,Afternoon,Thursday,0,Winter,2,1.79,Medium,16.6,6.5,1.3
East Harlem,Clinton Hill,23-06-2016,17:46,17,Afternoon,Thursday,0,Summer,2,3.02,High,23.2,7.8,1.8
Bedford-Stuyvesant,South Slope,27-04-2016,01:45,1,Night,Wednesday,0,Spring,1,3.55,Low,8.3,25.7,1.0
Hell's Kitchen,East Harlem,03-06-2016,16:10,16,Afternoon,Friday,0,Summer,1,1.52,Medium,5.4,16.9,1.3
Upper West Side,Upper West Side,30-04-2016,21:50,21,Evening,Saturday,1,Spring,2,8.41,Low,22.8,22.1,1.0
Harlem,Upper West Side,11-03-2016,23:28,23,Evening,Friday,0,Spring,1,3.59,Low,9.6,22.4,1.0
Fort Greene,Hell's Kitchen,28-03-2016,12:21,12,Afternoon,Monday,0,Spring,6,5.65,Low,33.2,10.2,1.0
East Harlem,Upper West Side,28-02-2016,12:35,12,Afternoon,Sunday,1,Winter,1,1.91,Low,7.6,15.1,1.0
West Village,West Village,23-02-2016,14:03,14,Afternoon,Tuesday,0,Winter,3,1.67,Low,10.5,9.5,1.0
Arverne,Sheepshead Bay,09-03-2016,15:37,15,Afternoon,Wednesday,0,Spring,1,1.97,Low,9.2,12.8,1.0
South Slope,East Harlem,10-01-2016,10:47,10,Morning,Sunday,1,Winter,1,1.57,Medium,9.6,9.8,1.3
Prince's Bay,Woodrow,10-03-2016,13:56,13,Afternoon,Thursday,0,Spring,1,23.43,Low,47.8,29.4,1.0
Kensington,Chinatown,06-01-2016,02:43,2,Night,Wednesday,0,Winter,2,3.84,Low,7.6,30.3,1.0
Upper West Side,Fort Greene,24-02-2016,17:03,17,Afternoon,Wednesday,0,Winter,1,0.98,High,2.7,21.8,1.8
Crown Heights,Inwood,04-03-2016,11:19,11,Morning,Friday,0,Spring,1,1.52,Low,10.3,8.9,1.0
West Village,Chelsea,04-04-2016,13:46,13,Afternoon,Monday,0,Spring,1,0.78,Low,2.3,20.3,1.0
Rockaway Beach,Midwood,05-03-2016,10:36,10,Morning,Saturday,1,Spring,1,2.7,Medium,9.6,16.9,1.3
Harlem,South Slope,20-05-2016,21:44,21,Evening,Friday,0,Spring,1,6.77,Low,14.7,27.6,1.0
Hell's Kitchen,East Harlem,22-06-2016,18:27,18,Evening,Wednesday,0,Summer,1,0.79,High,4.7,10.1,1.8
Harlem,Fort Greene,06-04-2016,10:58,10,Morning,Wednesday,0,Spring,1,4.3,Medium,31.4,8.2,1.3
Bedford-Stuyvesant,Upper West Side,16-02-2016,21:55,21,Evening,Tuesday,0,Winter,1,1.9,Low,9.2,12.4,1.0
Harlem,East Harlem,09-04-2016,21:26,21,Evening,Saturday,1,Spring,1,1.27,Low,3.0,25.4,1.0
Sheepshead Bay,Bensonhurst,17-04-2016,12:43,12,Afternoon,Sunday,1,Spring,1,1.07,Low,11.2,5.7,1.0
Crown Heights,Kensington,29-03-2016,18:44,18,Evening,Tuesday,0,Spring,1,1.66,High,10.4,9.6,1.8
Chelsea,East Harlem,23-06-2016,17:14,17,Afternoon,Thursday,0,Summer,2,0.97,High,5.0,11.6,1.8
South Slope,Williamsburg,14-02-2016,23:02,23,Evening,Sunday,1,Winter,1,3.65,Low,11.5,19.0,1.0
Hell's Kitchen,Harlem,15-06-2016,10:56,10,Morning,Wednesday,0,Summer,3,0.71,Medium,3.8,11.2,1.3
Harlem,Harlem,31-05-2016,16:53,16,Afternoon,Tuesday,0,Spring,2,1.09,Medium,7.5,8.7,1.3
Bedford-Stuyvesant,East Harlem,17-05-2016,09:16,9,Morning,Tuesday,0,Spring,1,0.91,High,9.0,6.1,1.8
Upper West Side,Murray Hill,02-05-2016,23:20,23,Evening,Monday,0,Spring,4,4.78,Low,11.2,25.6,1.0
West Village,Bedford-Stuyvesant,11-01-2016,11:02,11,Morning,Monday,0,Winter,1,1.94,Low,7.9,14.7,1.0
Gravesend,Bensonhurst,08-01-2016,21:04,21,Evening,Friday,0,Winter,5,3.36,Low,16.2,12.4,1.0
Bedford-Stuyvesant,Bedford-Stuyvesant,22-01-2016,19:18,19,Evening,Friday,0,Winter,1,1.02,High,3.2,19.1,1.8
Bedford-Stuyvesant,Kensington,23-04-2016,06:02,6,Morning,Saturday,1,Spring,4,1.45,Low,5.2,16.7,1.0
Harlem,Fort Greene,09-04-2016,03:04,3,Night,Saturday,1,Spring,1,0.4,Low,5.6,4.3,1.0
Murray Hill,Upper West Side,20-03-2016,01:14,1,Night,Sunday,1,Spring,1,1.49,Low,13.3,6.7,1.0
Crown Heights,Hell's Kitchen,01-04-2016,12:53,12,Afternoon,Friday,0,Spring,2,0.85,Low,2.4,21.2,1.0
Upper West Side,South Slope,22-06-2016,21:20,21,Evening,Wednesday,0,Summer,1,3.33,Low,17.4,11.5,1.0
East Harlem,Upper West Side,19-05-2016,22:34,22,Evening,Thursday,0,Spring,1,1.72,Low,9.5,10.9,1.0
West Village,Upper West Side,27-01-2016,13:27,13,Afternoon,Wednesday,0,Winter,1,1.61,Low,15.2,6.4,1.0
Park Slope,Crown Heights,16-06-2016,22:50,22,Evening,Thursday,0,Summer,2,3.38,Low,11.1,18.3,1.0
Harlem,Fort Greene,25-06-2016,14:59,14,Afternoon,Saturday,1,Summer,1,3.35,Low,19.3,10.4,1.0
Murray Hill,Bedford-Stuyvesant,20-02-2016,23:41,23,Evening,Saturday,1,Winter,1,8.55,Low,9.4,54.6,1.0
Inwood,Hell's Kitchen,25-06-2016,09:41,9,Morning,Saturday,1,Summer,1,2.84,High,7.8,21.8,1.8
Williamsburg,West Village,12-06-2016,01:41,1,Night,Sunday,1,Summer,2,7.35,Low,18.5,23.8,1.0
Flatlands,Fort Hamilton,12-03-2016,10:40,10,Morning,Saturday,1,Spring,1,1.54,Medium,7.4,12.5,1.3
Upper West Side,South Slope,17-01-2016,02:45,2,Night,Sunday,1,Winter,1,2.83,Low,6.6,25.7,1.0
Clinton Hill,Windsor Terrace,16-04-2016,13:58,13,Afternoon,Saturday,1,Spring,1,3.58,Low,28.5,7.5,1.0
Arden Heights,Sheepshead Bay,09-05-2016,15:53,15,Afternoon,Monday,0,Spring,6,9.31,Low,42.4,13.2,1.0
Fort Greene,Midtown,26-06-2016,16:18,16,Afternoon,Sunday,1,Summer,1,2.21,Medium,7.6,17.4,1.3
Bedford-Stuyvesant,Upper West Side,10-06-2016,18:29,18,Evening,Friday,0,Summer,1,1.65,High,3.6,27.5,1.8
Bath Beach,Clifton,23-04-2016,13:03,13,Afternoon,Saturday,1,Spring,5,6.08,Low,36.2,10.1,1.0
South Slope,South Slope,10-04-2016,01:22,1,Night,Sunday,1,Spring,1,6.91,Low,26.5,15.6,1.0
Tottenville,Rossville,02-03-2016,06:51,6,Morning,Wednesday,0,Spring,1,24.63,Low,115.5,12.8,1.0
Greenpoint,Crown Heights,27-01-2016,21:50,21,Evening,Wednesday,0,Winter,1,3.02,Low,14.4,12.6,1.0
Upper West Side,Chinatown,13-02-2016,18:05,18,Evening,Saturday,1,Winter,1,3.26,High,20.8,9.4,1.8
Harlem,Harlem,03-01-2016,02:21,2,Night,Sunday,1,Winter,1,11.83,Low,21.9,32.4,1.0
East Harlem,Williamsburg,14-05-2016,17:09,17,Afternoon,Saturday,1,Spring,2,0.93,High,2.5,22.3,1.8
East Harlem,Kensington,18-04-2016,06:11,6,Morning,Monday,0,Spring,1,4.7,Low,13.0,21.7,1.0
Crown Heights,Upper West Side,06-02-2016,22:18,22,Evening,Saturday,1,Winter,2,2.23,Low,18.7,7.2,1.0
Harlem,Clinton Hill,18-03-2016,16:49,16,Afternoon,Friday,0,Spring,1,1.11,Medium,6.4,10.4,1.3
Upper West Side,Upper West Side,09-03-2016,08:19,8,Morning,Wednesday,0,Spring,1,1.61,High,7.6,12.7,1.8
Tottenville,Tottenville,19-06-2016,21:51,21,Evening,Sunday,1,Summer,1,26.02,Low,49.9,31.3,1.0
South Slope,Bedford-Stuyvesant,25-05-2016,12:26,12,Afternoon,Wednesday,0,Spring,2,0.84,Low,3.6,14.0,1.0
Bedford-Stuyvesant,West Village,15-01-2016,07:29,7,Morning,Friday,0,Winter,4,2.16,Medium,6.0,21.6,1.3
West Village,South Slope,13-04-2016,09:54,9,Morning,Wednesday,0,Spring,2,1.92,High,10.8,10.7,1.8
Clinton Hill,South Slope,09-06-2016,23:05,23,Evening,Thursday,0,Summer,1,7.32,Low,33.9,13.0,1.0
Bedford-Stuyvesant,Upper West Side,28-04-2016,19:27,19,Evening,Thursday,0,Spring,1,1.43,High,6.6,13.0,1.8
Hell's Kitchen,Inwood,24-06-2016,22:51,22,Evening,Friday,0,Summer,3,2.06,Low,6.4,19.3,1.0
Bedford-Stuyvesant,Harlem,07-03-2016,07:36,7,Morning,Monday,0,Spring,1,5.04,Medium,14.4,21.0,1.3
Harlem,Crown Heights,22-03-2016,12:10,12,Afternoon,Tuesday,0,Spring,1,3.93,Low,20.4,11.6,1.0
South Slope,Fort Greene,02-02-2016,20:15,20,Evening,Tuesday,0,Winter,2,2.11,Medium,5.6,22.6,1.3
"Bay Terrace, Staten Island",Midwood,14-04-2016,11:32,11,Morning,Thursday,0,Spring,1,12.2,Low,49.0,14.9,1.0
Midtown,Bedford-Stuyvesant,21-02-2016,15:15,15,Afternoon,Sunday,1,Winter,2,3.37,Low,22.2,9.1,1.0
Midtown,Clinton Hill,10-06-2016,07:48,7,Morning,Friday,0,Summer,1,3.62,Medium,15.6,13.9,1.3
Upper West Side,Chinatown,31-05-2016,09:50,9,Morning,Tuesday,0,Spring,2,3.19,High,15.3,12.5,1.8
Crown Heights,Harlem,10-02-2016,09:08,9,Morning,Wednesday,0,Winter,1,1.95,High,11.7,10.0,1.8
Arverne,Bensonhurst,09-01-2016,16:26,16,Afternoon,Saturday,1,Winter,1,0.93,Medium,4.6,12.1,1.3
East Harlem,Clinton Hill,08-03-2016,17:51,17,Afternoon,Tuesday,0,Spring,1,3.07,High,12.6,14.6,1.8
Upper West Side,Harlem,20-06-2016,09:38,9,Morning,Monday,0,Summer,4,1.58,High,5.5,17.2,1.8
East Harlem,East Harlem,27-04-2016,08:59,8,Morning,Wednesday,0,Spring,1,1.5,High,4.9,18.4,1.8
Bayswater,Oakwood,16-05-2016,05:10,5,Night,Monday,0,Spring,1,11.18,Low,12.7,52.8,1.0
Chinatown,East Harlem,02-01-2016,17:44,17,Afternoon,Saturday,1,Winter,2,0.55,High,3.3,10.0,1.8
Park Slope,Bedford-Stuyvesant,22-01-2016,18:20,18,Evening,Friday,0,Winter,1,1.09,High,8.0,8.2,1.8
East Harlem,Crown Heights,10-03-2016,12:33,12,Afternoon,Thursday,0,Spring,1,0.8,Low,3.2,15.0,1.0
Upper West Side,Midtown,20-01-2016,08:47,8,Morning,Wednesday,0,Winter,1,2.18,High,16.2,8.1,1.8
Chinatown,Hell's Kitchen,21-02-2016,03:12,3,Night,Sunday,1,Winter,1,3.01,Low,7.6,23.8,1.0
Park Slope,Upper West Side,13-04-2016,01:57,1,Night,Wednesday,0,Spring,1,15.82,Low,23.9,39.7,1.0
Upper West Side,Fort Greene,21-02-2016,00:07,0,Night,Sunday,1,Winter,1,2.0,Low,7.5,16.0,1.0
Park Slope,Upper West Side,17-04-2016,00:28,0,Night,Sunday,1,Spring,1,2.22,Low,11.0,12.1,1.0
East Harlem,Greenpoint,20-05-2016,22:45,22,Evening,Friday,0,Spring,2,1.28,Low,8.4,9.1,1.0
Chinatown,Williamsburg,08-03-2016,22:28,22,Evening,Tuesday,0,Spring,1,5.9,Low,16.8,21.1,1.0
Tottenville,Great Kills,09-05-2016,16:06,16,Afternoon,Monday,0,Spring,1,13.66,Medium,29.8,27.5,1.3
Harlem,Harlem,05-05-2016,09:31,9,Morning,Thursday,0,Spring,1,1.06,High,7.7,8.3,1.8
West Village,Fort Greene,04-06-2016,12:47,12,Afternoon,Saturday,1,Summer,1,0.35,Low,1.9,11.1,1.0
Kensington,Upper West Side,23-05-2016,19:20,19,Evening,Monday,0,Spring,1,2.0,High,6.1,19.7,1.8
Upper West Side,East Harlem,01-06-2016,08:42,8,Morning,Wednesday,0,Summer,1,1.38,High,18.7,4.4,1.8
Upper West Side,Inwood,24-03-2016,21:40,21,Evening,Thursday,0,Spring,1,1.83,Low,8.7,12.6,1.0
Bedford-Stuyvesant,Harlem,19-01-2016,22:09,22,Evening,Tuesday,0,Winter,2,0.76,Low,3.6,12.7,1.0
South Slope,Kensington,07-03-2016,08:36,8,Morning,Monday,0,Spring,5,2.89,High,16.8,10.3,1.8
East Harlem,Murray Hill,07-01-2016,20:41,20,Evening,Thursday,0,Winter,1,3.35,Medium,12.3,16.3,1.3
East Harlem,Chelsea,25-01-2016,11:37,11,Morning,Monday,0,Winter,1,1.19,Low,4.2,17.0,1.0
Fort Greene,Kensington,15-02-2016,12:26,12,Afternoon,Monday,0,Winter,1,3.11,Low,10.2,18.3,1.0
Greenpoint,Bedford-Stuyvesant,23-04-2016,21:24,21,Evening,Saturday,1,Spring,1,1.2,Low,7.1,10.1,1.0
Fort Greene,Williamsburg,24-01-2016,22:14,22,Evening,Sunday,1,Winter,4,0.44,Low,1.2,22.0,1.0
Midwood,Arverne,30-06-2016,19:01,19,Evening,Thursday,0,Summer,1,0.75,High,6.5,6.9,1.8
Fort Greene,Williamsburg,08-04-2016,22:57,22,Evening,Friday,0,Spring,1,0.2,Low,3.3,3.6,1.0
Park Slope,South Slope,26-03-2016,03:05,3,Night,Saturday,1,Spring,2,2.75,Low,12.0,13.8,1.0
Upper West Side,Upper West Side,10-01-2016,00:33,0,Night,Sunday,1,Winter,2,1.76,Low,5.4,19.6,1.0
Harlem,Chinatown,04-06-2016,23:06,23,Evening,Saturday,1,Summer,1,2.52,Low,11.1,13.6,1.0
Upper West Side,Upper West Side,01-03-2016,18:19,18,Evening,Tuesday,0,Spring,4,3.98,High,22.5,10.6,1.8
Murray Hill,Kensington,21-01-2016,21:13,21,Evening,Thursday,0,Winter,2,5.25,Low,17.6,17.9,1.0
East Harlem,Harlem,28-04-2016,16:09,16,Afternoon,Thursday,0,Spring,1,2.67,Medium,16.2,9.9,1.3
Kensington,Williamsburg,05-02-2016,19:48,19,Evening,Friday,0,Winter,1,3.22,High,9.9,19.5,1.8
Park Slope,East Harlem,14-05-2016,01:27,1,Night,Saturday,1,Spring,1,6.28,Low,22.8,16.5,1.0
Murray Hill,Bedford-Stuyvesant,29-02-2016,00:33,0,Night,Monday,0,Winter,1,3.01,Low,17.4,10.4,1.0
Kensington,Bedford-Stuyvesant,02-03-2016,21:20,21,Evening,Wednesday,0,Spring,1,2.16,Low,6.7,19.3,1.0
Harlem,Kensington,15-05-2016,11:50,11,Morning,Sunday,1,Spring,5,2.32,Low,12.5,11.1,1.0
Upper West Side,Inwood,16-04-2016,00:02,0,Night,Saturday,1,Spring,2,1.5,Low,6.3,14.3,1.0
Grymes Hill,Bath Beach,27-04-2016,14:07,14,Afternoon,Wednesday,0,Spring,1,2.54,Low,19.8,7.7,1.0
East Harlem,Upper West Side,05-03-2016,17:41,17,Afternoon,Saturday,1,Spring,2,1.04,High,6.4,9.8,1.8
Harlem,Murray Hill,19-05-2016,11:37,11,Morning,Thursday,0,Spring,1,6.55,Low,21.4,18.4,1.0
Upper West Side,Murray Hill,13-01-2016,01:17,1,Night,Wednesday,0,Winter,1,1.59,Low,3.2,29.8,1.0
"Bay Terrace, Staten Island",Castleton Corners,13-06-2016,12:24,12,Afternoon,Monday,0,Summer,1,12.25,Low,27.0,27.2,1.0
Stapleton,"Bay Terrace, Staten Island",04-01-2016,04:35,4,Night,Monday,0,Winter,2,12.45,Low,18.2,41.0,1.0
Harlem,Windsor Terrace,20-01-2016,21:19,21,Evening,Wednesday,0,Winter,1,1.51,Low,6.4,14.2,1.0
Prince's Bay,Tottenville,07-02-2016,15:33,15,Afternoon,Sunday,1,Winter,1,24.01,Low,39.1,36.8,1.0
Great Kills,Tottenville,11-03-2016,08:31,8,Morning,Friday,0,Spring,1,24.36,High,49.3,29.6,1.8
Harlem,Upper West Side,19-06-2016,21:17,21,Evening,Sunday,1,Summer,2,6.2,Low,17.0,21.9,1.0
Harlem,Upper West Side,12-01-2016,11:16,11,Morning,Tuesday,0,Winter,1,2.82,Low,29.6,5.7,1.0
Midtown,Upper West Side,10-03-2016,05:34,5,Night,Thursday,0,Spring,1,4.37,Low,9.4,27.9,1.0
Harlem,East Harlem,18-03-2016,07:21,7,Morning,Friday,0,Spring,3,3.84,Medium,16.8,13.7,1.3
Bedford-Stuyvesant,Windsor Terrace,04-04-2016,11:22,11,Morning,Monday,0,Spring,2,5.94,Low,19.8,18.0,1.0
Bedford-Stuyvesant,Kensington,17-05-2016,14:40,14,Afternoon,Tuesday,0,Spring,5,5.63,Low,38.6,8.8,1.0
Clinton Hill,South Slope,20-04-2016,22:52,22,Evening,Wednesday,0,Spring,1,5.52,Low,18.0,18.4,1.0
South Slope,Upper West Side,25-05-2016,05:51,5,Night,Wednesday,0,Spring,1,3.77,Low,7.6,29.8,1.0
Harlem,East Harlem,13-06-2016,08:56,8,Morning,Monday,0,Summer,1,2.04,High,4.9,25.0,1.8
Tottenville,"Bay Terrace, Staten Island",11-05-2016,15:07,15,Afternoon,Wednesday,0,Spring,1,24.39,Low,63.9,22.9,1.0
Harlem,Clinton Hill,14-04-2016,10:49,10,Morning,Thursday,0,Spring,1,3.46,Medium,19.1,10.9,1.3
Arden Heights,Brighton Beach,15-02-2016,23:15,23,Evening,Monday,0,Winter,5,3.21,Low,9.6,20.1,1.0
Crown Heights,East Harlem,29-06-2016,11:42,11,Morning,Wednesday,0,Summer,1,2.11,Low,15.3,8.3,1.0
Harlem,Bedford-Stuyvesant,11-04-2016,06:37,6,Morning,Monday,0,Spring,5,6.09,Low,20.3,18.0,1.0
Harlem,Upper West Side,24-03-2016,13:12,13,Afternoon,Thursday,0,Spring,1,1.58,Low,9.5,10.0,1.0
West Village,Bedford-Stuyvesant,31-05-2016,09:05,9,Morning,Tuesday,0,Spring,1,2.27,High,8.8,15.5,1.8
Harlem,Bedford-Stuyvesant,11-04-2016,22:49,22,Evening,Monday,0,Spring,5,1.67,Low,8.6,11.7,1.0
Clinton Hill,Park Slope,14-03-2016,00:02,0,Night,Monday,0,Spring,2,2.64,Low,7.9,20.1,1.0
Midwood,Arverne,12-06-2016,12:38,12,Afternoon,Sunday,1,Summer,2,5.04,Low,19.3,15.7,1.0
Harlem,Midtown,09-02-2016,10:03,10,Morning,Tuesday,0,Winter,1,1.98,Medium,11.4,10.4,1.3
East Harlem,West Village,28-06-2016,16:29,16,Afternoon,Tuesday,0,Summer,1,2.13,Medium,26.5,4.8,1.3
Inwood,South Slope,14-03-2016,12:24,12,Afternoon,Monday,0,Spring,1,2.03,Low,9.0,13.5,1.0
South Slope,East Harlem,12-03-2016,16:03,16,Afternoon,Saturday,1,Spring,1,4.64,Medium,18.8,14.8,1.3
Bedford-Stuyvesant,Bedford-Stuyvesant,01-05-2016,04:58,4,Night,Sunday,1,Spring,6,0.59,Low,1.4,25.3,1.0
Harlem,Murray Hill,05-03-2016,14:39,14,Afternoon,Saturday,1,Spring,1,4.14,Low,15.7,15.8,1.0
Bedford-Stuyvesant,Bedford-Stuyvesant,22-05-2016,12:03,12,Afternoon,Sunday,1,Spring,5,1.14,Low,8.0,8.5,1.0
Upper West Side,Bedford-Stuyvesant,09-01-2016,23:42,23,Evening,Saturday,1,Winter,3,0.94,Low,6.3,9.0,1.0
Crown Heights,East Harlem,19-06-2016,01:33,1,Night,Sunday,1,Summer,1,7.88,Low,19.7,24.0,1.0
Harlem,Bedford-Stuyvesant,05-02-2016,14:46,14,Afternoon,Friday,0,Winter,1,1.47,Low,9.8,9.0,1.0
Gravesend,Sheepshead Bay,05-05-2016,10:30,10,Morning,Thursday,0,Spring,1,0.33,Medium,0.7,28.3,1.3
Park Slope,East Harlem,02-02-2016,08:17,8,Morning,Tuesday,0,Winter,1,5.48,High,18.1,18.2,1.8
Fort Greene,Crown Heights,15-02-2016,00:38,0,Night,Monday,0,Winter,1,1.14,Low,6.4,10.7,1.0
Harlem,East Harlem,28-06-2016,10:11,10,Morning,Tuesday,0,Summer,1,3.95,Medium,24.1,9.8,1.3
Upper West Side,East Harlem,22-02-2016,17:04,17,Afternoon,Monday,0,Winter,2,0.76,High,2.6,17.5,1.8
Midwood,Bensonhurst,17-04-2016,13:04,13,Afternoon,Sunday,1,Spring,1,2.69,Low,15.8,10.2,1.0
Kensington,Bedford-Stuyvesant,31-05-2016,12:38,12,Afternoon,Tuesday,0,Spring,1,1.76,Low,5.6,18.9,1.0
Midtown,Upper West Side,09-02-2016,18:21,18,Evening,Tuesday,0,Winter,1,3.18,High,10.5,18.2,1.8
Fort Greene,Windsor Terrace,12-01-2016,08:00,8,Morning,Tuesday,0,Winter,1,2.76,High,16.9,9.8,1.8
Harlem,Crown Heights,27-02-2016,03:42,3,Night,Saturday,1,Winter,2,9.57,Low,47.4,12.1,1.0
Harlem,East Harlem,18-05-2016,17:20,17,Afternoon,Wednesday,0,Spring,1,1.77,High,12.6,8.4,1.8
Williamsburg,Upper West Side,21-02-2016,14:39,14,Afternoon,Sunday,1,Winter,1,3.92,Low,12.8,18.4,1.0
East Harlem,Bedford-Stuyvesant,08-03-2016,12:06,12,Afternoon,Tuesday,0,Spring,1,3.1,Low,11.1,16.8,1.0
West Village,Crown Heights,12-03-2016,01:05,1,Night,Saturday,1,Spring,1,0.88,Low,6.1,8.7,1.0
Kensington,East Harlem,17-05-2016,03:59,3,Night,Tuesday,0,Spring,1,5.27,Low,18.8,16.8,1.0
Williamsburg,East Harlem,07-05-2016,15:24,15,Afternoon,Saturday,1,Spring,1,1.32,Low,12.1,6.5,1.0
East Village,East Harlem,03-04-2016,09:40,9,Morning,Sunday,1,Spring,1,3.9,High,12.1,19.3,1.8
Upper West Side,East Harlem,06-05-2016,17:08,17,Afternoon,Friday,0,Spring,2,2.12,High,11.8,10.8,1.8
Murray Hill,Bedford-Stuyvesant,04-06-2016,23:19,23,Evening,Saturday,1,Summer,1,5.52,Low,20.4,16.2,1.0
Williamsburg,Upper West Side,16-03-2016,07:54,7,Morning,Wednesday,0,Spring,1,4.48,Medium,19.1,14.1,1.3
Fort Greene,Bedford-Stuyvesant,03-02-2016,00:39,0,Night,Wednesday,0,Winter,1,9.39,Low,16.3,34.6,1.0
Bedford-Stuyvesant,Upper West Side,03-02-2016,22:45,22,Evening,Wednesday,0,Winter,1,1.75,Low,5.5,19.1,1.0
Fort Greene,Upper West Side,30-01-2016,21:46,21,Evening,Saturday,1,Winter,1,2.59,Low,8.6,18.1,1.0
Murray Hill,Bedford-Stuyvesant,21-05-2016,16:41,16,Afternoon,Saturday,1,Spring,1,5.23,Medium,24.5,12.8,1.3
East Harlem,Crown Heights,04-01-2016,18:08,18,Evening,Monday,0,Winter,1,4.05,High,16.7,14.6,1.8
Great Kills,Flatlands,19-06-2016,10:14,10,Morning,Sunday,1,Summer,6,13.83,Medium,28.3,29.3,1.3
East Harlem,Upper West Side,04-01-2016,20:40,20,Evening,Monday,0,Winter,1,5.6,Medium,13.0,25.8,1.3
West Village,Bedford-Stuyvesant,23-06-2016,23:17,23,Evening,Thursday,0,Summer,1,3.73,Low,17.8,12.6,1.0
Park Slope,Upper West Side,16-01-2016,09:17,9,Morning,Saturday,1,Winter,2,3.51,High,10.7,19.7,1.8
Kensington,Hell's Kitchen,12-03-2016,12:38,12,Afternoon,Saturday,1,Spring,1,3.68,Low,15.8,14.0,1.0
Midtown,Harlem,21-06-2016,07:32,7,Morning,Tuesday,0,Summer,1,3.42,Medium,14.3,14.3,1.3
South Slope,South Slope,15-04-2016,20:42,20,Evening,Friday,0,Spring,1,0.03,Medium,0.6,3.0,1.3
Upper West Side,Upper West Side,10-03-2016,11:52,11,Morning,Thursday,0,Spring,1,2.33,Low,12.7,11.0,1.0
Kensington,Park Slope,15-03-2016,19:19,19,Evening,Tuesday,0,Spring,1,2.19,High,13.3,9.9,1.8
Harlem,Upper West Side,11-06-2016,16:22,16,Afternoon,Saturday,1,Summer,1,5.1,Medium,21.0,14.6,1.3
Park Slope,Upper West Side,08-04-2016,23:24,23,Evening,Friday,0,Spring,1,2.44,Low,12.6,11.6,1.0
Bedford-Stuyvesant,Bedford-Stuyvesant,12-06-2016,21:54,21,Evening,Sunday,1,Summer,1,0.88,Low,5.9,8.9,1.0
Tottenville,Great Kills,11-03-2016,09:18,9,Morning,Friday,0,Spring,2,25.07,High,43.9,34.3,1.8
Harlem,Upper West Side,08-01-2016,18:05,18,Evening,Friday,0,Winter,1,3.5,High,13.2,15.9,1.8
Bedford-Stuyvesant,Bedford-Stuyvesant,16-06-2016,19:55,19,Evening,Thursday,0,Summer,5,4.06,High,16.2,15.0,1.8
Tottenville,Prince's Bay,23-05-2016,16:05,16,Afternoon,Monday,0,Spring,1,24.94,Medium,38.4,39.0,1.3
Inwood,Windsor Terrace,06-03-2016,05:56,5,Night,Sunday,1,Spring,1,0.71,Low,2.8,15.2,1.0
Murray Hill,Hell's Kitchen,18-02-2016,09:34,9,Morning,Thursday,0,Winter,1,8.29,High,21.9,22.7,1.8
Crown Heights,Upper West Side,17-01-2016,03:27,3,Night,Sunday,1,Winter,4,11.48,Low,41.3,16.7,1.0
Clinton Hill,Hell's Kitchen,11-04-2016,15:09,15,Afternoon,Monday,0,Spring,3,2.38,Low,13.9,10.3,1.0
Chinatown,Park Slope,01-02-2016,21:07,21,Evening,Monday,0,Winter,1,8.55,Low,26.6,19.3,1.0
West Village,Upper West Side,28-01-2016,18:01,18,Evening,Thursday,0,Winter,1,1.03,High,6.0,10.3,1.8
Bedford-Stuyvesant,Bedford-Stuyvesant,09-02-2016,14:22,14,Afternoon,Tuesday,0,Winter,1,2.52,Low,9.4,16.1,1.0
Upper West Side,Upper West Side,10-01-2016,13:41,13,Afternoon,Sunday,1,Winter,1,1.44,Low,5.0,17.3,1.0
Upper West Side,Hell's Kitchen,19-06-2016,08:52,8,Morning,Sunday,1,Summer,1,2.46,High,8.9,16.6,1.8
East Harlem,Upper West Side,29-01-2016,17:20,17,Afternoon,Friday,0,Winter,1,1.25,High,21.8,3.4,1.8
Arden Heights,Midwood,07-04-2016,17:38,17,Afternoon,Thursday,0,Spring,1,9.79,High,26.4,22.2,1.8
Bedford-Stuyvesant,Bedford-Stuyvesant,14-01-2016,07:49,7,Morning,Thursday,0,Winter,1,1.39,Medium,5.0,16.7,1.3
Bushwick,Midtown,20-05-2016,17:46,17,Afternoon,Friday,0,Spring,1,1.35,High,13.0,6.2,1.8
East Harlem,Midtown,07-02-2016,09:17,9,Morning,Sunday,1,Winter,1,3.95,High,18.9,12.5,1.8
Harlem,Williamsburg,03-02-2016,18:11,18,Evening,Wednesday,0,Winter,1,0.9,High,4.5,12.0,1.8
Great Kills,Arden Heights,02-06-2016,12:40,12,Afternoon,Thursday,0,Summer,1,22.28,Low,33.6,39.8,1.0
Tottenville,Great Kills,31-05-2016,04:03,4,Night,Tuesday,0,Spring,1,24.05,Low,21.4,67.4,1.0
Upper West Side,Hell's Kitchen,20-05-2016,02:36,2,Night,Friday,0,Spring,6,4.66,Low,10.2,27.4,1.0
Harlem,Bedford-Stuyvesant,08-04-2016,20:49,20,Evening,Friday,0,Spring,2,8.43,Medium,30.4,16.6,1.3
Kensington,Upper West Side,11-02-2016,17:00,17,Afternoon,Thursday,0,Winter,1,1.64,High,8.0,12.3,1.8
Kensington,Upper West Side,23-03-2016,23:31,23,Evening,Wednesday,0,Spring,1,2.45,Low,9.1,16.2,1.0
Arden Heights,Clifton,18-05-2016,18:17,18,Evening,Wednesday,0,Spring,1,12.72,High,38.0,20.1,1.8
Windsor Terrace,Hell's Kitchen,16-05-2016,22:12,22,Evening,Monday,0,Spring,5,1.93,Low,7.6,15.2,1.0
Upper West Side,South Slope,07-06-2016,22:27,22,Evening,Tuesday,0,Summer,6,1.1,Low,5.8,11.4,1.0
Upper West Side,Kensington,21-06-2016,21:42,21,Evening,Tuesday,0,Summer,5,3.42,Low,17.3,11.9,1.0
Upper West Side,East Harlem,21-02-2016,19:06,19,Evening,Sunday,1,Winter,1,8.66,High,20.8,25.0,1.8
East Harlem,Kensington,08-01-2016,07:45,7,Morning,Friday,0,Winter,2,7.18,Medium,23.5,18.3,1.3
Kensington,Kensington,18-06-2016,17:36,17,Afternoon,Saturday,1,Summer,1,2.44,High,9.7,15.1,1.8
West Village,South Slope,02-03-2016,00:04,0,Night,Wednesday,0,Spring,1,2.08,Low,8.1,15.4,1.0
East Village,Inwood,29-03-2016,15:42,15,Afternoon,Tuesday,0,Spring,1,4.06,Low,14.2,17.2,1.0
West Village,East Harlem,06-03-2016,00:07,0,Night,Sunday,1,Spring,1,1.81,Low,6.6,16.5,1.0
Harlem,Harlem,29-04-2016,07:58,7,Morning,Friday,0,Spring,5,2.32,Medium,13.6,10.2,1.3
Murray Hill,Harlem,18-05-2016,19:32,19,Evening,Wednesday,0,Spring,6,4.81,High,11.1,26.0,1.8
West Village,Upper West Side,24-02-2016,15:48,15,Afternoon,Wednesday,0,Winter,1,5.34,Low,29.3,10.9,1.0
Harlem,Bedford-Stuyvesant,24-04-2016,11:12,11,Morning,Sunday,1,Spring,2,2.27,Low,10.1,13.5,1.0
Chinatown,West Village,08-04-2016,23:19,23,Evening,Friday,0,Spring,1,5.3,Low,27.5,11.6,1.0
Crown Heights,Upper West Side,17-04-2016,07:20,7,Morning,Sunday,1,Spring,1,3.73,Medium,12.2,18.3,1.3
Midtown,Harlem,18-01-2016,14:18,14,Afternoon,Monday,0,Winter,1,1.38,Low,5.8,14.3,1.0
Bedford-Stuyvesant,Upper West Side,04-05-2016,23:53,23,Evening,Wednesday,0,Spring,2,4.69,Low,13.0,21.6,1.0
Bedford-Stuyvesant,Hell's Kitchen,09-01-2016,21:03,21,Evening,Saturday,1,Winter,2,2.74,Low,14.7,11.2,1.0
Kensington,Bedford-Stuyvesant,23-04-2016,19:53,19,Evening,Saturday,1,Spring,1,2.68,High,11.4,14.1,1.8
South Slope,West Village,20-02-2016,21:31,21,Evening,Saturday,1,Winter,2,1.13,Low,5.3,12.8,1.0
Bensonhurst,Sheepshead Bay,08-04-2016,09:21,9,Morning,Friday,0,Spring,1,3.67,High,16.9,13.0,1.8
Harlem,East Harlem,14-06-2016,16:19,16,Afternoon,Tuesday,0,Summer,1,2.6,Medium,18.1,8.6,1.3
Bedford-Stuyvesant,Murray Hill,08-03-2016,17:05,17,Afternoon,Tuesday,0,Spring,1,3.35,High,13.2,15.2,1.8
Tottenville,Rossville,31-01-2016,13:09,13,Afternoon,Sunday,1,Winter,2,23.95,Low,39.4,36.5,1.0
Hell's Kitchen,Kensington,17-02-2016,03:52,3,Night,Wednesday,0,Winter,1,1.04,Low,3.5,17.8,1.0
East Harlem,Bedford-Stuyvesant,06-01-2016,21:44,21,Evening,Wednesday,0,Winter,2,9.27,Low,21.9,25.4,1.0
Bedford-Stuyvesant,Williamsburg,29-04-2016,18:34,18,Evening,Friday,0,Spring,5,1.53,High,9.2,10.0,1.8
Tottenville,Eltingville,29-01-2016,15:26,15,Afternoon,Friday,0,Winter,2,23.38,Low,46.5,30.2,1.0
Upper West Side,Upper West Side,16-06-2016,15:54,15,Afternoon,Thursday,0,Summer,1,1.64,Low,16.2,6.1,1.0
Upper West Side,Upper West Side,24-03-2016,19:21,19,Evening,Thursday,0,Spring,1,1.83,High,7.5,14.6,1.8
Upper West Side,Hell's Kitchen,19-01-2016,14:03,14,Afternoon,Tuesday,0,Winter,1,1.56,Low,16.5,5.7,1.0
Park Slope,Fort Greene,31-01-2016,19:01,19,Evening,Sunday,1,Winter,1,4.06,High,13.2,18.5,1.8
Inwood,Upper West Side,11-02-2016,22:33,22,Evening,Thursday,0,Winter,1,0.62,Low,9.0,4.1,1.0
East Harlem,Bedford-Stuyvesant,09-01-2016,10:15,10,Morning,Saturday,1,Winter,1,0.87,Medium,6.3,8.3,1.3
East Harlem,South Slope,05-06-2016,21:54,21,Evening,Sunday,1,Summer,1,4.71,Low,16.5,17.1,1.0
Williamsburg,South Slope,20-04-2016,23:38,23,Evening,Wednesday,0,Spring,1,7.07,Low,21.4,19.8,1.0
West Brighton,Sheepshead Bay,02-02-2016,08:31,8,Morning,Tuesday,0,Winter,1,2.97,High,25.9,6.9,1.8
Great Kills,Arverne,01-04-2016,07:49,7,Morning,Friday,0,Spring,1,6.74,Medium,21.4,18.9,1.3
Harlem,Upper West Side,01-04-2016,16:17,16,Afternoon,Friday,0,Spring,1,1.1,Medium,5.7,11.6,1.3
Arden Heights,Midwood,11-02-2016,18:32,18,Evening,Thursday,0,Winter,2,12.83,High,23.7,32.5,1.8
East Harlem,Williamsburg,09-03-2016,20:29,20,Evening,Wednesday,0,Spring,5,1.75,Medium,10.3,10.2,1.3
Kensington,South Slope,12-06-2016,14:31,14,Afternoon,Sunday,1,Summer,1,2.3,Low,6.4,21.6,1.0
Upper West Side,Upper West Side,20-02-2016,16:44,16,Afternoon,Saturday,1,Winter,5,3.95,Medium,17.9,13.2,1.3
East Harlem,Chinatown,01-06-2016,08:44,8,Morning,Wednesday,0,Summer,1,1.85,High,4.7,23.6,1.8
Windsor Terrace,East Harlem,25-03-2016,18:31,18,Evening,Friday,0,Spring,2,3.21,High,14.9,12.9,1.8
Oakwood,Graniteville,09-06-2016,13:34,13,Afternoon,Thursday,0,Summer,3,12.33,Low,67.9,10.9,1.0
Tottenville,Tottenville,23-03-2016,20:27,20,Evening,Wednesday,0,Spring,1,14.35,Medium,20.9,41.2,1.3
Castleton Corners,Flatlands,02-01-2016,15:01,15,Afternoon,Saturday,1,Winter,5,3.11,Low,12.8,14.6,1.0
Chelsea,Kensington,25-05-2016,23:06,23,Evening,Wednesday,0,Spring,3,8.75,Low,24.6,21.3,1.0
Fort Greene,Murray Hill,05-03-2016,02:59,2,Night,Saturday,1,Spring,1,1.5,Low,7.5,12.0,1.0
Sheepshead Bay,Arverne,16-04-2016,09:43,9,Morning,Saturday,1,Spring,1,1.37,High,8.7,9.4,1.8
Upper West Side,Bedford-Stuyvesant,25-05-2016,17:33,17,Afternoon,Wednesday,0,Spring,2,1.14,High,13.5,5.1,1.8
Midwood,Bayswater,11-05-2016,17:02,17,Afternoon,Wednesday,0,Spring,2,2.18,High,17.8,7.3,1.8
Crown Heights,Murray Hill,17-05-2016,17:05,17,Afternoon,Tuesday,0,Spring,1,1.42,High,4.8,17.8,1.8
Upper West Side,Kensington,28-05-2016,22:30,22,Evening,Saturday,1,Spring,1,6.11,Low,19.7,18.6,1.0
Clinton Hill,Harlem,19-01-2016,17:13,17,Afternoon,Tuesday,0,Winter,1,1.47,High,14.1,6.3,1.8
Clinton Hill,Upper West Side,09-02-2016,10:29,10,Morning,Tuesday,0,Winter,1,1.92,Medium,7.9,14.6,1.3
Greenpoint,Bedford-Stuyvesant,16-06-2016,17:06,17,Afternoon,Thursday,0,Summer,1,0.88,High,15.6,3.4,1.8
East Harlem,Harlem,21-02-2016,03:50,3,Night,Sunday,1,Winter,1,5.44,Low,15.7,20.8,1.0
Williamsburg,Harlem,28-01-2016,11:51,11,Morning,Thursday,0,Winter,1,2.61,Low,17.0,9.2,1.0
Harlem,South Slope,21-01-2016,12:01,12,Afternoon,Thursday,0,Winter,2,1.66,Low,7.5,13.3,1.0
Inwood,Park Slope,09-01-2016,23:39,23,Evening,Saturday,1,Winter,1,0.65,Low,9.1,4.3,1.0
East Harlem,Park Slope,18-02-2016,21:43,21,Evening,Thursday,0,Winter,1,5.51,Low,18.3,18.1,1.0
Bedford-Stuyvesant,Williamsburg,12-05-2016,21:33,21,Evening,Thursday,0,Spring,1,3.14,Low,8.6,21.9,1.0
Park Slope,Bedford-Stuyvesant,10-03-2016,21:43,21,Evening,Thursday,0,Spring,2,2.33,Low,11.5,12.2,1.0
Williamsburg,Fort Greene,29-02-2016,22:13,22,Evening,Monday,0,Winter,1,1.58,Low,8.3,11.4,1.0
Upper West Side,Midtown,09-01-2016,01:44,1,Night,Saturday,1,Winter,1,6.44,Low,24.4,15.8,1.0
Harlem,Harlem,04-06-2016,23:59,23,Evening,Saturday,1,Summer,2,9.29,Low,22.3,25.0,1.0
Upper West Side,Upper West Side,11-02-2016,19:11,19,Evening,Thursday,0,Winter,1,4.13,High,10.0,24.8,1.8
"Bay Terrace, Staten Island",Midwood,15-03-2016,14:27,14,Afternoon,Tuesday,0,Spring,1,15.58,Low,35.8,26.1,1.0
Harlem,Murray Hill,16-01-2016,00:35,0,Night,Saturday,1,Winter,1,1.32,Low,4.8,16.5,1.0
Hell's Kitchen,Harlem,26-05-2016,09:42,9,Morning,Thursday,0,Spring,6,4.21,High,26.7,9.5,1.8
Bedford-Stuyvesant,East Harlem,27-02-2016,18:39,18,Evening,Saturday,1,Winter,1,2.08,High,21.8,5.7,1.8
Midtown,East Harlem,18-03-2016,06:08,6,Morning,Friday,0,Spring,1,4.35,Low,7.7,33.9,1.0
Sheepshead Bay,Bensonhurst,17-01-2016,00:44,0,Night,Sunday,1,Winter,2,3.05,Low,13.0,14.1,1.0
Crown Heights,Upper West Side,31-03-2016,08:26,8,Morning,Thursday,0,Spring,1,0.61,High,2.6,14.1,1.8
Chelsea,South Slope,01-01-2016,13:56,13,Afternoon,Friday,0,Winter,1,1.67,Low,5.9,17.0,1.0
Harlem,East Harlem,18-02-2016,15:00,15,Afternoon,Thursday,0,Winter,1,1.08,Low,7.5,8.6,1.0
Harlem,Midtown,16-06-2016,01:12,1,Night,Thursday,0,Summer,1,2.99,Low,8.6,20.9,1.0
Bedford-Stuyvesant,West Village,09-04-2016,18:19,18,Evening,Saturday,1,Spring,2,0.63,High,2.2,17.2,1.8
Tottenville,Eltingville,11-01-2016,22:58,22,Evening,Monday,0,Winter,1,25.78,Low,29.0,53.3,1.0
Far Rockaway,Flatbush,11-06-2016,21:26,21,Evening,Saturday,1,Summer,1,2.01,Low,20.0,6.0,1.0
Upper West Side,Chelsea,10-03-2016,23:35,23,Evening,Thursday,0,Spring,6,2.21,Low,12.8,10.4,1.0
East Harlem,South Slope,16-02-2016,22:27,22,Evening,Tuesday,0,Winter,1,2.71,Low,12.3,13.2,1.0
Upper West Side,Clinton Hill,16-05-2016,17:16,17,Afternoon,Monday,0,Spring,1,2.75,High,9.3,17.7,1.8
Upper West Side,Park Slope,24-02-2016,21:36,21,Evening,Wednesday,0,Winter,1,1.85,Low,14.0,7.9,1.0
Greenpoint,Chelsea,24-02-2016,19:41,19,Evening,Wednesday,0,Winter,1,0.87,High,3.2,16.3,1.8
Upper West Side,Harlem,28-02-2016,01:35,1,Night,Sunday,1,Winter,1,3.58,Low,9.1,23.6,1.0
Tottenville,Eltingville,03-06-2016,21:59,21,Evening,Friday,0,Summer,2,25.67,Low,60.6,25.4,1.0
Crown Heights,Upper West Side,05-01-2016,08:41,8,Morning,Tuesday,0,Winter,1,2.12,High,11.1,11.5,1.8
Prince's Bay,Huguenot,28-05-2016,14:15,14,Afternoon,Saturday,1,Spring,6,25.71,Low,57.7,26.7,1.0
Bedford-Stuyvesant,Crown Heights,05-06-2016,15:08,15,Afternoon,Sunday,1,Summer,5,1.39,Low,8.6,9.7,1.0
Harlem,Harlem,06-01-2016,14:36,14,Afternoon,Wednesday,0,Winter,1,2.95,Low,11.0,16.1,1.0
Bedford-Stuyvesant,Upper West Side,03-05-2016,01:36,1,Night,Tuesday,0,Spring,2,7.59,Low,15.4,29.6,1.0
Bedford-Stuyvesant,South Slope,17-04-2016,13:36,13,Afternoon,Sunday,1,Spring,5,3.3,Low,17.0,11.6,1.0
Park Slope,Chinatown,23-06-2016,20:07,20,Evening,Thursday,0,Summer,2,0.25,Medium,2.6,5.8,1.3
Bedford-Stuyvesant,Hell's Kitchen,04-06-2016,19:08,19,Evening,Saturday,1,Summer,3,1.19,High,4.9,14.6,1.8
Upper West Side,Fort Greene,14-05-2016,06:53,6,Morning,Saturday,1,Spring,1,0.91,Low,2.8,19.5,1.0
Bedford-Stuyvesant,Harlem,24-04-2016,19:22,19,Evening,Sunday,1,Spring,1,3.03,High,12.0,15.2,1.8
Bensonhurst,Sheepshead Bay,14-05-2016,18:29,18,Evening,Saturday,1,Spring,1,0.99,High,43.3,1.4,1.8
Midtown,Bedford-Stuyvesant,10-01-2016,16:00,16,Afternoon,Sunday,1,Winter,1,2.2,Medium,5.4,24.4,1.3
Hell's Kitchen,West Village,16-02-2016,09:16,9,Morning,Tuesday,0,Winter,3,0.83,High,2.7,18.4,1.8
South Slope,Inwood,18-05-2016,10:25,10,Morning,Wednesday,0,Spring,1,1.28,Medium,9.6,8.0,1.3
Inwood,Kensington,02-04-2016,16:00,16,Afternoon,Saturday,1,Spring,1,2.16,Medium,25.9,5.0,1.3
Inwood,Harlem,17-01-2016,00:25,0,Night,Sunday,1,Winter,1,0.76,Low,3.3,13.8,1.0
Clinton Hill,Upper West Side,25-01-2016,17:11,17,Afternoon,Monday,0,Winter,1,2.09,High,18.9,6.6,1.8
Bedford-Stuyvesant,Fort Greene,04-03-2016,20:20,20,Evening,Friday,0,Spring,3,1.54,Medium,5.2,17.8,1.3
East Harlem,Williamsburg,03-01-2016,09:39,9,Morning,Sunday,1,Winter,1,0.87,High,4.0,13.0,1.8
Bedford-Stuyvesant,Harlem,08-02-2016,07:52,7,Morning,Monday,0,Winter,1,5.41,Medium,12.3,26.4,1.3
Flatbush,West Village,20-04-2016,20:27,20,Evening,Wednesday,0,Spring,1,3.08,Medium,9.7,19.1,1.3
Upper West Side,East Harlem,27-03-2016,16:25,16,Afternoon,Sunday,1,Spring,2,1.86,Medium,8.8,12.7,1.3
Harlem,Chinatown,23-04-2016,23:18,23,Evening,Saturday,1,Spring,2,0.9,Low,3.5,15.4,1.0
Inwood,Midtown,19-02-2016,18:45,18,Evening,Friday,0,Winter,1,0.64,High,2.8,13.7,1.8
Harlem,Bedford-Stuyvesant,01-01-2016,17:50,17,Afternoon,Friday,0,Winter,4,3.41,High,14.2,14.4,1.8
Chinatown,Crown Heights,28-05-2016,12:35,12,Afternoon,Saturday,1,Spring,1,0.94,Low,8.7,6.5,1.0
East Harlem,Kensington,09-04-2016,13:16,13,Afternoon,Saturday,1,Spring,1,2.41,Low,9.6,15.1,1.0
Hell's Kitchen,Upper West Side,30-05-2016,18:44,18,Evening,Monday,0,Spring,1,4.51,High,21.7,12.5,1.8
West Village,Murray Hill,11-03-2016,14:37,14,Afternoon,Friday,0,Spring,1,2.92,Low,18.3,9.6,1.0
Harlem,Kensington,11-06-2016,15:01,15,Afternoon,Saturday,1,Summer,5,5.32,Low,23.6,13.5,1.0
East Harlem,Bedford-Stuyvesant,30-06-2016,21:35,21,Evening,Thursday,0,Summer,1,3.4,Low,6.9,29.6,1.0
South Slope,Crown Heights,05-03-2016,11:32,11,Morning,Saturday,1,Spring,1,1.21,Low,6.8,10.7,1.0
Upper West Side,Upper West Side,26-06-2016,06:35,6,Morning,Sunday,1,Summer,1,6.47,Low,13.2,29.4,1.0
Fort Greene,East Harlem,23-05-2016,18:17,18,Evening,Monday,0,Spring,1,2.87,High,21.8,7.9,1.8
Fort Hamilton,Far Rockaway,04-04-2016,06:26,6,Morning,Monday,0,Spring,1,4.63,Low,9.6,28.9,1.0
Hell's Kitchen,East Harlem,14-01-2016,10:14,10,Morning,Thursday,0,Winter,2,1.47,Medium,6.4,13.8,1.3
Murray Hill,Bedford-Stuyvesant,28-06-2016,15:03,15,Afternoon,Tuesday,0,Summer,1,0.56,Low,3.8,8.8,1.0
Upper West Side,Clinton Hill,04-05-2016,09:26,9,Morning,Wednesday,0,Spring,1,0.7,High,5.0,8.4,1.8
Clinton Hill,Inwood,16-04-2016,23:51,23,Evening,Saturday,1,Spring,1,1.39,Low,5.0,16.7,1.0
Sheepshead Bay,Arden Heights,08-02-2016,12:59,12,Afternoon,Monday,0,Winter,1,8.75,Low,14.1,37.2,1.0
Harlem,Inwood,06-06-2016,17:30,17,Afternoon,Monday,0,Summer,2,1.92,High,8.0,14.4,1.8
Park Slope,Upper West Side,11-02-2016,20:56,20,Evening,Thursday,0,Winter,1,4.35,Medium,18.9,13.8,1.3
Bedford-Stuyvesant,Chinatown,09-01-2016,17:53,17,Afternoon,Saturday,1,Winter,1,3.53,High,12.7,16.7,1.8
Chinatown,East Harlem,08-02-2016,07:56,7,Morning,Monday,0,Winter,1,1.21,Medium,5.4,13.4,1.3
Bay Ridge,Sheepshead Bay,31-01-2016,11:31,11,Morning,Sunday,1,Winter,1,2.72,Low,19.3,8.5,1.0
Upper West Side,Williamsburg,30-04-2016,15:00,15,Afternoon,Saturday,1,Spring,1,2.26,Low,15.0,9.0,1.0
Bay Ridge,Fort Hamilton,14-04-2016,17:45,17,Afternoon,Thursday,0,Spring,2,1.36,High,13.2,6.2,1.8
East Harlem,East Harlem,03-02-2016,19:14,19,Evening,Wednesday,0,Winter,2,4.2,High,28.7,8.8,1.8
Huguenot,Tottenville,07-04-2016,07:28,7,Morning,Thursday,0,Spring,1,23.31,Medium,30.3,46.2,1.3
Bedford-Stuyvesant,Upper West Side,09-01-2016,19:10,19,Evening,Saturday,1,Winter,2,6.18,High,24.5,15.1,1.8
Fort Greene,Bedford-Stuyvesant,07-06-2016,09:20,9,Morning,Tuesday,0,Summer,1,1.65,High,19.6,5.1,1.8
"Bay Terrace, Staten Island",Bay Ridge,26-03-2016,11:15,11,Morning,Saturday,1,Spring,1,13.25,Low,88.2,9.0,1.0
Bedford-Stuyvesant,Upper West Side,19-02-2016,21:24,21,Evening,Friday,0,Winter,1,3.57,Low,12.7,16.9,1.0
Upper West Side,Bedford-Stuyvesant,09-03-2016,22:14,22,Evening,Wednesday,0,Spring,1,1.47,Low,7.3,12.1,1.0
Midwood,Great Kills,10-02-2016,07:41,7,Morning,Wednesday,0,Winter,1,13.0,Medium,15.6,50.0,1.3
East Harlem,Upper West Side,06-06-2016,09:19,9,Morning,Monday,0,Summer,1,1.86,High,26.2,4.3,1.8
Harlem,Clinton Hill,13-06-2016,10:35,10,Morning,Monday,0,Summer,1,1.79,Medium,7.0,15.3,1.3
Murray Hill,Harlem,26-02-2016,07:36,7,Morning,Friday,0,Winter,1,2.39,Medium,8.7,16.5,1.3
Tottenville,Huguenot,01-03-2016,17:30,17,Afternoon,Tuesday,0,Spring,2,24.31,High,49.3,29.6,1.8
"Bay Terrace, Staten Island",Bensonhurst,17-02-2016,22:01,22,Evening,Wednesday,0,Winter,1,12.03,Low,24.8,29.1,1.0
West Village,Upper West Side,07-04-2016,10:20,10,Morning,Thursday,0,Spring,1,1.78,Medium,16.1,6.6,1.3
South Slope,Crown Heights,20-04-2016,06:39,6,Morning,Wednesday,0,Spring,1,1.96,Low,4.1,28.7,1.0
Kensington,Fort Greene,14-02-2016,00:54,0,Night,Sunday,1,Winter,1,1.88,Low,4.9,23.0,1.0
South Slope,Harlem,17-05-2016,20:44,20,Evening,Tuesday,0,Spring,1,1.3,Medium,3.5,22.3,1.3
Fort Greene,Clinton Hill,30-06-2016,17:37,17,Afternoon,Thursday,0,Summer,1,1.71,High,7.3,14.1,1.8
Kensington,Fort Greene,19-02-2016,19:57,19,Evening,Friday,0,Winter,1,1.05,High,7.4,8.5,1.8
Midwood,Fort Hamilton,25-03-2016,08:15,8,Morning,Friday,0,Spring,1,1.62,High,9.6,10.1,1.8
Sheepshead Bay,Flatbush,02-04-2016,06:22,6,Morning,Saturday,1,Spring,1,5.11,Low,10.8,28.4,1.0
Inwood,Bedford-Stuyvesant,25-05-2016,17:42,17,Afternoon,Wednesday,0,Spring,6,0.8,High,7.0,6.9,1.8
Flatbush,Inwood,12-01-2016,23:31,23,Evening,Tuesday,0,Winter,2,1.37,Low,6.9,11.9,1.0
West Village,Upper West Side,14-01-2016,10:35,10,Morning,Thursday,0,Winter,1,2.08,Medium,9.2,13.6,1.3
"Bay Terrace, Staten Island",Gravesend,06-04-2016,09:19,9,Morning,Wednesday,0,Spring,1,11.55,High,32.1,21.6,1.8
Clinton Hill,East Harlem,02-01-2016,08:16,8,Morning,Saturday,1,Winter,1,2.91,High,8.5,20.5,1.8
East Harlem,Crown Heights,25-04-2016,00:58,0,Night,Monday,0,Spring,1,4.42,Low,15.4,17.2,1.0
Bedford-Stuyvesant,Kensington,07-02-2016,01:25,1,Night,Sunday,1,Winter,5,9.12,Low,14.4,38.0,1.0
Upper West Side,Fort Greene,29-02-2016,18:38,18,Evening,Monday,0,Winter,2,2.77,High,9.4,17.7,1.8
Tottenville,Woodrow,13-06-2016,14:18,14,Afternoon,Monday,0,Summer,2,23.5,Low,35.5,39.7,1.0
Fort Greene,Fort Greene,17-03-2016,13:43,13,Afternoon,Thursday,0,Spring,1,3.08,Low,22.3,8.3,1.0
Bensonhurst,Rockaway Beach,30-04-2016,12:40,12,Afternoon,Saturday,1,Spring,4,1.31,Low,5.0,15.7,1.0
Midtown,Harlem,29-06-2016,09:59,9,Morning,Wednesday,0,Summer,1,2.56,High,9.9,15.5,1.8
Hell's Kitchen,Bedford-Stuyvesant,25-03-2016,12:48,12,Afternoon,Friday,0,Spring,2,1.06,Low,4.5,14.1,1.0
Harlem,Bedford-Stuyvesant,02-03-2016,18:48,18,Evening,Wednesday,0,Spring,1,1.52,High,6.0,15.2,1.8
Bedford-Stuyvesant,Murray Hill,01-05-2016,10:32,10,Morning,Sunday,1,Spring,1,2.32,Medium,11.3,12.3,1.3
Harlem,Upper West Side,04-05-2016,13:31,13,Afternoon,Wednesday,0,Spring,1,1.06,Low,9.8,6.5,1.0
Inwood,Bedford-Stuyvesant,16-05-2016,09:16,9,Morning,Monday,0,Spring,1,1.73,High,7.0,14.8,1.8
Murray Hill,Chinatown,11-05-2016,13:37,13,Afternoon,Wednesday,0,Spring,2,0.96,Low,3.7,15.6,1.0
Borough Park,Sheepshead Bay,23-05-2016,10:35,10,Morning,Monday,0,Spring,1,2.86,Medium,30.3,5.7,1.3
South Slope,Upper East Side,27-02-2016,02:02,2,Night,Saturday,1,Winter,1,3.83,Low,12.8,18.0,1.0
Bedford-Stuyvesant,Upper West Side,22-01-2016,20:23,20,Evening,Friday,0,Winter,1,1.1,Medium,5.8,11.4,1.3
Midtown,Crown Heights,16-04-2016,17:39,17,Afternoon,Saturday,1,Spring,2,3.37,High,15.2,13.3,1.8
East Harlem,Hell's Kitchen,13-02-2016,14:08,14,Afternoon,Saturday,1,Winter,1,0.86,Low,10.6,4.9,1.0
Midtown,East Harlem,04-04-2016,11:36,11,Morning,Monday,0,Spring,6,3.73,Low,18.8,11.9,1.0
Williamsburg,Upper West Side,09-01-2016,13:24,13,Afternoon,Saturday,1,Winter,1,2.71,Low,13.4,12.1,1.0
East Harlem,East Harlem,14-06-2016,12:48,12,Afternoon,Tuesday,0,Summer,2,0.88,Low,8.7,6.1,1.0
Murray Hill,Harlem,29-06-2016,06:25,6,Morning,Wednesday,0,Summer,1,2.4,Low,10.7,13.5,1.0
Harlem,West Village,08-04-2016,23:32,23,Evening,Friday,0,Spring,1,7.07,Low,22.4,18.9,1.0
South Slope,Kensington,19-01-2016,06:44,6,Morning,Tuesday,0,Winter,1,2.2,Low,13.7,9.6,1.0
East Harlem,West Village,24-06-2016,19:03,19,Evening,Friday,0,Summer,1,5.45,High,27.8,11.8,1.8
South Slope,Crown Heights,10-04-2016,09:40,9,Morning,Sunday,1,Spring,1,0.97,High,3.2,18.2,1.8
East Harlem,Upper West Side,28-01-2016,10:20,10,Morning,Thursday,0,Winter,1,7.15,Medium,42.6,10.1,1.3
Chinatown,Kensington,14-06-2016,17:26,17,Afternoon,Tuesday,0,Summer,1,1.6,High,14.6,6.6,1.8
Hell's Kitchen,East Harlem,03-04-2016,11:31,11,Morning,Sunday,1,Spring,1,1.14,Low,3.3,20.7,1.0
Gravesend,Midwood,02-01-2016,11:50,11,Morning,Saturday,1,Winter,1,2.31,Low,6.2,22.4,1.0
East Harlem,Fort Greene,22-01-2016,20:09,20,Evening,Friday,0,Winter,1,5.48,Medium,16.5,19.9,1.3
Edgemere,Rockaway Beach,22-01-2016,17:59,17,Afternoon,Friday,0,Winter,1,1.22,High,3.1,23.6,1.8
Bensonhurst,Bensonhurst,26-03-2016,15:50,15,Afternoon,Saturday,1,Spring,2,1.92,Low,7.6,15.2,1.0
Bedford-Stuyvesant,Fort Greene,11-04-2016,07:58,7,Morning,Monday,0,Spring,1,1.63,Medium,8.2,11.9,1.3
Park Slope,Harlem,12-03-2016,04:13,4,Night,Saturday,1,Spring,2,14.81,Low,15.9,55.9,1.0
Midtown,Midtown,22-04-2016,20:53,20,Evening,Friday,0,Spring,1,1.48,Medium,6.5,13.7,1.3
Park Slope,Hell's Kitchen,07-01-2016,23:05,23,Evening,Thursday,0,Winter,2,4.42,Low,10.5,25.3,1.0
Arrochar,Midwood,15-04-2016,17:24,17,Afternoon,Friday,0,Spring,1,3.1,High,22.6,8.2,1.8
East Harlem,Murray Hill,17-03-2016,23:07,23,Evening,Thursday,0,Spring,3,2.59,Low,8.4,18.5,1.0
Upper West Side,Bedford-Stuyvesant,01-04-2016,11:32,11,Morning,Friday,0,Spring,3,15.07,Low,41.7,21.7,1.0
Greenpoint,Harlem,08-04-2016,18:14,18,Evening,Friday,0,Spring,1,4.89,High,21.0,14.0,1.8
Park Slope,Williamsburg,19-05-2016,22:54,22,Evening,Thursday,0,Spring,5,6.5,Low,29.1,13.4,1.0
Hell's Kitchen,East Harlem,05-02-2016,13:58,13,Afternoon,Friday,0,Winter,3,0.63,Low,6.6,5.7,1.0
South Slope,East Harlem,09-01-2016,11:55,11,Morning,Saturday,1,Winter,1,1.84,Low,5.0,22.1,1.0
Bedford-Stuyvesant,Hell's Kitchen,14-04-2016,02:03,2,Night,Thursday,0,Spring,4,0.86,Low,4.2,12.3,1.0
Bedford-Stuyvesant,Kensington,25-05-2016,20:34,20,Evening,Wednesday,0,Spring,3,3.46,Medium,8.9,23.3,1.3
Fort Greene,East Harlem,13-04-2016,00:21,0,Night,Wednesday,0,Spring,1,3.22,Low,7.1,27.2,1.0
Bedford-Stuyvesant,East Harlem,03-06-2016,19:04,19,Evening,Friday,0,Summer,1,5.67,High,23.7,14.4,1.8
Harlem,South Slope,27-02-2016,10:52,10,Morning,Saturday,1,Winter,1,1.65,Medium,6.7,14.8,1.3
Harlem,Fort Greene,30-04-2016,08:14,8,Morning,Saturday,1,Spring,1,1.42,High,6.3,13.5,1.8
Windsor Terrace,Hell's Kitchen,22-02-2016,06:46,6,Morning,Monday,0,Winter,3,0.7,Low,1.2,35.0,1.0
West Village,Upper West Side,12-01-2016,21:46,21,Evening,Tuesday,0,Winter,1,2.63,Low,8.3,19.0,1.0
Upper West Side,Park Slope,16-01-2016,18:18,18,Evening,Saturday,1,Winter,2,2.54,High,6.4,23.8,1.8
Park Slope,Clinton Hill,07-03-2016,19:59,19,Evening,Monday,0,Spring,1,0.67,High,5.1,7.9,1.8
Greenpoint,Chelsea,29-02-2016,00:11,0,Night,Monday,0,Winter,1,4.4,Low,17.0,15.5,1.0
Kensington,Bedford-Stuyvesant,29-06-2016,17:49,17,Afternoon,Wednesday,0,Summer,1,1.96,High,15.2,7.7,1.8
West Village,East Harlem,18-04-2016,14:07,14,Afternoon,Monday,0,Spring,2,1.12,Low,10.6,6.3,1.0
Kensington,Park Slope,17-04-2016,13:50,13,Afternoon,Sunday,1,Spring,2,2.05,Low,13.3,9.2,1.0
Park Slope,Harlem,16-01-2016,23:31,23,Evening,Saturday,1,Winter,1,1.13,Low,6.8,10.0,1.0
Windsor Terrace,South Slope,21-06-2016,21:38,21,Evening,Tuesday,0,Summer,1,2.93,Low,12.1,14.5,1.0
Upper West Side,East Harlem,22-01-2016,13:42,13,Afternoon,Friday,0,Winter,1,0.47,Low,1.7,16.6,1.0
Upper West Side,Fort Greene,28-02-2016,18:46,18,Evening,Sunday,1,Winter,1,2.67,High,8.0,20.0,1.8
Bensonhurst,Bensonhurst,15-05-2016,00:01,0,Night,Sunday,1,Spring,4,2.14,Low,8.5,15.1,1.0
Harlem,Upper West Side,17-06-2016,00:09,0,Night,Friday,0,Summer,2,5.6,Low,19.8,17.0,1.0
East Harlem,Harlem,30-05-2016,16:57,16,Afternoon,Monday,0,Spring,1,2.09,Medium,4.0,31.4,1.3
Bedford-Stuyvesant,Clinton Hill,15-05-2016,12:55,12,Afternoon,Sunday,1,Spring,2,2.36,Low,10.9,13.0,1.0
Chinatown,Bedford-Stuyvesant,08-05-2016,00:47,0,Night,Sunday,1,Spring,1,7.11,Low,22.5,19.0,1.0
Crown Heights,Inwood,11-04-2016,23:48,23,Evening,Monday,0,Spring,1,3.62,Low,16.3,13.3,1.0
Hell's Kitchen,Bedford-Stuyvesant,19-03-2016,03:42,3,Night,Saturday,1,Spring,1,6.04,Low,15.1,24.0,1.0
Arverne,Arverne,08-02-2016,08:44,8,Morning,Monday,0,Winter,1,3.32,High,7.2,27.7,1.8
Bedford-Stuyvesant,East Village,11-04-2016,21:23,21,Evening,Monday,0,Spring,5,1.41,Low,8.7,9.7,1.0
South Slope,South Slope,19-03-2016,15:42,15,Afternoon,Saturday,1,Spring,1,2.45,Low,17.4,8.4,1.0
Upper West Side,Hell's Kitchen,20-02-2016,10:06,10,Morning,Saturday,1,Winter,1,0.77,Medium,2.8,16.5,1.3
Concord,Arverne,20-06-2016,19:01,19,Evening,Monday,0,Summer,6,1.05,High,2.6,24.2,1.8
Midwood,Bayswater,02-06-2016,13:35,13,Afternoon,Thursday,0,Summer,1,2.77,Low,16.0,10.4,1.0
Harlem,Hell's Kitchen,05-04-2016,07:49,7,Morning,Tuesday,0,Spring,1,1.3,Medium,5.3,14.7,1.3
Clinton Hill,Harlem,28-02-2016,15:25,15,Afternoon,Sunday,1,Winter,1,0.68,Low,2.8,14.6,1.0
Far Rockaway,"Bay Terrace, Staten Island",10-05-2016,10:01,10,Morning,Tuesday,0,Spring,1,12.65,Medium,41.5,18.3,1.3
Upper West Side,Kensington,26-06-2016,05:50,5,Night,Sunday,1,Summer,5,12.03,Low,14.3,50.5,1.0
Kensington,Bedford-Stuyvesant,26-03-2016,11:15,11,Morning,Saturday,1,Spring,1,2.48,Low,15.7,9.5,1.0
Harlem,Harlem,13-05-2016,15:06,15,Afternoon,Friday,0,Spring,1,2.96,Low,22.8,7.8,1.0
Borough Park,Bull's Head,01-04-2016,11:19,11,Morning,Friday,0,Spring,1,1.06,Low,4.2,15.1,1.0
Upper West Side,Inwood,19-04-2016,10:24,10,Morning,Tuesday,0,Spring,6,0.73,Medium,10.3,4.3,1.3
Bedford-Stuyvesant,Clinton Hill,01-05-2016,14:11,14,Afternoon,Sunday,1,Spring,1,1.81,Low,6.9,15.7,1.0
Clinton Hill,South Slope,01-04-2016,15:27,15,Afternoon,Friday,0,Spring,1,1.79,Low,7.6,14.1,1.0
Upper West Side,South Slope,12-06-2016,06:45,6,Morning,Sunday,1,Summer,1,1.99,Low,3.8,31.4,1.0
Upper West Side,Bedford-Stuyvesant,26-02-2016,16:11,16,Afternoon,Friday,0,Winter,1,4.21,Medium,23.6,10.7,1.3
Williamsburg,Crown Heights,18-06-2016,02:51,2,Night,Saturday,1,Summer,1,0.72,Low,1.0,43.2,1.0
Clinton Hill,Midtown,27-01-2016,19:37,19,Evening,Wednesday,0,Winter,5,1.49,High,8.6,10.4,1.8
Hell's Kitchen,Upper West Side,06-02-2016,16:41,16,Afternoon,Saturday,1,Winter,1,3.4,Medium,12.4,16.5,1.3
Harlem,Hell's Kitchen,02-05-2016,22:30,22,Evening,Monday,0,Spring,2,2.29,Low,8.6,16.0,1.0
Hell's Kitchen,Upper West Side,16-05-2016,22:58,22,Evening,Monday,0,Spring,1,3.85,Low,12.1,19.1,1.0
Bedford-Stuyvesant,Upper West Side,03-02-2016,23:14,23,Evening,Wednesday,0,Winter,1,1.75,Low,4.2,25.0,1.0
Fort Greene,Hell's Kitchen,09-01-2016,19:16,19,Evening,Saturday,1,Winter,2,1.36,High,6.2,13.2,1.8
Harlem,Clinton Hill,02-05-2016,09:27,9,Morning,Monday,0,Spring,1,3.42,High,10.0,20.5,1.8
Inwood,Harlem,20-03-2016,18:20,18,Evening,Sunday,1,Spring,5,1.28,High,3.2,24.0,1.8
Bedford-Stuyvesant,Inwood,04-06-2016,23:15,23,Evening,Saturday,1,Summer,1,1.35,Low,5.9,13.7,1.0
Harlem,Harlem,10-01-2016,11:50,11,Morning,Sunday,1,Winter,1,1.79,Low,9.1,11.8,1.0
Bedford-Stuyvesant,Upper West Side,10-03-2016,07:35,7,Morning,Thursday,0,Spring,1,2.81,Medium,11.2,15.1,1.3
Kensington,Flatbush,27-05-2016,18:06,18,Evening,Friday,0,Spring,1,3.72,High,16.2,13.8,1.8
Williamsburg,Upper West Side,30-01-2016,01:54,1,Night,Saturday,1,Winter,2,11.31,Low,30.9,22.0,1.0
South Slope,Bedford-Stuyvesant,30-06-2016,16:45,16,Afternoon,Thursday,0,Summer,1,0.71,Medium,1.6,26.6,1.3
Harlem,East Harlem,15-06-2016,11:43,11,Morning,Wednesday,0,Summer,2,2.03,Low,27.1,4.5,1.0
Upper West Side,Fort Greene,09-02-2016,15:15,15,Afternoon,Tuesday,0,Winter,1,4.77,Low,22.6,12.7,1.0
East Village,Bedford-Stuyvesant,06-03-2016,01:30,1,Night,Sunday,1,Spring,5,1.74,Low,6.5,16.1,1.0
Chinatown,Upper West Side,03-06-2016,19:58,19,Evening,Friday,0,Summer,1,4.1,High,14.2,17.3,1.8
Upper West Side,Upper West Side,14-04-2016,23:49,23,Evening,Thursday,0,Spring,1,6.88,Low,24.3,17.0,1.0
Harlem,Kensington,07-03-2016,18:48,18,Evening,Monday,0,Spring,6,1.15,High,5.6,12.3,1.8
East Harlem,Williamsburg,07-05-2016,19:36,19,Evening,Saturday,1,Spring,1,1.97,High,8.6,13.7,1.8
Upper West Side,Chinatown,05-03-2016,10:39,10,Morning,Saturday,1,Spring,1,1.69,Medium,6.0,16.9,1.3
West Village,East Harlem,31-03-2016,09:03,9,Morning,Thursday,0,Spring,1,1.01,High,5.5,11.0,1.8
Upper West Side,Williamsburg,15-06-2016,22:19,22,Evening,Wednesday,0,Summer,1,1.73,Low,4.2,24.7,1.0
Concord,Rosebank,21-02-2016,11:56,11,Morning,Sunday,1,Winter,2,3.62,Low,22.6,9.6,1.0
Williamsburg,Fort Greene,10-01-2016,00:11,0,Night,Sunday,1,Winter,1,2.33,Low,8.8,15.9,1.0
Bedford-Stuyvesant,Clinton Hill,04-01-2016,17:52,17,Afternoon,Monday,0,Winter,1,1.38,High,3.7,22.4,1.8
Hell's Kitchen,Bedford-Stuyvesant,29-06-2016,10:20,10,Morning,Wednesday,0,Summer,1,3.62,Medium,21.4,10.1,1.3
Upper West Side,Murray Hill,01-06-2016,06:40,6,Morning,Wednesday,0,Summer,1,0.47,Low,6.2,4.5,1.0
Inwood,East Harlem,08-06-2016,11:18,11,Morning,Wednesday,0,Summer,1,1.87,Low,11.7,9.6,1.0
East Harlem,Bedford-Stuyvesant,12-05-2016,07:36,7,Morning,Thursday,0,Spring,5,3.95,Medium,15.8,15.0,1.3
Hell's Kitchen,Upper West Side,25-02-2016,13:34,13,Afternoon,Thursday,0,Winter,1,3.18,Low,13.0,14.7,1.0
Upper West Side,East Harlem,20-04-2016,17:44,17,Afternoon,Wednesday,0,Spring,1,0.96,High,4.7,12.3,1.8
Kensington,West Village,14-04-2016,15:36,15,Afternoon,Thursday,0,Spring,1,2.77,Low,16.0,10.4,1.0
Harlem,East Harlem,15-04-2016,14:54,14,Afternoon,Friday,0,Spring,1,3.36,Low,17.4,11.6,1.0
Hell's Kitchen,Upper West Side,04-01-2016,12:54,12,Afternoon,Monday,0,Winter,1,2.37,Low,11.2,12.7,1.0
Harlem,Greenpoint,06-06-2016,19:07,19,Evening,Monday,0,Summer,1,4.03,High,25.6,9.4,1.8
East Harlem,West Village,26-03-2016,22:52,22,Evening,Saturday,1,Spring,1,10.23,Low,29.8,20.6,1.0
Kensington,Murray Hill,20-04-2016,20:51,20,Evening,Wednesday,0,Spring,6,4.59,Medium,16.4,16.8,1.3
Park Slope,Bedford-Stuyvesant,02-03-2016,19:44,19,Evening,Wednesday,0,Spring,1,1.64,High,5.9,16.7,1.8
Upper West Side,Bedford-Stuyvesant,06-03-2016,13:48,13,Afternoon,Sunday,1,Spring,1,0.52,Low,2.9,10.8,1.0
Harlem,Hell's Kitchen,25-05-2016,18:32,18,Evening,Wednesday,0,Spring,3,6.0,High,24.1,14.9,1.8
Harlem,Upper West Side,11-02-2016,07:08,7,Morning,Thursday,0,Winter,1,2.42,Medium,6.4,22.7,1.3
Far Rockaway,East Flatbush,05-03-2016,11:58,11,Morning,Saturday,1,Spring,6,6.3,Low,17.9,21.1,1.0
South Slope,Williamsburg,20-05-2016,01:26,1,Night,Friday,0,Spring,1,5.34,Low,18.0,17.8,1.0
East Harlem,Harlem,13-03-2016,14:47,14,Afternoon,Sunday,1,Spring,1,7.23,Low,12.2,35.6,1.0
Murray Hill,Williamsburg,08-04-2016,14:31,14,Afternoon,Friday,0,Spring,5,0.75,Low,4.5,10.0,1.0
West Village,Bedford-Stuyvesant,22-06-2016,11:00,11,Morning,Wednesday,0,Summer,1,2.8,Low,9.8,17.1,1.0
Fort Greene,West Village,15-01-2016,08:37,8,Morning,Friday,0,Winter,1,8.95,High,17.9,30.0,1.8
Fort Greene,Windsor Terrace,27-03-2016,03:56,3,Night,Sunday,1,Spring,3,1.07,Low,2.8,22.9,1.0
Harlem,Clinton Hill,11-05-2016,13:01,13,Afternoon,Wednesday,0,Spring,1,3.14,Low,19.3,9.8,1.0
Upper West Side,South Slope,12-04-2016,15:46,15,Afternoon,Tuesday,0,Spring,5,3.69,Low,14.5,15.3,1.0
Upper West Side,East Harlem,10-04-2016,12:57,12,Afternoon,Sunday,1,Spring,1,3.4,Low,10.0,20.4,1.0
Bensonhurst,Bensonhurst,18-01-2016,12:26,12,Afternoon,Monday,0,Winter,1,0.67,Low,2.8,14.4,1.0
Kensington,South Slope,07-05-2016,02:39,2,Night,Saturday,1,Spring,2,3.36,Low,12.7,15.9,1.0
Great Kills,Eltingville,08-05-2016,18:59,18,Evening,Sunday,1,Spring,1,12.41,High,18.4,40.5,1.8
Great Kills,Great Kills,05-03-2016,15:00,15,Afternoon,Saturday,1,Spring,3,21.02,Low,37.0,34.1,1.0
Harlem,Williamsburg,10-01-2016,13:07,13,Afternoon,Sunday,1,Winter,2,2.69,Low,7.5,21.5,1.0
Harlem,East Harlem,12-03-2016,13:23,13,Afternoon,Saturday,1,Spring,1,0.75,Low,5.0,9.0,1.0
Great Kills,Brighton Beach,08-06-2016,16:23,16,Afternoon,Wednesday,0,Summer,1,4.92,Medium,16.5,17.9,1.3
Harlem,Upper West Side,24-04-2016,13:14,13,Afternoon,Sunday,1,Spring,1,2.34,Low,12.4,11.3,1.0
Bedford-Stuyvesant,Bedford-Stuyvesant,19-02-2016,18:24,18,Evening,Friday,0,Winter,1,3.5,High,15.8,13.3,1.8
Huguenot,Rossville,12-02-2016,09:05,9,Morning,Friday,0,Winter,4,21.92,High,89.9,14.6,1.8
Upper West Side,Murray Hill,14-06-2016,07:48,7,Morning,Tuesday,0,Summer,1,0.88,Medium,6.2,8.5,1.3
Upper West Side,Upper West Side,24-02-2016,23:20,23,Evening,Wednesday,0,Winter,1,4.34,Low,14.9,17.5,1.0
Clinton Hill,Midtown,03-04-2016,03:05,3,Night,Sunday,1,Spring,4,9.18,Low,59.2,9.3,1.0
Bedford-Stuyvesant,Greenpoint,21-04-2016,23:22,23,Evening,Thursday,0,Spring,4,3.22,Low,19.7,9.8,1.0
Murray Hill,Upper West Side,11-02-2016,20:16,20,Evening,Thursday,0,Winter,1,2.04,Medium,11.1,11.0,1.3
Eltingville,Tottenville,09-05-2016,16:24,16,Afternoon,Monday,0,Spring,2,23.65,Medium,64.9,21.9,1.3
Midtown,Harlem,18-05-2016,15:15,15,Afternoon,Wednesday,0,Spring,1,0.77,Low,8.4,5.5,1.0
Upper West Side,Kensington,31-05-2016,09:29,9,Morning,Tuesday,0,Spring,1,3.89,High,24.5,9.5,1.8
East Harlem,Lower East Side,17-01-2016,00:20,0,Night,Sunday,1,Winter,1,14.08,Low,30.1,28.1,1.0
Upper West Side,Fort Greene,24-04-2016,21:26,21,Evening,Sunday,1,Spring,1,2.34,Low,10.2,13.8,1.0
East Village,East Harlem,22-02-2016,08:41,8,Morning,Monday,0,Winter,1,1.01,High,8.4,7.2,1.8
Clinton Hill,Midtown,02-04-2016,09:10,9,Morning,Saturday,1,Spring,2,3.55,High,13.2,16.1,1.8
West Village,West Village,17-01-2016,10:51,10,Morning,Sunday,1,Winter,5,3.59,Medium,6.8,31.7,1.3
Crown Heights,Upper West Side,19-05-2016,00:33,0,Night,Thursday,0,Spring,1,3.46,Low,15.2,13.7,1.0
East Harlem,Bedford-Stuyvesant,19-06-2016,09:58,9,Morning,Sunday,1,Summer,1,3.78,High,10.7,21.2,1.8
Bedford-Stuyvesant,Clinton Hill,22-06-2016,07:11,7,Morning,Wednesday,0,Summer,1,5.53,Medium,19.1,17.4,1.3
East Harlem,Kensington,27-04-2016,20:22,20,Evening,Wednesday,0,Spring,2,6.83,Medium,31.5,13.0,1.3
Dyker Heights,Midwood,19-01-2016,14:55,14,Afternoon,Tuesday,0,Winter,1,1.21,Low,8.1,9.0,1.0
Bedford-Stuyvesant,East Harlem,21-01-2016,21:52,21,Evening,Thursday,0,Winter,1,7.15,Low,23.0,18.7,1.0
Bedford-Stuyvesant,Bedford-Stuyvesant,04-02-2016,12:57,12,Afternoon,Thursday,0,Winter,5,1.61,Low,10.2,9.5,1.0
Kensington,Chinatown,02-04-2016,01:15,1,Night,Saturday,1,Spring,1,1.05,Low,8.9,7.1,1.0
Upper West Side,Hell's Kitchen,02-04-2016,21:38,21,Evening,Saturday,1,Spring,1,2.8,Low,13.6,12.4,1.0
Hell's Kitchen,Kensington,12-03-2016,17:38,17,Afternoon,Saturday,1,Spring,1,4.0,High,10.2,23.5,1.8
Upper West Side,Chinatown,30-03-2016,09:50,9,Morning,Wednesday,0,Spring,1,1.96,High,12.4,9.5,1.8
Upper West Side,Fort Greene,26-02-2016,02:34,2,Night,Friday,0,Winter,6,2.4,Low,9.5,15.2,1.0
Upper West Side,Upper West Side,14-01-2016,17:53,17,Afternoon,Thursday,0,Winter,4,2.29,High,7.6,18.1,1.8
Harlem,South Slope,08-05-2016,14:51,14,Afternoon,Sunday,1,Spring,1,2.11,Low,6.0,21.1,1.0
East Harlem,Clinton Hill,19-05-2016,08:56,8,Morning,Thursday,0,Spring,1,2.6,High,14.8,10.5,1.8
Upper West Side,Bedford-Stuyvesant,15-01-2016,22:41,22,Evening,Friday,0,Winter,4,2.28,Low,14.6,9.4,1.0
Upper West Side,Upper West Side,29-02-2016,09:07,9,Morning,Monday,0,Winter,1,3.91,High,20.1,11.7,1.8
Clinton Hill,South Slope,02-05-2016,10:14,10,Morning,Monday,0,Spring,2,5.54,Medium,18.2,18.3,1.3
South Slope,Midtown,03-02-2016,22:28,22,Evening,Wednesday,0,Winter,1,2.27,Low,8.1,16.8,1.0
Bedford-Stuyvesant,Midtown,01-01-2016,13:31,13,Afternoon,Friday,0,Winter,1,2.12,Low,26.2,4.9,1.0
Upper West Side,Chelsea,21-05-2016,12:07,12,Afternoon,Saturday,1,Spring,1,2.73,Low,10.6,15.5,1.0
Bedford-Stuyvesant,Williamsburg,17-04-2016,16:10,16,Afternoon,Sunday,1,Spring,4,1.71,Medium,10.9,9.4,1.3
East Harlem,Bedford-Stuyvesant,26-03-2016,22:33,22,Evening,Saturday,1,Spring,1,1.11,Low,7.7,8.6,1.0
Chinatown,South Slope,20-03-2016,02:29,2,Night,Sunday,1,Spring,3,1.67,Low,6.5,15.4,1.0
Upper West Side,Bedford-Stuyvesant,11-05-2016,18:19,18,Evening,Wednesday,0,Spring,1,5.41,High,25.6,12.7,1.8
Bedford-Stuyvesant,Upper West Side,03-02-2016,18:02,18,Evening,Wednesday,0,Winter,1,2.35,High,14.1,10.0,1.8
Harlem,Midtown,07-04-2016,21:04,21,Evening,Thursday,0,Spring,2,3.52,Low,14.9,14.2,1.0
Bedford-Stuyvesant,Bedford-Stuyvesant,12-01-2016,12:28,12,Afternoon,Tuesday,0,Winter,1,2.08,Low,9.9,12.6,1.0
South Slope,Williamsburg,27-04-2016,18:50,18,Evening,Wednesday,0,Spring,1,3.17,High,12.0,15.8,1.8
Murray Hill,Upper West Side,07-04-2016,10:04,10,Morning,Thursday,0,Spring,2,2.01,Medium,11.8,10.2,1.3
Harlem,Upper West Side,26-01-2016,01:12,1,Night,Tuesday,0,Winter,1,2.34,Low,5.0,28.1,1.0
Bedford-Stuyvesant,Harlem,16-01-2016,20:36,20,Evening,Saturday,1,Winter,1,7.19,Medium,17.8,24.2,1.3
Harlem,East Harlem,04-06-2016,15:18,15,Afternoon,Saturday,1,Summer,1,0.58,Low,7.2,4.8,1.0
Upper West Side,East Harlem,09-06-2016,13:00,13,Afternoon,Thursday,0,Summer,1,3.83,Low,27.0,8.5,1.0
Harlem,Midtown,09-02-2016,05:35,5,Night,Tuesday,0,Winter,1,7.29,Low,18.0,24.3,1.0
East Harlem,Upper West Side,09-06-2016,16:22,16,Afternoon,Thursday,0,Summer,2,0.29,Medium,4.6,3.8,1.3
Oakwood,Oakwood,16-03-2016,09:14,9,Morning,Wednesday,0,Spring,5,15.94,High,40.6,23.6,1.8
South Slope,Harlem,15-01-2016,09:41,9,Morning,Friday,0,Winter,1,2.16,High,7.9,16.4,1.8
South Slope,Clinton Hill,30-06-2016,15:26,15,Afternoon,Thursday,0,Summer,1,3.67,Low,14.1,15.6,1.0
East Harlem,Harlem,09-03-2016,21:42,21,Evening,Wednesday,0,Spring,1,1.5,Low,7.0,12.9,1.0
Crown Heights,Upper West Side,16-05-2016,14:27,14,Afternoon,Monday,0,Spring,1,0.46,Low,25.4,1.1,1.0
South Slope,Chelsea,31-01-2016,14:12,14,Afternoon,Sunday,1,Winter,1,0.6,Low,4.2,8.6,1.0
Bedford-Stuyvesant,Murray Hill,20-06-2016,12:03,12,Afternoon,Monday,0,Summer,2,2.26,Low,10.8,12.6,1.0
Clinton Hill,East Harlem,15-04-2016,19:49,19,Evening,Friday,0,Spring,1,5.67,High,18.6,18.3,1.8
South Slope,Inwood,09-02-2016,01:04,1,Night,Tuesday,0,Winter,3,1.7,Low,5.3,19.2,1.0
Bedford-Stuyvesant,Upper West Side,15-06-2016,21:17,21,Evening,Wednesday,0,Summer,1,11.72,Low,24.5,28.7,1.0
Hell's Kitchen,Chinatown,11-01-2016,20:27,20,Evening,Monday,0,Winter,2,5.67,Medium,18.2,18.7,1.3
Bay Ridge,Oakwood,03-03-2016,15:18,15,Afternoon,Thursday,0,Spring,1,13.17,Low,29.6,26.7,1.0
Upper West Side,Williamsburg,08-01-2016,08:34,8,Morning,Friday,0,Winter,1,2.64,High,16.4,9.7,1.8
South Slope,West Village,11-03-2016,05:23,5,Night,Friday,0,Spring,1,1.03,Low,3.3,18.7,1.0
Murray Hill,South Slope,02-04-2016,22:23,22,Evening,Saturday,1,Spring,2,1.87,Low,3.9,28.8,1.0
Harlem,West Village,01-03-2016,22:03,22,Evening,Tuesday,0,Spring,1,8.79,Low,24.3,21.7,1.0
South Slope,Bedford-Stuyvesant,25-05-2016,19:22,19,Evening,Wednesday,0,Spring,1,0.85,High,4.0,12.8,1.8
East Harlem,Midtown,09-01-2016,06:28,6,Morning,Saturday,1,Winter,1,17.08,Low,19.2,53.4,1.0
Midtown,Upper West Side,13-01-2016,19:01,19,Evening,Wednesday,0,Winter,1,1.23,High,8.8,8.4,1.8
Murray Hill,South Slope,02-05-2016,14:40,14,Afternoon,Monday,0,Spring,1,3.59,Low,30.9,7.0,1.0
East Harlem,Upper West Side,19-01-2016,09:04,9,Morning,Tuesday,0,Winter,2,0.43,High,10.0,2.6,1.8
Harlem,Hell's Kitchen,06-06-2016,15:52,15,Afternoon,Monday,0,Summer,1,0.83,Low,4.0,12.4,1.0
Upper West Side,Williamsburg,13-02-2016,22:20,22,Evening,Saturday,1,Winter,1,3.58,Low,8.9,24.1,1.0
Bayswater,Arden Heights,01-06-2016,13:50,13,Afternoon,Wednesday,0,Summer,1,11.98,Low,35.2,20.4,1.0
Great Kills,Concord,20-06-2016,19:21,19,Evening,Monday,0,Summer,2,11.87,High,20.2,35.3,1.8
Kensington,Hell's Kitchen,20-04-2016,14:22,14,Afternoon,Wednesday,0,Spring,1,0.71,Low,5.1,8.4,1.0
Tottenville,Woodrow,21-03-2016,10:39,10,Morning,Monday,0,Spring,1,25.58,Medium,42.6,36.0,1.3
Fort Hamilton,Bensonhurst,10-02-2016,20:41,20,Evening,Wednesday,0,Winter,1,3.66,Medium,11.0,20.0,1.3
Upper West Side,Bedford-Stuyvesant,16-01-2016,19:11,19,Evening,Saturday,1,Winter,1,5.02,High,9.4,32.0,1.8
Tottenville,Woodrow,17-03-2016,15:14,15,Afternoon,Thursday,0,Spring,2,24.35,Low,42.8,34.1,1.0
Harlem,East Harlem,05-02-2016,22:16,22,Evening,Friday,0,Winter,1,0.74,Low,3.3,13.5,1.0
East Harlem,Inwood,05-03-2016,22:16,22,Evening,Saturday,1,Spring,2,2.7,Low,13.8,11.7,1.0
West Village,Murray Hill,04-02-2016,06:06,6,Morning,Thursday,0,Winter,2,1.39,Low,2.3,36.3,1.0
East Harlem,Bedford-Stuyvesant,30-04-2016,20:19,20,Evening,Saturday,1,Spring,1,4.08,Medium,21.5,11.4,1.3
Bath Beach,Sheepshead Bay,27-06-2016,20:07,20,Evening,Monday,0,Summer,4,5.64,Medium,18.5,18.3,1.3
East Harlem,Hell's Kitchen,04-04-2016,17:55,17,Afternoon,Monday,0,Spring,1,0.85,High,3.2,15.9,1.8
Hell's Kitchen,South Slope,15-02-2016,09:45,9,Morning,Monday,0,Winter,5,2.11,High,6.6,19.2,1.8
Harlem,Bedford-Stuyvesant,20-01-2016,06:39,6,Morning,Wednesday,0,Winter,1,2.31,Low,9.0,15.4,1.0
Bedford-Stuyvesant,East Harlem,05-06-2016,01:12,1,Night,Sunday,1,Summer,1,1.99,Low,9.5,12.6,1.0
East Harlem,Clinton Hill,26-04-2016,21:19,21,Evening,Tuesday,0,Spring,1,1.98,Low,8.4,14.1,1.0
Bedford-Stuyvesant,Midtown,25-01-2016,05:29,5,Night,Monday,0,Winter,1,9.51,Low,25.5,22.4,1.0
West Village,Murray Hill,08-02-2016,12:28,12,Afternoon,Monday,0,Winter,5,1.63,Low,5.7,17.2,1.0
Bedford-Stuyvesant,Chinatown,25-03-2016,19:28,19,Evening,Friday,0,Spring,1,1.8,High,7.2,15.0,1.8
South Slope,Williamsburg,12-06-2016,17:44,17,Afternoon,Sunday,1,Summer,1,0.67,High,3.2,12.6,1.8
Harlem,Harlem,19-01-2016,23:58,23,Evening,Tuesday,0,Winter,1,2.67,Low,5.6,28.6,1.0
West Village,Upper West Side,11-06-2016,09:24,9,Morning,Saturday,1,Summer,1,5.66,High,9.9,34.3,1.8
Fort Greene,East Harlem,09-02-2016,08:46,8,Morning,Tuesday,0,Winter,2,3.47,High,16.6,12.5,1.8
Sheepshead Bay,Rockaway Beach,25-06-2016,14:26,14,Afternoon,Saturday,1,Summer,1,2.3,Low,7.9,17.5,1.0
Chinatown,Upper West Side,23-04-2016,07:54,7,Morning,Saturday,1,Spring,1,7.73,Medium,20.6,22.5,1.3
Harlem,Upper West Side,09-01-2016,18:21,18,Evening,Saturday,1,Winter,1,1.21,High,8.7,8.3,1.8
Hell's Kitchen,Harlem,18-03-2016,10:50,10,Morning,Friday,0,Spring,1,1.46,Medium,9.4,9.3,1.3
Kensington,West Village,19-03-2016,15:26,15,Afternoon,Saturday,1,Spring,4,2.76,Low,8.4,19.7,1.0
Sheepshead Bay,New Dorp,09-06-2016,15:14,15,Afternoon,Thursday,0,Summer,5,5.97,Low,28.2,12.7,1.0
Clifton,Sheepshead Bay,08-04-2016,14:52,14,Afternoon,Friday,0,Spring,1,5.94,Low,17.9,19.9,1.0
Arrochar,Bensonhurst,06-06-2016,11:15,11,Morning,Monday,0,Summer,1,1.51,Low,7.2,12.6,1.0
Upper West Side,Williamsburg,05-06-2016,03:23,3,Night,Sunday,1,Summer,1,2.29,Low,7.3,18.8,1.0
Flatbush,Park Slope,21-03-2016,09:00,9,Morning,Monday,0,Spring,1,0.62,High,3.4,10.9,1.8
Bedford-Stuyvesant,Harlem,30-01-2016,13:23,13,Afternoon,Saturday,1,Winter,1,3.87,Low,13.8,16.8,1.0
West Village,East Harlem,26-05-2016,19:48,19,Evening,Thursday,0,Spring,1,2.61,High,8.4,18.6,1.8
South Slope,Chinatown,18-06-2016,01:33,1,Night,Saturday,1,Summer,1,4.18,Low,19.1,13.1,1.0
South Slope,Midtown,09-02-2016,07:13,7,Morning,Tuesday,0,Winter,1,2.19,Medium,6.6,19.9,1.3
Borough Park,Borough Park,19-04-2016,06:16,6,Morning,Tuesday,0,Spring,3,2.01,Low,4.7,25.7,1.0
Harlem,East Harlem,27-01-2016,15:12,15,Afternoon,Wednesday,0,Winter,1,2.38,Low,31.3,4.6,1.0
Williamsburg,Long Island City,16-04-2016,23:11,23,Evening,Saturday,1,Spring,1,1.33,Low,12.3,6.5,1.0
Arden Heights,Fort Hamilton,21-03-2016,15:22,15,Afternoon,Monday,0,Spring,1,11.81,Low,16.7,42.4,1.0
Upper West Side,East Harlem,04-06-2016,22:29,22,Evening,Saturday,1,Summer,3,1.14,Low,3.8,18.0,1.0
East Harlem,Harlem,21-06-2016,08:18,8,Morning,Tuesday,0,Summer,5,4.88,High,22.9,12.8,1.8
Great Kills,Tottenville,02-05-2016,18:04,18,Evening,Monday,0,Spring,1,24.39,High,57.7,25.4,1.8
Inwood,Greenpoint,30-04-2016,19:15,19,Evening,Saturday,1,Spring,1,8.36,High,34.0,14.8,1.8
Flatlands,Brighton Beach,02-01-2016,21:10,21,Evening,Saturday,1,Winter,1,13.66,Low,42.5,19.3,1.0
Harlem,Kensington,22-03-2016,16:15,16,Afternoon,Tuesday,0,Spring,1,1.91,Medium,8.0,14.3,1.3
Upper West Side,Hell's Kitchen,24-02-2016,21:46,21,Evening,Wednesday,0,Winter,1,1.07,Low,3.2,20.1,1.0
Williamsburg,Upper West Side,09-01-2016,02:21,2,Night,Saturday,1,Winter,2,1.5,Low,7.4,12.2,1.0
Crown Heights,Harlem,24-06-2016,23:50,23,Evening,Friday,0,Summer,1,3.89,Low,10.3,22.7,1.0
Harlem,Harlem,31-01-2016,00:13,0,Night,Sunday,1,Winter,5,0.51,Low,5.2,5.9,1.0
Upper West Side,Harlem,24-01-2016,20:17,20,Evening,Sunday,1,Winter,1,3.96,Medium,14.8,16.1,1.3
Hell's Kitchen,West Village,28-04-2016,10:18,10,Morning,Thursday,0,Spring,1,3.88,Medium,23.1,10.1,1.3
South Slope,Clinton Hill,19-05-2016,22:38,22,Evening,Thursday,0,Spring,1,2.39,Low,12.0,12.0,1.0
Fort Greene,Harlem,04-05-2016,07:03,7,Morning,Wednesday,0,Spring,1,2.66,Medium,10.7,14.9,1.3
West Village,Crown Heights,21-05-2016,08:32,8,Morning,Saturday,1,Spring,1,2.39,High,7.1,20.2,1.8
Inwood,Kensington,05-05-2016,01:22,1,Night,Thursday,0,Spring,1,11.94,Low,22.6,31.7,1.0
Williamsburg,Harlem,25-06-2016,17:45,17,Afternoon,Saturday,1,Summer,1,2.83,High,15.8,10.7,1.8
East Harlem,Bedford-Stuyvesant,14-03-2016,19:08,19,Evening,Monday,0,Spring,1,1.88,High,7.6,14.8,1.8
Park Slope,Kensington,28-06-2016,08:56,8,Morning,Tuesday,0,Summer,2,1.51,High,5.4,16.8,1.8
Harlem,Bedford-Stuyvesant,04-05-2016,22:09,22,Evening,Wednesday,0,Spring,2,0.86,Low,5.2,9.9,1.0
East Harlem,Bedford-Stuyvesant,02-04-2016,09:59,9,Morning,Saturday,1,Spring,2,0.78,High,3.2,14.6,1.8
Upper West Side,Chinatown,13-06-2016,20:58,20,Evening,Monday,0,Summer,1,1.16,Medium,5.0,13.9,1.3
"Bay Terrace, Staten Island",Borough Park,10-05-2016,12:05,12,Afternoon,Tuesday,0,Spring,1,14.73,Low,41.2,21.5,1.0
Inwood,Harlem,10-01-2016,00:30,0,Night,Sunday,1,Winter,1,2.5,Low,8.3,18.1,1.0
Midtown,Murray Hill,06-05-2016,14:34,14,Afternoon,Friday,0,Spring,5,2.25,Low,10.7,12.6,1.0
Tottenville,Eltingville,18-02-2016,23:33,23,Evening,Thursday,0,Winter,2,6.08,Low,11.4,32.0,1.0
Inwood,Harlem,07-04-2016,08:18,8,Morning,Thursday,0,Spring,6,1.76,High,8.2,12.9,1.8
Midtown,East Harlem,09-02-2016,16:38,16,Afternoon,Tuesday,0,Winter,1,4.56,Medium,15.4,17.8,1.3
Clinton Hill,Bedford-Stuyvesant,04-03-2016,14:38,14,Afternoon,Friday,0,Spring,1,1.21,Low,9.0,8.1,1.0
Williamsburg,Williamsburg,08-02-2016,05:06,5,Night,Monday,0,Winter,1,1.05,Low,1.3,48.5,1.0
East Harlem,Bedford-Stuyvesant,29-03-2016,15:56,15,Afternoon,Tuesday,0,Spring,5,2.47,Low,25.4,5.8,1.0
Williamsburg,West Village,20-01-2016,01:20,1,Night,Wednesday,0,Winter,1,1.79,Low,8.5,12.6,1.0
East Harlem,Bedford-Stuyvesant,17-02-2016,18:39,18,Evening,Wednesday,0,Winter,1,1.2,High,7.9,9.1,1.8
South Slope,Harlem,29-05-2016,09:36,9,Morning,Sunday,1,Spring,1,3.06,High,10.1,18.2,1.8
Clinton Hill,Hell's Kitchen,07-02-2016,16:30,16,Afternoon,Sunday,1,Winter,1,1.82,Medium,4.7,23.2,1.3
Kensington,Harlem,04-02-2016,19:13,19,Evening,Thursday,0,Winter,1,0.79,High,6.0,7.9,1.8
Fort Greene,Bedford-Stuyvesant,18-03-2016,16:41,16,Afternoon,Friday,0,Spring,1,1.26,Medium,4.8,15.8,1.3
Upper West Side,Harlem,22-01-2016,23:04,23,Evening,Friday,0,Winter,1,1.72,Low,8.4,12.3,1.0
East Harlem,East Harlem,23-06-2016,05:15,5,Night,Thursday,0,Summer,1,3.01,Low,4.9,36.9,1.0
East Harlem,East Harlem,17-05-2016,15:32,15,Afternoon,Tuesday,0,Spring,1,1.12,Low,5.5,12.2,1.0
Sheepshead Bay,Far Rockaway,16-05-2016,11:13,11,Morning,Monday,0,Spring,5,1.43,Low,12.8,6.7,1.0
East Harlem,Harlem,19-06-2016,17:13,17,Afternoon,Sunday,1,Summer,1,0.34,High,6.0,3.4,1.8
Upper West Side,Williamsburg,03-04-2016,13:40,13,Afternoon,Sunday,1,Spring,1,1.42,Low,4.3,19.8,1.0
East Harlem,Midtown,20-05-2016,20:25,20,Evening,Friday,0,Spring,1,4.57,Medium,18.4,14.9,1.3
Prince's Bay,Eltingville,27-02-2016,02:36,2,Night,Saturday,1,Winter,1,3.32,Low,16.6,12.0,1.0
Clinton Hill,Harlem,13-05-2016,07:46,7,Morning,Friday,0,Spring,1,1.65,Medium,7.4,13.4,1.3
Crown Heights,East Harlem,06-02-2016,04:30,4,Night,Saturday,1,Winter,1,9.12,Low,20.7,26.4,1.0
Arverne,Arrochar,13-04-2016,14:56,14,Afternoon,Wednesday,0,Spring,1,1.76,Low,12.0,8.8,1.0
Upper West Side,Crown Heights,06-04-2016,00:12,0,Night,Wednesday,0,Spring,1,4.08,Low,8.5,28.8,1.0
Inwood,Williamsburg,19-03-2016,21:28,21,Evening,Saturday,1,Spring,1,2.14,Low,18.1,7.1,1.0
Upper West Side,South Slope,14-02-2016,23:50,23,Evening,Sunday,1,Winter,2,0.9,Low,1.4,38.6,1.0
Bedford-Stuyvesant,South Slope,08-03-2016,15:17,15,Afternoon,Tuesday,0,Spring,1,1.23,Low,4.2,17.6,1.0
Upper West Side,West Village,10-04-2016,21:30,21,Evening,Sunday,1,Spring,1,1.28,Low,4.0,19.2,1.0
Park Slope,Harlem,05-03-2016,13:05,13,Afternoon,Saturday,1,Spring,1,3.95,Low,11.6,20.4,1.0
"Bay Terrace, Staten Island",Sheepshead Bay,13-05-2016,20:22,20,Evening,Friday,0,Spring,1,8.49,Medium,16.5,30.9,1.3
Harlem,East Village,01-05-2016,17:54,17,Afternoon,Sunday,1,Spring,1,2.17,High,5.9,22.1,1.8
East Harlem,East Harlem,05-04-2016,19:11,19,Evening,Tuesday,0,Spring,5,1.51,High,7.9,11.5,1.8
Flatbush,Williamsburg,10-04-2016,09:45,9,Morning,Sunday,1,Spring,1,2.21,High,8.1,16.4,1.8
Murray Hill,Bedford-Stuyvesant,03-06-2016,00:13,0,Night,Friday,0,Summer,1,0.12,Low,1.4,5.1,1.0
Fort Greene,East Harlem,31-03-2016,11:53,11,Morning,Thursday,0,Spring,1,0.99,Low,5.3,11.2,1.0
Fort Greene,Bedford-Stuyvesant,15-01-2016,01:58,1,Night,Friday,0,Winter,1,1.29,Low,8.2,9.4,1.0
Harlem,Fort Greene,23-05-2016,22:06,22,Evening,Monday,0,Spring,1,1.84,Low,4.9,22.5,1.0
Bedford-Stuyvesant,Harlem,23-02-2016,15:19,15,Afternoon,Tuesday,0,Winter,3,2.27,Low,12.8,10.6,1.0
Inwood,Park Slope,17-04-2016,20:35,20,Evening,Sunday,1,Spring,1,0.47,Medium,6.4,4.4,1.3
Edgemere,Gravesend,04-06-2016,08:14,8,Morning,Saturday,1,Summer,1,7.87,High,21.1,22.4,1.8
Kensington,Kensington,09-02-2016,19:15,19,Evening,Tuesday,0,Winter,1,0.75,High,7.0,6.4,1.8
Hell's Kitchen,Hell's Kitchen,27-01-2016,12:23,12,Afternoon,Wednesday,0,Winter,2,2.69,Low,23.8,6.8,1.0
Hell's Kitchen,East Harlem,28-03-2016,19:45,19,Evening,Monday,0,Spring,1,6.3,High,25.8,14.7,1.8
Inwood,Inwood,18-05-2016,23:23,23,Evening,Wednesday,0,Spring,5,1.62,Low,6.3,15.4,1.0
Upper West Side,Harlem,31-03-2016,07:29,7,Morning,Thursday,0,Spring,5,3.04,Medium,9.8,18.6,1.3
Chinatown,Bedford-Stuyvesant,19-04-2016,14:07,14,Afternoon,Tuesday,0,Spring,1,1.03,Low,3.9,15.8,1.0
Harlem,West Village,11-06-2016,10:13,10,Morning,Saturday,1,Summer,2,1.17,Medium,8.3,8.5,1.3
Kensington,Clinton Hill,25-06-2016,12:04,12,Afternoon,Saturday,1,Summer,1,1.97,Low,14.0,8.4,1.0
Hell's Kitchen,Kensington,23-06-2016,09:12,9,Morning,Thursday,0,Summer,1,1.08,High,7.2,9.0,1.8
East Harlem,Williamsburg,31-01-2016,12:06,12,Afternoon,Sunday,1,Winter,3,1.95,Low,9.6,12.2,1.0
Bensonhurst,Oakwood,18-05-2016,11:38,11,Morning,Wednesday,0,Spring,5,9.8,Low,23.5,25.0,1.0
Harlem,South Slope,13-03-2016,15:52,15,Afternoon,Sunday,1,Spring,1,6.98,Low,14.7,28.5,1.0
East Harlem,Fort Greene,07-04-2016,08:09,8,Morning,Thursday,0,Spring,1,3.01,High,14.3,12.6,1.8
South Slope,Bedford-Stuyvesant,20-04-2016,17:14,17,Afternoon,Wednesday,0,Spring,1,1.31,High,9.4,8.4,1.8
Williamsburg,Harlem,13-05-2016,17:54,17,Afternoon,Friday,0,Spring,1,1.59,High,5.5,17.3,1.8
Bensonhurst,Bensonhurst,24-06-2016,19:10,19,Evening,Friday,0,Summer,6,2.19,High,11.0,11.9,1.8
Williamsburg,East Harlem,29-03-2016,18:28,18,Evening,Tuesday,0,Spring,1,1.67,High,4.7,21.3,1.8
Upper West Side,South Slope,17-01-2016,12:32,12,Afternoon,Sunday,1,Winter,3,1.8,Low,9.7,11.1,1.0
Park Slope,Crown Heights,01-05-2016,18:49,18,Evening,Sunday,1,Spring,1,0.84,High,6.2,8.1,1.8
Upper West Side,Bedford-Stuyvesant,04-03-2016,21:13,21,Evening,Friday,0,Spring,1,2.38,Low,13.0,11.0,1.0
Bedford-Stuyvesant,Bedford-Stuyvesant,19-06-2016,01:05,1,Night,Sunday,1,Summer,2,2.62,Low,14.7,10.7,1.0
Bensonhurst,Bensonhurst,27-01-2016,08:45,8,Morning,Wednesday,0,Winter,1,8.53,High,30.2,16.9,1.8
East Harlem,Kensington,11-04-2016,06:35,6,Morning,Monday,0,Spring,2,3.31,Low,6.4,31.0,1.0
Midtown,Upper West Side,19-06-2016,12:18,12,Afternoon,Sunday,1,Summer,1,2.46,Low,9.6,15.4,1.0
Clinton Hill,Midtown,26-02-2016,15:35,15,Afternoon,Friday,0,Winter,1,4.9,Low,21.8,13.5,1.0
Fort Greene,Upper West Side,30-03-2016,11:38,11,Morning,Wednesday,0,Spring,1,4.48,Low,35.0,7.7,1.0
Hell's Kitchen,Hell's Kitchen,11-05-2016,20:45,20,Evening,Wednesday,0,Spring,1,2.91,Medium,7.7,22.7,1.3
Kips Bay,Upper West Side,12-05-2016,22:08,22,Evening,Thursday,0,Spring,1,3.69,Low,11.7,18.9,1.0
Upper West Side,Upper West Side,07-06-2016,18:51,18,Evening,Tuesday,0,Summer,5,4.33,High,16.1,16.1,1.8
East Harlem,Harlem,21-02-2016,03:28,3,Night,Sunday,1,Winter,6,6.92,Low,18.3,22.7,1.0
Edgemere,Bensonhurst,04-05-2016,05:04,5,Night,Wednesday,0,Spring,1,3.8,Low,6.9,33.0,1.0
Bensonhurst,Sheepshead Bay,05-04-2016,15:45,15,Afternoon,Tuesday,0,Spring,1,4.5,Low,20.0,13.5,1.0
Upper West Side,East Harlem,16-04-2016,22:53,22,Evening,Saturday,1,Spring,1,2.84,Low,11.8,14.4,1.0
Crown Heights,Bedford-Stuyvesant,14-03-2016,12:11,12,Afternoon,Monday,0,Spring,2,0.79,Low,11.6,4.1,1.0
South Slope,Crown Heights,30-04-2016,22:43,22,Evening,Saturday,1,Spring,1,3.45,Low,16.7,12.4,1.0
East Harlem,West Village,19-03-2016,17:19,17,Afternoon,Saturday,1,Spring,6,1.02,High,1.6,38.2,1.8
East Harlem,Inwood,21-06-2016,21:14,21,Evening,Tuesday,0,Summer,2,3.28,Low,13.4,14.7,1.0
Flatlands,Arverne,05-05-2016,12:38,12,Afternoon,Thursday,0,Spring,1,4.78,Low,20.1,14.3,1.0
Kensington,Upper West Side,18-02-2016,23:29,23,Evening,Thursday,0,Winter,1,5.46,Low,20.8,15.8,1.0
East Harlem,Bedford-Stuyvesant,12-06-2016,17:48,17,Afternoon,Sunday,1,Summer,3,1.66,High,10.5,9.5,1.8
Kensington,Hell's Kitchen,11-06-2016,16:59,16,Afternoon,Saturday,1,Summer,2,1.38,Medium,8.3,10.0,1.3
Bedford-Stuyvesant,Park Slope,12-04-2016,18:45,18,Evening,Tuesday,0,Spring,1,2.52,High,14.8,10.2,1.8
Harlem,Bedford-Stuyvesant,15-04-2016,21:03,21,Evening,Friday,0,Spring,1,6.11,Low,13.8,26.6,1.0
Hell's Kitchen,Upper West Side,04-02-2016,13:48,13,Afternoon,Thursday,0,Winter,1,2.48,Low,16.4,9.1,1.0
Crown Heights,Crown Heights,10-04-2016,00:42,0,Night,Sunday,1,Spring,6,3.22,Low,5.6,34.5,1.0
Kensington,East Harlem,04-03-2016,09:56,9,Morning,Friday,0,Spring,1,0.24,High,2.4,6.0,1.8
Park Slope,Kensington,18-01-2016,06:31,6,Morning,Monday,0,Winter,1,2.34,Low,13.1,10.7,1.0
Harlem,Bedford-Stuyvesant,02-06-2016,14:38,14,Afternoon,Thursday,0,Summer,1,5.11,Low,27.7,11.1,1.0
Great Kills,Fort Hamilton,22-04-2016,10:38,10,Morning,Friday,0,Spring,1,13.11,Medium,43.8,18.0,1.3
Upper West Side,Bedford-Stuyvesant,27-02-2016,11:55,11,Morning,Saturday,1,Winter,1,1.77,Low,7.8,13.6,1.0
Upper West Side,Bedford-Stuyvesant,17-02-2016,14:56,14,Afternoon,Wednesday,0,Winter,1,0.86,Low,5.7,9.1,1.0
Bedford-Stuyvesant,East Harlem,09-01-2016,19:22,19,Evening,Saturday,1,Winter,1,3.08,High,14.9,12.4,1.8
Midtown,Upper West Side,01-04-2016,23:29,23,Evening,Friday,0,Spring,1,1.26,Low,5.5,13.7,1.0
Bedford-Stuyvesant,Upper West Side,17-02-2016,13:04,13,Afternoon,Wednesday,0,Winter,1,1.56,Low,6.4,14.6,1.0
Chelsea,Clinton Hill,07-02-2016,16:14,16,Afternoon,Sunday,1,Winter,1,1.61,Medium,9.2,10.5,1.3
South Slope,East Harlem,13-01-2016,07:04,7,Morning,Wednesday,0,Winter,1,2.53,Medium,12.0,12.6,1.3
Upper West Side,Clinton Hill,23-02-2016,07:38,7,Morning,Tuesday,0,Winter,2,3.1,Medium,9.0,20.7,1.3
Bedford-Stuyvesant,Clinton Hill,31-03-2016,11:31,11,Morning,Thursday,0,Spring,6,1.65,Low,17.9,5.5,1.0
Fort Greene,Kensington,06-05-2016,00:54,0,Night,Friday,0,Spring,1,8.23,Low,19.1,25.9,1.0
South Slope,Upper West Side,28-05-2016,23:54,23,Evening,Saturday,1,Spring,1,2.6,Low,14.7,10.6,1.0
Harlem,Upper West Side,16-01-2016,06:38,6,Morning,Saturday,1,Winter,2,1.13,Low,5.2,13.0,1.0
Midtown,South Slope,19-04-2016,07:19,7,Morning,Tuesday,0,Spring,1,1.37,Medium,6.3,13.0,1.3
Kensington,Harlem,26-02-2016,20:00,20,Evening,Friday,0,Winter,1,3.76,Medium,6.3,35.8,1.3
Murray Hill,Bedford-Stuyvesant,22-06-2016,19:55,19,Evening,Wednesday,0,Summer,1,1.12,High,2.3,29.2,1.8
Upper West Side,Harlem,30-06-2016,08:22,8,Morning,Thursday,0,Summer,1,1.53,High,8.1,11.3,1.8
Tottenville,Eltingville,09-06-2016,14:46,14,Afternoon,Thursday,0,Summer,1,26.87,Low,66.0,24.4,1.0
Upper West Side,Bedford-Stuyvesant,13-04-2016,04:09,4,Night,Wednesday,0,Spring,1,6.56,Low,13.0,30.3,1.0
Bedford-Stuyvesant,East Harlem,15-03-2016,16:36,16,Afternoon,Tuesday,0,Spring,1,1.11,Medium,11.2,5.9,1.3
Arden Heights,Sheepshead Bay,11-05-2016,11:49,11,Morning,Wednesday,0,Spring,1,17.22,Low,31.1,33.2,1.0
Upper West Side,Upper West Side,17-06-2016,07:35,7,Morning,Friday,0,Summer,1,3.18,Medium,9.7,19.7,1.3
"Bay Terrace, Staten Island",Fort Hamilton,24-04-2016,09:07,9,Morning,Sunday,1,Spring,1,10.51,High,12.3,51.3,1.8
Park Slope,Williamsburg,04-03-2016,22:52,22,Evening,Friday,0,Spring,1,3.65,Low,14.0,15.6,1.0
Kensington,Kensington,17-01-2016,16:39,16,Afternoon,Sunday,1,Winter,4,4.3,Medium,21.2,12.2,1.3
Upper West Side,Clinton Hill,01-01-2016,06:10,6,Morning,Friday,0,Winter,1,8.45,Low,15.7,32.3,1.0
Harlem,Upper East Side,18-01-2016,19:08,19,Evening,Monday,0,Winter,1,1.11,High,3.2,20.8,1.8
Bedford-Stuyvesant,East Harlem,10-01-2016,06:42,6,Morning,Sunday,1,Winter,4,1.01,Low,3.2,18.9,1.0
Bedford-Stuyvesant,Upper West Side,09-02-2016,07:46,7,Morning,Tuesday,0,Winter,1,2.82,Medium,9.4,18.0,1.3
Upper West Side,Park Slope,09-02-2016,13:20,13,Afternoon,Tuesday,0,Winter,1,4.52,Low,15.4,17.6,1.0
Flatbush,East Village,11-06-2016,01:47,1,Night,Saturday,1,Summer,1,3.75,Low,10.1,22.3,1.0
Bedford-Stuyvesant,Harlem,05-04-2016,00:15,0,Night,Tuesday,0,Spring,2,5.39,Low,14.2,22.8,1.0
East Harlem,Upper West Side,15-03-2016,10:19,10,Morning,Tuesday,0,Spring,1,0.9,Medium,7.8,6.9,1.3
Upper West Side,Kensington,02-06-2016,19:13,19,Evening,Thursday,0,Summer,5,6.79,High,26.4,15.4,1.8
Clinton Hill,Clinton Hill,13-05-2016,09:16,9,Morning,Friday,0,Spring,3,0.75,High,8.4,5.4,1.8
Upper West Side,Chinatown,14-06-2016,10:15,10,Morning,Tuesday,0,Summer,6,0.79,Medium,5.5,8.6,1.3
Midtown,East Harlem,19-02-2016,13:41,13,Afternoon,Friday,0,Winter,1,0.99,Low,3.6,16.5,1.0
Hell's Kitchen,South Slope,28-01-2016,13:17,13,Afternoon,Thursday,0,Winter,3,4.71,Low,19.1,14.8,1.0
Williamsburg,Park Slope,15-04-2016,17:59,17,Afternoon,Friday,0,Spring,1,1.97,High,14.1,8.4,1.8
Upper West Side,Bedford-Stuyvesant,13-04-2016,21:41,21,Evening,Wednesday,0,Spring,2,0.86,Low,3.7,13.9,1.0
Windsor Terrace,Crown Heights,28-04-2016,19:57,19,Evening,Thursday,0,Spring,1,1.3,High,3.1,25.2,1.8
Bedford-Stuyvesant,Kensington,29-02-2016,13:45,13,Afternoon,Monday,0,Winter,4,3.05,Low,16.6,11.0,1.0
West Village,East Harlem,02-02-2016,15:32,15,Afternoon,Tuesday,0,Winter,6,1.99,Low,25.8,4.6,1.0
Harlem,Crown Heights,05-03-2016,20:01,20,Evening,Saturday,1,Spring,1,1.22,Medium,3.3,22.2,1.3
Park Slope,Inwood,17-04-2016,02:54,2,Night,Sunday,1,Spring,1,1.07,Low,8.2,7.8,1.0
Murray Hill,Clinton Hill,21-01-2016,18:51,18,Evening,Thursday,0,Winter,6,2.11,High,16.4,7.7,1.8
Chinatown,Clinton Hill,01-06-2016,21:58,21,Evening,Wednesday,0,Summer,4,3.15,Low,36.7,5.1,1.0
Bensonhurst,Oakwood,13-05-2016,14:04,14,Afternoon,Friday,0,Spring,1,12.82,Low,25.4,30.3,1.0
Upper West Side,Hell's Kitchen,01-01-2016,17:54,17,Afternoon,Friday,0,Winter,1,4.56,High,6.0,45.6,1.8
Clinton Hill,Bedford-Stuyvesant,12-05-2016,16:51,16,Afternoon,Thursday,0,Spring,1,0.34,Medium,14.1,1.4,1.3
Crown Heights,Clinton Hill,20-01-2016,06:48,6,Morning,Wednesday,0,Winter,1,0.77,Low,1.5,30.8,1.0
Upper West Side,Chelsea,07-06-2016,05:31,5,Night,Tuesday,0,Summer,2,2.11,Low,5.4,23.4,1.0
Bedford-Stuyvesant,Harlem,04-06-2016,11:11,11,Morning,Saturday,1,Summer,1,3.04,Low,14.6,12.5,1.0
Murray Hill,Inwood,14-03-2016,09:01,9,Morning,Monday,0,Spring,2,0.5,High,1.8,16.7,1.8
Bedford-Stuyvesant,Upper West Side,21-01-2016,16:54,16,Afternoon,Thursday,0,Winter,4,1.2,Medium,8.4,8.6,1.3
East Harlem,Hell's Kitchen,13-05-2016,19:53,19,Evening,Friday,0,Spring,1,6.06,High,26.4,13.8,1.8
East Harlem,Kensington,11-02-2016,22:51,22,Evening,Thursday,0,Winter,1,4.78,Low,21.1,13.6,1.0
Upper West Side,Harlem,27-03-2016,21:55,21,Evening,Sunday,1,Spring,2,1.08,Low,6.7,9.7,1.0
Upper West Side,Harlem,01-02-2016,18:17,18,Evening,Monday,0,Winter,1,2.52,High,8.8,17.2,1.8
South Slope,Harlem,22-01-2016,06:59,6,Morning,Friday,0,Winter,1,2.26,Low,7.4,18.3,1.0
Upper West Side,Harlem,03-05-2016,17:16,17,Afternoon,Tuesday,0,Spring,1,1.72,High,9.7,10.6,1.8
Bedford-Stuyvesant,Harlem,29-06-2016,21:12,21,Evening,Wednesday,0,Summer,3,13.63,Low,22.8,35.9,1.0
Murray Hill,Crown Heights,21-05-2016,00:48,0,Night,Saturday,1,Spring,1,1.89,Low,6.4,17.7,1.0
Upper West Side,Park Slope,12-01-2016,13:55,13,Afternoon,Tuesday,0,Winter,1,1.43,Low,12.6,6.8,1.0
East Harlem,Upper West Side,09-04-2016,20:33,20,Evening,Saturday,1,Spring,6,1.43,Medium,4.8,17.9,1.3
Bedford-Stuyvesant,Murray Hill,29-06-2016,13:51,13,Afternoon,Wednesday,0,Summer,1,4.69,Low,43.0,6.5,1.0
Chinatown,Harlem,28-05-2016,17:35,17,Afternoon,Saturday,1,Spring,1,1.63,High,12.9,7.6,1.8
Inwood,Hell's Kitchen,26-02-2016,22:52,22,Evening,Friday,0,Winter,6,0.53,Low,1.8,17.7,1.0
Crown Heights,Fort Greene,30-01-2016,00:09,0,Night,Saturday,1,Winter,2,3.6,Low,21.4,10.1,1.0
Sheepshead Bay,Oakwood,20-04-2016,14:46,14,Afternoon,Wednesday,0,Spring,6,10.59,Low,26.1,24.3,1.0
Sheepshead Bay,Belle Harbor,14-05-2016,16:33,16,Afternoon,Saturday,1,Spring,1,8.42,Medium,28.3,17.9,1.3
Clinton Hill,Prospect-Lefferts Gardens,24-05-2016,11:18,11,Morning,Tuesday,0,Spring,1,5.02,Low,35.4,8.5,1.0
Upper West Side,Harlem,27-02-2016,12:04,12,Afternoon,Saturday,1,Winter,6,1.9,Low,7.3,15.6,1.0
Kensington,Bedford-Stuyvesant,03-06-2016,01:29,1,Night,Friday,0,Summer,1,3.72,Low,10.9,20.5,1.0
Woodrow,Arden Heights,05-01-2016,05:25,5,Night,Tuesday,0,Winter,1,22.79,Low,24.5,55.8,1.0
Upper West Side,Upper West Side,09-04-2016,17:39,17,Afternoon,Saturday,1,Spring,1,2.2,High,7.1,18.6,1.8
Harlem,East Harlem,15-04-2016,19:57,19,Evening,Friday,0,Spring,1,5.13,High,19.4,15.9,1.8
Bedford-Stuyvesant,Fort Greene,03-01-2016,23:50,23,Evening,Sunday,1,Winter,1,5.02,Low,13.9,21.7,1.0
Upper West Side,South Slope,28-06-2016,13:16,13,Afternoon,Tuesday,0,Summer,1,1.47,Low,5.0,17.6,1.0
Harlem,Hell's Kitchen,04-05-2016,20:18,20,Evening,Wednesday,0,Spring,1,1.32,Medium,4.0,19.8,1.3
Murray Hill,Williamsburg,12-01-2016,00:06,0,Night,Tuesday,0,Winter,1,1.69,Low,6.8,14.9,1.0
Upper West Side,Upper West Side,15-02-2016,23:57,23,Evening,Monday,0,Winter,1,0.37,Low,2.6,8.5,1.0
Williamsburg,Bedford-Stuyvesant,08-05-2016,00:25,0,Night,Sunday,1,Spring,2,1.94,Low,6.2,18.8,1.0
Upper West Side,East Harlem,27-02-2016,13:25,13,Afternoon,Saturday,1,Winter,1,5.02,Low,15.2,19.8,1.0
Prince's Bay,Tottenville,24-06-2016,00:36,0,Night,Friday,0,Summer,1,18.31,Low,25.5,43.1,1.0
Park Slope,Fort Greene,10-04-2016,05:14,5,Night,Sunday,1,Spring,4,1.59,Low,7.2,13.2,1.0
Crown Heights,Park Slope,05-02-2016,17:23,17,Afternoon,Friday,0,Winter,2,2.77,High,22.8,7.3,1.8
Great Kills,Bath Beach,21-06-2016,18:03,18,Evening,Tuesday,0,Summer,6,11.76,High,31.8,22.2,1.8
Harlem,Murray Hill,24-02-2016,12:17,12,Afternoon,Wednesday,0,Winter,1,0.71,Low,2.4,17.8,1.0
Upper West Side,Bedford-Stuyvesant,06-01-2016,20:43,20,Evening,Wednesday,0,Winter,1,3.49,Medium,10.7,19.6,1.3
Harlem,Bedford-Stuyvesant,24-02-2016,08:05,8,Morning,Wednesday,0,Winter,1,3.06,High,15.2,12.1,1.8
South Slope,Harlem,18-06-2016,12:09,12,Afternoon,Saturday,1,Summer,1,1.47,Low,5.7,15.5,1.0
SoHo,Bedford-Stuyvesant,15-05-2016,17:39,17,Afternoon,Sunday,1,Spring,1,5.16,High,32.7,9.5,1.8
Edgemere,Bayswater,06-02-2016,11:11,11,Morning,Saturday,1,Winter,1,5.86,Low,18.9,18.6,1.0
East Harlem,East Harlem,22-06-2016,00:29,0,Night,Wednesday,0,Summer,5,0.9,Low,1.4,38.6,1.0
Inwood,East Harlem,29-03-2016,18:14,18,Evening,Tuesday,0,Spring,1,3.71,High,24.0,9.3,1.8
West Village,Upper West Side,29-02-2016,11:49,11,Morning,Monday,0,Winter,5,2.95,Low,17.8,9.9,1.0
Great Kills,Flatbush,08-01-2016,18:56,18,Evening,Friday,0,Winter,2,14.24,High,23.7,36.1,1.8
Upper West Side,East Harlem,13-02-2016,01:51,1,Night,Saturday,1,Winter,6,0.87,Low,2.2,23.7,1.0
Crown Heights,Harlem,13-05-2016,14:40,14,Afternoon,Friday,0,Spring,1,3.05,Low,35.4,5.2,1.0
Hell's Kitchen,Harlem,26-03-2016,19:21,19,Evening,Saturday,1,Spring,3,4.49,High,17.5,15.4,1.8
Murray Hill,Upper West Side,16-02-2016,12:14,12,Afternoon,Tuesday,0,Winter,1,4.12,Low,18.8,13.1,1.0
West Village,Upper West Side,13-06-2016,14:41,14,Afternoon,Monday,0,Summer,1,0.95,Low,3.2,17.8,1.0
Harlem,Kensington,27-04-2016,14:39,14,Afternoon,Wednesday,0,Spring,1,14.29,Low,32.6,26.3,1.0
Bedford-Stuyvesant,Bedford-Stuyvesant,16-02-2016,04:00,4,Night,Tuesday,0,Winter,1,2.11,Low,6.4,19.8,1.0
Inwood,Bedford-Stuyvesant,23-01-2016,00:56,0,Night,Saturday,1,Winter,2,7.02,Low,36.4,11.6,1.0
South Slope,Upper West Side,08-02-2016,11:27,11,Morning,Monday,0,Winter,1,4.94,Low,16.0,18.5,1.0
Bedford-Stuyvesant,Crown Heights,03-03-2016,21:43,21,Evening,Thursday,0,Spring,1,1.76,Low,6.0,17.6,1.0
Upper West Side,Upper West Side,19-04-2016,08:40,8,Morning,Tuesday,0,Spring,1,3.79,High,27.8,8.2,1.8
East Harlem,Chelsea,26-05-2016,13:43,13,Afternoon,Thursday,0,Spring,1,2.37,Low,18.6,7.6,1.0
Hell's Kitchen,Midtown,20-03-2016,04:03,4,Night,Sunday,1,Spring,2,2.18,Low,8.0,16.4,1.0
Harlem,Harlem,11-06-2016,21:48,21,Evening,Saturday,1,Summer,1,2.15,Low,6.3,20.5,1.0
"Bay Terrace, Staten Island",Dyker Heights,25-04-2016,23:54,23,Evening,Monday,0,Spring,1,14.61,Low,22.6,38.8,1.0
East Harlem,Hell's Kitchen,26-06-2016,03:32,3,Night,Sunday,1,Summer,1,0.95,Low,3.0,19.0,1.0
Harlem,East Harlem,14-06-2016,19:24,19,Evening,Tuesday,0,Summer,1,2.91,High,9.4,18.6,1.8
Upper West Side,Clinton Hill,28-03-2016,13:30,13,Afternoon,Monday,0,Spring,1,3.75,Low,17.6,12.8,1.0
Williamsburg,Upper West Side,24-03-2016,23:26,23,Evening,Thursday,0,Spring,1,9.18,Low,28.1,19.6,1.0
Harlem,Bedford-Stuyvesant,10-06-2016,06:58,6,Morning,Friday,0,Summer,1,0.93,Low,2.2,25.4,1.0
Fort Greene,Bedford-Stuyvesant,16-05-2016,04:02,4,Night,Monday,0,Spring,1,8.79,Low,16.1,32.8,1.0
Sheepshead Bay,Great Kills,06-05-2016,08:19,8,Morning,Friday,0,Spring,1,7.41,High,51.3,8.7,1.8
Murray Hill,Fort Greene,11-05-2016,18:12,18,Evening,Wednesday,0,Spring,1,1.43,High,5.2,16.5,1.8
Harlem,Midtown,18-04-2016,12:52,12,Afternoon,Monday,0,Spring,1,8.28,Low,26.5,18.7,1.0
Chinatown,West Village,28-02-2016,03:55,3,Night,Sunday,1,Winter,1,0.83,Low,3.0,16.6,1.0
Concord,Flatlands,16-04-2016,14:26,14,Afternoon,Saturday,1,Spring,1,0.96,Low,3.3,17.5,1.0
Park Slope,Park Slope,21-05-2016,19:40,19,Evening,Saturday,1,Spring,6,1.5,High,16.6,5.4,1.8
Kensington,Clinton Hill,09-06-2016,11:52,11,Morning,Thursday,0,Summer,1,2.07,Low,11.0,11.3,1.0
Park Slope,Kensington,14-03-2016,16:03,16,Afternoon,Monday,0,Spring,1,1.39,Medium,6.2,13.5,1.3
Park Slope,Upper West Side,09-03-2016,20:07,20,Evening,Wednesday,0,Spring,5,0.87,Medium,3.9,13.4,1.3
Upper West Side,Hell's Kitchen,01-06-2016,12:14,12,Afternoon,Wednesday,0,Summer,2,0.96,Low,4.4,13.1,1.0
Harlem,Harlem,03-05-2016,09:47,9,Morning,Tuesday,0,Spring,1,0.83,High,10.5,4.7,1.8
Kensington,Chinatown,05-01-2016,02:26,2,Night,Tuesday,0,Winter,1,5.65,Low,9.0,37.7,1.0
Clinton Hill,Upper West Side,18-02-2016,17:40,17,Afternoon,Thursday,0,Winter,2,6.55,High,14.5,27.1,1.8
Arverne,Arverne,08-02-2016,15:44,15,Afternoon,Monday,0,Winter,5,2.36,Low,10.2,13.9,1.0
Upper West Side,Kensington,19-04-2016,08:41,8,Morning,Tuesday,0,Spring,1,1.67,High,10.7,9.4,1.8
Williamsburg,East Harlem,26-03-2016,17:33,17,Afternoon,Saturday,1,Spring,4,2.65,High,11.9,13.4,1.8
Murray Hill,Midtown,09-04-2016,09:00,9,Morning,Saturday,1,Spring,5,1.14,High,6.4,10.7,1.8
East Village,Bedford-Stuyvesant,29-03-2016,12:58,12,Afternoon,Tuesday,0,Spring,1,0.81,Low,8.0,6.1,1.0
East Village,South Slope,28-02-2016,15:59,15,Afternoon,Sunday,1,Winter,1,3.39,Low,10.7,19.0,1.0
West Village,Upper West Side,15-03-2016,17:30,17,Afternoon,Tuesday,0,Spring,1,1.6,High,8.4,11.4,1.8
East Harlem,Bedford-Stuyvesant,02-06-2016,20:18,20,Evening,Thursday,0,Summer,5,1.17,Medium,2.9,24.2,1.3
Concord,"Bay Terrace, Staten Island",30-04-2016,06:08,6,Morning,Saturday,1,Spring,1,10.52,Low,14.8,42.6,1.0
Greenpoint,Crown Heights,18-06-2016,00:54,0,Night,Saturday,1,Summer,1,4.81,Low,21.6,13.4,1.0
Bedford-Stuyvesant,East Harlem,30-03-2016,11:48,11,Morning,Wednesday,0,Spring,1,3.1,Low,14.0,13.3,1.0
Harlem,Park Slope,10-03-2016,00:09,0,Night,Thursday,0,Spring,1,1.37,Low,4.8,17.1,1.0
Clinton Hill,Bedford-Stuyvesant,12-05-2016,20:57,20,Evening,Thursday,0,Spring,2,1.89,Medium,8.9,12.7,1.3
Harlem,Harlem,19-06-2016,10:03,10,Morning,Sunday,1,Summer,2,3.74,Medium,13.7,16.4,1.3
Prince's Bay,Great Kills,03-01-2016,14:31,14,Afternoon,Sunday,1,Winter,2,23.06,Low,30.9,44.8,1.0
East Harlem,Chinatown,11-03-2016,22:07,22,Evening,Friday,0,Spring,1,1.39,Low,4.0,20.8,1.0
South Slope,West Village,10-03-2016,10:51,10,Morning,Thursday,0,Spring,1,3.18,Medium,10.0,19.1,1.3
East Harlem,Bedford-Stuyvesant,05-01-2016,20:11,20,Evening,Tuesday,0,Winter,1,0.63,Medium,3.6,10.5,1.3
Williamsburg,South Slope,26-05-2016,13:11,13,Afternoon,Thursday,0,Spring,1,1.5,Low,7.6,11.8,1.0
Hell's Kitchen,Harlem,09-02-2016,16:38,16,Afternoon,Tuesday,0,Winter,1,1.75,Medium,13.7,7.7,1.3
East Harlem,Bedford-Stuyvesant,10-04-2016,17:21,17,Afternoon,Sunday,1,Spring,1,1.89,High,6.7,16.9,1.8
Lower East Side,East Harlem,16-06-2016,22:18,22,Evening,Thursday,0,Summer,1,2.94,Low,9.3,19.0,1.0
Harlem,Upper West Side,12-02-2016,14:27,14,Afternoon,Friday,0,Winter,1,2.17,Low,22.6,5.8,1.0
Kensington,Fort Greene,02-05-2016,07:53,7,Morning,Monday,0,Spring,1,5.68,Medium,29.9,11.4,1.3
Upper West Side,Harlem,27-02-2016,00:20,0,Night,Saturday,1,Winter,1,0.8,Low,5.0,9.6,1.0
Chinatown,Bedford-Stuyvesant,06-03-2016,20:51,20,Evening,Sunday,1,Spring,1,3.85,Medium,14.1,16.4,1.3
Harlem,South Slope,30-03-2016,19:34,19,Evening,Wednesday,0,Spring,3,1.76,High,11.6,9.1,1.8
Harlem,Clinton Hill,07-06-2016,21:29,21,Evening,Tuesday,0,Summer,1,4.11,Low,15.3,16.1,1.0
Chinatown,Midtown,30-06-2016,08:47,8,Morning,Thursday,0,Summer,1,1.74,High,9.8,10.7,1.8
Upper West Side,Upper West Side,25-01-2016,11:54,11,Morning,Monday,0,Winter,1,0.82,Low,4.6,10.7,1.0
South Slope,East Harlem,01-01-2016,20:32,20,Evening,Friday,0,Winter,1,1.8,Medium,14.2,7.6,1.3
Midwood,Bath Beach,24-02-2016,13:11,13,Afternoon,Wednesday,0,Winter,2,3.82,Low,24.2,9.5,1.0
Upper West Side,Bedford-Stuyvesant,12-06-2016,15:41,15,Afternoon,Sunday,1,Summer,1,2.36,Low,5.6,25.3,1.0
Clinton Hill,Upper West Side,19-03-2016,01:16,1,Night,Saturday,1,Spring,2,2.24,Low,4.9,27.4,1.0
Harlem,Harlem,06-01-2016,22:30,22,Evening,Wednesday,0,Winter,2,5.48,Low,12.6,26.1,1.0
Grant City,Brighton Beach,26-04-2016,16:10,16,Afternoon,Tuesday,0,Spring,1,1.39,Medium,11.1,7.5,1.3
Harlem,Harlem,27-03-2016,12:24,12,Afternoon,Sunday,1,Spring,1,6.62,Low,19.3,20.6,1.0
Hell's Kitchen,East Harlem,04-04-2016,08:35,8,Morning,Monday,0,Spring,1,1.52,High,5.2,17.5,1.8
Bedford-Stuyvesant,Bedford-Stuyvesant,19-02-2016,23:10,23,Evening,Friday,0,Winter,1,1.16,Low,14.9,4.7,1.0
Upper West Side,Kensington,26-04-2016,06:45,6,Morning,Tuesday,0,Spring,1,0.72,Low,2.7,16.0,1.0
East Harlem,Williamsburg,08-04-2016,18:05,18,Evening,Friday,0,Spring,1,2.28,High,11.5,11.9,1.8
South Slope,Bedford-Stuyvesant,09-04-2016,17:16,17,Afternoon,Saturday,1,Spring,5,5.05,High,17.9,16.9,1.8
Harlem,Midtown,20-01-2016,20:23,20,Evening,Wednesday,0,Winter,1,5.73,Medium,14.5,23.7,1.3
Upper West Side,East Harlem,30-03-2016,17:34,17,Afternoon,Wednesday,0,Spring,5,1.65,High,7.1,13.9,1.8
Clinton Hill,South Slope,08-02-2016,09:06,9,Morning,Monday,0,Winter,1,4.58,High,16.2,17.0,1.8
Bedford-Stuyvesant,Bedford-Stuyvesant,08-06-2016,23:28,23,Evening,Wednesday,0,Summer,5,6.35,Low,16.5,23.1,1.0
East Village,Murray Hill,28-05-2016,17:20,17,Afternoon,Saturday,1,Spring,1,1.92,High,6.9,16.7,1.8
Mill Basin,New Dorp Beach,01-06-2016,20:44,20,Evening,Wednesday,0,Summer,1,15.73,Medium,41.9,22.5,1.3
Murray Hill,East Harlem,01-01-2016,20:33,20,Evening,Friday,0,Winter,1,4.74,Medium,15.6,18.2,1.3
Todt Hill,New Dorp Beach,31-01-2016,21:00,21,Evening,Sunday,1,Winter,3,13.07,Low,28.1,27.9,1.0
Hell's Kitchen,Clinton Hill,15-06-2016,06:46,6,Morning,Wednesday,0,Summer,1,2.53,Low,11.2,13.6,1.0
Murray Hill,Harlem,16-04-2016,10:58,10,Morning,Saturday,1,Spring,1,2.71,Medium,5.8,28.0,1.3
East Harlem,Harlem,23-02-2016,08:21,8,Morning,Tuesday,0,Winter,1,2.83,High,9.3,18.3,1.8
Concord,Gravesend,20-01-2016,09:49,9,Morning,Wednesday,0,Winter,1,1.71,High,7.1,14.5,1.8
Murray Hill,Kensington,19-01-2016,19:35,19,Evening,Tuesday,0,Winter,1,1.04,High,5.6,11.1,1.8
Murray Hill,Harlem,20-05-2016,18:29,18,Evening,Friday,0,Spring,2,6.68,High,31.2,12.8,1.8
Fort Greene,Harlem,08-06-2016,13:58,13,Afternoon,Wednesday,0,Summer,1,5.68,Low,34.0,10.0,1.0
Kensington,East Harlem,02-02-2016,16:10,16,Afternoon,Tuesday,0,Winter,2,3.36,Medium,13.8,14.6,1.3
Bedford-Stuyvesant,Upper West Side,06-06-2016,14:32,14,Afternoon,Monday,0,Summer,1,1.22,Low,7.6,9.6,1.0
Bedford-Stuyvesant,East Harlem,25-02-2016,18:49,18,Evening,Thursday,0,Winter,1,1.07,High,4.9,13.1,1.8
Flatbush,Fort Hamilton,08-05-2016,12:29,12,Afternoon,Sunday,1,Spring,1,1.81,Low,10.8,10.1,1.0
Arden Heights,Bensonhurst,06-04-2016,22:27,22,Evening,Wednesday,0,Spring,5,15.44,Low,23.8,38.9,1.0
Murray Hill,Hell's Kitchen,27-02-2016,13:14,13,Afternoon,Saturday,1,Winter,2,1.47,Low,12.0,7.4,1.0
Prince's Bay,Prince's Bay,21-06-2016,16:41,16,Afternoon,Tuesday,0,Summer,1,19.35,Medium,35.8,32.4,1.3
South Slope,Harlem,01-03-2016,22:00,22,Evening,Tuesday,0,Spring,1,1.98,Low,6.6,18.0,1.0
Upper West Side,Inwood,02-04-2016,03:05,3,Night,Saturday,1,Spring,1,2.93,Low,7.0,25.1,1.0
West Village,Hell's Kitchen,29-04-2016,00:31,0,Night,Friday,0,Spring,5,2.5,Low,15.0,10.0,1.0
Bay Ridge,Arverne,24-06-2016,17:15,17,Afternoon,Friday,0,Summer,2,4.55,High,15.8,17.3,1.8
Oakwood,Brighton Beach,23-04-2016,17:05,17,Afternoon,Saturday,1,Spring,2,7.57,High,19.8,22.9,1.8
Upper West Side,Harlem,11-06-2016,21:15,21,Evening,Saturday,1,Summer,1,1.42,Low,10.3,8.3,1.0
Bedford-Stuyvesant,Bedford-Stuyvesant,24-05-2016,23:03,23,Evening,Tuesday,0,Spring,4,1.67,Low,9.5,10.5,1.0
Upper West Side,Upper West Side,16-06-2016,22:16,22,Evening,Thursday,0,Summer,1,3.36,Low,6.6,30.5,1.0
Hell's Kitchen,Park Slope,10-05-2016,21:50,21,Evening,Tuesday,0,Spring,1,1.73,Low,5.5,18.9,1.0
Upper West Side,East Harlem,18-06-2016,17:51,17,Afternoon,Saturday,1,Summer,1,0.88,High,4.5,11.7,1.8
Kensington,Midtown,24-02-2016,00:05,0,Night,Wednesday,0,Winter,1,0.88,Low,5.2,10.2,1.0
"Bay Terrace, Staten Island",Fort Hamilton,07-04-2016,17:47,17,Afternoon,Thursday,0,Spring,1,12.43,High,25.2,29.6,1.8
Hell's Kitchen,South Slope,21-01-2016,12:16,12,Afternoon,Thursday,0,Winter,1,2.95,Low,29.1,6.1,1.0
Harlem,Harlem,14-03-2016,09:01,9,Morning,Monday,0,Spring,1,6.0,High,24.4,14.8,1.8
Oakwood,Midwood,09-04-2016,23:58,23,Evening,Saturday,1,Spring,1,12.47,Low,18.6,40.2,1.0
Great Kills,Tottenville,13-05-2016,09:08,9,Morning,Friday,0,Spring,1,23.76,High,37.4,38.1,1.8
Harlem,Chinatown,12-06-2016,17:34,17,Afternoon,Sunday,1,Summer,1,1.82,High,9.8,11.1,1.8
"Bay Terrace, Staten Island",Randall Manor,25-04-2016,23:07,23,Evening,Monday,0,Spring,2,14.31,Low,27.2,31.6,1.0
Fort Hamilton,South Beach,14-06-2016,18:40,18,Evening,Tuesday,0,Summer,1,6.62,High,15.3,26.0,1.8
Kensington,Bedford-Stuyvesant,06-05-2016,23:05,23,Evening,Friday,0,Spring,1,2.64,Low,5.8,27.3,1.0
Upper West Side,South Slope,11-05-2016,04:29,4,Night,Wednesday,0,Spring,2,4.07,Low,9.3,26.3,1.0
Fort Greene,South Slope,12-05-2016,20:04,20,Evening,Thursday,0,Spring,1,2.62,Medium,8.5,18.5,1.3
South Slope,Murray Hill,06-04-2016,10:17,10,Morning,Wednesday,0,Spring,1,0.94,Medium,3.0,18.8,1.3
Bedford-Stuyvesant,East Harlem,27-01-2016,16:35,16,Afternoon,Wednesday,0,Winter,1,2.32,Medium,28.4,4.9,1.3
Kensington,South Slope,29-04-2016,12:43,12,Afternoon,Friday,0,Spring,1,1.23,Low,7.8,9.5,1.0
Kensington,Harlem,20-04-2016,11:27,11,Morning,Wednesday,0,Spring,5,7.06,Low,30.2,14.0,1.0
Fort Greene,Kensington,24-02-2016,19:46,19,Evening,Wednesday,0,Winter,1,2.15,High,10.3,12.5,1.8
South Slope,Park Slope,08-05-2016,08:59,8,Morning,Sunday,1,Spring,1,0.77,High,1.7,27.2,1.8
Upper West Side,Harlem,08-04-2016,18:07,18,Evening,Friday,0,Spring,1,0.56,High,3.3,10.2,1.8
Harlem,Hell's Kitchen,14-03-2016,18:51,18,Evening,Monday,0,Spring,1,0.66,High,3.2,12.4,1.8
Rockaway Beach,Brighton Beach,20-06-2016,07:58,7,Morning,Monday,0,Summer,1,2.21,Medium,7.4,17.9,1.3
Harlem,Kensington,13-04-2016,19:14,19,Evening,Wednesday,0,Spring,1,0.8,High,6.0,8.0,1.8
Midtown,East Harlem,01-01-2016,11:48,11,Morning,Friday,0,Winter,1,1.17,Low,3.0,23.4,1.0
Bedford-Stuyvesant,Bedford-Stuyvesant,07-04-2016,17:55,17,Afternoon,Thursday,0,Spring,1,2.68,High,13.0,12.4,1.8
Bedford-Stuyvesant,Upper West Side,10-03-2016,20:57,20,Evening,Thursday,0,Spring,2,2.15,Medium,15.6,8.3,1.3
East Harlem,Hell's Kitchen,05-05-2016,17:59,17,Afternoon,Thursday,0,Spring,1,1.66,High,8.0,12.4,1.8
Upper West Side,Murray Hill,20-02-2016,10:49,10,Morning,Saturday,1,Winter,1,2.7,Medium,10.3,15.7,1.3
Upper West Side,East Harlem,19-05-2016,08:14,8,Morning,Thursday,0,Spring,1,1.72,High,16.9,6.1,1.8
East Harlem,Harlem,22-05-2016,21:24,21,Evening,Sunday,1,Spring,1,1.45,Low,6.0,14.5,1.0
Upper West Side,East Harlem,12-04-2016,13:36,13,Afternoon,Tuesday,0,Spring,2,0.84,Low,5.4,9.3,1.0
East Harlem,Bedford-Stuyvesant,02-03-2016,19:25,19,Evening,Wednesday,0,Spring,1,4.47,High,20.1,13.3,1.8
Hell's Kitchen,Upper West Side,31-01-2016,02:38,2,Night,Sunday,1,Winter,1,1.64,Low,9.1,10.8,1.0
Rockaway Beach,Stapleton,10-02-2016,23:08,23,Evening,Wednesday,0,Winter,1,2.78,Low,10.3,16.2,1.0
Inwood,Hell's Kitchen,25-05-2016,00:48,0,Night,Wednesday,0,Spring,1,1.84,Low,2.7,40.9,1.0
South Slope,Bedford-Stuyvesant,20-01-2016,08:12,8,Morning,Wednesday,0,Winter,5,0.39,High,2.4,9.8,1.8
Upper West Side,Upper West Side,18-03-2016,15:14,15,Afternoon,Friday,0,Spring,1,1.16,Low,3.9,17.8,1.0
South Slope,Fort Greene,11-01-2016,21:42,21,Evening,Monday,0,Winter,3,1.23,Low,7.8,9.5,1.0
Harlem,Upper West Side,11-01-2016,18:23,18,Evening,Monday,0,Winter,1,0.92,High,7.1,7.8,1.8
East Village,Upper West Side,04-04-2016,17:43,17,Afternoon,Monday,0,Spring,1,2.42,High,12.9,11.3,1.8
Midwood,Eltingville,30-06-2016,10:56,10,Morning,Thursday,0,Summer,1,17.31,Medium,68.1,15.3,1.3
Inwood,South Slope,22-04-2016,01:33,1,Night,Friday,0,Spring,3,1.88,Low,7.2,15.7,1.0
Hell's Kitchen,Fort Greene,29-02-2016,06:20,6,Morning,Monday,0,Winter,1,7.81,Low,17.9,26.2,1.0
Upper West Side,South Slope,12-02-2016,08:03,8,Morning,Friday,0,Winter,1,1.36,High,6.2,13.2,1.8
East Harlem,Hell's Kitchen,04-01-2016,19:26,19,Evening,Monday,0,Winter,6,3.42,High,13.3,15.4,1.8
East Harlem,Upper West Side,14-06-2016,13:08,13,Afternoon,Tuesday,0,Summer,5,2.11,Low,8.2,15.4,1.0
Fort Hamilton,Bay Ridge,11-01-2016,21:23,21,Evening,Monday,0,Winter,1,1.95,Low,6.2,18.9,1.0
West Village,Park Slope,13-02-2016,15:11,15,Afternoon,Saturday,1,Winter,2,0.67,Low,2.1,19.1,1.0
Park Slope,Fort Greene,05-06-2016,00:35,0,Night,Sunday,1,Summer,1,3.01,Low,13.4,13.5,1.0
Great Kills,Tottenville,27-03-2016,11:15,11,Morning,Sunday,1,Spring,2,25.72,Low,32.4,47.6,1.0
Chinatown,Fort Greene,30-01-2016,08:39,8,Morning,Saturday,1,Winter,1,5.92,High,20.1,17.7,1.8
Midtown,Bedford-Stuyvesant,29-01-2016,20:25,20,Evening,Friday,0,Winter,2,6.4,Medium,21.3,18.0,1.3
Hell's Kitchen,Harlem,21-03-2016,06:58,6,Morning,Monday,0,Spring,1,0.68,Low,4.0,10.2,1.0
Hell's Kitchen,Bedford-Stuyvesant,08-03-2016,00:01,0,Night,Tuesday,0,Spring,1,2.37,Low,7.5,19.0,1.0
Greenpoint,Upper West Side,12-06-2016,00:47,0,Night,Sunday,1,Summer,6,1.05,Low,8.4,7.5,1.0
Tottenville,Huguenot,22-03-2016,21:47,21,Evening,Tuesday,0,Spring,1,20.54,Low,25.0,49.3,1.0
Upper West Side,Kensington,30-01-2016,22:04,22,Evening,Saturday,1,Winter,1,4.34,Low,11.5,22.6,1.0
West Village,Fort Greene,05-03-2016,13:41,13,Afternoon,Saturday,1,Spring,1,0.63,Low,2.0,18.9,1.0
East Harlem,South Slope,04-01-2016,15:32,15,Afternoon,Monday,0,Winter,5,2.42,Low,8.4,17.3,1.0
East Harlem,East Harlem,01-02-2016,07:52,7,Morning,Monday,0,Winter,1,2.1,Medium,13.8,9.1,1.3
Inwood,Murray Hill,29-03-2016,10:05,10,Morning,Tuesday,0,Spring,1,0.38,Medium,9.1,2.5,1.3
Harlem,Upper West Side,29-03-2016,09:56,9,Morning,Tuesday,0,Spring,1,1.46,High,19.5,4.5,1.8
Harlem,Clinton Hill,17-05-2016,21:11,21,Evening,Tuesday,0,Spring,2,8.91,Low,33.5,16.0,1.0
East Harlem,Williamsburg,06-04-2016,21:31,21,Evening,Wednesday,0,Spring,1,3.76,Low,24.8,9.1,1.0
Inwood,Clinton Hill,05-03-2016,16:37,16,Afternoon,Saturday,1,Spring,2,1.64,Medium,10.3,9.6,1.3
Crown Heights,Bedford-Stuyvesant,21-04-2016,19:34,19,Evening,Thursday,0,Spring,1,6.74,High,23.4,17.3,1.8
Tottenville,Woodrow,29-06-2016,22:11,22,Evening,Wednesday,0,Summer,2,24.97,Low,39.9,37.5,1.0
Prince's Bay,Tottenville,04-02-2016,12:12,12,Afternoon,Thursday,0,Winter,5,24.5,Low,30.2,48.7,1.0
Upper West Side,Harlem,28-04-2016,17:14,17,Afternoon,Thursday,0,Spring,1,3.77,High,15.3,14.8,1.8
Bedford-Stuyvesant,South Slope,13-02-2016,09:46,9,Morning,Saturday,1,Winter,1,2.75,High,8.4,19.6,1.8
Midtown,South Slope,22-06-2016,04:35,4,Night,Wednesday,0,Summer,1,1.08,Low,3.5,18.5,1.0
Harlem,Harlem,10-01-2016,01:42,1,Night,Sunday,1,Winter,1,7.24,Low,16.2,26.8,1.0
East Harlem,Bedford-Stuyvesant,15-04-2016,19:51,19,Evening,Friday,0,Spring,1,1.87,High,22.2,5.1,1.8
Bedford-Stuyvesant,Upper West Side,16-01-2016,17:33,17,Afternoon,Saturday,1,Winter,1,3.91,High,15.1,15.5,1.8
Harlem,Bedford-Stuyvesant,20-03-2016,18:50,18,Evening,Sunday,1,Spring,1,0.86,High,3.2,16.1,1.8
East Harlem,South Slope,15-04-2016,18:05,18,Evening,Friday,0,Spring,1,5.79,High,29.6,11.7,1.8
Upper West Side,East Harlem,12-05-2016,20:44,20,Evening,Thursday,0,Spring,6,1.81,Medium,5.0,21.7,1.3
West Village,Bedford-Stuyvesant,22-01-2016,07:08,7,Morning,Friday,0,Winter,4,2.97,Medium,11.0,16.2,1.3
Bensonhurst,Breezy Point,01-01-2016,23:17,23,Evening,Friday,0,Winter,3,23.45,Low,38.0,37.0,1.0
Greenpoint,Upper West Side,06-05-2016,06:49,6,Morning,Friday,0,Spring,1,1.01,Low,2.6,23.3,1.0
Harlem,Williamsburg,30-05-2016,15:55,15,Afternoon,Monday,0,Spring,1,3.12,Low,17.2,10.9,1.0
Prince's Bay,Tottenville,28-02-2016,00:27,0,Night,Sunday,1,Winter,1,27.8,Low,29.6,56.4,1.0
Upper West Side,Clinton Hill,04-06-2016,07:33,7,Morning,Saturday,1,Summer,1,5.66,Medium,14.0,24.3,1.3
Silver Lake,Midwood,10-03-2016,09:15,9,Morning,Thursday,0,Spring,6,1.96,High,7.9,14.9,1.8
Williamsburg,Fort Greene,02-05-2016,19:01,19,Evening,Monday,0,Spring,1,2.6,High,6.2,25.2,1.8
Harlem,East Harlem,24-02-2016,00:09,0,Night,Wednesday,0,Winter,1,2.7,Low,8.4,19.3,1.0
Hell's Kitchen,East Village,05-05-2016,20:29,20,Evening,Thursday,0,Spring,1,5.74,Medium,18.3,18.8,1.3
South Slope,Bedford-Stuyvesant,23-02-2016,19:14,19,Evening,Tuesday,0,Winter,1,3.35,High,23.9,8.4,1.8
Bedford-Stuyvesant,Clinton Hill,01-04-2016,10:40,10,Morning,Friday,0,Spring,1,1.09,Medium,22.8,2.9,1.3
Harlem,Chinatown,17-01-2016,09:44,9,Morning,Sunday,1,Winter,1,6.47,High,18.3,21.2,1.8
Bedford-Stuyvesant,Harlem,13-06-2016,22:34,22,Evening,Monday,0,Summer,2,2.97,Low,8.6,20.7,1.0
Hell's Kitchen,West Village,01-03-2016,09:39,9,Morning,Tuesday,0,Spring,1,0.25,High,2.1,7.1,1.8
South Slope,Windsor Terrace,10-01-2016,00:52,0,Night,Sunday,1,Winter,3,1.55,Low,6.5,14.3,1.0
Park Slope,Upper West Side,14-02-2016,19:42,19,Evening,Sunday,1,Winter,1,6.45,High,18.2,21.3,1.8
Howland Hook,Westerleigh,12-01-2016,14:49,14,Afternoon,Tuesday,0,Winter,1,1.59,Low,6.6,14.5,1.0
Kensington,Harlem,07-01-2016,23:06,23,Evening,Thursday,0,Winter,1,1.36,Low,6.9,11.8,1.0
Sheepshead Bay,Bensonhurst,09-05-2016,16:57,16,Afternoon,Monday,0,Spring,4,0.86,Medium,6.2,8.3,1.3
Harlem,East Harlem,13-01-2016,16:40,16,Afternoon,Wednesday,0,Winter,1,1.29,Medium,9.4,8.2,1.3
Upper West Side,Midtown,10-06-2016,22:23,22,Evening,Friday,0,Summer,1,10.64,Low,29.1,21.9,1.0
Bedford-Stuyvesant,Harlem,28-06-2016,22:35,22,Evening,Tuesday,0,Summer,1,3.1,Low,24.7,7.5,1.0
West Village,Upper West Side,08-06-2016,00:33,0,Night,Wednesday,0,Summer,5,1.99,Low,4.4,27.1,1.0
Fort Greene,Bedford-Stuyvesant,10-01-2016,01:04,1,Night,Sunday,1,Winter,2,1.5,Low,6.4,14.1,1.0
West Village,Bedford-Stuyvesant,14-01-2016,09:28,9,Morning,Thursday,0,Winter,1,0.83,High,2.8,17.8,1.8
Kensington,Midtown,10-02-2016,18:24,18,Evening,Wednesday,0,Winter,1,4.98,High,23.9,12.5,1.8
Park Slope,Murray Hill,19-05-2016,22:21,22,Evening,Thursday,0,Spring,1,2.55,Low,11.4,13.4,1.0
Upper West Side,Upper West Side,16-01-2016,16:40,16,Afternoon,Saturday,1,Winter,1,2.62,Medium,11.8,13.3,1.3
Harlem,Kensington,21-02-2016,20:14,20,Evening,Sunday,1,Winter,1,1.3,Medium,4.2,18.6,1.3
Tottenville,Tottenville,30-04-2016,08:44,8,Morning,Saturday,1,Spring,1,17.23,High,30.1,34.3,1.8
Clifton,Brighton Beach,04-01-2016,20:17,20,Evening,Monday,0,Winter,1,2.15,Medium,10.8,11.9,1.3
Oakwood,Bensonhurst,04-05-2016,21:04,21,Evening,Wednesday,0,Spring,3,12.02,Low,26.3,27.4,1.0
Crown Heights,Upper West Side,15-01-2016,01:48,1,Night,Friday,0,Winter,2,3.98,Low,6.8,35.1,1.0
Bedford-Stuyvesant,Midtown,10-02-2016,08:05,8,Morning,Wednesday,0,Winter,1,2.58,High,13.6,11.4,1.8
Chelsea,Upper West Side,26-02-2016,23:26,23,Evening,Friday,0,Winter,1,2.1,Low,18.0,7.0,1.0
Harlem,Kensington,17-04-2016,23:32,23,Evening,Sunday,1,Spring,1,6.19,Low,16.4,22.6,1.0
South Slope,Crown Heights,18-03-2016,17:07,17,Afternoon,Friday,0,Spring,1,4.43,High,25.9,10.3,1.8
Midtown,Bedford-Stuyvesant,03-01-2016,22:18,22,Evening,Sunday,1,Winter,1,1.62,Low,7.8,12.5,1.0
Murray Hill,Williamsburg,23-05-2016,12:57,12,Afternoon,Monday,0,Spring,1,1.33,Low,6.1,13.1,1.0
South Slope,East Harlem,01-06-2016,09:58,9,Morning,Wednesday,0,Summer,6,2.2,High,10.8,12.2,1.8
Harlem,West Village,21-01-2016,17:16,17,Afternoon,Thursday,0,Winter,1,2.07,High,10.8,11.5,1.8
Crown Heights,Upper West Side,22-02-2016,08:18,8,Morning,Monday,0,Winter,1,0.68,High,3.6,11.3,1.8
Midtown,East Harlem,28-03-2016,12:03,12,Afternoon,Monday,0,Spring,1,5.07,Low,14.7,20.7,1.0
Williamsburg,Bedford-Stuyvesant,17-05-2016,22:05,22,Evening,Tuesday,0,Spring,2,1.89,Low,12.8,8.9,1.0
East Harlem,East Harlem,07-04-2016,15:11,15,Afternoon,Thursday,0,Spring,6,6.06,Low,28.2,12.9,1.0
Bedford-Stuyvesant,Harlem,07-06-2016,23:59,23,Evening,Tuesday,0,Summer,1,9.04,Low,28.8,18.8,1.0
Harlem,Harlem,26-05-2016,14:06,14,Afternoon,Thursday,0,Spring,1,2.03,Low,14.4,8.5,1.0
Chinatown,East Harlem,22-03-2016,07:09,7,Morning,Tuesday,0,Spring,1,2.8,Medium,4.3,39.1,1.3
Upper West Side,Fort Greene,28-03-2016,12:06,12,Afternoon,Monday,0,Spring,1,2.46,Low,22.6,6.5,1.0
Hell's Kitchen,East Harlem,29-04-2016,19:16,19,Evening,Friday,0,Spring,1,3.36,High,16.1,12.5,1.8
Midtown,Harlem,27-04-2016,20:26,20,Evening,Wednesday,0,Spring,1,4.1,Medium,15.1,16.3,1.3
Oakwood,Sheepshead Bay,05-04-2016,15:04,15,Afternoon,Tuesday,0,Spring,1,17.74,Low,50.8,21.0,1.0
South Slope,Chinatown,05-03-2016,02:10,2,Night,Saturday,1,Spring,1,5.4,Low,13.6,23.8,1.0
East Harlem,South Slope,05-02-2016,12:05,12,Afternoon,Friday,0,Winter,1,2.54,Low,16.4,9.3,1.0
Fort Greene,Bedford-Stuyvesant,02-06-2016,08:01,8,Morning,Thursday,0,Summer,5,2.41,High,13.8,10.5,1.8
Prince's Bay,Arden Heights,01-06-2016,17:01,17,Afternoon,Wednesday,0,Summer,1,4.18,High,15.2,16.5,1.8
Bedford-Stuyvesant,Upper West Side,01-03-2016,11:31,11,Morning,Tuesday,0,Spring,1,3.94,Low,17.2,13.7,1.0
Arverne,Arverne,25-02-2016,13:39,13,Afternoon,Thursday,0,Winter,1,1.78,Low,7.0,15.3,1.0
Clinton Hill,East Harlem,19-01-2016,06:52,6,Morning,Tuesday,0,Winter,1,1.46,Low,5.5,15.9,1.0
Arden Heights,Midwood,23-06-2016,15:08,15,Afternoon,Thursday,0,Summer,6,12.56,Low,53.6,14.1,1.0
South Slope,East Harlem,27-03-2016,19:06,19,Evening,Sunday,1,Spring,1,10.21,High,36.0,17.0,1.8
South Slope,Upper West Side,14-02-2016,21:08,21,Evening,Sunday,1,Winter,1,2.77,Low,12.2,13.6,1.0
East Harlem,Upper West Side,11-02-2016,13:23,13,Afternoon,Thursday,0,Winter,1,2.28,Low,18.8,7.3,1.0
South Slope,Hell's Kitchen,27-05-2016,03:45,3,Night,Friday,0,Spring,3,11.83,Low,30.6,23.2,1.0
Upper West Side,Kensington,06-05-2016,19:23,19,Evening,Friday,0,Spring,5,1.3,High,13.5,5.8,1.8
Park Slope,East Harlem,24-02-2016,07:09,7,Morning,Wednesday,0,Winter,1,1.11,Medium,5.5,12.1,1.3
West Village,Harlem,15-04-2016,10:52,10,Morning,Friday,0,Spring,1,3.23,Medium,14.0,13.8,1.3
Tottenville,Great Kills,20-04-2016,00:22,0,Night,Wednesday,0,Spring,1,8.07,Low,13.9,34.8,1.0
Crown Heights,West Village,09-05-2016,10:00,10,Morning,Monday,0,Spring,1,1.57,Medium,7.4,12.7,1.3
Crown Heights,Fort Greene,03-05-2016,08:44,8,Morning,Tuesday,0,Spring,1,1.91,High,12.0,9.5,1.8
East Harlem,West Village,27-01-2016,21:26,21,Evening,Wednesday,0,Winter,1,3.97,Low,12.5,19.1,1.0
Bushwick,East Harlem,15-02-2016,13:46,13,Afternoon,Monday,0,Winter,3,2.12,Low,4.8,26.5,1.0
Harlem,Murray Hill,12-05-2016,19:28,19,Evening,Thursday,0,Spring,1,2.71,High,11.6,14.0,1.8
Upper West Side,Park Slope,01-06-2016,09:33,9,Morning,Wednesday,0,Summer,1,3.33,High,26.4,7.6,1.8
Arden Heights,Bayswater,16-05-2016,22:29,22,Evening,Monday,0,Spring,2,8.0,Low,11.6,41.4,1.0
Park Slope,Kensington,28-04-2016,10:51,10,Morning,Thursday,0,Spring,2,2.79,Medium,16.1,10.4,1.3
Upper West Side,Bedford-Stuyvesant,04-03-2016,14:42,14,Afternoon,Friday,0,Spring,1,4.65,Low,30.2,9.2,1.0
Harlem,Crown Heights,20-01-2016,21:36,21,Evening,Wednesday,0,Winter,1,2.4,Low,6.5,22.2,1.0
Park Slope,Clinton Hill,07-06-2016,17:01,17,Afternoon,Tuesday,0,Summer,1,0.89,High,23.3,2.3,1.8
Bath Beach,Oakwood,26-02-2016,17:10,17,Afternoon,Friday,0,Winter,1,10.37,High,50.6,12.3,1.8
Clinton Hill,Upper West Side,19-03-2016,15:49,15,Afternoon,Saturday,1,Spring,1,4.88,Low,22.0,13.3,1.0
South Slope,East Harlem,02-02-2016,17:05,17,Afternoon,Tuesday,0,Winter,1,3.07,High,17.9,10.3,1.8
Kensington,East Harlem,23-05-2016,15:28,15,Afternoon,Monday,0,Spring,1,0.64,Low,2.0,19.2,1.0
East Harlem,Harlem,01-02-2016,09:40,9,Morning,Monday,0,Winter,1,0.82,High,5.4,9.1,1.8
Bedford-Stuyvesant,Murray Hill,04-03-2016,12:34,12,Afternoon,Friday,0,Spring,1,1.99,Low,12.0,10.0,1.0
Inwood,Upper West Side,26-01-2016,20:53,20,Evening,Tuesday,0,Winter,1,3.5,Medium,16.2,13.0,1.3
Castleton Corners,Midwood,14-02-2016,12:36,12,Afternoon,Sunday,1,Winter,1,0.03,Low,1.1,1.6,1.0
South Slope,Park Slope,03-01-2016,13:04,13,Afternoon,Sunday,1,Winter,1,8.48,Low,31.7,16.1,1.0
Williamsburg,Bedford-Stuyvesant,25-03-2016,12:01,12,Afternoon,Friday,0,Spring,1,4.13,Low,14.3,17.3,1.0
Harlem,Midtown,15-03-2016,09:24,9,Morning,Tuesday,0,Spring,1,0.81,High,3.6,13.5,1.8
Fort Greene,Upper West Side,08-05-2016,17:46,17,Afternoon,Sunday,1,Spring,2,4.63,High,13.8,20.1,1.8
East Harlem,Bedford-Stuyvesant,02-02-2016,13:19,13,Afternoon,Tuesday,0,Winter,1,4.24,Low,22.4,11.4,1.0
Harlem,East Harlem,28-04-2016,15:44,15,Afternoon,Thursday,0,Spring,1,1.43,Low,10.5,8.2,1.0
South Slope,East Harlem,14-01-2016,07:45,7,Morning,Thursday,0,Winter,5,7.57,Medium,21.6,21.0,1.3
Prince's Bay,Prince's Bay,12-06-2016,18:07,18,Evening,Sunday,1,Summer,1,25.45,High,51.3,29.8,1.8
East Harlem,East Harlem,15-05-2016,15:26,15,Afternoon,Sunday,1,Spring,6,0.31,Low,2.4,7.8,1.0
East Harlem,Harlem,19-03-2016,20:44,20,Evening,Saturday,1,Spring,5,1.94,Medium,10.4,11.2,1.3
Hell's Kitchen,Upper West Side,01-02-2016,06:23,6,Morning,Monday,0,Winter,6,1.58,Low,4.4,21.5,1.0
Harlem,Clinton Hill,12-04-2016,22:28,22,Evening,Tuesday,0,Spring,2,7.94,Low,33.2,14.3,1.0
Upper West Side,Inwood,01-02-2016,22:51,22,Evening,Monday,0,Winter,2,1.45,Low,6.6,13.2,1.0
Upper West Side,Midtown,02-03-2016,17:12,17,Afternoon,Wednesday,0,Spring,1,1.08,High,6.6,9.8,1.8
East Harlem,Harlem,22-03-2016,05:31,5,Night,Tuesday,0,Spring,1,7.5,Low,15.7,28.7,1.0
Williamsburg,Upper West Side,28-06-2016,20:54,20,Evening,Tuesday,0,Summer,1,1.2,Medium,5.6,12.9,1.3
Fort Greene,Upper West Side,14-02-2016,14:47,14,Afternoon,Sunday,1,Winter,4,5.15,Low,43.0,7.2,1.0
Clinton Hill,Bedford-Stuyvesant,19-04-2016,14:25,14,Afternoon,Tuesday,0,Spring,1,1.39,Low,15.2,5.5,1.0
Upper West Side,Hell's Kitchen,25-06-2016,11:50,11,Morning,Saturday,1,Summer,2,1.29,Low,9.6,8.1,1.0
Greenpoint,South Slope,11-01-2016,19:39,19,Evening,Monday,0,Winter,1,1.9,High,8.0,14.2,1.8
Fort Greene,Harlem,08-03-2016,12:06,12,Afternoon,Tuesday,0,Spring,1,1.08,Low,3.6,18.0,1.0
Harlem,Chelsea,21-06-2016,18:21,18,Evening,Tuesday,0,Summer,1,2.06,High,12.3,10.0,1.8
East Harlem,Harlem,09-01-2016,11:14,11,Morning,Saturday,1,Winter,5,1.33,Low,7.7,10.4,1.0
Upper West Side,Crown Heights,02-03-2016,21:42,21,Evening,Wednesday,0,Spring,4,3.91,Low,16.2,14.5,1.0
Bedford-Stuyvesant,Harlem,29-03-2016,20:59,20,Evening,Tuesday,0,Spring,1,0.82,Medium,4.1,12.0,1.3
Bedford-Stuyvesant,Long Island City,15-02-2016,23:41,23,Evening,Monday,0,Winter,1,2.42,Low,4.1,35.4,1.0
Kensington,Harlem,29-03-2016,11:39,11,Morning,Tuesday,0,Spring,1,3.92,Low,29.0,8.1,1.0
Harlem,Kensington,17-02-2016,13:53,13,Afternoon,Wednesday,0,Winter,1,1.69,Low,10.0,10.1,1.0
Chelsea,Crown Heights,31-03-2016,03:58,3,Night,Thursday,0,Spring,1,11.62,Low,16.2,43.0,1.0
Williamsburg,West Village,24-06-2016,12:32,12,Afternoon,Friday,0,Summer,5,2.91,Low,18.8,9.3,1.0
East Harlem,Crown Heights,22-05-2016,22:13,22,Evening,Sunday,1,Spring,1,9.8,Low,32.2,18.3,1.0
East Harlem,East Harlem,08-02-2016,22:29,22,Evening,Monday,0,Winter,2,2.83,Low,8.2,20.7,1.0
Harlem,East Harlem,03-06-2016,09:00,9,Morning,Friday,0,Summer,1,2.76,High,7.2,23.0,1.8
Hell's Kitchen,Upper West Side,08-06-2016,20:47,20,Evening,Wednesday,0,Summer,1,2.12,Medium,6.3,20.2,1.3
Harlem,Hell's Kitchen,07-04-2016,01:05,1,Night,Thursday,0,Spring,1,2.72,Low,4.3,38.0,1.0
Fort Greene,Fort Greene,03-03-2016,10:22,10,Morning,Thursday,0,Spring,1,1.14,Medium,4.1,16.7,1.3
Bensonhurst,Flatlands,16-02-2016,13:38,13,Afternoon,Tuesday,0,Winter,1,1.02,Low,5.0,12.2,1.0
Sheepshead Bay,Rockaway Beach,31-03-2016,22:38,22,Evening,Thursday,0,Spring,5,5.85,Low,18.6,18.9,1.0
Fort Greene,East Harlem,16-06-2016,09:09,9,Morning,Thursday,0,Summer,1,2.18,High,9.2,14.2,1.8
Harlem,Harlem,27-04-2016,08:51,8,Morning,Wednesday,0,Spring,1,0.93,High,7.1,7.9,1.8
East Harlem,Hell's Kitchen,15-04-2016,14:09,14,Afternoon,Friday,0,Spring,2,2.66,Low,12.7,12.6,1.0
Harlem,West Village,04-05-2016,11:34,11,Morning,Wednesday,0,Spring,1,2.94,Low,10.6,16.6,1.0
Upper West Side,Upper West Side,21-04-2016,07:09,7,Morning,Thursday,0,Spring,5,1.74,Medium,6.4,16.3,1.3
East Harlem,Park Slope,27-01-2016,20:20,20,Evening,Wednesday,0,Winter,1,1.69,Medium,14.0,7.2,1.3
Arverne,Arverne,15-06-2016,14:41,14,Afternoon,Wednesday,0,Summer,1,2.33,Low,22.2,6.3,1.0
East Harlem,Greenpoint,20-02-2016,18:21,18,Evening,Saturday,1,Winter,1,3.88,High,19.7,11.8,1.8
Harlem,Park Slope,04-06-2016,00:30,0,Night,Saturday,1,Summer,1,3.68,Low,15.1,14.6,1.0
Inwood,Park Slope,12-05-2016,10:11,10,Morning,Thursday,0,Spring,1,0.25,Medium,5.6,2.7,1.3
Gravesend,Prince's Bay,09-05-2016,00:28,0,Night,Monday,0,Spring,2,17.19,Low,21.4,48.2,1.0
Upper West Side,Bedford-Stuyvesant,11-06-2016,12:39,12,Afternoon,Saturday,1,Summer,1,0.41,Low,1.0,24.6,1.0
South Slope,Upper West Side,25-02-2016,12:05,12,Afternoon,Thursday,0,Winter,1,4.29,Low,20.0,12.9,1.0
Upper West Side,Bedford-Stuyvesant,11-06-2016,02:01,2,Night,Saturday,1,Summer,2,2.39,Low,6.5,22.1,1.0
Upper West Side,Bedford-Stuyvesant,28-05-2016,13:27,13,Afternoon,Saturday,1,Spring,2,2.41,Low,9.4,15.4,1.0
Tottenville,Great Kills,22-06-2016,19:22,19,Evening,Wednesday,0,Summer,1,25.95,High,45.5,34.2,1.8
Hell's Kitchen,Williamsburg,29-04-2016,22:46,22,Evening,Friday,0,Spring,1,0.74,Low,5.0,8.9,1.0
Upper West Side,Kensington,13-01-2016,15:10,15,Afternoon,Wednesday,0,Winter,1,6.73,Low,28.6,14.1,1.0
East Harlem,Bedford-Stuyvesant,14-02-2016,18:19,18,Evening,Sunday,1,Winter,1,4.34,High,18.5,14.1,1.8
East Harlem,Long Island City,12-05-2016,18:16,18,Evening,Thursday,0,Spring,1,3.06,High,23.4,7.8,1.8
Upper West Side,Clinton Hill,10-05-2016,06:29,6,Morning,Tuesday,0,Spring,1,7.83,Low,10.6,44.3,1.0
East Harlem,Clinton Hill,10-05-2016,10:27,10,Morning,Tuesday,0,Spring,1,7.55,Medium,35.1,12.9,1.3
Midtown,East Harlem,09-06-2016,15:43,15,Afternoon,Thursday,0,Summer,1,0.46,Low,1.2,23.0,1.0
Upper West Side,Clinton Hill,16-01-2016,23:09,23,Evening,Saturday,1,Winter,1,0.68,Low,6.0,6.8,1.0
Harlem,Harlem,22-03-2016,18:39,18,Evening,Tuesday,0,Spring,1,3.29,High,26.4,7.5,1.8
Murray Hill,West Village,02-02-2016,11:14,11,Morning,Tuesday,0,Winter,1,5.67,Low,27.0,12.6,1.0
Chinatown,Upper West Side,27-03-2016,16:48,16,Afternoon,Sunday,1,Spring,5,2.95,Medium,13.6,13.0,1.3
West Village,Upper West Side,26-01-2016,22:12,22,Evening,Tuesday,0,Winter,6,3.71,Low,13.8,16.1,1.0
Tottenville,Tottenville,01-02-2016,13:46,13,Afternoon,Monday,0,Winter,1,23.56,Low,35.4,39.9,1.0
Clinton Hill,Harlem,17-04-2016,20:24,20,Evening,Sunday,1,Spring,2,1.23,Medium,4.2,17.6,1.3
Park Slope,Bedford-Stuyvesant,08-06-2016,19:14,19,Evening,Wednesday,0,Summer,1,2.84,High,13.1,13.0,1.8
Bedford-Stuyvesant,Chelsea,14-03-2016,21:50,21,Evening,Monday,0,Spring,3,7.43,Low,35.6,12.5,1.0
East Harlem,Williamsburg,06-02-2016,01:49,1,Night,Saturday,1,Winter,1,1.68,Low,7.4,13.6,1.0
Grant City,Gravesend,29-05-2016,06:36,6,Morning,Sunday,1,Spring,1,2.64,Low,7.3,21.7,1.0
Midwood,Fort Hamilton,16-03-2016,06:14,6,Morning,Wednesday,0,Spring,1,2.07,Low,6.6,18.8,1.0
Williamsburg,Inwood,04-04-2016,22:07,22,Evening,Monday,0,Spring,1,2.8,Low,11.4,14.7,1.0
East Harlem,Harlem,11-03-2016,18:50,18,Evening,Friday,0,Spring,1,1.35,High,6.5,12.5,1.8
Harlem,Harlem,23-02-2016,17:08,17,Afternoon,Tuesday,0,Winter,1,1.73,High,11.6,8.9,1.8
Crown Heights,Bedford-Stuyvesant,13-02-2016,19:37,19,Evening,Saturday,1,Winter,2,11.37,High,19.8,34.5,1.8
South Slope,Hell's Kitchen,18-03-2016,11:50,11,Morning,Friday,0,Spring,2,1.75,Low,6.0,17.5,1.0
Fort Greene,Clinton Hill,19-01-2016,09:12,9,Morning,Tuesday,0,Winter,1,0.92,High,9.2,6.0,1.8
Inwood,Williamsburg,04-05-2016,00:46,0,Night,Wednesday,0,Spring,1,10.94,Low,27.3,24.0,1.0
Crown Heights,East Village,29-04-2016,19:45,19,Evening,Friday,0,Spring,6,2.26,High,10.4,13.0,1.8
West Village,East Harlem,08-04-2016,23:12,23,Evening,Friday,0,Spring,2,1.16,Low,6.2,11.2,1.0
Upper West Side,Crown Heights,02-01-2016,20:07,20,Evening,Saturday,1,Winter,3,0.84,Medium,4.2,12.0,1.3
Upper West Side,Clinton Hill,24-02-2016,10:14,10,Morning,Wednesday,0,Winter,1,4.19,Medium,34.8,7.2,1.3
Harlem,Upper West Side,25-03-2016,17:40,17,Afternoon,Friday,0,Spring,2,1.58,High,7.9,12.0,1.8
Midwood,Arverne,04-02-2016,16:48,16,Afternoon,Thursday,0,Winter,1,1.61,Medium,12.3,7.9,1.3
Harlem,Hell's Kitchen,24-06-2016,12:40,12,Afternoon,Friday,0,Summer,2,1.03,Low,12.9,4.8,1.0
Fort Hamilton,Fort Hamilton,16-05-2016,06:05,6,Morning,Monday,0,Spring,1,3.67,Low,11.6,19.0,1.0
East Harlem,Chinatown,24-04-2016,21:35,21,Evening,Sunday,1,Spring,1,2.42,Low,6.4,22.7,1.0
East Harlem,Williamsburg,02-03-2016,20:47,20,Evening,Wednesday,0,Spring,2,0.72,Medium,2.7,16.0,1.3
Williamsburg,Inwood,19-03-2016,21:12,21,Evening,Saturday,1,Spring,1,2.59,Low,4.0,38.8,1.0
Arverne,Mill Basin,19-06-2016,19:24,19,Evening,Sunday,1,Summer,1,2.29,High,9.7,14.2,1.8
Williamsburg,Upper West Side,17-02-2016,13:25,13,Afternoon,Wednesday,0,Winter,1,1.03,Low,4.1,15.1,1.0
Harlem,East Harlem,01-01-2016,04:12,4,Night,Friday,0,Winter,1,3.53,Low,9.4,22.5,1.0
Inwood,Chelsea,02-06-2016,20:04,20,Evening,Thursday,0,Summer,5,4.54,Medium,11.6,23.5,1.3
Harlem,Hell's Kitchen,15-05-2016,01:19,1,Night,Sunday,1,Spring,1,2.07,Low,11.0,11.3,1.0
South Slope,Bedford-Stuyvesant,21-06-2016,19:38,19,Evening,Tuesday,0,Summer,5,1.21,High,4.4,16.5,1.8
Park Slope,East Harlem,27-03-2016,12:36,12,Afternoon,Sunday,1,Spring,1,1.87,Low,6.7,16.7,1.0
Tottenville,Woodrow,26-02-2016,12:21,12,Afternoon,Friday,0,Winter,4,24.8,Low,52.8,28.2,1.0
Arden Heights,Brighton Beach,10-03-2016,01:53,1,Night,Thursday,0,Spring,1,2.84,Low,8.2,20.8,1.0
Clinton Hill,East Harlem,10-01-2016,19:33,19,Evening,Sunday,1,Winter,1,2.13,High,8.3,15.4,1.8
Tottenville,Prince's Bay,16-01-2016,19:56,19,Evening,Saturday,1,Winter,1,27.74,High,42.9,38.8,1.8
South Slope,Bedford-Stuyvesant,13-05-2016,18:23,18,Evening,Friday,0,Spring,1,6.94,High,30.6,13.6,1.8
Greenpoint,Crown Heights,20-05-2016,21:25,21,Evening,Friday,0,Spring,1,1.96,Low,4.3,27.3,1.0
Flatlands,Shore Acres,04-04-2016,10:58,10,Morning,Monday,0,Spring,1,2.31,Medium,20.6,6.7,1.3
Upper West Side,Upper West Side,24-05-2016,19:32,19,Evening,Tuesday,0,Spring,1,3.19,High,10.0,19.1,1.8
Upper West Side,South Slope,27-05-2016,06:52,6,Morning,Friday,0,Spring,5,0.73,Low,5.0,8.8,1.0
Upper West Side,Harlem,30-03-2016,09:16,9,Morning,Wednesday,0,Spring,1,6.32,High,24.6,15.4,1.8
Upper West Side,Harlem,18-01-2016,16:44,16,Afternoon,Monday,0,Winter,1,1.08,Medium,3.7,17.5,1.3
Fort Greene,Upper West Side,24-04-2016,03:46,3,Night,Sunday,1,Spring,1,1.85,Low,7.3,15.2,1.0
South Slope,Upper West Side,28-02-2016,19:43,19,Evening,Sunday,1,Winter,5,1.68,High,8.0,12.6,1.8
East Flatbush,Rockaway Beach,01-06-2016,17:41,17,Afternoon,Wednesday,0,Summer,1,2.68,High,26.4,6.1,1.8
Murray Hill,West Village,20-01-2016,23:21,23,Evening,Wednesday,0,Winter,1,1.25,Low,8.2,9.1,1.0
Harlem,Murray Hill,13-01-2016,08:03,8,Morning,Wednesday,0,Winter,1,1.76,High,10.8,9.8,1.8
Bedford-Stuyvesant,Chinatown,09-05-2016,22:46,22,Evening,Monday,0,Spring,1,8.04,Low,20.1,24.0,1.0
Williamsburg,Midtown,05-06-2016,12:51,12,Afternoon,Sunday,1,Summer,1,2.51,Low,14.7,10.2,1.0
Williamsburg,Murray Hill,19-02-2016,07:48,7,Morning,Friday,0,Winter,1,1.51,Medium,6.2,14.6,1.3
Flatlands,Gravesend,07-06-2016,11:43,11,Morning,Tuesday,0,Summer,1,4.69,Low,29.6,9.5,1.0
Dongan Hills,Woodrow,01-01-2016,17:11,17,Afternoon,Friday,0,Winter,1,12.45,High,19.7,37.9,1.8
Arverne,Fort Hamilton,17-05-2016,16:00,16,Afternoon,Tuesday,0,Spring,1,4.02,Medium,20.2,11.9,1.3
Crown Heights,South Slope,25-04-2016,14:50,14,Afternoon,Monday,0,Spring,3,0.47,Low,3.5,8.1,1.0
Bedford-Stuyvesant,Bedford-Stuyvesant,15-02-2016,04:02,4,Night,Monday,0,Winter,1,9.42,Low,16.9,33.4,1.0
Rossville,Tottenville,09-02-2016,12:56,12,Afternoon,Tuesday,0,Winter,1,23.92,Low,28.3,50.7,1.0
Upper West Side,Upper West Side,18-02-2016,11:50,11,Morning,Thursday,0,Winter,1,1.42,Low,7.4,11.5,1.0
East Harlem,Kensington,26-03-2016,17:25,17,Afternoon,Saturday,1,Spring,1,8.77,High,25.8,20.4,1.8
Upper West Side,South Slope,06-02-2016,00:26,0,Night,Saturday,1,Winter,2,1.07,Low,4.3,14.9,1.0
Upper West Side,East Harlem,04-04-2016,16:26,16,Afternoon,Monday,0,Spring,1,1.14,Medium,4.6,14.9,1.3
Clinton Hill,Bedford-Stuyvesant,16-06-2016,11:35,11,Morning,Thursday,0,Summer,1,0.74,Low,5.7,7.8,1.0
Bedford-Stuyvesant,Greenpoint,26-04-2016,00:01,0,Night,Tuesday,0,Spring,2,4.16,Low,9.4,26.6,1.0
New Dorp Beach,Fort Hamilton,26-03-2016,07:24,7,Morning,Saturday,1,Spring,5,12.19,Medium,12.4,59.0,1.3
Tottenville,Great Kills,26-02-2016,10:05,10,Morning,Friday,0,Winter,5,25.48,Medium,45.4,33.7,1.3
Upper West Side,Upper West Side,07-05-2016,11:18,11,Morning,Saturday,1,Spring,1,1.42,Low,3.8,22.4,1.0
East Harlem,East Harlem,06-06-2016,07:35,7,Morning,Monday,0,Summer,1,2.52,Medium,13.8,11.0,1.3
Chinatown,Upper West Side,12-03-2016,11:35,11,Morning,Saturday,1,Spring,1,1.44,Low,5.5,15.7,1.0
Fort Greene,East Harlem,08-01-2016,11:22,11,Morning,Friday,0,Winter,1,0.75,Low,3.4,13.2,1.0
Harlem,Clinton Hill,18-03-2016,20:42,20,Evening,Friday,0,Spring,1,2.27,Medium,7.9,17.2,1.3
Upper West Side,East Harlem,16-01-2016,12:51,12,Afternoon,Saturday,1,Winter,1,1.57,Low,4.6,20.5,1.0
Bedford-Stuyvesant,Upper West Side,17-02-2016,08:25,8,Morning,Wednesday,0,Winter,2,1.99,High,12.5,9.6,1.8
Crown Heights,Bedford-Stuyvesant,25-04-2016,10:36,10,Morning,Monday,0,Spring,5,0.83,Medium,6.1,8.2,1.3
Bedford-Stuyvesant,East Harlem,16-04-2016,14:25,14,Afternoon,Saturday,1,Spring,1,1.3,Low,7.9,9.9,1.0
East Harlem,Chinatown,18-02-2016,06:17,6,Morning,Thursday,0,Winter,1,1.29,Low,3.2,24.2,1.0
Crown Heights,Midtown,26-02-2016,08:55,8,Morning,Friday,0,Winter,1,3.52,High,8.0,26.4,1.8
Harlem,Bedford-Stuyvesant,21-04-2016,16:21,16,Afternoon,Thursday,0,Spring,5,5.0,Medium,26.6,11.3,1.3
Sheepshead Bay,Arverne,06-06-2016,08:48,8,Morning,Monday,0,Summer,1,1.02,High,5.0,12.2,1.8
Park Slope,South Slope,25-01-2016,18:49,18,Evening,Monday,0,Winter,1,4.47,High,15.2,17.6,1.8
Hell's Kitchen,West Village,15-06-2016,19:41,19,Evening,Wednesday,0,Summer,2,4.18,High,11.6,21.6,1.8
Bedford-Stuyvesant,South Slope,21-02-2016,00:57,0,Night,Sunday,1,Winter,1,0.68,Low,2.6,15.7,1.0
Greenpoint,Clinton Hill,26-01-2016,19:30,19,Evening,Tuesday,0,Winter,1,3.7,High,23.3,9.5,1.8
East Flatbush,Oakwood,09-02-2016,16:36,16,Afternoon,Tuesday,0,Winter,1,13.91,Medium,39.3,21.2,1.3
Park Slope,Fort Greene,19-03-2016,20:22,20,Evening,Saturday,1,Spring,1,0.81,Medium,3.4,14.3,1.3
Upper West Side,East Harlem,11-05-2016,14:46,14,Afternoon,Wednesday,0,Spring,3,2.09,Low,13.7,9.2,1.0
Rosedale,Oakwood,24-03-2016,14:50,14,Afternoon,Thursday,0,Spring,1,33.7,Low,54.2,37.3,1.0
Williamsburg,South Slope,24-04-2016,12:24,12,Afternoon,Sunday,1,Spring,1,1.76,Low,3.8,27.8,1.0
East Harlem,Harlem,23-05-2016,18:34,18,Evening,Monday,0,Spring,2,1.23,High,7.2,10.2,1.8
Woodrow,Tottenville,06-05-2016,05:17,5,Night,Friday,0,Spring,1,24.04,Low,29.1,49.6,1.0
East Harlem,Bedford-Stuyvesant,28-01-2016,18:21,18,Evening,Thursday,0,Winter,1,1.19,High,5.8,12.3,1.8
East Harlem,Upper West Side,12-01-2016,20:50,20,Evening,Tuesday,0,Winter,1,8.44,Medium,24.8,20.4,1.3
Upper West Side,Harlem,12-04-2016,20:46,20,Evening,Tuesday,0,Spring,1,1.33,Medium,5.4,14.8,1.3
Eltingville,St. George,23-04-2016,10:39,10,Morning,Saturday,1,Spring,1,20.43,Medium,38.8,31.6,1.3
Upper West Side,Hell's Kitchen,22-03-2016,12:32,12,Afternoon,Tuesday,0,Spring,2,1.05,Low,16.7,3.8,1.0
East Harlem,Bedford-Stuyvesant,14-06-2016,20:52,20,Evening,Tuesday,0,Summer,2,2.05,Medium,8.1,15.2,1.3
Murray Hill,East Harlem,12-02-2016,19:02,19,Evening,Friday,0,Winter,1,4.48,High,27.4,9.8,1.8
Williamsburg,Clinton Hill,14-04-2016,23:13,23,Evening,Thursday,0,Spring,1,4.32,Low,13.8,18.8,1.0
Harlem,Upper West Side,22-05-2016,19:15,19,Evening,Sunday,1,Spring,1,2.47,High,9.2,16.1,1.8
Midtown,Hell's Kitchen,16-06-2016,13:07,13,Afternoon,Thursday,0,Summer,1,2.18,Low,18.8,7.0,1.0
Williamsburg,Hell's Kitchen,28-01-2016,23:14,23,Evening,Thursday,0,Winter,1,3.9,Low,14.2,16.5,1.0
Flatbush,Williamsburg,23-03-2016,22:25,22,Evening,Wednesday,0,Spring,1,5.26,Low,16.7,18.9,1.0
Castleton Corners,Bensonhurst,07-03-2016,23:22,23,Evening,Monday,0,Spring,1,2.51,Low,8.8,17.1,1.0
West Village,Crown Heights,17-06-2016,23:27,23,Evening,Friday,0,Summer,5,10.47,Low,45.2,13.9,1.0
Upper West Side,Clinton Hill,04-06-2016,23:28,23,Evening,Saturday,1,Summer,3,2.15,Low,11.8,10.9,1.0
Clifton,Flatlands,28-04-2016,08:18,8,Morning,Thursday,0,Spring,1,3.53,High,15.3,13.8,1.8
Bedford-Stuyvesant,Upper West Side,31-01-2016,20:43,20,Evening,Sunday,1,Winter,2,0.42,Medium,5.8,4.3,1.3
East Harlem,South Slope,08-01-2016,12:28,12,Afternoon,Friday,0,Winter,2,0.63,Low,2.8,13.5,1.0
Great Kills,Canarsie,10-03-2016,20:35,20,Evening,Thursday,0,Spring,1,14.23,Medium,34.8,24.5,1.3
Bushwick,South Slope,03-02-2016,04:03,4,Night,Wednesday,0,Winter,1,1.94,Low,7.6,15.3,1.0
Clinton Hill,South Slope,24-04-2016,23:38,23,Evening,Sunday,1,Spring,1,0.69,Low,2.8,14.8,1.0
Tottenville,Huguenot,30-01-2016,06:00,6,Morning,Saturday,1,Winter,1,23.66,Low,22.9,62.0,1.0
Crown Heights,Crown Heights,13-01-2016,10:46,10,Morning,Wednesday,0,Winter,6,3.21,Medium,19.4,9.9,1.3
Harlem,Fort Greene,14-01-2016,18:59,18,Evening,Thursday,0,Winter,1,1.67,High,2.5,40.1,1.8
Bedford-Stuyvesant,Harlem,04-04-2016,09:47,9,Morning,Monday,0,Spring,1,5.13,High,35.9,8.6,1.8
Clinton Hill,South Slope,12-02-2016,15:58,15,Afternoon,Friday,0,Winter,1,0.27,Low,44.5,0.4,1.0
Williamsburg,Bedford-Stuyvesant,26-06-2016,11:29,11,Morning,Sunday,1,Summer,2,4.02,Low,13.1,18.4,1.0
Bedford-Stuyvesant,Chelsea,12-03-2016,12:22,12,Afternoon,Saturday,1,Spring,1,0.85,Low,3.4,15.0,1.0
Harlem,Upper West Side,15-04-2016,14:47,14,Afternoon,Friday,0,Spring,1,1.91,Low,9.8,11.7,1.0
Upper West Side,West Village,07-01-2016,08:28,8,Morning,Thursday,0,Winter,1,3.51,High,19.0,11.1,1.8
Hell's Kitchen,Harlem,12-05-2016,19:47,19,Evening,Thursday,0,Spring,6,8.29,High,29.5,16.9,1.8
West Village,Bedford-Stuyvesant,24-04-2016,20:55,20,Evening,Sunday,1,Spring,1,5.7,Medium,16.2,21.1,1.3
Chelsea,Harlem,17-03-2016,08:32,8,Morning,Thursday,0,Spring,1,1.33,High,13.4,6.0,1.8
West Village,Bedford-Stuyvesant,20-02-2016,11:51,11,Morning,Saturday,1,Winter,1,6.91,Low,25.6,16.2,1.0
East Harlem,East Harlem,14-01-2016,15:04,15,Afternoon,Thursday,0,Winter,1,1.25,Low,14.3,5.2,1.0
Bedford-Stuyvesant,East Harlem,22-02-2016,08:12,8,Morning,Monday,0,Winter,5,1.89,High,13.6,8.3,1.8
Sheepshead Bay,Prince's Bay,30-05-2016,22:18,22,Evening,Monday,0,Spring,1,17.39,Low,32.5,32.1,1.0
Williamsburg,Chinatown,21-02-2016,14:53,14,Afternoon,Sunday,1,Winter,1,6.55,Low,16.7,23.5,1.0
Harlem,Williamsburg,14-02-2016,00:21,0,Night,Sunday,1,Winter,2,2.01,Low,6.0,20.1,1.0
Park Slope,Harlem,13-03-2016,00:44,0,Night,Sunday,1,Spring,2,1.25,Low,12.7,5.9,1.0
East Village,Harlem,04-04-2016,15:51,15,Afternoon,Monday,0,Spring,1,3.46,Low,17.1,12.1,1.0
Bedford-Stuyvesant,Bedford-Stuyvesant,10-06-2016,23:54,23,Evening,Friday,0,Summer,2,3.76,Low,12.2,18.5,1.0
Harlem,Harlem,24-03-2016,15:24,15,Afternoon,Thursday,0,Spring,1,1.48,Low,5.6,15.9,1.0
Great Kills,Arden Heights,26-02-2016,05:00,5,Night,Friday,0,Winter,2,18.65,Low,22.6,49.5,1.0
Upper West Side,Bedford-Stuyvesant,12-05-2016,22:10,22,Evening,Thursday,0,Spring,3,3.13,Low,6.3,29.8,1.0
Midtown,Park Slope,29-05-2016,19:44,19,Evening,Sunday,1,Spring,1,7.13,High,23.8,18.0,1.8
Clinton Hill,Bedford-Stuyvesant,07-01-2016,10:42,10,Morning,Thursday,0,Winter,1,2.48,Medium,12.5,11.9,1.3
Oakwood,New Dorp Beach,25-05-2016,19:30,19,Evening,Wednesday,0,Spring,1,9.18,High,21.4,25.7,1.8
Upper West Side,West Village,15-03-2016,00:26,0,Night,Tuesday,0,Spring,1,0.79,Low,2.4,19.8,1.0
South Slope,West Village,03-06-2016,18:46,18,Evening,Friday,0,Summer,1,1.07,High,3.8,16.9,1.8
Murray Hill,Harlem,27-05-2016,02:34,2,Night,Friday,0,Spring,5,5.25,Low,39.7,7.9,1.0
West Village,East Harlem,01-05-2016,03:35,3,Night,Sunday,1,Spring,2,3.6,Low,15.0,14.4,1.0
South Slope,Upper West Side,27-02-2016,10:37,10,Morning,Saturday,1,Winter,1,1.26,Medium,2.8,27.0,1.3
Upper West Side,Crown Heights,07-03-2016,17:36,17,Afternoon,Monday,0,Spring,1,1.21,High,6.8,10.7,1.8
Gravesend,"Bay Terrace, Staten Island",28-04-2016,11:50,11,Morning,Thursday,0,Spring,1,10.96,Low,32.6,20.2,1.0
Upper West Side,Fort Greene,09-02-2016,08:59,8,Morning,Tuesday,0,Winter,1,1.33,High,6.1,13.1,1.8
East Harlem,East Harlem,28-05-2016,06:47,6,Morning,Saturday,1,Spring,1,10.24,Low,19.2,32.0,1.0
Upper West Side,Midtown,09-03-2016,10:01,10,Morning,Wednesday,0,Spring,1,2.05,Medium,11.6,10.6,1.3
Murray Hill,Crown Heights,03-04-2016,21:24,21,Evening,Sunday,1,Spring,1,1.85,Low,4.9,22.7,1.0
Edgemere,Arverne,15-03-2016,16:17,16,Afternoon,Tuesday,0,Spring,1,3.49,Medium,15.6,13.4,1.3
Inwood,Upper West Side,21-06-2016,08:08,8,Morning,Tuesday,0,Summer,1,2.9,High,21.8,8.0,1.8
Fort Greene,Upper West Side,16-01-2016,14:30,14,Afternoon,Saturday,1,Winter,5,1.38,Low,12.4,6.7,1.0
Harlem,Upper West Side,24-01-2016,22:34,22,Evening,Sunday,1,Winter,4,2.42,Low,5.2,27.9,1.0
Upper West Side,Harlem,26-04-2016,14:41,14,Afternoon,Tuesday,0,Spring,1,1.41,Low,7.6,11.1,1.0
Upper West Side,East Harlem,31-05-2016,06:07,6,Morning,Tuesday,0,Spring,1,5.3,Low,15.7,20.3,1.0
Upper West Side,Upper West Side,15-02-2016,12:49,12,Afternoon,Monday,0,Winter,1,2.73,Low,5.6,29.3,1.0
Upper West Side,Bedford-Stuyvesant,14-04-2016,13:38,13,Afternoon,Thursday,0,Spring,1,1.38,Low,9.6,8.6,1.0
Bushwick,Murray Hill,01-03-2016,22:38,22,Evening,Tuesday,0,Spring,1,2.53,Low,9.0,16.9,1.0
Chelsea,Harlem,20-06-2016,12:49,12,Afternoon,Monday,0,Summer,1,1.78,Low,13.9,7.7,1.0
East Harlem,West Village,26-02-2016,05:55,5,Night,Friday,0,Winter,1,0.72,Low,1.6,27.0,1.0
Clinton Hill,Crown Heights,12-02-2016,08:19,8,Morning,Friday,0,Winter,1,9.47,High,34.6,16.4,1.8
Harlem,Bedford-Stuyvesant,11-01-2016,22:50,22,Evening,Monday,0,Winter,1,7.85,Low,21.9,21.5,1.0
Harlem,Hell's Kitchen,15-02-2016,12:40,12,Afternoon,Monday,0,Winter,1,1.1,Low,4.6,14.3,1.0
Murray Hill,Upper West Side,26-03-2016,09:09,9,Morning,Saturday,1,Spring,1,0.6,High,3.5,10.3,1.8
West Village,East Harlem,04-06-2016,05:52,5,Night,Saturday,1,Summer,1,2.64,Low,5.5,28.8,1.0
Upper West Side,Hell's Kitchen,16-06-2016,13:48,13,Afternoon,Thursday,0,Summer,1,2.09,Low,15.2,8.2,1.0
Bedford-Stuyvesant,Upper West Side,25-01-2016,19:17,19,Evening,Monday,0,Winter,1,0.72,High,4.8,9.0,1.8
Chinatown,Upper West Side,08-01-2016,13:20,13,Afternoon,Friday,0,Winter,1,1.08,Low,8.9,7.3,1.0
Upper West Side,East Harlem,14-05-2016,11:19,11,Morning,Saturday,1,Spring,5,5.25,Low,32.0,9.8,1.0
Inwood,East Harlem,02-06-2016,22:22,22,Evening,Thursday,0,Summer,1,2.98,Low,12.9,13.9,1.0
Upper West Side,East Harlem,19-04-2016,08:28,8,Morning,Tuesday,0,Spring,1,3.24,High,17.8,10.9,1.8
South Slope,East Village,19-06-2016,18:54,18,Evening,Sunday,1,Summer,2,1.38,High,8.8,9.4,1.8
Hell's Kitchen,East Harlem,10-01-2016,15:05,15,Afternoon,Sunday,1,Winter,1,1.14,Low,5.9,11.6,1.0
Upper West Side,Fort Greene,26-03-2016,14:38,14,Afternoon,Saturday,1,Spring,2,0.89,Low,2.6,20.5,1.0
Harlem,Midtown,30-06-2016,15:35,15,Afternoon,Thursday,0,Summer,1,2.75,Low,7.7,21.4,1.0
Bedford-Stuyvesant,South Slope,20-01-2016,21:13,21,Evening,Wednesday,0,Winter,1,2.11,Low,9.9,12.8,1.0
Fort Greene,Chinatown,03-05-2016,20:41,20,Evening,Tuesday,0,Spring,2,2.87,Medium,9.3,18.5,1.3
Fort Hamilton,Flatlands,02-05-2016,00:25,0,Night,Monday,0,Spring,2,1.58,Low,4.5,21.1,1.0
Williamsburg,Harlem,29-02-2016,19:56,19,Evening,Monday,0,Winter,1,1.3,High,6.2,12.6,1.8
East Harlem,West Village,17-04-2016,02:50,2,Night,Sunday,1,Spring,2,2.52,Low,7.4,20.4,1.0
Kensington,West Village,31-03-2016,20:50,20,Evening,Thursday,0,Spring,5,1.35,Medium,7.8,10.4,1.3
Williamsburg,Fort Greene,31-01-2016,04:15,4,Night,Sunday,1,Winter,3,1.6,Low,7.9,12.2,1.0
South Slope,Upper West Side,26-05-2016,22:10,22,Evening,Thursday,0,Spring,1,5.82,Low,24.0,14.6,1.0
Inwood,Park Slope,03-04-2016,22:02,22,Evening,Sunday,1,Spring,1,2.55,Low,9.0,17.0,1.0
Upper West Side,Clinton Hill,13-02-2016,12:18,12,Afternoon,Saturday,1,Winter,1,0.9,Low,4.2,12.9,1.0
Chelsea,Bedford-Stuyvesant,11-03-2016,22:13,22,Evening,Friday,0,Spring,6,1.14,Low,4.1,16.7,1.0
Harlem,Upper West Side,06-04-2016,01:18,1,Night,Wednesday,0,Spring,1,6.88,Low,18.7,22.1,1.0
South Slope,Fort Greene,26-03-2016,11:21,11,Morning,Saturday,1,Spring,2,1.05,Low,2.4,26.2,1.0
East Harlem,Upper West Side,03-04-2016,21:07,21,Evening,Sunday,1,Spring,1,2.58,Low,7.6,20.4,1.0
Chinatown,Upper West Side,19-05-2016,07:38,7,Morning,Thursday,0,Spring,1,1.63,Medium,8.6,11.4,1.3
Hell's Kitchen,Upper West Side,12-01-2016,12:49,12,Afternoon,Tuesday,0,Winter,1,0.5,Low,2.6,11.5,1.0
Williamsburg,Inwood,30-04-2016,13:40,13,Afternoon,Saturday,1,Spring,1,3.71,Low,13.1,17.0,1.0
Tottenville,Great Kills,31-05-2016,22:00,22,Evening,Tuesday,0,Spring,2,23.66,Low,28.7,49.5,1.0
East Harlem,Bedford-Stuyvesant,09-02-2016,06:33,6,Morning,Tuesday,0,Winter,2,2.04,Low,5.2,23.5,1.0
Upper West Side,East Harlem,29-04-2016,10:25,10,Morning,Friday,0,Spring,1,3.12,Medium,34.9,5.4,1.3
Bedford-Stuyvesant,South Slope,18-06-2016,18:48,18,Evening,Saturday,1,Summer,2,1.5,High,9.7,9.3,1.8
Bedford-Stuyvesant,South Slope,05-04-2016,12:30,12,Afternoon,Tuesday,0,Spring,1,7.97,Low,65.6,7.3,1.0
Bedford-Stuyvesant,South Slope,29-02-2016,01:16,1,Night,Monday,0,Winter,2,5.49,Low,13.5,24.4,1.0
Upper West Side,Upper West Side,12-03-2016,10:25,10,Morning,Saturday,1,Spring,1,0.81,Medium,6.1,8.0,1.3
Harlem,Crown Heights,18-03-2016,00:07,0,Night,Friday,0,Spring,2,3.0,Low,9.9,18.2,1.0
Fort Greene,Bedford-Stuyvesant,07-01-2016,14:38,14,Afternoon,Thursday,0,Winter,1,3.98,Low,16.6,14.4,1.0
East Harlem,Fort Greene,17-02-2016,14:07,14,Afternoon,Wednesday,0,Winter,1,3.15,Low,23.8,7.9,1.0
Murray Hill,Crown Heights,14-01-2016,16:34,16,Afternoon,Thursday,0,Winter,1,1.92,Medium,9.2,12.5,1.3
Inwood,Upper West Side,16-04-2016,02:16,2,Night,Saturday,1,Spring,1,7.76,Low,13.4,34.7,1.0
Bedford-Stuyvesant,Hell's Kitchen,25-03-2016,17:10,17,Afternoon,Friday,0,Spring,1,1.59,High,9.3,10.3,1.8
South Slope,Chinatown,01-05-2016,07:11,7,Morning,Sunday,1,Spring,1,3.86,Medium,5.1,45.4,1.3
West Village,East Harlem,22-05-2016,00:38,0,Night,Sunday,1,Spring,1,0.77,Low,2.0,23.1,1.0
East Harlem,West Village,09-06-2016,20:12,20,Evening,Thursday,0,Summer,2,3.94,Medium,17.0,13.9,1.3
Upper West Side,Park Slope,18-03-2016,19:23,19,Evening,Friday,0,Spring,1,8.62,High,43.1,12.0,1.8
Midtown,Upper West Side,28-03-2016,18:41,18,Evening,Monday,0,Spring,1,1.93,High,21.0,5.5,1.8
Bedford-Stuyvesant,Fort Greene,25-02-2016,21:13,21,Evening,Thursday,0,Winter,1,1.31,Low,2.7,29.1,1.0
Hell's Kitchen,East Harlem,14-06-2016,16:45,16,Afternoon,Tuesday,0,Summer,1,1.26,Medium,6.8,11.1,1.3
Mill Basin,Clifton,29-02-2016,16:59,16,Afternoon,Monday,0,Winter,1,0.79,Medium,6.2,7.6,1.3
Park Slope,South Slope,19-06-2016,21:41,21,Evening,Sunday,1,Summer,5,1.82,Low,4.7,23.2,1.0
Bedford-Stuyvesant,Park Slope,03-06-2016,13:38,13,Afternoon,Friday,0,Summer,1,0.97,Low,11.4,5.1,1.0
West Village,Bedford-Stuyvesant,07-03-2016,14:54,14,Afternoon,Monday,0,Spring,2,3.11,Low,13.9,13.4,1.0
Upper West Side,East Harlem,05-02-2016,05:52,5,Night,Friday,0,Winter,1,4.43,Low,11.1,23.9,1.0
Murray Hill,Upper West Side,04-03-2016,15:04,15,Afternoon,Friday,0,Spring,1,1.48,Low,7.8,11.4,1.0
Fort Greene,East Harlem,09-03-2016,17:09,17,Afternoon,Wednesday,0,Spring,1,1.12,High,3.2,21.0,1.8
Hell's Kitchen,East Harlem,07-04-2016,00:10,0,Night,Thursday,0,Spring,1,1.37,Low,3.6,22.8,1.0
Inwood,South Slope,20-03-2016,04:44,4,Night,Sunday,1,Spring,1,6.98,Low,12.4,33.8,1.0
Kensington,Williamsburg,20-03-2016,01:16,1,Night,Sunday,1,Spring,1,0.43,Low,1.6,16.1,1.0
Windsor Terrace,Chelsea,24-02-2016,15:57,15,Afternoon,Wednesday,0,Winter,1,3.42,Low,20.0,10.3,1.0
Borough Park,Arverne,30-01-2016,17:17,17,Afternoon,Saturday,1,Winter,1,5.06,High,39.0,7.8,1.8
Rossville,Rockaway Beach,13-05-2016,22:55,22,Evening,Friday,0,Spring,1,14.79,Low,19.6,45.3,1.0
Flatbush,Clinton Hill,11-06-2016,23:20,23,Evening,Saturday,1,Summer,1,5.6,Low,16.6,20.2,1.0
East Harlem,Kensington,12-04-2016,10:28,10,Morning,Tuesday,0,Spring,1,1.74,Medium,7.1,14.7,1.3
"Bay Terrace, Staten Island",Canarsie,19-02-2016,09:13,9,Morning,Friday,0,Winter,1,13.47,High,39.9,20.3,1.8
Tottenville,Tottenville,30-06-2016,16:29,16,Afternoon,Thursday,0,Summer,1,19.2,Medium,28.8,40.0,1.3
Canarsie,Mill Basin,09-01-2016,02:54,2,Night,Saturday,1,Winter,4,1.83,Low,6.0,18.3,1.0
Park Slope,Bedford-Stuyvesant,02-05-2016,22:35,22,Evening,Monday,0,Spring,1,10.53,Low,32.4,19.5,1.0
Upper West Side,Midtown,09-01-2016,09:59,9,Morning,Saturday,1,Winter,1,3.94,High,13.7,17.3,1.8
Harlem,East Harlem,17-06-2016,15:29,15,Afternoon,Friday,0,Summer,1,1.82,Low,17.9,6.1,1.0
Williamsburg,Upper West Side,03-03-2016,10:35,10,Morning,Thursday,0,Spring,1,1.87,Medium,19.2,5.8,1.3
Midtown,Williamsburg,01-01-2016,07:00,7,Morning,Friday,0,Winter,1,2.7,Medium,5.0,32.4,1.3
Williamsburg,South Slope,15-01-2016,05:02,5,Night,Friday,0,Winter,1,1.37,Low,6.0,13.7,1.0
Hell's Kitchen,Murray Hill,29-01-2016,21:26,21,Evening,Friday,0,Winter,1,1.29,Low,6.8,11.4,1.0
Fort Greene,Bedford-Stuyvesant,27-01-2016,01:47,1,Night,Wednesday,0,Winter,1,1.5,Low,7.5,12.0,1.0
Upper West Side,Hell's Kitchen,16-05-2016,13:43,13,Afternoon,Monday,0,Spring,1,7.98,Low,48.5,9.9,1.0
Harlem,Flatbush,09-04-2016,13:40,13,Afternoon,Saturday,1,Spring,1,3.94,Low,15.9,14.9,1.0
Clinton Hill,Midtown,09-04-2016,11:52,11,Morning,Saturday,1,Spring,2,1.7,Low,5.1,20.0,1.0
Upper West Side,Upper West Side,06-01-2016,00:10,0,Night,Wednesday,0,Winter,2,6.97,Low,19.0,22.0,1.0
Fort Greene,Inwood,17-02-2016,15:25,15,Afternoon,Wednesday,0,Winter,1,2.44,Low,7.5,19.5,1.0
Bensonhurst,Shore Acres,31-01-2016,12:04,12,Afternoon,Sunday,1,Winter,2,3.1,Low,12.1,15.4,1.0
South Slope,East Harlem,02-04-2016,11:02,11,Morning,Saturday,1,Spring,1,3.31,Low,16.8,11.8,1.0
Kensington,South Slope,01-03-2016,17:32,17,Afternoon,Tuesday,0,Spring,1,1.28,High,10.3,7.5,1.8
Upper West Side,Upper West Side,07-03-2016,09:17,9,Morning,Monday,0,Spring,1,3.26,High,14.6,13.4,1.8
Inwood,South Slope,10-01-2016,03:42,3,Night,Sunday,1,Winter,2,7.41,Low,14.9,29.8,1.0
East Harlem,Bedford-Stuyvesant,06-03-2016,13:17,13,Afternoon,Sunday,1,Spring,1,1.13,Low,2.9,23.4,1.0
East Harlem,East Harlem,11-01-2016,21:21,21,Evening,Monday,0,Winter,1,1.0,Low,6.3,9.5,1.0
Harlem,Upper West Side,08-06-2016,13:34,13,Afternoon,Wednesday,0,Summer,1,1.24,Low,13.8,5.4,1.0
Murray Hill,East Harlem,29-03-2016,21:36,21,Evening,Tuesday,0,Spring,1,2.8,Low,16.6,10.1,1.0
Upper West Side,East Harlem,23-03-2016,06:45,6,Morning,Wednesday,0,Spring,1,2.69,Low,4.8,33.6,1.0
Bedford-Stuyvesant,West Village,31-05-2016,23:48,23,Evening,Tuesday,0,Spring,1,0.4,Low,4.2,5.7,1.0
Upper West Side,East Harlem,02-04-2016,00:13,0,Night,Saturday,1,Spring,2,6.35,Low,15.4,24.7,1.0
West Village,Upper West Side,19-02-2016,23:15,23,Evening,Friday,0,Winter,5,2.56,Low,12.3,12.5,1.0
Upper West Side,Upper West Side,02-05-2016,22:24,22,Evening,Monday,0,Spring,2,4.28,Low,12.2,21.0,1.0
Murray Hill,Harlem,11-02-2016,09:46,9,Morning,Thursday,0,Winter,1,2.05,High,6.9,17.8,1.8
East Harlem,East Harlem,23-02-2016,17:13,17,Afternoon,Tuesday,0,Winter,1,2.32,High,14.7,9.5,1.8
Bedford-Stuyvesant,Park Slope,21-05-2016,09:19,9,Morning,Saturday,1,Spring,1,3.2,High,10.6,18.1,1.8
Flatlands,Gravesend,07-04-2016,12:54,12,Afternoon,Thursday,0,Spring,3,2.1,Low,12.8,9.8,1.0
Bedford-Stuyvesant,East Harlem,16-01-2016,01:07,1,Night,Saturday,1,Winter,1,1.77,Low,5.2,20.4,1.0
East Harlem,East Harlem,28-04-2016,10:00,10,Morning,Thursday,0,Spring,5,1.25,Medium,8.0,9.4,1.3
Harlem,East Harlem,28-03-2016,13:20,13,Afternoon,Monday,0,Spring,1,8.89,Low,23.2,23.0,1.0
East Harlem,Kensington,28-02-2016,07:29,7,Morning,Sunday,1,Winter,1,2.1,Medium,7.0,18.0,1.3
Midtown,Chinatown,13-03-2016,08:06,8,Morning,Sunday,1,Spring,2,2.38,High,7.5,19.0,1.8
Chelsea,Murray Hill,27-04-2016,20:50,20,Evening,Wednesday,0,Spring,1,1.64,Medium,4.6,21.4,1.3
Bedford-Stuyvesant,East Harlem,05-02-2016,02:06,2,Night,Friday,0,Winter,1,1.78,Low,5.6,19.1,1.0
Bedford-Stuyvesant,Harlem,28-05-2016,12:09,12,Afternoon,Saturday,1,Spring,1,1.63,Low,8.6,11.4,1.0
Upper West Side,Hell's Kitchen,03-01-2016,12:52,12,Afternoon,Sunday,1,Winter,2,0.9,Low,14.9,3.6,1.0
Bedford-Stuyvesant,Hell's Kitchen,16-04-2016,11:46,11,Morning,Saturday,1,Spring,2,2.47,Low,8.9,16.7,1.0
Fort Greene,Bedford-Stuyvesant,05-03-2016,00:58,0,Night,Saturday,1,Spring,1,6.02,Low,10.8,33.4,1.0
Chinatown,Greenpoint,06-04-2016,19:21,19,Evening,Wednesday,0,Spring,1,2.29,High,14.6,9.4,1.8
Upper West Side,Midtown,11-03-2016,07:55,7,Morning,Friday,0,Spring,1,2.63,Medium,8.4,18.8,1.3
Williamsburg,Harlem,20-04-2016,18:54,18,Evening,Wednesday,0,Spring,1,3.71,High,12.3,18.1,1.8
Rockaway Beach,Midwood,06-06-2016,16:55,16,Afternoon,Monday,0,Summer,1,4.75,Medium,24.9,11.4,1.3
South Slope,Murray Hill,19-03-2016,10:39,10,Morning,Saturday,1,Spring,3,3.37,Medium,10.2,19.8,1.3
Clinton Hill,Greenpoint,24-04-2016,20:48,20,Evening,Sunday,1,Spring,1,1.08,Medium,3.0,21.6,1.3
Crown Heights,Clinton Hill,01-02-2016,19:20,19,Evening,Monday,0,Winter,1,1.04,High,6.2,10.1,1.8
Clinton Hill,East Harlem,24-06-2016,12:35,12,Afternoon,Friday,0,Summer,1,5.15,Low,12.0,25.8,1.0
Bay Ridge,Bensonhurst,01-05-2016,18:06,18,Evening,Sunday,1,Spring,1,0.91,High,5.6,9.8,1.8
Bedford-Stuyvesant,East Village,20-01-2016,19:58,19,Evening,Wednesday,0,Winter,1,1.34,High,3.5,23.0,1.8
East Harlem,Williamsburg,17-01-2016,11:07,11,Morning,Sunday,1,Winter,1,1.09,Low,2.5,26.2,1.0
Clinton Hill,Hell's Kitchen,22-05-2016,01:32,1,Night,Sunday,1,Spring,1,5.64,Low,14.1,24.0,1.0
Bedford-Stuyvesant,Harlem,08-05-2016,15:11,15,Afternoon,Sunday,1,Spring,1,1.66,Low,7.9,12.6,1.0
Prince's Bay,Tottenville,14-03-2016,07:15,7,Morning,Monday,0,Spring,4,27.52,Medium,45.5,36.3,1.3
Upper West Side,Long Island City,29-03-2016,22:46,22,Evening,Tuesday,0,Spring,2,4.27,Low,20.9,12.3,1.0
Bedford-Stuyvesant,West Village,03-02-2016,17:51,17,Afternoon,Wednesday,0,Winter,1,1.07,High,4.9,13.1,1.8
Bedford-Stuyvesant,Upper West Side,03-04-2016,09:36,9,Morning,Sunday,1,Spring,1,1.28,High,4.7,16.3,1.8
Upper West Side,Harlem,11-02-2016,23:13,23,Evening,Thursday,0,Winter,1,2.62,Low,10.9,14.4,1.0
East Harlem,Harlem,10-03-2016,16:32,16,Afternoon,Thursday,0,Spring,1,1.76,Medium,11.5,9.2,1.3
Hell's Kitchen,Midtown,11-03-2016,11:25,11,Morning,Friday,0,Spring,1,2.38,Low,10.8,13.2,1.0
Gravesend,Arverne,10-02-2016,18:38,18,Evening,Wednesday,0,Winter,2,0.98,High,5.4,10.9,1.8
Gravesend,Bensonhurst,10-01-2016,19:06,19,Evening,Sunday,1,Winter,1,4.14,High,10.8,23.0,1.8
Bedford-Stuyvesant,Harlem,13-01-2016,10:24,10,Morning,Wednesday,0,Winter,1,3.68,Medium,23.3,9.5,1.3
Bedford-Stuyvesant,East Harlem,28-02-2016,23:39,23,Evening,Sunday,1,Winter,1,1.89,Low,3.8,29.8,1.0
Upper West Side,Harlem,18-06-2016,21:15,21,Evening,Saturday,1,Summer,2,2.61,Low,9.5,16.5,1.0
Rossville,Clifton,25-02-2016,22:08,22,Evening,Thursday,0,Winter,5,10.37,Low,22.7,27.4,1.0
Murray Hill,Midtown,22-05-2016,22:28,22,Evening,Sunday,1,Spring,1,1.92,Low,9.2,12.5,1.0
East Harlem,Hell's Kitchen,01-02-2016,20:17,20,Evening,Monday,0,Winter,1,7.91,Medium,24.7,19.2,1.3
Upper West Side,Chelsea,07-01-2016,22:54,22,Evening,Thursday,0,Winter,5,1.39,Low,2.7,30.9,1.0
Clinton Hill,Upper West Side,30-01-2016,15:48,15,Afternoon,Saturday,1,Winter,1,7.12,Low,26.6,16.1,1.0
Midtown,Bedford-Stuyvesant,16-03-2016,12:13,12,Afternoon,Wednesday,0,Spring,1,1.56,Low,12.5,7.5,1.0
East Harlem,Harlem,17-03-2016,08:26,8,Morning,Thursday,0,Spring,3,1.33,High,7.0,11.4,1.8
East Harlem,Murray Hill,05-05-2016,13:00,13,Afternoon,Thursday,0,Spring,1,4.46,Low,20.4,13.1,1.0
Bedford-Stuyvesant,Upper West Side,12-06-2016,14:18,14,Afternoon,Sunday,1,Summer,1,2.46,Low,11.2,13.2,1.0
South Slope,Bedford-Stuyvesant,20-02-2016,17:52,17,Afternoon,Saturday,1,Winter,1,1.03,High,3.1,19.9,1.8
Harlem,Hell's Kitchen,04-05-2016,12:14,12,Afternoon,Wednesday,0,Spring,2,1.73,Low,10.7,9.7,1.0
Murray Hill,West Village,07-03-2016,08:12,8,Morning,Monday,0,Spring,1,5.72,High,19.0,18.1,1.8
Park Slope,East Harlem,04-04-2016,07:28,7,Morning,Monday,0,Spring,1,4.4,Medium,17.0,15.5,1.3
Upper West Side,South Slope,13-04-2016,13:58,13,Afternoon,Wednesday,0,Spring,1,0.88,Low,5.8,9.1,1.0
Upper West Side,Kensington,16-04-2016,00:43,0,Night,Saturday,1,Spring,2,5.31,Low,11.0,29.0,1.0
South Slope,Inwood,29-03-2016,14:07,14,Afternoon,Tuesday,0,Spring,1,2.94,Low,13.0,13.6,1.0
Kensington,Kensington,15-06-2016,12:33,12,Afternoon,Wednesday,0,Summer,1,1.59,Low,6.1,15.6,1.0
Williamsburg,Kensington,04-06-2016,15:27,15,Afternoon,Saturday,1,Summer,1,4.34,Low,16.3,16.0,1.0
Harlem,East Harlem,18-06-2016,03:22,3,Night,Saturday,1,Summer,2,9.77,Low,17.5,33.5,1.0
West Village,East Harlem,21-05-2016,22:48,22,Evening,Saturday,1,Spring,1,1.04,Low,4.0,15.6,1.0
South Slope,East Harlem,06-05-2016,21:19,21,Evening,Friday,0,Spring,1,1.9,Low,8.9,12.8,1.0
Harlem,Midtown,25-06-2016,02:10,2,Night,Saturday,1,Summer,5,9.39,Low,24.1,23.4,1.0
West Village,Park Slope,19-01-2016,20:48,20,Evening,Tuesday,0,Winter,2,2.46,Medium,14.4,10.2,1.3
Harlem,South Slope,31-01-2016,00:32,0,Night,Sunday,1,Winter,1,5.42,Low,18.4,17.7,1.0
Great Kills,Tottenville,04-02-2016,15:19,15,Afternoon,Thursday,0,Winter,6,24.89,Low,56.9,26.2,1.0
Hell's Kitchen,Hell's Kitchen,29-02-2016,11:32,11,Morning,Monday,0,Winter,1,4.02,Low,16.0,15.1,1.0
Upper West Side,Murray Hill,03-02-2016,18:33,18,Evening,Wednesday,0,Winter,1,3.48,High,18.4,11.3,1.8
Upper West Side,Harlem,06-05-2016,12:35,12,Afternoon,Friday,0,Spring,1,2.56,Low,19.1,8.0,1.0
Murray Hill,East Harlem,29-06-2016,20:25,20,Evening,Wednesday,0,Summer,1,1.29,Medium,5.0,15.5,1.3
Harlem,Bedford-Stuyvesant,12-04-2016,12:05,12,Afternoon,Tuesday,0,Spring,1,1.67,Low,6.1,16.4,1.0
Upper West Side,Upper West Side,09-02-2016,16:28,16,Afternoon,Tuesday,0,Winter,1,2.67,Medium,10.7,15.0,1.3
Bedford-Stuyvesant,Upper West Side,21-03-2016,04:48,4,Night,Monday,0,Spring,2,1.73,Low,5.8,17.9,1.0
Bedford-Stuyvesant,Midtown,09-04-2016,13:42,13,Afternoon,Saturday,1,Spring,5,1.93,Low,8.1,14.3,1.0
East Harlem,Harlem,09-05-2016,14:00,14,Afternoon,Monday,0,Spring,1,2.51,Low,15.7,9.6,1.0
Midtown,Fort Greene,10-01-2016,09:40,9,Morning,Sunday,1,Winter,1,2.72,High,10.4,15.7,1.8
Harlem,East Harlem,06-02-2016,11:03,11,Morning,Saturday,1,Winter,1,2.96,Low,8.1,21.9,1.0
South Slope,Bedford-Stuyvesant,27-01-2016,21:05,21,Evening,Wednesday,0,Winter,1,4.13,Low,13.7,18.1,1.0
East Harlem,East Harlem,03-02-2016,14:23,14,Afternoon,Wednesday,0,Winter,2,1.23,Low,10.4,7.1,1.0
West Village,Chinatown,12-03-2016,23:10,23,Evening,Saturday,1,Spring,1,2.46,Low,9.3,15.9,1.0
East Harlem,Harlem,10-03-2016,19:05,19,Evening,Thursday,0,Spring,1,2.64,High,13.9,11.4,1.8
Greenpoint,Murray Hill,18-03-2016,23:14,23,Evening,Friday,0,Spring,1,1.17,Low,5.2,13.5,1.0
Upper West Side,Harlem,30-05-2016,09:32,9,Morning,Monday,0,Spring,1,1.04,High,3.2,19.5,1.8
East Harlem,Clinton Hill,28-05-2016,00:20,0,Night,Saturday,1,Spring,5,1.09,Low,3.8,17.2,1.0
South Slope,Upper West Side,07-06-2016,00:08,0,Night,Tuesday,0,Summer,1,4.53,Low,9.4,28.9,1.0
Fort Greene,Bedford-Stuyvesant,30-04-2016,20:39,20,Evening,Saturday,1,Spring,2,2.55,Medium,18.7,8.2,1.3
Fort Hamilton,Neponsit,10-05-2016,02:31,2,Night,Tuesday,0,Spring,1,14.76,Low,36.6,24.2,1.0
Williamsburg,Harlem,19-03-2016,02:06,2,Night,Saturday,1,Spring,1,0.96,Low,4.7,12.3,1.0
Upper West Side,Bedford-Stuyvesant,20-06-2016,16:33,16,Afternoon,Monday,0,Summer,5,3.37,Medium,11.3,17.9,1.3
Harlem,Kensington,19-04-2016,08:50,8,Morning,Tuesday,0,Spring,2,1.07,High,4.6,14.0,1.8
Upper West Side,Upper West Side,10-04-2016,00:35,0,Night,Sunday,1,Spring,1,3.07,Low,9.0,20.5,1.0
South Slope,West Village,17-04-2016,00:47,0,Night,Sunday,1,Spring,6,2.07,Low,6.3,19.7,1.0
Crown Heights,Kensington,05-03-2016,22:22,22,Evening,Saturday,1,Spring,6,0.7,Low,6.6,6.4,1.0
Manhattan Beach,Great Kills,18-06-2016,08:49,8,Morning,Saturday,1,Summer,1,3.93,High,9.7,24.3,1.8
Midtown,Harlem,15-01-2016,14:32,14,Afternoon,Friday,0,Winter,6,0.62,Low,2.2,16.9,1.0
Bedford-Stuyvesant,South Slope,03-04-2016,03:37,3,Night,Sunday,1,Spring,3,2.92,Low,7.8,22.5,1.0
Hell's Kitchen,East Harlem,08-01-2016,10:01,10,Morning,Friday,0,Winter,6,4.99,Medium,21.2,14.1,1.3
Crown Heights,Bedford-Stuyvesant,05-04-2016,10:52,10,Morning,Tuesday,0,Spring,1,2.76,Medium,24.4,6.8,1.3
East Harlem,South Slope,04-01-2016,15:16,15,Afternoon,Monday,0,Winter,1,4.87,Low,16.7,17.5,1.0
Bayswater,Arrochar,20-04-2016,19:31,19,Evening,Wednesday,0,Spring,5,2.29,High,7.8,17.6,1.8
Kensington,South Slope,22-05-2016,22:26,22,Evening,Sunday,1,Spring,1,0.61,Low,5.0,7.3,1.0
Midtown,East Harlem,16-06-2016,22:18,22,Evening,Thursday,0,Summer,1,1.73,Low,18.2,5.7,1.0
Upper West Side,Harlem,28-06-2016,07:30,7,Morning,Tuesday,0,Summer,6,1.29,Medium,5.5,14.1,1.3
Tottenville,"Bay Terrace, Staten Island",15-06-2016,15:23,15,Afternoon,Wednesday,0,Summer,1,25.51,Low,78.0,19.6,1.0
Upper West Side,Upper West Side,27-02-2016,20:57,20,Evening,Saturday,1,Winter,2,2.15,Medium,13.2,9.8,1.3
West Village,East Harlem,24-02-2016,01:02,1,Night,Wednesday,0,Winter,1,9.89,Low,25.0,23.7,1.0
Chelsea,Harlem,26-05-2016,17:59,17,Afternoon,Thursday,0,Spring,1,3.28,High,12.5,15.7,1.8
Park Slope,Bedford-Stuyvesant,07-05-2016,13:14,13,Afternoon,Saturday,1,Spring,1,3.87,Low,10.2,22.8,1.0
Bedford-Stuyvesant,Clinton Hill,21-01-2016,18:18,18,Evening,Thursday,0,Winter,1,4.57,High,27.8,9.9,1.8
South Slope,East Harlem,18-05-2016,12:43,12,Afternoon,Wednesday,0,Spring,1,1.65,Low,18.6,5.3,1.0
South Slope,South Slope,12-01-2016,15:40,15,Afternoon,Tuesday,0,Winter,1,2.83,Low,18.3,9.3,1.0
Hell's Kitchen,East Harlem,25-06-2016,18:15,18,Evening,Saturday,1,Summer,1,4.34,High,14.6,17.8,1.8
Bensonhurst,Bergen Beach,01-05-2016,13:39,13,Afternoon,Sunday,1,Spring,1,0.63,Low,3.3,11.5,1.0
Flatlands,Sheepshead Bay,02-01-2016,01:43,1,Night,Saturday,1,Winter,1,10.35,Low,18.8,33.0,1.0
Midtown,Bedford-Stuyvesant,30-03-2016,22:31,22,Evening,Wednesday,0,Spring,1,2.68,Low,19.3,8.3,1.0
Bedford-Stuyvesant,East Harlem,22-05-2016,13:37,13,Afternoon,Sunday,1,Spring,1,1.27,Low,7.3,10.4,1.0
Hell's Kitchen,Murray Hill,28-01-2016,15:38,15,Afternoon,Thursday,0,Winter,1,3.11,Low,22.1,8.4,1.0
Bedford-Stuyvesant,West Village,08-05-2016,10:43,10,Morning,Sunday,1,Spring,1,0.93,Medium,3.7,15.1,1.3
Hell's Kitchen,Upper West Side,08-03-2016,14:51,14,Afternoon,Tuesday,0,Spring,1,1.42,Low,8.5,10.0,1.0
Harlem,East Harlem,15-05-2016,23:48,23,Evening,Sunday,1,Spring,2,0.47,Low,3.6,7.8,1.0
South Slope,Williamsburg,18-04-2016,08:24,8,Morning,Monday,0,Spring,1,1.02,High,6.1,10.0,1.8
Fort Greene,East Harlem,03-03-2016,07:16,7,Morning,Thursday,0,Spring,1,7.38,Medium,15.0,29.5,1.3
Upper West Side,Bedford-Stuyvesant,19-04-2016,22:23,22,Evening,Tuesday,0,Spring,1,1.89,Low,14.3,7.9,1.0
Arverne,Bull's Head,16-05-2016,21:49,21,Evening,Monday,0,Spring,1,1.01,Low,3.7,16.4,1.0
West Village,Bedford-Stuyvesant,19-02-2016,06:55,6,Morning,Friday,0,Winter,1,4.15,Low,12.8,19.5,1.0
Fort Greene,East Harlem,29-01-2016,10:47,10,Morning,Friday,0,Winter,4,3.55,Medium,13.3,16.0,1.3
Fort Greene,Bedford-Stuyvesant,01-03-2016,19:36,19,Evening,Tuesday,0,Spring,1,1.87,High,9.7,11.6,1.8
Midtown,West Village,21-04-2016,08:59,8,Morning,Thursday,0,Spring,1,3.1,High,31.4,5.9,1.8
New Springville,Brighton Beach,24-06-2016,12:51,12,Afternoon,Friday,0,Summer,1,0.98,Low,5.8,10.1,1.0
Hell's Kitchen,Williamsburg,18-04-2016,15:04,15,Afternoon,Monday,0,Spring,1,2.54,Low,15.3,10.0,1.0
Midtown,Harlem,04-03-2016,14:00,14,Afternoon,Friday,0,Spring,1,2.07,Low,10.6,11.7,1.0
Harlem,Harlem,29-03-2016,10:35,10,Morning,Tuesday,0,Spring,1,1.6,Medium,8.8,10.9,1.3
Borough Park,Arden Heights,20-05-2016,14:23,14,Afternoon,Friday,0,Spring,1,12.45,Low,48.4,15.4,1.0
Harlem,East Harlem,14-04-2016,20:37,20,Evening,Thursday,0,Spring,1,6.06,Medium,27.6,13.2,1.3
Upper West Side,Upper West Side,10-04-2016,00:22,0,Night,Sunday,1,Spring,5,3.23,Low,7.2,26.9,1.0
Bedford-Stuyvesant,Harlem,18-03-2016,09:25,9,Morning,Friday,0,Spring,4,6.05,High,25.2,14.4,1.8
Arden Heights,Midwood,28-06-2016,23:25,23,Evening,Tuesday,0,Summer,1,12.5,Low,26.0,28.8,1.0
Flatbush,East Harlem,26-04-2016,00:35,0,Night,Tuesday,0,Spring,2,10.39,Low,24.7,25.2,1.0
Upper West Side,Upper West Side,16-05-2016,18:43,18,Evening,Monday,0,Spring,3,1.46,High,5.0,17.5,1.8
East Harlem,East Harlem,15-05-2016,17:29,17,Afternoon,Sunday,1,Spring,1,5.5,High,16.4,20.1,1.8
South Slope,Fort Greene,29-04-2016,21:25,21,Evening,Friday,0,Spring,4,3.25,Low,20.7,9.4,1.0
Hell's Kitchen,Upper West Side,23-05-2016,17:30,17,Afternoon,Monday,0,Spring,1,3.1,High,16.5,11.3,1.8
Oakwood,Sheepshead Bay,18-03-2016,18:07,18,Evening,Friday,0,Spring,1,15.72,High,39.2,24.1,1.8
Fort Greene,Upper West Side,03-05-2016,00:24,0,Night,Tuesday,0,Spring,1,2.51,Low,8.5,17.7,1.0
Murray Hill,Fort Greene,26-03-2016,23:20,23,Evening,Saturday,1,Spring,1,0.95,Low,8.2,7.0,1.0
Harlem,Williamsburg,20-05-2016,09:10,9,Morning,Friday,0,Spring,1,3.3,High,15.8,12.5,1.8
Midwood,Clifton,25-06-2016,12:05,12,Afternoon,Saturday,1,Summer,5,1.59,Low,11.1,8.6,1.0
Tottenville,Great Kills,08-03-2016,22:39,22,Evening,Tuesday,0,Spring,1,25.06,Low,32.8,45.8,1.0
East Harlem,Harlem,14-06-2016,04:53,4,Night,Tuesday,0,Summer,1,1.69,Low,3.6,28.2,1.0
Upper West Side,Bedford-Stuyvesant,18-05-2016,16:03,16,Afternoon,Wednesday,0,Spring,1,2.8,Medium,21.1,8.0,1.3
East Harlem,Park Slope,25-04-2016,21:53,21,Evening,Monday,0,Spring,5,2.23,Low,6.9,19.4,1.0
Park Slope,Hell's Kitchen,21-03-2016,17:53,17,Afternoon,Monday,0,Spring,2,2.68,High,6.2,25.9,1.8
Murray Hill,Harlem,21-05-2016,20:22,20,Evening,Saturday,1,Spring,4,2.74,Medium,23.9,6.9,1.3
Upper West Side,Bedford-Stuyvesant,17-06-2016,22:40,22,Evening,Friday,0,Summer,1,4.08,Low,26.0,9.4,1.0
West Village,Harlem,22-06-2016,17:22,17,Afternoon,Wednesday,0,Summer,2,1.29,High,7.2,10.8,1.8
Crown Heights,Bedford-Stuyvesant,17-01-2016,11:09,11,Morning,Sunday,1,Winter,5,1.07,Low,3.3,19.5,1.0
Clifton,Midwood,20-04-2016,15:34,15,Afternoon,Wednesday,0,Spring,5,1.85,Low,6.5,17.1,1.0
Upper West Side,East Harlem,31-01-2016,01:40,1,Night,Sunday,1,Winter,1,1.74,Low,9.3,11.2,1.0
Park Slope,Fort Greene,27-06-2016,05:36,5,Night,Monday,0,Summer,1,2.57,Low,6.6,23.4,1.0
Clinton Hill,West Village,19-01-2016,17:38,17,Afternoon,Tuesday,0,Winter,1,1.14,High,6.5,10.5,1.8
Upper West Side,Bedford-Stuyvesant,10-03-2016,12:21,12,Afternoon,Thursday,0,Spring,1,0.99,Low,8.8,6.8,1.0
Hell's Kitchen,Harlem,12-06-2016,02:40,2,Night,Sunday,1,Summer,1,3.84,Low,16.1,14.3,1.0
Oakwood,Bensonhurst,12-01-2016,08:46,8,Morning,Tuesday,0,Winter,1,11.45,High,45.7,15.0,1.8
West Village,West Village,13-05-2016,12:10,12,Afternoon,Friday,0,Spring,1,1.04,Low,5.2,12.0,1.0
Flatlands,Todt Hill,11-03-2016,08:29,8,Morning,Friday,0,Spring,1,1.34,High,9.8,8.2,1.8
Kensington,East Harlem,13-05-2016,13:22,13,Afternoon,Friday,0,Spring,1,2.23,Low,7.7,17.4,1.0
Midtown,Bedford-Stuyvesant,20-02-2016,23:23,23,Evening,Saturday,1,Winter,1,3.92,Low,13.1,18.0,1.0
Williamsburg,Murray Hill,07-04-2016,19:40,19,Evening,Thursday,0,Spring,1,7.83,High,19.3,24.3,1.8
Bedford-Stuyvesant,East Harlem,29-02-2016,14:48,14,Afternoon,Monday,0,Winter,5,2.51,Low,12.9,11.7,1.0
Bedford-Stuyvesant,Park Slope,20-05-2016,21:15,21,Evening,Friday,0,Spring,1,2.18,Low,9.4,13.9,1.0
West Village,Upper West Side,16-01-2016,02:57,2,Night,Saturday,1,Winter,5,2.21,Low,10.7,12.4,1.0
Fort Greene,East Harlem,27-06-2016,11:17,11,Morning,Monday,0,Summer,2,3.55,Low,21.6,9.9,1.0
Murray Hill,East Harlem,12-04-2016,16:03,16,Afternoon,Tuesday,0,Spring,1,0.9,Medium,4.1,13.2,1.3
East Harlem,Park Slope,28-06-2016,19:43,19,Evening,Tuesday,0,Summer,1,1.55,High,7.4,12.6,1.8
Hell's Kitchen,East Harlem,14-04-2016,19:44,19,Evening,Thursday,0,Spring,1,10.29,High,30.8,20.0,1.8
Hell's Kitchen,Clinton Hill,25-05-2016,13:08,13,Afternoon,Wednesday,0,Spring,1,1.44,Low,11.6,7.4,1.0
Bedford-Stuyvesant,Upper West Side,20-01-2016,11:05,11,Morning,Wednesday,0,Winter,1,1.47,Low,6.3,14.0,1.0
Bedford-Stuyvesant,Inwood,14-06-2016,16:02,16,Afternoon,Tuesday,0,Summer,1,2.8,Medium,20.1,8.4,1.3
Upper West Side,Upper West Side,08-04-2016,20:53,20,Evening,Friday,0,Spring,2,2.75,Medium,10.0,16.5,1.3
Harlem,Bedford-Stuyvesant,15-05-2016,17:43,17,Afternoon,Sunday,1,Spring,1,6.5,High,34.6,11.3,1.8
Clinton Hill,Kensington,11-02-2016,19:36,19,Evening,Thursday,0,Winter,1,2.27,High,11.3,12.1,1.8
Bedford-Stuyvesant,Bedford-Stuyvesant,26-05-2016,19:16,19,Evening,Thursday,0,Spring,1,1.27,High,4.2,18.1,1.8
Bedford-Stuyvesant,Upper West Side,16-05-2016,14:10,14,Afternoon,Monday,0,Spring,1,3.27,Low,18.0,10.9,1.0
Chelsea,Clinton Hill,25-05-2016,09:34,9,Morning,Wednesday,0,Spring,4,2.73,High,11.3,14.5,1.8
Upper West Side,Kensington,02-03-2016,05:32,5,Night,Wednesday,0,Spring,6,3.0,Low,5.6,32.1,1.0
Upper West Side,Harlem,07-04-2016,18:56,18,Evening,Thursday,0,Spring,1,2.04,High,8.9,13.8,1.8
Fort Greene,Harlem,02-02-2016,15:13,15,Afternoon,Tuesday,0,Winter,1,1.96,Low,11.2,10.5,1.0
East Harlem,Bedford-Stuyvesant,25-03-2016,08:42,8,Morning,Friday,0,Spring,2,1.05,High,6.8,9.3,1.8
Bedford-Stuyvesant,Kensington,15-02-2016,10:40,10,Morning,Monday,0,Winter,2,2.33,Medium,12.6,11.1,1.3
Great Kills,Brighton Beach,08-04-2016,11:06,11,Morning,Friday,0,Spring,1,7.11,Low,18.8,22.7,1.0
Crown Heights,Crown Heights,31-05-2016,23:34,23,Evening,Tuesday,0,Spring,1,1.7,Low,6.0,17.0,1.0
Fort Greene,Bedford-Stuyvesant,21-04-2016,00:46,0,Night,Thursday,0,Spring,1,4.47,Low,13.2,20.3,1.0
Park Slope,Chinatown,10-01-2016,14:05,14,Afternoon,Sunday,1,Winter,1,1.27,Low,8.4,9.1,1.0
Williamsburg,Harlem,08-06-2016,21:31,21,Evening,Wednesday,0,Summer,5,3.7,Low,11.6,19.1,1.0
Hell's Kitchen,Williamsburg,05-04-2016,11:46,11,Morning,Tuesday,0,Spring,1,1.59,Low,7.1,13.4,1.0
Midtown,Harlem,05-06-2016,16:11,16,Afternoon,Sunday,1,Summer,2,2.73,Medium,11.8,13.9,1.3
Park Slope,East Harlem,03-01-2016,18:53,18,Evening,Sunday,1,Winter,3,3.38,High,7.0,29.0,1.8
Bedford-Stuyvesant,Hell's Kitchen,22-06-2016,20:16,20,Evening,Wednesday,0,Summer,1,0.99,Medium,5.3,11.2,1.3
Harlem,Harlem,02-06-2016,09:06,9,Morning,Thursday,0,Summer,1,0.87,High,13.4,3.9,1.8
Huguenot,Prince's Bay,11-03-2016,20:10,20,Evening,Friday,0,Spring,1,31.79,Medium,41.2,46.3,1.3
South Slope,East Harlem,03-02-2016,13:06,13,Afternoon,Wednesday,0,Winter,1,3.14,Low,18.2,10.4,1.0
Midtown,Bedford-Stuyvesant,09-04-2016,00:57,0,Night,Saturday,1,Spring,1,3.39,Low,14.8,13.7,1.0
South Slope,Upper West Side,08-05-2016,00:18,0,Night,Sunday,1,Spring,1,9.63,Low,47.0,12.3,1.0
Kensington,East Harlem,23-06-2016,12:02,12,Afternoon,Thursday,0,Summer,1,2.05,Low,8.4,14.6,1.0
Harlem,Bedford-Stuyvesant,02-01-2016,11:51,11,Morning,Saturday,1,Winter,5,6.98,Low,16.3,25.7,1.0
Harlem,Upper West Side,16-02-2016,21:05,21,Evening,Tuesday,0,Winter,1,3.98,Low,12.6,19.0,1.0
Upper West Side,East Harlem,10-03-2016,18:37,18,Evening,Thursday,0,Spring,1,1.75,High,4.9,21.4,1.8
Midwood,Midwood,26-02-2016,00:13,0,Night,Friday,0,Winter,1,3.67,Low,15.1,14.6,1.0
Arverne,Tompkinsville,16-04-2016,10:40,10,Morning,Saturday,1,Spring,2,2.11,Medium,11.8,10.7,1.3
East Harlem,East Harlem,28-04-2016,23:55,23,Evening,Thursday,0,Spring,1,2.49,Low,10.2,14.6,1.0
Harlem,Upper West Side,24-03-2016,01:39,1,Night,Thursday,0,Spring,5,8.57,Low,22.4,23.0,1.0
East Harlem,Upper West Side,22-03-2016,21:12,21,Evening,Tuesday,0,Spring,1,1.63,Low,10.8,9.1,1.0
East Harlem,Harlem,29-04-2016,16:52,16,Afternoon,Friday,0,Spring,2,5.37,Medium,28.2,11.4,1.3
Clinton Hill,Chinatown,20-01-2016,10:37,10,Morning,Wednesday,0,Winter,1,1.46,Medium,12.4,7.1,1.3
Flatlands,Rockaway Beach,21-01-2016,09:21,9,Morning,Thursday,0,Winter,5,3.91,High,20.5,11.4,1.8
Harlem,Kensington,04-03-2016,07:54,7,Morning,Friday,0,Spring,1,0.52,Medium,6.1,5.1,1.3
Kensington,West Village,22-06-2016,22:22,22,Evening,Wednesday,0,Summer,1,1.97,Low,8.4,14.1,1.0
Upper West Side,Upper West Side,02-05-2016,17:54,17,Afternoon,Monday,0,Spring,1,2.65,High,6.4,24.8,1.8
Williamsburg,Bedford-Stuyvesant,24-05-2016,00:00,0,Night,Tuesday,0,Spring,1,2.02,Low,8.1,15.0,1.0
Upper West Side,Murray Hill,09-01-2016,15:31,15,Afternoon,Saturday,1,Winter,2,2.55,Low,12.2,12.5,1.0
East Harlem,East Harlem,11-01-2016,17:25,17,Afternoon,Monday,0,Winter,1,2.91,High,11.0,15.9,1.8
Harlem,Midtown,08-02-2016,19:24,19,Evening,Monday,0,Winter,1,0.21,High,28.9,0.4,1.8
East Harlem,Clinton Hill,05-04-2016,11:11,11,Morning,Tuesday,0,Spring,1,0.74,Low,6.0,7.4,1.0
East Harlem,Bedford-Stuyvesant,05-05-2016,21:59,21,Evening,Thursday,0,Spring,2,1.16,Low,8.6,8.1,1.0
Prince's Bay,Great Kills,31-03-2016,03:16,3,Night,Thursday,0,Spring,1,11.09,Low,15.9,41.8,1.0
Arverne,Sheepshead Bay,10-06-2016,17:32,17,Afternoon,Friday,0,Summer,1,3.14,High,12.2,15.4,1.8
Clinton Hill,South Slope,31-03-2016,18:11,18,Evening,Thursday,0,Spring,1,1.61,High,9.5,10.2,1.8
Murray Hill,Kensington,01-03-2016,06:22,6,Morning,Tuesday,0,Spring,1,2.9,Low,7.2,24.2,1.0
Harlem,Williamsburg,01-04-2016,15:26,15,Afternoon,Friday,0,Spring,1,2.12,Low,11.2,11.4,1.0
Arden Heights,Borough Park,20-04-2016,11:07,11,Morning,Wednesday,0,Spring,1,13.32,Low,48.4,16.5,1.0
East Harlem,Harlem,22-05-2016,01:26,1,Night,Sunday,1,Spring,1,2.14,Low,9.1,14.1,1.0
Kensington,Hell's Kitchen,22-05-2016,18:44,18,Evening,Sunday,1,Spring,1,1.81,High,12.2,8.9,1.8
Upper West Side,Crown Heights,07-02-2016,18:12,18,Evening,Sunday,1,Winter,1,3.88,High,16.1,14.5,1.8
Murray Hill,South Slope,15-03-2016,12:03,12,Afternoon,Tuesday,0,Spring,1,2.5,Low,23.4,6.4,1.0
Upper West Side,Bedford-Stuyvesant,20-05-2016,07:02,7,Morning,Friday,0,Spring,1,1.25,Medium,7.5,10.0,1.3
Harlem,Bedford-Stuyvesant,13-01-2016,14:33,14,Afternoon,Wednesday,0,Winter,2,1.32,Low,12.3,6.4,1.0
Crown Heights,Crown Heights,28-06-2016,10:38,10,Morning,Tuesday,0,Summer,1,4.33,Medium,24.3,10.7,1.3
Bedford-Stuyvesant,Fort Greene,03-02-2016,15:53,15,Afternoon,Wednesday,0,Winter,1,1.35,Low,3.9,20.8,1.0
Woodrow,Tottenville,10-03-2016,12:02,12,Afternoon,Thursday,0,Spring,1,23.64,Low,29.8,47.6,1.0
Chinatown,Inwood,05-02-2016,00:26,0,Night,Friday,0,Winter,1,1.8,Low,7.7,14.0,1.0
South Slope,West Village,23-06-2016,18:33,18,Evening,Thursday,0,Summer,3,4.06,High,17.4,14.0,1.8
Bedford-Stuyvesant,Upper West Side,27-06-2016,19:30,19,Evening,Monday,0,Summer,4,1.89,High,7.6,14.9,1.8
Clinton Hill,Fort Greene,22-05-2016,21:47,21,Evening,Sunday,1,Spring,2,2.6,Low,12.0,13.0,1.0
South Slope,Bedford-Stuyvesant,27-01-2016,21:15,21,Evening,Wednesday,0,Winter,1,3.31,Low,10.4,19.1,1.0
East Harlem,Hell's Kitchen,15-05-2016,21:43,21,Evening,Sunday,1,Spring,1,0.9,Low,4.0,13.5,1.0
Midtown,West Village,14-05-2016,22:20,22,Evening,Saturday,1,Spring,1,1.92,Low,16.2,7.1,1.0
"Bay Terrace, Staten Island",Mill Basin,26-06-2016,18:56,18,Evening,Sunday,1,Summer,1,12.11,High,40.3,18.0,1.8
Harlem,East Harlem,07-04-2016,21:21,21,Evening,Thursday,0,Spring,2,8.74,Low,27.0,19.4,1.0
Fort Greene,East Harlem,15-06-2016,20:40,20,Evening,Wednesday,0,Summer,1,2.09,Medium,11.6,10.8,1.3
Murray Hill,South Slope,08-04-2016,07:37,7,Morning,Friday,0,Spring,4,0.84,Medium,6.3,8.0,1.3
Midtown,Park Slope,14-04-2016,15:43,15,Afternoon,Thursday,0,Spring,6,2.22,Low,8.0,16.7,1.0
East Harlem,East Harlem,14-05-2016,13:35,13,Afternoon,Saturday,1,Spring,1,1.36,Low,11.0,7.4,1.0
East Harlem,Bedford-Stuyvesant,15-04-2016,10:11,10,Morning,Friday,0,Spring,5,10.16,Medium,35.2,17.3,1.3
West Village,Upper West Side,01-01-2016,12:35,12,Afternoon,Friday,0,Winter,1,3.14,Low,6.9,27.3,1.0
Tottenville,Prince's Bay,07-03-2016,00:04,0,Night,Monday,0,Spring,1,19.11,Low,28.7,40.0,1.0
Upper West Side,Harlem,11-04-2016,13:47,13,Afternoon,Monday,0,Spring,6,1.19,Low,9.1,7.8,1.0
Flatlands,Concord,23-04-2016,11:39,11,Morning,Saturday,1,Spring,3,3.33,Low,15.2,13.1,1.0
Upper West Side,South Slope,11-03-2016,01:23,1,Night,Friday,0,Spring,2,1.73,Low,5.8,17.9,1.0
Clinton Hill,West Village,11-02-2016,20:46,20,Evening,Thursday,0,Winter,1,4.77,Medium,13.7,20.9,1.3
Midtown,Upper West Side,25-01-2016,16:38,16,Afternoon,Monday,0,Winter,1,4.57,Medium,12.6,21.8,1.3
East Harlem,Bedford-Stuyvesant,27-05-2016,15:54,15,Afternoon,Friday,0,Spring,1,1.75,Low,16.0,6.6,1.0
Harlem,Harlem,23-01-2016,07:14,7,Morning,Saturday,1,Winter,1,4.44,Medium,14.3,18.6,1.3
Harlem,Clinton Hill,07-05-2016,04:31,4,Night,Saturday,1,Spring,1,11.34,Low,18.5,36.8,1.0
Great Kills,Tottenville,30-06-2016,22:50,22,Evening,Thursday,0,Summer,1,24.78,Low,43.6,34.1,1.0
Park Slope,Upper West Side,14-06-2016,17:19,17,Afternoon,Tuesday,0,Summer,1,1.61,High,8.1,11.9,1.8
Harlem,Bedford-Stuyvesant,03-05-2016,07:49,7,Morning,Tuesday,0,Spring,1,2.36,Medium,14.2,10.0,1.3
Upper West Side,Bedford-Stuyvesant,03-06-2016,22:31,22,Evening,Friday,0,Summer,1,4.73,Low,10.2,27.8,1.0
East Harlem,Park Slope,21-03-2016,09:40,9,Morning,Monday,0,Spring,1,4.24,High,15.7,16.2,1.8
Tottenville,Arden Heights,27-06-2016,06:35,6,Morning,Monday,0,Summer,1,24.18,Low,68.7,21.1,1.0
Midtown,Harlem,15-06-2016,09:34,9,Morning,Wednesday,0,Summer,1,0.96,High,7.4,7.8,1.8
Crown Heights,Greenpoint,23-02-2016,00:33,0,Night,Tuesday,0,Winter,1,0.41,Low,1.9,12.9,1.0
Upper West Side,Clinton Hill,14-06-2016,19:17,19,Evening,Tuesday,0,Summer,1,1.05,High,7.2,8.8,1.8
South Slope,Fort Greene,02-01-2016,09:17,9,Morning,Saturday,1,Winter,1,0.95,High,1.2,47.5,1.8
Upper West Side,Midtown,04-04-2016,22:54,22,Evening,Monday,0,Spring,1,15.65,Low,40.7,23.1,1.0
Upper West Side,Midtown,27-03-2016,22:58,22,Evening,Sunday,1,Spring,1,4.41,Low,8.6,30.8,1.0
Bedford-Stuyvesant,Williamsburg,17-01-2016,13:37,13,Afternoon,Sunday,1,Winter,1,3.14,Low,13.4,14.1,1.0
Midwood,Borough Park,19-02-2016,13:04,13,Afternoon,Friday,0,Winter,1,0.81,Low,12.6,3.9,1.0
Crown Heights,Midtown,07-04-2016,21:29,21,Evening,Thursday,0,Spring,1,1.65,Low,6.8,14.6,1.0
Upper West Side,Upper West Side,24-06-2016,00:30,0,Night,Friday,0,Summer,1,2.0,Low,7.6,15.8,1.0
Bedford-Stuyvesant,South Slope,29-05-2016,00:42,0,Night,Sunday,1,Spring,1,5.35,Low,15.3,21.0,1.0
Sheepshead Bay,Rockaway Beach,16-02-2016,11:31,11,Morning,Tuesday,0,Winter,1,2.15,Low,10.1,12.8,1.0
Fort Hamilton,Arverne,26-04-2016,20:39,20,Evening,Tuesday,0,Spring,1,1.82,Medium,14.2,7.7,1.3
Harlem,Williamsburg,10-03-2016,16:21,16,Afternoon,Thursday,0,Spring,2,1.49,Medium,9.3,9.6,1.3
Chinatown,Kensington,04-05-2016,06:28,6,Morning,Wednesday,0,Spring,1,1.39,Low,3.2,26.1,1.0
East Harlem,Kensington,22-01-2016,12:29,12,Afternoon,Friday,0,Winter,2,0.77,Low,3.6,12.8,1.0
Midtown,Harlem,15-04-2016,16:07,16,Afternoon,Friday,0,Spring,6,0.36,Medium,2.9,7.4,1.3
Crown Heights,Inwood,16-01-2016,21:33,21,Evening,Saturday,1,Winter,4,1.36,Low,6.8,12.0,1.0
East Harlem,West Village,21-05-2016,14:23,14,Afternoon,Saturday,1,Spring,2,0.88,Low,4.5,11.7,1.0
Murray Hill,Harlem,03-03-2016,14:52,14,Afternoon,Thursday,0,Spring,1,2.98,Low,16.2,11.0,1.0
Chinatown,East Harlem,16-02-2016,17:40,17,Afternoon,Tuesday,0,Winter,3,5.58,High,35.5,9.4,1.8
Upper West Side,South Slope,26-04-2016,22:03,22,Evening,Tuesday,0,Spring,2,1.5,Low,4.4,20.5,1.0
West Village,East Harlem,25-06-2016,11:45,11,Morning,Saturday,1,Summer,1,2.15,Low,11.0,11.7,1.0
Murray Hill,Midtown,08-01-2016,10:07,10,Morning,Friday,0,Winter,1,3.37,Medium,11.9,17.0,1.3
West Village,Park Slope,21-04-2016,09:24,9,Morning,Thursday,0,Spring,1,5.65,High,19.4,17.5,1.8
Upper West Side,Upper West Side,20-04-2016,19:58,19,Evening,Wednesday,0,Spring,1,3.21,High,8.7,22.1,1.8
Clifton,Bensonhurst,28-06-2016,08:46,8,Morning,Tuesday,0,Summer,1,1.22,High,5.2,14.1,1.8
Great Kills,Borough Park,06-04-2016,20:39,20,Evening,Wednesday,0,Spring,5,13.09,Medium,22.0,35.7,1.3
Sheepshead Bay,Arverne,11-03-2016,08:41,8,Morning,Friday,0,Spring,1,1.84,High,5.3,20.8,1.8
Harlem,South Slope,19-01-2016,16:30,16,Afternoon,Tuesday,0,Winter,1,1.69,Medium,22.4,4.5,1.3
Chelsea,East Harlem,25-02-2016,13:30,13,Afternoon,Thursday,0,Winter,1,2.6,Low,12.0,13.0,1.0
Harlem,Bedford-Stuyvesant,11-05-2016,08:30,8,Morning,Wednesday,0,Spring,1,2.06,High,7.8,15.8,1.8
Tompkinsville,Sheepshead Bay,20-06-2016,20:18,20,Evening,Monday,0,Summer,1,2.16,Medium,8.5,15.2,1.3
Harlem,East Harlem,16-01-2016,01:20,1,Night,Saturday,1,Winter,1,8.07,Low,15.2,31.9,1.0
East Harlem,Bedford-Stuyvesant,21-05-2016,23:59,23,Evening,Saturday,1,Spring,1,9.85,Low,44.1,13.4,1.0
East Harlem,Lower East Side,19-06-2016,18:50,18,Evening,Sunday,1,Summer,1,0.96,High,6.4,9.0,1.8
Hell's Kitchen,Harlem,18-06-2016,10:47,10,Morning,Saturday,1,Summer,1,6.71,Medium,25.9,15.5,1.3
Upper West Side,East Harlem,15-04-2016,10:13,10,Morning,Friday,0,Spring,1,1.58,Medium,8.2,11.6,1.3
Clifton,Arverne,02-04-2016,11:41,11,Morning,Saturday,1,Spring,1,3.93,Low,10.0,23.6,1.0
Fort Greene,South Slope,19-05-2016,10:50,10,Morning,Thursday,0,Spring,1,0.41,Medium,4.4,5.6,1.3
Sheepshead Bay,Sheepshead Bay,14-02-2016,21:48,21,Evening,Sunday,1,Winter,1,1.06,Low,3.9,16.3,1.0
Midtown,Inwood,21-05-2016,02:56,2,Night,Saturday,1,Spring,3,5.6,Low,15.9,21.1,1.0
Harlem,Harlem,08-04-2016,11:57,11,Morning,Friday,0,Spring,1,1.65,Low,6.8,14.6,1.0
Great Kills,Flatbush,26-01-2016,08:22,8,Morning,Tuesday,0,Winter,2,13.46,High,59.4,13.6,1.8
Murray Hill,Bedford-Stuyvesant,06-06-2016,22:30,22,Evening,Monday,0,Summer,1,3.59,Low,13.6,15.8,1.0
Sheepshead Bay,"Bay Terrace, Staten Island",12-04-2016,16:08,16,Afternoon,Tuesday,0,Spring,1,11.22,Medium,27.4,24.6,1.3
Upper West Side,Harlem,11-05-2016,00:18,0,Night,Wednesday,0,Spring,1,0.87,Low,5.4,9.7,1.0
Upper West Side,East Harlem,03-04-2016,04:35,4,Night,Sunday,1,Spring,3,8.0,Low,17.2,27.9,1.0
Bedford-Stuyvesant,Chinatown,04-06-2016,08:58,8,Morning,Saturday,1,Summer,1,1.92,High,5.8,19.9,1.8
Midwood,Arverne,18-02-2016,11:22,11,Morning,Thursday,0,Winter,6,2.96,Low,18.0,9.9,1.0
South Slope,Hell's Kitchen,02-06-2016,00:09,0,Night,Thursday,0,Summer,5,3.99,Low,11.3,21.2,1.0
Upper West Side,Harlem,18-02-2016,08:01,8,Morning,Thursday,0,Winter,1,0.58,High,1.9,18.3,1.8
East Harlem,Harlem,23-02-2016,08:03,8,Morning,Tuesday,0,Winter,1,2.04,High,10.9,11.2,1.8
East Harlem,Harlem,03-03-2016,17:49,17,Afternoon,Thursday,0,Spring,1,2.0,High,7.4,16.2,1.8
Hell's Kitchen,South Slope,30-01-2016,18:51,18,Evening,Saturday,1,Winter,1,4.14,High,17.4,14.3,1.8
West Village,Fort Greene,05-05-2016,21:22,21,Evening,Thursday,0,Spring,6,3.1,Low,15.2,12.2,1.0
Inwood,Harlem,10-03-2016,14:01,14,Afternoon,Thursday,0,Spring,1,1.12,Low,5.0,13.4,1.0
East Harlem,South Slope,26-05-2016,13:13,13,Afternoon,Thursday,0,Spring,1,1.29,Low,7.2,10.8,1.0
Bedford-Stuyvesant,Kensington,24-03-2016,07:05,7,Morning,Thursday,0,Spring,2,1.56,Medium,9.8,9.6,1.3
Upper West Side,East Harlem,24-04-2016,13:20,13,Afternoon,Sunday,1,Spring,6,5.24,Low,26.2,12.0,1.0
Upper West Side,Harlem,04-03-2016,09:25,9,Morning,Friday,0,Spring,1,1.01,High,4.0,15.2,1.8
Upper West Side,Chelsea,22-04-2016,01:26,1,Night,Friday,0,Spring,2,4.7,Low,11.4,24.7,1.0
Bedford-Stuyvesant,Clinton Hill,06-02-2016,11:42,11,Morning,Saturday,1,Winter,1,2.31,Low,8.2,16.9,1.0
East Harlem,East Harlem,29-03-2016,11:42,11,Morning,Tuesday,0,Spring,1,4.96,Low,28.3,10.5,1.0
Inwood,South Slope,09-01-2016,01:39,1,Night,Saturday,1,Winter,1,3.3,Low,5.6,35.4,1.0
Midtown,Upper West Side,19-01-2016,16:32,16,Afternoon,Tuesday,0,Winter,1,4.16,Medium,14.3,17.5,1.3
Kensington,Harlem,05-03-2016,14:58,14,Afternoon,Saturday,1,Spring,4,1.68,Low,8.3,12.1,1.0
Upper West Side,Inwood,23-03-2016,09:01,9,Morning,Wednesday,0,Spring,1,1.26,High,10.3,7.3,1.8
Arverne,Midwood,21-02-2016,11:07,11,Morning,Sunday,1,Winter,2,1.93,Low,8.8,13.2,1.0
South Slope,Upper West Side,09-06-2016,19:03,19,Evening,Thursday,0,Summer,2,1.18,High,6.0,11.8,1.8
Kensington,Harlem,25-05-2016,12:56,12,Afternoon,Wednesday,0,Spring,6,5.9,Low,27.5,12.9,1.0
Clinton Hill,South Slope,10-04-2016,12:16,12,Afternoon,Sunday,1,Spring,6,0.83,Low,5.6,8.9,1.0
East Harlem,Williamsburg,04-04-2016,17:59,17,Afternoon,Monday,0,Spring,1,4.2,High,19.0,13.3,1.8
Bensonhurst,Great Kills,17-03-2016,11:55,11,Morning,Thursday,0,Spring,5,12.62,Low,23.8,31.8,1.0
Randall Manor,Castleton Corners,12-04-2016,08:47,8,Morning,Tuesday,0,Spring,2,1.49,High,12.4,7.2,1.8
Murray Hill,Harlem,11-04-2016,20:54,20,Evening,Monday,0,Spring,1,3.77,Medium,11.9,19.0,1.3
Midwood,Rockaway Beach,21-03-2016,20:58,20,Evening,Monday,0,Spring,1,3.02,Medium,12.1,15.0,1.3
Fort Greene,Williamsburg,22-06-2016,19:16,19,Evening,Wednesday,0,Summer,1,0.78,High,4.6,10.2,1.8
East Harlem,East Harlem,09-03-2016,15:48,15,Afternoon,Wednesday,0,Spring,3,3.28,Low,18.8,10.5,1.0
Upper West Side,Harlem,29-02-2016,09:00,9,Morning,Monday,0,Winter,1,1.78,High,6.7,15.9,1.8
Upper West Side,Upper West Side,13-04-2016,21:44,21,Evening,Wednesday,0,Spring,1,5.63,Low,17.2,19.6,1.0
Fort Hamilton,Fort Hamilton,16-05-2016,15:50,15,Afternoon,Monday,0,Spring,1,1.04,Low,6.1,10.2,1.0
East Harlem,Fort Greene,28-02-2016,11:45,11,Morning,Sunday,1,Winter,1,2.16,Low,8.8,14.7,1.0
Kensington,East Harlem,25-02-2016,17:44,17,Afternoon,Thursday,0,Winter,2,1.94,High,5.6,20.8,1.8
West Village,Harlem,24-02-2016,06:58,6,Morning,Wednesday,0,Winter,1,1.85,Low,5.0,22.2,1.0
East Harlem,Upper West Side,28-01-2016,09:10,9,Morning,Thursday,0,Winter,1,0.84,High,7.1,7.1,1.8
South Slope,Chinatown,01-03-2016,05:56,5,Night,Tuesday,0,Spring,2,0.63,Low,1.4,27.0,1.0
Hell's Kitchen,Kensington,18-04-2016,18:05,18,Evening,Monday,0,Spring,1,6.22,High,16.6,22.5,1.8
Bedford-Stuyvesant,Midtown,18-06-2016,08:21,8,Morning,Saturday,1,Summer,2,1.26,High,3.1,24.4,1.8
Williamsburg,Harlem,30-03-2016,05:10,5,Night,Wednesday,0,Spring,1,1.12,Low,1.5,44.8,1.0
Fort Greene,Harlem,17-03-2016,23:47,23,Evening,Thursday,0,Spring,1,3.64,Low,14.0,15.6,1.0
Chelsea,Inwood,22-01-2016,22:47,22,Evening,Friday,0,Winter,1,0.67,Low,6.6,6.1,1.0
Hell's Kitchen,Bedford-Stuyvesant,26-01-2016,07:09,7,Morning,Tuesday,0,Winter,4,0.51,Medium,3.7,8.3,1.3
Arverne,Brighton Beach,01-02-2016,23:48,23,Evening,Monday,0,Winter,1,12.72,Low,14.8,51.6,1.0
Chinatown,Upper West Side,04-06-2016,23:59,23,Evening,Saturday,1,Summer,2,5.78,Low,18.9,18.3,1.0
South Slope,Inwood,11-06-2016,03:10,3,Night,Saturday,1,Summer,1,0.93,Low,6.0,9.3,1.0
Williamsburg,Upper West Side,18-02-2016,09:54,9,Morning,Thursday,0,Winter,4,2.16,High,17.7,7.3,1.8
Upper West Side,East Harlem,27-04-2016,19:36,19,Evening,Wednesday,0,Spring,1,8.56,High,25.0,20.5,1.8
Clinton Hill,Midtown,16-02-2016,10:12,10,Morning,Tuesday,0,Winter,1,1.63,Medium,6.8,14.4,1.3
Crown Heights,Upper West Side,15-06-2016,18:43,18,Evening,Wednesday,0,Summer,1,2.41,High,6.2,23.3,1.8
Bedford-Stuyvesant,Fort Greene,06-01-2016,08:31,8,Morning,Wednesday,0,Winter,1,2.68,High,10.6,15.2,1.8
Midtown,East Harlem,21-05-2016,11:11,11,Morning,Saturday,1,Spring,2,2.39,Low,8.4,17.1,1.0
Upper West Side,West Village,02-03-2016,07:36,7,Morning,Wednesday,0,Spring,1,0.53,Medium,3.0,10.6,1.3
Bedford-Stuyvesant,Midtown,12-05-2016,07:12,7,Morning,Thursday,0,Spring,1,1.53,Medium,7.3,12.6,1.3
East Harlem,Fort Greene,24-04-2016,14:06,14,Afternoon,Sunday,1,Spring,2,9.49,Low,22.4,25.4,1.0
Fort Greene,Midtown,25-01-2016,17:34,17,Afternoon,Monday,0,Winter,1,4.29,High,16.5,15.6,1.8
East Harlem,Fort Greene,10-06-2016,07:00,7,Morning,Friday,0,Summer,1,2.42,Medium,6.9,21.0,1.3
Oakwood,Bensonhurst,27-01-2016,21:33,21,Evening,Wednesday,0,Winter,5,11.46,Low,23.7,29.0,1.0
Harlem,Clinton Hill,23-04-2016,21:49,21,Evening,Saturday,1,Spring,3,2.16,Low,19.8,6.5,1.0
Kensington,Tottenville,22-03-2016,22:06,22,Evening,Tuesday,0,Spring,1,16.31,Low,34.0,28.8,1.0
Bedford-Stuyvesant,Harlem,02-03-2016,08:53,8,Morning,Wednesday,0,Spring,1,2.2,High,10.4,12.7,1.8
Inwood,Crown Heights,22-04-2016,23:55,23,Evening,Friday,0,Spring,1,4.01,Low,21.8,11.0,1.0
Bedford-Stuyvesant,Kensington,10-01-2016,06:46,6,Morning,Sunday,1,Winter,1,15.29,Low,21.7,42.3,1.0
East Harlem,Bedford-Stuyvesant,24-05-2016,16:45,16,Afternoon,Tuesday,0,Spring,2,1.25,Medium,7.0,10.7,1.3
Great Kills,New Dorp Beach,21-05-2016,21:45,21,Evening,Saturday,1,Spring,2,25.23,Low,32.8,46.2,1.0
Park Slope,Harlem,14-04-2016,17:50,17,Afternoon,Thursday,0,Spring,1,1.59,High,8.1,11.8,1.8
Harlem,South Slope,19-01-2016,18:43,18,Evening,Tuesday,0,Winter,1,1.89,High,10.5,10.8,1.8
Arden Heights,Arverne,27-04-2016,16:12,16,Afternoon,Wednesday,0,Spring,1,10.56,Medium,36.6,17.3,1.3
Tottenville,Tottenville,04-05-2016,11:34,11,Morning,Wednesday,0,Spring,1,4.19,Low,14.0,18.0,1.0
Tottenville,Rossville,01-06-2016,20:06,20,Evening,Wednesday,0,Summer,1,25.41,Medium,40.1,38.0,1.3
Harlem,Fort Greene,01-06-2016,18:56,18,Evening,Wednesday,0,Summer,1,3.63,High,16.6,13.1,1.8
Bayswater,Arden Heights,20-04-2016,07:53,7,Morning,Wednesday,0,Spring,3,10.39,Medium,21.7,28.7,1.3
East Harlem,Greenpoint,04-01-2016,09:36,9,Morning,Monday,0,Winter,1,1.35,High,9.0,9.0,1.8
Harlem,Fort Greene,30-03-2016,17:49,17,Afternoon,Wednesday,0,Spring,1,1.08,High,4.9,13.2,1.8
Rockaway Beach,Bath Beach,04-02-2016,15:26,15,Afternoon,Thursday,0,Winter,5,1.46,Low,9.0,9.7,1.0
Murray Hill,Williamsburg,12-01-2016,23:37,23,Evening,Tuesday,0,Winter,2,2.77,Low,8.4,19.8,1.0
Crown Heights,East Harlem,02-05-2016,11:51,11,Morning,Monday,0,Spring,1,5.28,Low,13.6,23.3,1.0
Upper West Side,Bedford-Stuyvesant,07-03-2016,18:17,18,Evening,Monday,0,Spring,1,2.47,High,15.7,9.4,1.8
Tottenville,Prince's Bay,20-02-2016,12:49,12,Afternoon,Saturday,1,Winter,1,21.74,Low,43.7,29.8,1.0
Harlem,Hell's Kitchen,27-04-2016,12:20,12,Afternoon,Wednesday,0,Spring,2,2.48,Low,12.4,12.0,1.0
Fort Hamilton,Coney Island,02-04-2016,10:00,10,Morning,Saturday,1,Spring,1,6.64,Medium,26.4,15.1,1.3
Hell's Kitchen,Chelsea,31-01-2016,23:39,23,Evening,Sunday,1,Winter,1,0.88,Low,6.7,7.9,1.0
South Slope,Harlem,18-06-2016,13:55,13,Afternoon,Saturday,1,Summer,1,1.45,Low,11.3,7.7,1.0
East Harlem,South Slope,13-05-2016,11:23,11,Morning,Friday,0,Spring,1,1.31,Low,11.1,7.1,1.0
Arden Heights,Randall Manor,23-06-2016,12:12,12,Afternoon,Thursday,0,Summer,2,12.71,Low,56.6,13.5,1.0
Hell's Kitchen,Kensington,13-03-2016,04:51,4,Night,Sunday,1,Spring,5,3.53,Low,10.1,21.0,1.0
Upper West Side,Clinton Hill,29-02-2016,14:37,14,Afternoon,Monday,0,Winter,1,3.0,Low,12.0,15.0,1.0
Long Island City,Inwood,03-03-2016,00:32,0,Night,Thursday,0,Spring,1,2.41,Low,8.0,18.1,1.0
Clinton Hill,South Slope,09-01-2016,13:39,13,Afternoon,Saturday,1,Winter,2,3.03,Low,12.4,14.7,1.0
Crown Heights,Hell's Kitchen,19-03-2016,23:18,23,Evening,Saturday,1,Spring,1,13.43,Low,20.5,39.3,1.0
Hell's Kitchen,Bedford-Stuyvesant,25-05-2016,17:54,17,Afternoon,Wednesday,0,Spring,1,3.43,High,35.7,5.8,1.8
West Village,East Harlem,23-02-2016,06:19,6,Morning,Tuesday,0,Winter,1,2.79,Low,7.4,22.6,1.0
Great Kills,Brighton Beach,02-02-2016,23:47,23,Evening,Tuesday,0,Winter,1,9.13,Low,16.3,33.6,1.0
"Bay Terrace, Staten Island",Midwood,10-06-2016,14:46,14,Afternoon,Friday,0,Summer,1,10.11,Low,26.1,23.2,1.0
Harlem,Chinatown,04-06-2016,22:55,22,Evening,Saturday,1,Summer,6,5.9,Low,19.4,18.2,1.0
Midtown,Upper West Side,04-06-2016,19:35,19,Evening,Saturday,1,Summer,2,3.32,High,12.7,15.7,1.8
Rossville,Tottenville,03-05-2016,16:40,16,Afternoon,Tuesday,0,Spring,1,25.2,Medium,71.9,21.0,1.3
Williamsburg,South Slope,09-01-2016,01:24,1,Night,Saturday,1,Winter,1,7.14,Low,22.1,19.4,1.0
Upper West Side,Upper West Side,12-01-2016,21:51,21,Evening,Tuesday,0,Winter,6,7.38,Low,11.7,37.8,1.0
"Bay Terrace, Staten Island",Flatlands,14-06-2016,08:12,8,Morning,Tuesday,0,Summer,1,13.98,High,47.8,17.5,1.8
Harlem,Upper West Side,05-04-2016,01:43,1,Night,Tuesday,0,Spring,6,6.46,Low,11.8,32.8,1.0
Tottenville,Huguenot,23-04-2016,23:14,23,Evening,Saturday,1,Spring,2,25.49,Low,34.2,44.7,1.0
Bedford-Stuyvesant,Harlem,19-03-2016,17:28,17,Afternoon,Saturday,1,Spring,2,1.0,High,3.5,17.1,1.8
Harlem,Murray Hill,06-03-2016,13:44,13,Afternoon,Sunday,1,Spring,1,0.87,Low,3.0,17.4,1.0
Kensington,Upper West Side,29-01-2016,06:51,6,Morning,Friday,0,Winter,1,3.24,Low,15.7,12.4,1.0
Arrochar,Gravesend,20-01-2016,06:51,6,Morning,Wednesday,0,Winter,1,0.94,Low,3.1,18.2,1.0
Long Island City,Upper West Side,08-06-2016,22:13,22,Evening,Wednesday,0,Summer,3,10.13,Low,17.3,35.1,1.0
Upper West Side,Chinatown,24-05-2016,15:28,15,Afternoon,Tuesday,0,Spring,1,1.13,Low,24.3,2.8,1.0
Upper West Side,Hell's Kitchen,12-01-2016,20:25,20,Evening,Tuesday,0,Winter,1,2.59,Medium,5.4,28.8,1.3
Harlem,Bedford-Stuyvesant,07-02-2016,20:58,20,Evening,Sunday,1,Winter,1,2.1,Medium,4.4,28.6,1.3
Upper West Side,East Harlem,24-05-2016,13:48,13,Afternoon,Tuesday,0,Spring,1,1.34,Low,8.0,10.0,1.0
South Slope,Kensington,27-03-2016,11:24,11,Morning,Sunday,1,Spring,1,0.98,Low,7.2,8.2,1.0
Greenpoint,East Harlem,04-05-2016,11:16,11,Morning,Wednesday,0,Spring,1,5.06,Low,28.9,10.5,1.0
Murray Hill,Harlem,11-02-2016,18:26,18,Evening,Thursday,0,Winter,6,1.72,High,5.1,20.2,1.8
Midtown,Bedford-Stuyvesant,01-05-2016,15:51,15,Afternoon,Sunday,1,Spring,2,4.18,Low,12.2,20.6,1.0
Park Slope,Inwood,03-06-2016,20:30,20,Evening,Friday,0,Summer,2,1.01,Medium,5.7,10.6,1.3
Harlem,Chinatown,16-02-2016,14:15,14,Afternoon,Tuesday,0,Winter,1,2.62,Low,14.7,10.7,1.0
Upper West Side,Crown Heights,24-01-2016,17:21,17,Afternoon,Sunday,1,Winter,2,0.66,High,1.8,22.0,1.8
Bedford-Stuyvesant,Kensington,31-03-2016,02:35,2,Night,Thursday,0,Spring,1,6.01,Low,12.8,28.2,1.0
West Village,Clinton Hill,10-03-2016,00:50,0,Night,Thursday,0,Spring,1,1.21,Low,5.2,14.0,1.0
Upper West Side,Fort Greene,23-04-2016,04:16,4,Night,Saturday,1,Spring,1,4.68,Low,12.2,23.0,1.0
Hell's Kitchen,Harlem,07-05-2016,22:26,22,Evening,Saturday,1,Spring,1,1.05,Low,5.4,11.7,1.0
Upper West Side,Harlem,07-01-2016,12:51,12,Afternoon,Thursday,0,Winter,1,1.89,Low,10.2,11.1,1.0
Chelsea,South Slope,04-04-2016,22:39,22,Evening,Monday,0,Spring,1,0.8,Low,2.9,16.6,1.0
Harlem,Inwood,27-02-2016,23:48,23,Evening,Saturday,1,Winter,1,6.52,Low,27.4,14.3,1.0
Harlem,West Village,09-02-2016,18:45,18,Evening,Tuesday,0,Winter,1,1.26,High,8.9,8.5,1.8
East Harlem,Upper West Side,19-02-2016,19:29,19,Evening,Friday,0,Winter,1,2.53,High,7.8,19.5,1.8
East Harlem,Harlem,22-02-2016,16:57,16,Afternoon,Monday,0,Winter,1,2.82,Medium,13.0,13.0,1.3
Harlem,Bedford-Stuyvesant,23-05-2016,21:39,21,Evening,Monday,0,Spring,1,5.44,Low,19.7,16.6,1.0
Harlem,Chelsea,19-04-2016,14:10,14,Afternoon,Tuesday,0,Spring,1,0.52,Low,2.7,11.6,1.0
South Slope,East Harlem,16-01-2016,20:01,20,Evening,Saturday,1,Winter,1,2.16,Medium,11.0,11.8,1.3
South Slope,Harlem,20-01-2016,20:28,20,Evening,Wednesday,0,Winter,1,12.25,Medium,12.1,60.7,1.3
Harlem,Park Slope,13-01-2016,12:18,12,Afternoon,Wednesday,0,Winter,1,2.27,Low,8.7,15.7,1.0
Williamsburg,Harlem,30-05-2016,00:46,0,Night,Monday,0,Spring,2,1.1,Low,3.3,20.0,1.0
Upper West Side,East Village,13-06-2016,00:20,0,Night,Monday,0,Summer,1,1.99,Low,8.8,13.6,1.0
East Harlem,East Harlem,06-06-2016,03:30,3,Night,Monday,0,Summer,1,0.17,Low,27.3,0.4,1.0
Kensington,Upper West Side,20-04-2016,21:50,21,Evening,Wednesday,0,Spring,2,4.47,Low,15.1,17.8,1.0
East Harlem,Bedford-Stuyvesant,14-05-2016,00:12,0,Night,Saturday,1,Spring,1,6.4,Low,14.2,27.0,1.0
Midwood,Eltingville,08-02-2016,20:44,20,Evening,Monday,0,Winter,5,16.85,Medium,21.1,47.9,1.3
Murray Hill,Upper West Side,06-05-2016,16:51,16,Afternoon,Friday,0,Spring,1,0.26,Medium,8.4,1.9,1.3
Bedford-Stuyvesant,East Harlem,11-06-2016,07:54,7,Morning,Saturday,1,Summer,1,2.19,Medium,15.7,8.4,1.3
Kensington,Upper West Side,22-03-2016,19:59,19,Evening,Tuesday,0,Spring,1,2.67,High,11.2,14.3,1.8
Tottenville,Eltingville,08-01-2016,10:15,10,Morning,Friday,0,Winter,1,25.75,Medium,54.2,28.5,1.3
Murray Hill,Murray Hill,18-02-2016,21:50,21,Evening,Thursday,0,Winter,1,3.16,Low,15.2,12.5,1.0
East Harlem,Park Slope,04-01-2016,20:37,20,Evening,Monday,0,Winter,1,2.87,Medium,9.5,18.1,1.3
Kensington,South Slope,25-03-2016,12:28,12,Afternoon,Friday,0,Spring,1,2.51,Low,9.5,15.9,1.0
Bedford-Stuyvesant,East Harlem,25-02-2016,19:12,19,Evening,Thursday,0,Winter,1,1.4,High,10.6,7.9,1.8
Hell's Kitchen,Bedford-Stuyvesant,09-01-2016,16:03,16,Afternoon,Saturday,1,Winter,1,4.18,Medium,18.0,13.9,1.3
Harlem,East Harlem,27-05-2016,16:12,16,Afternoon,Friday,0,Spring,2,1.64,Medium,6.4,15.4,1.3
Upper West Side,Upper West Side,15-04-2016,11:53,11,Morning,Friday,0,Spring,1,2.25,Low,17.4,7.8,1.0
Clinton Hill,Harlem,16-02-2016,13:50,13,Afternoon,Tuesday,0,Winter,1,1.17,Low,10.0,7.0,1.0
East Harlem,Upper West Side,13-06-2016,14:24,14,Afternoon,Monday,0,Summer,2,1.34,Low,6.2,13.0,1.0
Upper West Side,Clinton Hill,02-02-2016,09:01,9,Morning,Tuesday,0,Winter,1,2.76,High,22.2,7.5,1.8
East Harlem,Chelsea,02-01-2016,18:41,18,Evening,Saturday,1,Winter,4,1.12,High,10.2,6.6,1.8
Bedford-Stuyvesant,Bedford-Stuyvesant,12-02-2016,13:31,13,Afternoon,Friday,0,Winter,1,0.99,Low,20.2,2.9,1.0
West Village,East Harlem,01-04-2016,09:22,9,Morning,Friday,0,Spring,2,1.15,High,4.4,15.7,1.8
East Harlem,East Harlem,14-03-2016,09:24,9,Morning,Monday,0,Spring,1,2.04,High,12.2,10.0,1.8
Upper West Side,Clinton Hill,29-03-2016,09:02,9,Morning,Tuesday,0,Spring,1,1.32,High,14.0,5.7,1.8
Hell's Kitchen,Upper West Side,13-06-2016,11:48,11,Morning,Monday,0,Summer,1,1.26,Low,4.0,18.9,1.0
Midtown,Crown Heights,09-05-2016,22:09,22,Evening,Monday,0,Spring,1,1.0,Low,3.8,15.8,1.0
Bay Ridge,Gravesend,17-04-2016,09:07,9,Morning,Sunday,1,Spring,2,7.42,High,34.2,13.0,1.8
Bedford-Stuyvesant,Harlem,09-05-2016,09:10,9,Morning,Monday,0,Spring,3,2.68,High,11.4,14.1,1.8
Harlem,Harlem,29-01-2016,05:48,5,Night,Friday,0,Winter,1,1.37,Low,3.6,22.8,1.0
Bedford-Stuyvesant,West Village,01-05-2016,02:48,2,Night,Sunday,1,Spring,1,3.26,Low,17.7,11.1,1.0
Harlem,West Village,14-02-2016,17:22,17,Afternoon,Sunday,1,Winter,1,1.28,High,21.2,3.6,1.8
Chinatown,Upper West Side,06-06-2016,12:37,12,Afternoon,Monday,0,Summer,1,1.66,Low,8.4,11.9,1.0
Upper West Side,Williamsburg,29-05-2016,20:52,20,Evening,Sunday,1,Spring,1,4.04,Medium,17.6,13.8,1.3
Bedford-Stuyvesant,Chinatown,06-06-2016,23:14,23,Evening,Monday,0,Summer,1,0.76,Low,3.2,14.2,1.0
Crown Heights,South Slope,22-01-2016,15:30,15,Afternoon,Friday,0,Winter,1,1.13,Low,2.3,29.5,1.0
Fort Greene,West Village,16-01-2016,02:37,2,Night,Saturday,1,Winter,5,2.76,Low,6.8,24.4,1.0
Harlem,South Slope,31-05-2016,08:53,8,Morning,Tuesday,0,Spring,1,4.82,High,31.0,9.3,1.8
Park Slope,Park Slope,26-03-2016,01:46,1,Night,Saturday,1,Spring,1,2.15,Low,6.8,19.0,1.0
Harlem,Upper West Side,19-01-2016,15:53,15,Afternoon,Tuesday,0,Winter,1,2.64,Low,26.9,5.9,1.0
Bedford-Stuyvesant,South Slope,06-04-2016,19:29,19,Evening,Wednesday,0,Spring,1,5.61,High,15.9,21.2,1.8
Upper West Side,Upper West Side,09-03-2016,07:12,7,Morning,Wednesday,0,Spring,3,3.29,Medium,11.0,17.9,1.3
Harlem,Upper West Side,09-03-2016,05:41,5,Night,Wednesday,0,Spring,1,5.92,Low,20.6,17.2,1.0
South Slope,Clinton Hill,04-06-2016,21:21,21,Evening,Saturday,1,Summer,1,2.39,Low,9.8,14.6,1.0
East Harlem,Murray Hill,27-03-2016,18:03,18,Evening,Sunday,1,Spring,2,1.64,High,13.5,7.3,1.8
Kensington,Upper West Side,04-02-2016,20:15,20,Evening,Thursday,0,Winter,2,1.94,Medium,5.9,19.7,1.3
Harlem,East Harlem,23-02-2016,10:07,10,Morning,Tuesday,0,Winter,1,2.5,Medium,9.4,16.0,1.3
Midwood,Great Kills,22-01-2016,07:13,7,Morning,Friday,0,Winter,1,15.88,Medium,20.3,46.9,1.3
Crown Heights,Bedford-Stuyvesant,02-02-2016,07:51,7,Morning,Tuesday,0,Winter,1,0.85,Medium,3.3,15.5,1.3
Harlem,Hell's Kitchen,08-04-2016,10:26,10,Morning,Friday,0,Spring,1,8.7,Medium,34.2,15.3,1.3
West Village,South Slope,18-02-2016,13:23,13,Afternoon,Thursday,0,Winter,2,0.74,Low,3.3,13.5,1.0
Clinton Hill,Midtown,25-05-2016,21:42,21,Evening,Wednesday,0,Spring,1,2.36,Low,14.6,9.7,1.0
Upper West Side,Harlem,10-02-2016,07:00,7,Morning,Wednesday,0,Winter,1,3.73,Medium,12.2,18.3,1.3
Harlem,Crown Heights,04-01-2016,12:21,12,Afternoon,Monday,0,Winter,1,3.84,Low,22.5,10.2,1.0
Fort Greene,Inwood,28-06-2016,11:02,11,Morning,Tuesday,0,Summer,5,1.5,Low,6.2,14.5,1.0
West Village,Chinatown,06-03-2016,13:51,13,Afternoon,Sunday,1,Spring,1,0.97,Low,3.9,14.9,1.0
East Harlem,Chinatown,07-04-2016,03:28,3,Night,Thursday,0,Spring,1,4.22,Low,6.2,40.8,1.0
Inwood,Harlem,08-01-2016,20:39,20,Evening,Friday,0,Winter,1,1.19,Medium,4.0,17.8,1.3
East Harlem,Hell's Kitchen,15-03-2016,13:50,13,Afternoon,Tuesday,0,Spring,2,3.08,Low,19.3,9.6,1.0
Tottenville,Tottenville,25-03-2016,19:01,19,Evening,Friday,0,Spring,1,29.06,High,43.1,40.5,1.8
Bedford-Stuyvesant,East Harlem,15-03-2016,00:50,0,Night,Tuesday,0,Spring,5,7.42,Low,18.3,24.3,1.0
Upper West Side,Upper West Side,20-03-2016,12:12,12,Afternoon,Sunday,1,Spring,1,2.53,Low,11.8,12.9,1.0
Midtown,Chinatown,14-03-2016,21:33,21,Evening,Monday,0,Spring,1,1.35,Low,5.7,14.2,1.0
Inwood,East Harlem,24-05-2016,19:34,19,Evening,Tuesday,0,Spring,1,2.4,High,12.9,11.2,1.8
Midwood,Midwood,11-06-2016,17:45,17,Afternoon,Saturday,1,Summer,4,1.85,High,6.9,16.1,1.8
West Village,Bedford-Stuyvesant,29-03-2016,19:47,19,Evening,Tuesday,0,Spring,1,3.16,High,10.5,18.1,1.8
Clinton Hill,Midtown,18-06-2016,15:05,15,Afternoon,Saturday,1,Summer,6,2.29,Low,6.9,19.9,1.0
Hell's Kitchen,Bedford-Stuyvesant,02-05-2016,11:05,11,Morning,Monday,0,Spring,1,3.9,Low,15.8,14.8,1.0
Chelsea,Murray Hill,21-01-2016,18:20,18,Evening,Thursday,0,Winter,1,2.31,High,8.7,15.9,1.8
Harlem,South Slope,28-04-2016,11:22,11,Morning,Thursday,0,Spring,1,2.97,Low,10.2,17.5,1.0
Clinton Hill,Bedford-Stuyvesant,28-01-2016,18:24,18,Evening,Thursday,0,Winter,3,4.59,High,26.8,10.3,1.8
Crown Heights,Chelsea,13-04-2016,19:18,19,Evening,Wednesday,0,Spring,1,1.93,High,12.2,9.5,1.8
West Village,Harlem,12-02-2016,09:52,9,Morning,Friday,0,Winter,4,1.62,High,12.6,7.7,1.8
Upper West Side,South Slope,23-04-2016,13:31,13,Afternoon,Saturday,1,Spring,1,0.39,Low,3.0,7.8,1.0
Hell's Kitchen,South Slope,03-03-2016,18:01,18,Evening,Thursday,0,Spring,3,1.94,High,9.1,12.8,1.8
South Slope,Murray Hill,02-02-2016,06:57,6,Morning,Tuesday,0,Winter,1,2.65,Low,9.0,17.7,1.0
Bay Ridge,Midwood,10-03-2016,20:24,20,Evening,Thursday,0,Spring,3,0.97,Medium,7.0,8.3,1.3
Clinton Hill,East Harlem,05-02-2016,17:41,17,Afternoon,Friday,0,Winter,1,3.06,High,10.2,18.0,1.8
East Harlem,Midtown,16-06-2016,13:24,13,Afternoon,Thursday,0,Summer,1,2.31,Low,7.2,19.2,1.0
Midtown,Harlem,23-05-2016,06:30,6,Morning,Monday,0,Spring,1,0.95,Low,2.2,25.9,1.0
Upper West Side,Inwood,04-05-2016,20:19,20,Evening,Wednesday,0,Spring,1,2.7,Medium,14.0,11.6,1.3
Harlem,Bedford-Stuyvesant,10-02-2016,19:03,19,Evening,Wednesday,0,Winter,1,3.6,High,13.7,15.8,1.8
East Harlem,Crown Heights,15-01-2016,20:36,20,Evening,Friday,0,Winter,2,6.94,Medium,14.3,29.1,1.3
Kensington,Inwood,20-06-2016,18:38,18,Evening,Monday,0,Summer,2,0.76,High,12.7,3.6,1.8
Upper West Side,Bedford-Stuyvesant,30-04-2016,03:16,3,Night,Saturday,1,Spring,1,1.1,Low,10.0,6.6,1.0
East Harlem,Harlem,05-02-2016,06:50,6,Morning,Friday,0,Winter,1,1.13,Low,4.8,14.1,1.0
East Harlem,Bedford-Stuyvesant,18-03-2016,07:56,7,Morning,Friday,0,Spring,1,1.6,Medium,8.3,11.6,1.3
Midtown,East Harlem,07-05-2016,21:01,21,Evening,Saturday,1,Spring,1,5.37,Low,20.6,15.6,1.0
Clinton Hill,Park Slope,17-04-2016,18:13,18,Evening,Sunday,1,Spring,1,3.12,High,13.1,14.3,1.8
Upper West Side,Harlem,02-05-2016,18:16,18,Evening,Monday,0,Spring,1,3.14,High,15.2,12.4,1.8
Fort Greene,Fort Greene,03-04-2016,22:57,22,Evening,Sunday,1,Spring,1,0.96,Low,2.6,22.2,1.0
Park Slope,Harlem,02-03-2016,18:56,18,Evening,Wednesday,0,Spring,5,3.38,High,15.4,13.2,1.8
Fort Greene,Murray Hill,01-05-2016,21:15,21,Evening,Sunday,1,Spring,1,2.89,Low,8.0,21.7,1.0
Bedford-Stuyvesant,Bedford-Stuyvesant,12-03-2016,17:50,17,Afternoon,Saturday,1,Spring,1,0.15,High,5.3,1.7,1.8
Harlem,Harlem,23-04-2016,14:50,14,Afternoon,Saturday,1,Spring,1,2.04,Low,13.2,9.3,1.0
Murray Hill,East Harlem,06-03-2016,00:37,0,Night,Sunday,1,Spring,1,0.61,Low,2.9,12.6,1.0
Hell's Kitchen,South Slope,27-02-2016,12:07,12,Afternoon,Saturday,1,Winter,2,3.54,Low,11.0,19.3,1.0
Harlem,Harlem,19-04-2016,06:41,6,Morning,Tuesday,0,Spring,1,0.89,Low,3.2,16.7,1.0
East Harlem,Park Slope,15-05-2016,13:20,13,Afternoon,Sunday,1,Spring,1,0.86,Low,6.4,8.1,1.0
Arrochar,South Beach,11-04-2016,22:24,22,Evening,Monday,0,Spring,1,0.55,Low,2.5,13.2,1.0
Murray Hill,Murray Hill,03-02-2016,07:13,7,Morning,Wednesday,0,Winter,1,1.36,Medium,5.7,14.3,1.3
Midtown,Kensington,26-05-2016,22:34,22,Evening,Thursday,0,Spring,3,2.76,Low,7.6,21.8,1.0
Bensonhurst,Castleton Corners,02-02-2016,10:49,10,Morning,Tuesday,0,Winter,1,1.79,Medium,13.5,8.0,1.3
Bedford-Stuyvesant,Clinton Hill,10-03-2016,09:28,9,Morning,Thursday,0,Spring,1,1.53,High,4.9,18.7,1.8
Greenpoint,West Village,07-02-2016,17:55,17,Afternoon,Sunday,1,Winter,5,2.07,High,8.8,14.1,1.8
Murray Hill,Bedford-Stuyvesant,26-06-2016,17:11,17,Afternoon,Sunday,1,Summer,1,5.9,High,16.4,21.6,1.8
Murray Hill,Upper West Side,14-04-2016,20:27,20,Evening,Thursday,0,Spring,1,3.03,Medium,9.7,18.7,1.3
Murray Hill,Kensington,16-02-2016,07:52,7,Morning,Tuesday,0,Winter,1,1.89,Medium,9.4,12.1,1.3
Bedford-Stuyvesant,South Slope,02-03-2016,21:43,21,Evening,Wednesday,0,Spring,1,8.57,Low,14.9,34.5,1.0
Upper West Side,Kensington,04-04-2016,07:21,7,Morning,Monday,0,Spring,1,2.64,Medium,8.4,18.9,1.3
Bedford-Stuyvesant,Upper West Side,06-02-2016,20:34,20,Evening,Saturday,1,Winter,1,0.33,Medium,2.7,7.3,1.3
Inwood,Bedford-Stuyvesant,03-06-2016,14:48,14,Afternoon,Friday,0,Summer,5,1.29,Low,12.2,6.3,1.0
Arden Heights,Sheepshead Bay,03-06-2016,00:36,0,Night,Friday,0,Summer,1,12.27,Low,24.0,30.7,1.0
Bedford-Stuyvesant,Crown Heights,04-03-2016,14:53,14,Afternoon,Friday,0,Spring,1,1.76,Low,8.0,13.2,1.0
Clinton Hill,East Harlem,08-05-2016,15:56,15,Afternoon,Sunday,1,Spring,1,0.4,Low,2.4,10.0,1.0
Upper West Side,Upper West Side,07-03-2016,20:58,20,Evening,Monday,0,Spring,1,6.37,Medium,16.9,22.6,1.3
Harlem,Williamsburg,22-01-2016,20:44,20,Evening,Friday,0,Winter,1,0.91,Medium,3.4,16.1,1.3
East Harlem,Upper West Side,18-02-2016,19:23,19,Evening,Thursday,0,Winter,1,1.37,High,7.9,10.4,1.8
Upper West Side,Bedford-Stuyvesant,23-06-2016,06:32,6,Morning,Thursday,0,Summer,1,2.18,Low,2.9,45.1,1.0
Chelsea,Chelsea,02-03-2016,18:27,18,Evening,Wednesday,0,Spring,1,0.47,High,2.4,11.7,1.8
Park Slope,Bedford-Stuyvesant,26-01-2016,22:33,22,Evening,Tuesday,0,Winter,1,2.61,Low,15.0,10.4,1.0
Far Rockaway,Sheepshead Bay,22-03-2016,21:49,21,Evening,Tuesday,0,Spring,2,0.44,Low,1.1,24.0,1.0
Borough Park,Woodrow,18-04-2016,07:05,7,Morning,Monday,0,Spring,1,16.11,Medium,28.8,33.6,1.3
Park Slope,Park Slope,08-03-2016,14:45,14,Afternoon,Tuesday,0,Spring,1,0.93,Low,11.5,4.9,1.0
Harlem,Murray Hill,04-02-2016,15:00,15,Afternoon,Thursday,0,Winter,1,5.47,Low,25.2,13.0,1.0
Harlem,Bedford-Stuyvesant,03-06-2016,03:04,3,Night,Friday,0,Summer,2,1.72,Low,3.8,27.2,1.0
East Harlem,Harlem,18-02-2016,15:19,15,Afternoon,Thursday,0,Winter,1,1.48,Low,8.8,10.1,1.0
Bedford-Stuyvesant,Upper West Side,24-04-2016,14:22,14,Afternoon,Sunday,1,Spring,1,2.54,Low,6.5,23.4,1.0
Kensington,Crown Heights,07-05-2016,20:32,20,Evening,Saturday,1,Spring,1,3.1,Medium,14.8,12.6,1.3
East Harlem,Hell's Kitchen,27-02-2016,21:47,21,Evening,Saturday,1,Winter,2,3.26,Low,18.4,10.6,1.0
Upper West Side,Harlem,05-03-2016,18:01,18,Evening,Saturday,1,Spring,1,1.0,High,4.7,12.8,1.8
Harlem,Fort Greene,13-03-2016,12:14,12,Afternoon,Sunday,1,Spring,2,6.17,Low,14.4,25.7,1.0
Upper West Side,Hell's Kitchen,23-03-2016,00:27,0,Night,Wednesday,0,Spring,1,2.06,Low,9.9,12.5,1.0
Brighton Beach,Brighton Beach,21-02-2016,22:26,22,Evening,Sunday,1,Winter,2,3.59,Low,18.5,11.6,1.0
Upper West Side,Hell's Kitchen,05-02-2016,10:38,10,Morning,Friday,0,Winter,1,2.68,Medium,30.0,5.4,1.3
Arverne,Far Rockaway,06-02-2016,19:55,19,Evening,Saturday,1,Winter,1,1.91,High,6.6,17.4,1.8
Murray Hill,East Harlem,22-01-2016,14:51,14,Afternoon,Friday,0,Winter,2,2.08,Low,14.1,8.9,1.0
Clinton Hill,Upper West Side,18-01-2016,21:45,21,Evening,Monday,0,Winter,1,2.61,Low,10.0,15.7,1.0
Kensington,East Harlem,15-03-2016,13:54,13,Afternoon,Tuesday,0,Spring,1,2.22,Low,7.8,17.1,1.0
Bedford-Stuyvesant,Clinton Hill,28-03-2016,00:36,0,Night,Monday,0,Spring,1,9.66,Low,14.6,39.7,1.0
Harlem,Upper West Side,12-03-2016,07:40,7,Morning,Saturday,1,Spring,1,1.17,Medium,7.6,9.2,1.3
Prince's Bay,Tottenville,16-03-2016,06:21,6,Morning,Wednesday,0,Spring,1,24.29,Low,35.4,41.2,1.0
Harlem,Murray Hill,10-04-2016,17:05,17,Afternoon,Sunday,1,Spring,1,3.18,High,20.0,9.5,1.8
Harlem,East Harlem,18-06-2016,22:40,22,Evening,Saturday,1,Summer,1,3.53,Low,9.9,21.4,1.0
Harlem,Harlem,11-02-2016,23:38,23,Evening,Thursday,0,Winter,2,4.37,Low,17.2,15.2,1.0
Tottenville,Prince's Bay,25-02-2016,03:43,3,Night,Thursday,0,Winter,1,16.24,Low,26.1,37.3,1.0
Harlem,Harlem,07-03-2016,21:14,21,Evening,Monday,0,Spring,6,2.54,Low,7.4,20.6,1.0
Bedford-Stuyvesant,Crown Heights,17-06-2016,18:09,18,Evening,Friday,0,Summer,1,6.46,High,22.1,17.5,1.8
Bedford-Stuyvesant,Harlem,05-01-2016,13:17,13,Afternoon,Tuesday,0,Winter,1,3.61,Low,16.6,13.0,1.0
Inwood,Bedford-Stuyvesant,31-03-2016,00:44,0,Night,Thursday,0,Spring,1,2.57,Low,6.3,24.5,1.0
Chinatown,Upper West Side,07-04-2016,18:57,18,Evening,Thursday,0,Spring,1,1.64,High,7.9,12.5,1.8
Bedford-Stuyvesant,Bedford-Stuyvesant,18-03-2016,18:48,18,Evening,Friday,0,Spring,1,4.61,High,28.6,9.7,1.8
Greenpoint,Inwood,12-02-2016,02:38,2,Night,Friday,0,Winter,6,0.4,Low,3.4,7.1,1.0
Bedford-Stuyvesant,Midtown,12-01-2016,11:34,11,Morning,Tuesday,0,Winter,1,2.21,Low,17.1,7.8,1.0
Fort Greene,East Harlem,06-03-2016,00:02,0,Night,Sunday,1,Spring,1,3.36,Low,10.6,19.0,1.0
Murray Hill,East Harlem,30-04-2016,20:43,20,Evening,Saturday,1,Spring,4,1.1,Medium,3.2,20.6,1.3
Harlem,Murray Hill,09-04-2016,21:01,21,Evening,Saturday,1,Spring,1,2.13,Low,16.0,8.0,1.0
Bedford-Stuyvesant,Clinton Hill,06-06-2016,09:17,9,Morning,Monday,0,Summer,1,0.83,High,6.0,8.3,1.8
Upper West Side,Midtown,23-05-2016,08:34,8,Morning,Monday,0,Spring,1,1.82,High,8.6,12.7,1.8
Upper West Side,Fort Greene,08-06-2016,19:29,19,Evening,Wednesday,0,Summer,5,2.43,High,12.5,11.7,1.8
Park Slope,Murray Hill,27-02-2016,17:52,17,Afternoon,Saturday,1,Winter,1,2.67,High,11.3,14.2,1.8
East Harlem,Williamsburg,23-04-2016,13:32,13,Afternoon,Saturday,1,Spring,4,5.39,Low,12.1,26.7,1.0
Bedford-Stuyvesant,Upper West Side,01-04-2016,14:42,14,Afternoon,Friday,0,Spring,1,2.31,Low,10.2,13.6,1.0
Upper West Side,West Village,19-02-2016,17:34,17,Afternoon,Friday,0,Winter,2,1.35,High,4.0,20.2,1.8
Hell's Kitchen,Upper West Side,14-02-2016,16:11,16,Afternoon,Sunday,1,Winter,1,2.64,Medium,6.5,24.4,1.3
Windsor Terrace,Kensington,02-06-2016,23:01,23,Evening,Thursday,0,Summer,1,3.43,Low,22.7,9.1,1.0
South Slope,Upper West Side,12-03-2016,15:38,15,Afternoon,Saturday,1,Spring,1,1.33,Low,5.2,15.3,1.0
East Harlem,Bedford-Stuyvesant,15-05-2016,15:50,15,Afternoon,Sunday,1,Spring,1,1.18,Low,6.5,10.9,1.0
Bedford-Stuyvesant,Harlem,15-03-2016,16:57,16,Afternoon,Tuesday,0,Spring,1,1.33,Medium,6.0,13.3,1.3
Chinatown,East Harlem,08-05-2016,20:50,20,Evening,Sunday,1,Spring,1,1.6,Medium,6.3,15.2,1.3
Upper West Side,East Harlem,05-06-2016,18:09,18,Evening,Sunday,1,Summer,1,1.0,High,2.6,23.1,1.8
Park Slope,East Harlem,22-06-2016,00:09,0,Night,Wednesday,0,Summer,1,3.47,Low,9.2,22.6,1.0
East Harlem,West Village,21-05-2016,13:37,13,Afternoon,Saturday,1,Spring,1,1.6,Low,4.8,20.0,1.0
Park Slope,Murray Hill,05-01-2016,23:36,23,Evening,Tuesday,0,Winter,1,2.18,Low,8.4,15.6,1.0
Chinatown,South Slope,14-01-2016,22:43,22,Evening,Thursday,0,Winter,1,6.38,Low,15.9,24.1,1.0
Harlem,Hell's Kitchen,15-04-2016,15:13,15,Afternoon,Friday,0,Spring,1,1.88,Low,8.5,13.3,1.0
Fort Hamilton,Grymes Hill,16-03-2016,10:50,10,Morning,Wednesday,0,Spring,1,2.06,Medium,16.8,7.4,1.3
South Slope,East Harlem,21-01-2016,22:06,22,Evening,Thursday,0,Winter,2,1.85,Low,5.1,21.8,1.0
Upper West Side,Upper West Side,09-03-2016,17:59,17,Afternoon,Wednesday,0,Spring,2,7.03,High,26.0,16.2,1.8
Upper West Side,Williamsburg,18-06-2016,10:02,10,Morning,Saturday,1,Summer,1,3.5,Medium,6.8,30.9,1.3
Clinton Hill,East Harlem,08-02-2016,14:04,14,Afternoon,Monday,0,Winter,3,2.01,Low,9.2,13.1,1.0
Oakwood,Bensonhurst,08-03-2016,11:26,11,Morning,Tuesday,0,Spring,1,11.35,Low,47.0,14.5,1.0
Upper West Side,Clinton Hill,24-04-2016,13:07,13,Afternoon,Sunday,1,Spring,1,4.22,Low,16.9,15.0,1.0
East Harlem,Harlem,13-05-2016,18:58,18,Evening,Friday,0,Spring,2,4.23,High,37.7,6.7,1.8
Murray Hill,Williamsburg,27-02-2016,22:51,22,Evening,Saturday,1,Winter,2,2.25,Low,13.0,10.4,1.0
Upper West Side,Greenpoint,14-02-2016,11:32,11,Morning,Sunday,1,Winter,2,4.52,Low,20.1,13.5,1.0
Inwood,East Harlem,14-05-2016,00:13,0,Night,Saturday,1,Spring,1,8.97,Low,28.2,19.1,1.0
West Village,East Harlem,06-06-2016,10:47,10,Morning,Monday,0,Summer,2,3.38,Medium,21.5,9.4,1.3
Upper West Side,Park Slope,08-01-2016,08:10,8,Morning,Friday,0,Winter,1,0.75,High,2.8,16.1,1.8
Fort Greene,East Harlem,21-05-2016,20:27,20,Evening,Saturday,1,Spring,1,1.15,Medium,11.8,5.8,1.3
Park Slope,East Harlem,08-04-2016,12:42,12,Afternoon,Friday,0,Spring,2,6.66,Low,21.4,18.7,1.0
Arden Heights,Midwood,29-03-2016,21:34,21,Evening,Tuesday,0,Spring,1,12.52,Low,23.3,32.2,1.0
Harlem,Chinatown,16-01-2016,22:26,22,Evening,Saturday,1,Winter,2,1.89,Low,8.7,13.0,1.0
Upper West Side,Upper West Side,08-03-2016,14:23,14,Afternoon,Tuesday,0,Spring,1,1.95,Low,9.7,12.1,1.0
Bedford-Stuyvesant,Upper West Side,02-02-2016,18:44,18,Evening,Tuesday,0,Winter,5,2.44,High,16.2,9.0,1.8
Fort Greene,Fort Greene,17-03-2016,17:48,17,Afternoon,Thursday,0,Spring,1,2.86,High,14.4,11.9,1.8
Harlem,Clinton Hill,10-03-2016,20:00,20,Evening,Thursday,0,Spring,5,1.94,Medium,13.5,8.6,1.3
Kensington,Harlem,04-06-2016,23:31,23,Evening,Saturday,1,Summer,1,5.92,Low,14.0,25.4,1.0
Bedford-Stuyvesant,Kensington,11-03-2016,13:13,13,Afternoon,Friday,0,Spring,1,1.06,Low,9.7,6.6,1.0
Bedford-Stuyvesant,Bedford-Stuyvesant,12-02-2016,22:06,22,Evening,Friday,0,Winter,2,2.11,Low,18.4,6.9,1.0
Hell's Kitchen,Upper West Side,23-01-2016,03:05,3,Night,Saturday,1,Winter,2,4.18,Low,14.1,17.8,1.0
Harlem,East Harlem,24-06-2016,12:36,12,Afternoon,Friday,0,Summer,1,4.42,Low,23.6,11.2,1.0
Williamsburg,Harlem,23-04-2016,22:27,22,Evening,Saturday,1,Spring,4,8.06,Low,32.4,14.9,1.0
Fort Greene,Park Slope,12-04-2016,21:10,21,Evening,Tuesday,0,Spring,1,3.7,Low,8.8,25.2,1.0
Harlem,Harlem,02-05-2016,08:20,8,Morning,Monday,0,Spring,1,3.78,High,16.4,13.8,1.8
Hell's Kitchen,Upper West Side,07-06-2016,18:06,18,Evening,Tuesday,0,Summer,5,0.5,High,2.2,13.6,1.8
West Village,Fort Greene,29-04-2016,10:02,10,Morning,Friday,0,Spring,2,2.26,Medium,15.0,9.0,1.3
South Slope,Harlem,13-04-2016,12:28,12,Afternoon,Wednesday,0,Spring,1,2.97,Low,31.4,5.7,1.0
Bedford-Stuyvesant,Murray Hill,22-05-2016,22:35,22,Evening,Sunday,1,Spring,1,1.05,Low,4.4,14.3,1.0
West Village,Chinatown,26-01-2016,10:34,10,Morning,Tuesday,0,Winter,1,0.82,Medium,11.1,4.4,1.3
Harlem,Harlem,14-02-2016,14:38,14,Afternoon,Sunday,1,Winter,1,0.56,Low,12.2,2.8,1.0
East Harlem,Hell's Kitchen,08-06-2016,08:18,8,Morning,Wednesday,0,Summer,1,1.61,High,9.0,10.7,1.8
East Harlem,Upper West Side,28-04-2016,20:03,20,Evening,Thursday,0,Spring,1,3.01,Medium,9.6,18.8,1.3
Bay Ridge,Grymes Hill,09-02-2016,20:13,20,Evening,Tuesday,0,Winter,1,1.05,Medium,4.2,15.0,1.3
East Harlem,Kensington,03-02-2016,15:41,15,Afternoon,Wednesday,0,Winter,5,1.91,Low,12.7,9.0,1.0
Crown Heights,Chinatown,27-03-2016,15:06,15,Afternoon,Sunday,1,Spring,1,1.39,Low,6.6,12.6,1.0
Tottenville,Great Kills,01-05-2016,21:17,21,Evening,Sunday,1,Spring,2,22.95,Low,35.4,38.9,1.0
Upper West Side,East Harlem,06-06-2016,20:12,20,Evening,Monday,0,Summer,2,0.41,Medium,2.1,11.7,1.3
South Slope,South Slope,26-02-2016,21:47,21,Evening,Friday,0,Winter,1,0.88,Low,2.6,20.3,1.0
Upper West Side,East Harlem,29-01-2016,10:59,10,Morning,Friday,0,Winter,1,3.65,Medium,9.9,22.1,1.3
Greenpoint,Upper West Side,05-05-2016,08:27,8,Morning,Thursday,0,Spring,1,0.6,High,4.0,9.0,1.8
Arden Heights,Canarsie,26-06-2016,21:22,21,Evening,Sunday,1,Summer,5,12.7,Low,17.8,42.8,1.0
Fort Greene,Harlem,15-05-2016,14:41,14,Afternoon,Sunday,1,Spring,1,1.5,Low,6.2,14.5,1.0
Inwood,Upper West Side,17-06-2016,15:43,15,Afternoon,Friday,0,Summer,2,4.92,Low,28.5,10.4,1.0
Bedford-Stuyvesant,Upper West Side,23-04-2016,14:52,14,Afternoon,Saturday,1,Spring,1,0.82,Low,3.7,13.3,1.0
East Harlem,East Harlem,12-05-2016,12:44,12,Afternoon,Thursday,0,Spring,2,1.42,Low,6.8,12.5,1.0
Chinatown,Bedford-Stuyvesant,15-03-2016,00:44,0,Night,Tuesday,0,Spring,1,8.68,Low,20.1,25.9,1.0
Fort Hamilton,Bath Beach,14-05-2016,07:27,7,Morning,Saturday,1,Spring,2,4.75,Medium,12.5,22.8,1.3
East Harlem,East Harlem,21-03-2016,18:14,18,Evening,Monday,0,Spring,1,5.15,High,21.8,14.2,1.8
Kensington,Bedford-Stuyvesant,10-02-2016,13:38,13,Afternoon,Wednesday,0,Winter,5,1.21,Low,19.8,3.7,1.0
South Slope,West Village,20-04-2016,18:27,18,Evening,Wednesday,0,Spring,1,8.05,High,30.4,15.9,1.8
East Harlem,Fort Greene,27-03-2016,14:21,14,Afternoon,Sunday,1,Spring,2,3.6,Low,15.0,14.4,1.0
Bedford-Stuyvesant,Hell's Kitchen,06-02-2016,01:34,1,Night,Saturday,1,Winter,4,2.11,Low,10.2,12.4,1.0
Upper West Side,Midtown,17-04-2016,22:11,22,Evening,Sunday,1,Spring,1,2.05,Low,9.8,12.6,1.0
Murray Hill,Murray Hill,13-04-2016,17:36,17,Afternoon,Wednesday,0,Spring,1,2.59,High,6.9,22.5,1.8
East Harlem,Upper West Side,18-04-2016,19:12,19,Evening,Monday,0,Spring,1,3.09,High,19.3,9.6,1.8
Chinatown,West Village,18-05-2016,07:48,7,Morning,Wednesday,0,Spring,1,1.53,Medium,11.7,7.8,1.3
Tottenville,Eltingville,04-03-2016,18:53,18,Evening,Friday,0,Spring,5,23.45,High,48.2,29.2,1.8
West Village,South Slope,08-01-2016,17:25,17,Afternoon,Friday,0,Winter,6,3.01,High,14.6,12.4,1.8
Hell's Kitchen,West Village,12-03-2016,13:27,13,Afternoon,Saturday,1,Spring,1,0.88,Low,3.9,13.5,1.0
Fort Greene,Chinatown,11-05-2016,12:59,12,Afternoon,Wednesday,0,Spring,1,2.87,Low,30.9,5.6,1.0
Hell's Kitchen,South Slope,20-05-2016,02:33,2,Night,Friday,0,Spring,1,3.54,Low,15.1,14.1,1.0
Upper West Side,Bedford-Stuyvesant,29-03-2016,12:58,12,Afternoon,Tuesday,0,Spring,1,0.7,Low,7.6,5.5,1.0
West Village,Kensington,29-05-2016,09:47,9,Morning,Sunday,1,Spring,2,1.0,High,4.8,12.5,1.8
Harlem,Bushwick,24-06-2016,20:34,20,Evening,Friday,0,Summer,4,2.1,Medium,17.2,7.3,1.3
Harlem,Fort Greene,03-01-2016,04:46,4,Night,Sunday,1,Winter,2,8.78,Low,23.0,22.9,1.0
Clinton Hill,Hell's Kitchen,17-05-2016,23:50,23,Evening,Tuesday,0,Spring,1,2.6,Low,8.6,18.1,1.0
South Slope,Upper West Side,14-06-2016,14:08,14,Afternoon,Tuesday,0,Summer,1,0.8,Low,3.6,13.3,1.0
Upper West Side,Upper West Side,27-04-2016,18:37,18,Evening,Wednesday,0,Spring,1,4.14,High,29.8,8.3,1.8
Crown Heights,Upper West Side,05-02-2016,21:19,21,Evening,Friday,0,Winter,5,10.68,Low,22.9,28.0,1.0
Arverne,Rockaway Beach,30-05-2016,11:09,11,Morning,Monday,0,Spring,1,6.98,Low,15.4,27.2,1.0
Upper West Side,Harlem,06-06-2016,17:43,17,Afternoon,Monday,0,Summer,2,0.39,High,3.2,7.3,1.8
Williamsburg,Park Slope,19-03-2016,22:13,22,Evening,Saturday,1,Spring,1,0.5,Low,2.2,13.6,1.0
Chinatown,Clinton Hill,08-04-2016,08:37,8,Morning,Friday,0,Spring,1,1.15,High,8.4,8.2,1.8
Bedford-Stuyvesant,Bedford-Stuyvesant,26-01-2016,08:38,8,Morning,Tuesday,0,Winter,1,1.38,High,6.7,12.4,1.8
Kensington,West Village,11-05-2016,11:48,11,Morning,Wednesday,0,Spring,1,1.8,Low,5.3,20.4,1.0
Bedford-Stuyvesant,South Slope,31-01-2016,22:43,22,Evening,Sunday,1,Winter,1,3.04,Low,12.5,14.6,1.0
Upper West Side,Clinton Hill,04-06-2016,07:35,7,Morning,Saturday,1,Summer,1,3.29,Medium,17.3,11.4,1.3
Murray Hill,Midtown,28-06-2016,07:46,7,Morning,Tuesday,0,Summer,1,2.58,Medium,13.2,11.7,1.3
Bedford-Stuyvesant,Upper West Side,02-01-2016,13:58,13,Afternoon,Saturday,1,Winter,2,1.93,Low,7.2,16.1,1.0
East Harlem,Harlem,18-04-2016,17:14,17,Afternoon,Monday,0,Spring,1,1.67,High,5.3,18.9,1.8
Tottenville,Tottenville,29-02-2016,21:25,21,Evening,Monday,0,Winter,1,18.07,Low,23.1,46.9,1.0
Arden Heights,Far Rockaway,11-03-2016,18:48,18,Evening,Friday,0,Spring,1,10.9,High,30.2,21.7,1.8
East Harlem,Bedford-Stuyvesant,06-01-2016,11:01,11,Morning,Wednesday,0,Winter,1,1.95,Low,10.7,10.9,1.0
Bedford-Stuyvesant,Upper West Side,12-01-2016,16:49,16,Afternoon,Tuesday,0,Winter,2,0.97,Medium,4.0,14.6,1.3
East Harlem,Hell's Kitchen,07-04-2016,18:16,18,Evening,Thursday,0,Spring,1,1.97,High,10.5,11.3,1.8
Flatlands,Arverne,09-02-2016,20:10,20,Evening,Tuesday,0,Winter,3,2.07,Medium,10.0,12.4,1.3
Upper West Side,Midtown,25-02-2016,15:03,15,Afternoon,Thursday,0,Winter,1,1.84,Low,19.4,5.7,1.0
Fort Greene,Bedford-Stuyvesant,19-05-2016,18:51,18,Evening,Thursday,0,Spring,4,1.63,High,11.6,8.4,1.8
Clinton Hill,South Slope,12-04-2016,13:31,13,Afternoon,Tuesday,0,Spring,1,5.29,Low,27.1,11.7,1.0
Bedford-Stuyvesant,Harlem,24-02-2016,17:51,17,Afternoon,Wednesday,0,Winter,4,0.91,High,16.9,3.2,1.8
Greenpoint,Bedford-Stuyvesant,24-02-2016,01:57,1,Night,Wednesday,0,Winter,1,7.83,Low,18.2,25.8,1.0
Bedford-Stuyvesant,Harlem,16-02-2016,14:12,14,Afternoon,Tuesday,0,Winter,1,4.35,Low,26.6,9.8,1.0
Bedford-Stuyvesant,Upper West Side,01-05-2016,14:11,14,Afternoon,Sunday,1,Spring,1,0.52,Low,2.7,11.6,1.0
Inwood,Upper West Side,10-04-2016,02:11,2,Night,Sunday,1,Spring,5,1.28,Low,9.2,8.3,1.0
Clinton Hill,East Harlem,26-04-2016,23:20,23,Evening,Tuesday,0,Spring,1,1.37,Low,2.8,29.4,1.0
Crown Heights,Bedford-Stuyvesant,11-06-2016,21:29,21,Evening,Saturday,1,Summer,1,3.62,Low,16.9,12.9,1.0
East Harlem,Harlem,18-01-2016,19:37,19,Evening,Monday,0,Winter,1,1.07,High,2.7,23.8,1.8
Upper West Side,Midtown,19-02-2016,08:48,8,Morning,Friday,0,Winter,1,2.1,High,10.1,12.5,1.8
Chinatown,Midtown,11-03-2016,11:50,11,Morning,Friday,0,Spring,1,1.81,Low,9.1,11.9,1.0
Sheepshead Bay,Sheepshead Bay,07-01-2016,22:37,22,Evening,Thursday,0,Winter,1,3.3,Low,11.6,17.1,1.0
East Harlem,Upper West Side,18-03-2016,18:34,18,Evening,Friday,0,Spring,2,1.67,High,2.8,35.8,1.8
Harlem,Williamsburg,27-04-2016,02:54,2,Night,Wednesday,0,Spring,1,2.98,Low,11.9,15.0,1.0
Fort Greene,Hell's Kitchen,08-04-2016,16:38,16,Afternoon,Friday,0,Spring,1,0.95,Medium,7.7,7.4,1.3
Bedford-Stuyvesant,East Harlem,06-01-2016,20:20,20,Evening,Wednesday,0,Winter,1,2.32,Medium,5.7,24.4,1.3
Park Slope,Fort Greene,25-01-2016,01:25,1,Night,Monday,0,Winter,1,2.32,Low,9.4,14.8,1.0
Oakwood,Bensonhurst,03-01-2016,12:11,12,Afternoon,Sunday,1,Winter,1,10.05,Low,14.0,43.1,1.0
Hell's Kitchen,Williamsburg,19-05-2016,02:12,2,Night,Thursday,0,Spring,1,1.19,Low,2.7,26.4,1.0
South Slope,Williamsburg,03-06-2016,23:03,23,Evening,Friday,0,Summer,1,3.77,Low,9.8,23.1,1.0
Midtown,Upper East Side,04-05-2016,11:21,11,Morning,Wednesday,0,Spring,1,3.34,Low,16.5,12.1,1.0
Murray Hill,Williamsburg,01-03-2016,19:25,19,Evening,Tuesday,0,Spring,1,1.29,High,4.1,18.9,1.8
Bedford-Stuyvesant,Clinton Hill,16-02-2016,16:41,16,Afternoon,Tuesday,0,Winter,1,5.24,Medium,26.7,11.8,1.3
Harlem,Upper West Side,09-01-2016,17:23,17,Afternoon,Saturday,1,Winter,1,1.97,High,11.7,10.1,1.8
Harlem,East Harlem,23-06-2016,08:44,8,Morning,Thursday,0,Summer,1,1.44,High,14.3,6.0,1.8
East Harlem,Bedford-Stuyvesant,01-05-2016,13:15,13,Afternoon,Sunday,1,Spring,5,3.89,Low,16.1,14.5,1.0
East Harlem,Hell's Kitchen,26-06-2016,22:08,22,Evening,Sunday,1,Summer,1,11.55,Low,20.5,33.8,1.0
Harlem,Upper West Side,06-05-2016,08:43,8,Morning,Friday,0,Spring,1,2.74,High,20.7,7.9,1.8
Midwood,Rockaway Beach,09-05-2016,09:52,9,Morning,Monday,0,Spring,1,1.64,High,10.4,9.5,1.8
Upper West Side,Murray Hill,09-02-2016,22:24,22,Evening,Tuesday,0,Winter,1,4.79,Low,11.6,24.8,1.0
Harlem,Upper West Side,19-02-2016,23:22,23,Evening,Friday,0,Winter,6,1.22,Low,4.4,16.6,1.0
East Harlem,East Harlem,04-02-2016,18:59,18,Evening,Thursday,0,Winter,1,1.54,High,9.3,9.9,1.8
Flatbush,Crown Heights,05-03-2016,23:43,23,Evening,Saturday,1,Spring,1,3.18,Low,21.7,8.8,1.0
Midwood,Fort Hamilton,02-02-2016,09:03,9,Morning,Tuesday,0,Winter,1,1.73,High,20.8,5.0,1.8
Crown Heights,East Harlem,16-01-2016,20:42,20,Evening,Saturday,1,Winter,1,7.43,Medium,24.8,18.0,1.3
Harlem,Upper West Side,20-04-2016,13:48,13,Afternoon,Wednesday,0,Spring,1,1.88,Low,16.8,6.7,1.0
Midtown,South Slope,25-06-2016,14:35,14,Afternoon,Saturday,1,Summer,2,5.77,Low,32.1,10.8,1.0
Upper West Side,East Harlem,29-06-2016,06:54,6,Morning,Wednesday,0,Summer,1,2.01,Low,10.7,11.3,1.0
Williamsburg,Harlem,23-06-2016,21:17,21,Evening,Thursday,0,Summer,5,2.43,Low,7.4,19.7,1.0
Fort Greene,Upper West Side,31-03-2016,18:04,18,Evening,Thursday,0,Spring,1,1.92,High,14.3,8.1,1.8
Upper West Side,East Harlem,04-06-2016,23:18,23,Evening,Saturday,1,Summer,1,11.52,Low,35.0,19.7,1.0
Concord,Bensonhurst,27-02-2016,10:48,10,Morning,Saturday,1,Winter,2,3.37,Medium,12.6,16.0,1.3
Harlem,Upper West Side,09-04-2016,20:12,20,Evening,Saturday,1,Spring,1,1.9,Medium,9.0,12.7,1.3
Park Slope,Bedford-Stuyvesant,19-02-2016,23:29,23,Evening,Friday,0,Winter,1,7.72,Low,26.6,17.4,1.0
Kensington,Bedford-Stuyvesant,23-04-2016,13:27,13,Afternoon,Saturday,1,Spring,1,5.14,Low,18.7,16.5,1.0
South Slope,East Harlem,03-03-2016,08:50,8,Morning,Thursday,0,Spring,5,1.6,High,6.0,16.0,1.8
South Slope,South Slope,15-06-2016,09:36,9,Morning,Wednesday,0,Summer,1,2.75,High,13.0,12.7,1.8
East Harlem,Upper West Side,09-04-2016,15:24,15,Afternoon,Saturday,1,Spring,6,4.24,Low,25.8,9.9,1.0
East Harlem,East Harlem,11-01-2016,02:30,2,Night,Monday,0,Winter,1,0.13,Low,12.2,0.6,1.0
Great Kills,Bay Ridge,31-03-2016,11:54,11,Morning,Thursday,0,Spring,1,12.25,Low,22.2,33.1,1.0
East Harlem,Park Slope,03-02-2016,14:37,14,Afternoon,Wednesday,0,Winter,1,1.55,Low,11.9,7.8,1.0
Upper West Side,Hell's Kitchen,27-02-2016,00:01,0,Night,Saturday,1,Winter,1,0.47,Low,31.0,0.9,1.0
East Village,Kensington,10-02-2016,06:08,6,Morning,Wednesday,0,Winter,1,1.39,Low,4.7,17.7,1.0
Bedford-Stuyvesant,West Village,24-01-2016,18:25,18,Evening,Sunday,1,Winter,1,1.41,High,2.7,31.3,1.8
Upper West Side,Upper West Side,23-05-2016,11:39,11,Morning,Monday,0,Spring,1,2.81,Low,26.2,6.4,1.0
Park Slope,Murray Hill,12-01-2016,21:07,21,Evening,Tuesday,0,Winter,1,1.34,Low,6.1,13.2,1.0
Upper West Side,Bedford-Stuyvesant,28-04-2016,19:40,19,Evening,Thursday,0,Spring,1,3.18,High,9.8,19.5,1.8
Sheepshead Bay,Westerleigh,14-03-2016,07:21,7,Morning,Monday,0,Spring,1,5.37,Medium,21.2,15.2,1.3
Upper West Side,West Village,14-05-2016,18:40,18,Evening,Saturday,1,Spring,2,3.33,High,6.7,29.8,1.8
West Village,Chelsea,14-04-2016,22:40,22,Evening,Thursday,0,Spring,3,4.8,Low,15.0,19.2,1.0
Flatbush,Coney Island,16-01-2016,03:57,3,Night,Saturday,1,Winter,2,11.77,Low,16.0,44.1,1.0
Harlem,Kensington,04-01-2016,13:24,13,Afternoon,Monday,0,Winter,1,1.51,Low,5.3,17.1,1.0
Midtown,Harlem,24-02-2016,08:00,8,Morning,Wednesday,0,Winter,1,1.0,High,11.4,5.3,1.8
Oakwood,Arverne,05-04-2016,16:37,16,Afternoon,Tuesday,0,Spring,1,10.15,Medium,29.5,20.6,1.3
Harlem,South Slope,26-04-2016,19:56,19,Evening,Tuesday,0,Spring,2,0.56,High,6.2,5.4,1.8
Clinton Hill,Harlem,31-03-2016,08:28,8,Morning,Thursday,0,Spring,1,2.65,High,7.6,20.9,1.8
Williamsburg,Long Island City,03-04-2016,01:35,1,Night,Sunday,1,Spring,1,4.54,Low,16.7,16.3,1.0
Hell's Kitchen,Fort Greene,22-04-2016,09:38,9,Morning,Friday,0,Spring,1,1.78,High,15.3,7.0,1.8
Upper West Side,Hell's Kitchen,29-03-2016,09:36,9,Morning,Tuesday,0,Spring,1,1.28,High,5.2,14.8,1.8
Midtown,East Harlem,27-05-2016,20:17,20,Evening,Friday,0,Spring,2,1.49,Medium,6.2,14.4,1.3
Clinton Hill,East Harlem,07-04-2016,21:21,21,Evening,Thursday,0,Spring,1,4.6,Low,19.8,13.9,1.0
Murray Hill,Bedford-Stuyvesant,14-05-2016,11:03,11,Morning,Saturday,1,Spring,3,2.17,Low,4.4,29.6,1.0
East Harlem,Fort Greene,09-05-2016,18:33,18,Evening,Monday,0,Spring,1,2.47,High,12.6,11.8,1.8
Clinton Hill,East Harlem,19-01-2016,20:50,20,Evening,Tuesday,0,Winter,1,0.52,Medium,1.5,20.8,1.3
Clinton Hill,Clinton Hill,28-02-2016,09:40,9,Morning,Sunday,1,Winter,1,2.95,High,10.2,17.4,1.8
South Slope,Williamsburg,09-06-2016,14:45,14,Afternoon,Thursday,0,Summer,1,0.26,Low,0.7,22.3,1.0
Rossville,Tottenville,11-03-2016,20:40,20,Evening,Friday,0,Spring,1,6.05,Medium,5.8,62.6,1.3
Fort Greene,Williamsburg,11-04-2016,18:02,18,Evening,Monday,0,Spring,1,2.0,High,9.1,13.2,1.8
Bedford-Stuyvesant,Midtown,01-02-2016,18:08,18,Evening,Monday,0,Winter,3,1.75,High,8.6,12.2,1.8
Sheepshead Bay,Sheepshead Bay,27-03-2016,08:09,8,Morning,Sunday,1,Spring,5,0.6,High,2.7,13.3,1.8
South Slope,Hell's Kitchen,15-05-2016,03:12,3,Night,Sunday,1,Spring,1,2.6,Low,6.9,22.6,1.0
Kensington,Kensington,19-06-2016,14:55,14,Afternoon,Sunday,1,Summer,2,1.18,Low,4.9,14.4,1.0
Kensington,East Harlem,30-01-2016,19:23,19,Evening,Saturday,1,Winter,2,0.79,High,3.0,15.8,1.8
Sheepshead Bay,Arden Heights,27-06-2016,05:08,5,Night,Monday,0,Summer,1,13.01,Low,23.8,32.8,1.0
Williamsburg,East Harlem,02-04-2016,03:29,3,Night,Saturday,1,Spring,1,2.87,Low,12.1,14.2,1.0
Arden Heights,Bay Ridge,07-06-2016,19:44,19,Evening,Tuesday,0,Summer,1,13.48,High,32.2,25.1,1.8
Williamsburg,Upper West Side,30-03-2016,18:47,18,Evening,Wednesday,0,Spring,6,4.53,High,25.2,10.8,1.8
Murray Hill,Upper West Side,09-06-2016,18:39,18,Evening,Thursday,0,Summer,1,6.64,High,31.8,12.5,1.8
West Village,Bedford-Stuyvesant,11-01-2016,19:07,19,Evening,Monday,0,Winter,1,3.03,High,15.1,12.0,1.8
Clinton Hill,Williamsburg,29-02-2016,14:31,14,Afternoon,Monday,0,Winter,2,2.82,Low,11.9,14.2,1.0
Chinatown,Hell's Kitchen,15-05-2016,21:43,21,Evening,Sunday,1,Spring,1,7.25,Low,24.9,17.5,1.0
Bedford-Stuyvesant,Clinton Hill,23-04-2016,21:58,21,Evening,Saturday,1,Spring,1,1.86,Low,13.2,8.5,1.0
Murray Hill,South Slope,16-03-2016,19:10,19,Evening,Wednesday,0,Spring,1,2.46,High,17.0,8.7,1.8
Bedford-Stuyvesant,Harlem,25-04-2016,07:04,7,Morning,Monday,0,Spring,5,1.72,Medium,5.4,19.1,1.3
"Bay Terrace, Staten Island",Dongan Hills,27-03-2016,21:13,21,Evening,Sunday,1,Spring,1,7.93,Low,13.1,36.3,1.0
Upper West Side,Upper West Side,07-04-2016,00:57,0,Night,Thursday,0,Spring,2,0.93,Low,1.8,31.0,1.0
South Slope,South Slope,13-03-2016,12:11,12,Afternoon,Sunday,1,Spring,1,2.9,Low,10.3,16.9,1.0
Upper West Side,Murray Hill,15-02-2016,21:53,21,Evening,Monday,0,Winter,1,3.63,Low,11.5,18.9,1.0
Williamsburg,Fort Greene,25-02-2016,11:12,11,Morning,Thursday,0,Winter,1,1.12,Low,6.4,10.5,1.0
Tottenville,Prince's Bay,12-06-2016,21:31,21,Evening,Sunday,1,Summer,2,25.28,Low,45.6,33.3,1.0
Chinatown,Upper West Side,04-01-2016,12:26,12,Afternoon,Monday,0,Winter,1,1.53,Low,6.6,13.9,1.0
Harlem,Chinatown,10-01-2016,14:07,14,Afternoon,Sunday,1,Winter,6,1.24,Low,4.0,18.6,1.0
East Harlem,Fort Greene,15-06-2016,14:35,14,Afternoon,Wednesday,0,Summer,1,1.01,Low,8.9,6.8,1.0
Huguenot,Tottenville,06-05-2016,14:10,14,Afternoon,Friday,0,Spring,1,23.09,Low,42.2,32.8,1.0
Bedford-Stuyvesant,East Harlem,04-03-2016,15:35,15,Afternoon,Friday,0,Spring,5,2.73,Low,14.7,11.1,1.0
Chinatown,Kensington,19-05-2016,08:00,8,Morning,Thursday,0,Spring,1,3.5,High,17.8,11.8,1.8
Murray Hill,West Village,13-03-2016,15:10,15,Afternoon,Sunday,1,Spring,1,1.55,Low,5.8,16.0,1.0
Hell's Kitchen,Harlem,17-06-2016,15:19,15,Afternoon,Friday,0,Summer,4,1.92,Low,9.0,12.8,1.0
Upper West Side,Upper West Side,01-04-2016,20:01,20,Evening,Friday,0,Spring,1,1.19,Medium,10.3,6.9,1.3
Upper West Side,Williamsburg,01-02-2016,16:39,16,Afternoon,Monday,0,Winter,1,1.6,Medium,10.8,8.9,1.3
Upper West Side,Clinton Hill,08-01-2016,05:39,5,Night,Friday,0,Winter,1,7.75,Low,10.1,46.0,1.0
Bedford-Stuyvesant,Murray Hill,16-01-2016,14:46,14,Afternoon,Saturday,1,Winter,1,1.74,Low,8.3,12.6,1.0
Bedford-Stuyvesant,Bedford-Stuyvesant,07-05-2016,13:41,13,Afternoon,Saturday,1,Spring,1,1.0,Low,5.8,10.3,1.0
Upper West Side,Upper West Side,17-04-2016,17:06,17,Afternoon,Sunday,1,Spring,3,1.8,High,15.2,7.1,1.8
Windsor Terrace,Chelsea,24-06-2016,01:45,1,Night,Friday,0,Summer,2,3.12,Low,8.8,21.3,1.0
West Village,Midtown,22-05-2016,16:51,16,Afternoon,Sunday,1,Spring,1,2.17,Medium,6.7,19.4,1.3
Inwood,Upper West Side,23-02-2016,17:22,17,Afternoon,Tuesday,0,Winter,1,3.97,High,11.2,21.3,1.8
Murray Hill,Harlem,25-04-2016,12:34,12,Afternoon,Monday,0,Spring,1,2.05,Low,16.2,7.6,1.0
Upper West Side,Murray Hill,21-06-2016,17:07,17,Afternoon,Tuesday,0,Summer,1,4.1,High,16.9,14.6,1.8
Bedford-Stuyvesant,East Harlem,19-05-2016,18:14,18,Evening,Thursday,0,Spring,1,1.14,High,8.8,7.8,1.8
Hell's Kitchen,Murray Hill,12-03-2016,16:22,16,Afternoon,Saturday,1,Spring,2,2.49,Medium,17.3,8.6,1.3
Upper West Side,Williamsburg,18-01-2016,08:49,8,Morning,Monday,0,Winter,1,2.65,High,15.3,10.4,1.8
South Slope,Crown Heights,19-04-2016,17:06,17,Afternoon,Tuesday,0,Spring,1,2.12,High,5.7,22.3,1.8
Harlem,East Harlem,10-03-2016,19:57,19,Evening,Thursday,0,Spring,1,6.42,High,10.2,37.8,1.8
Tottenville,"Bay Terrace, Staten Island",06-02-2016,06:25,6,Morning,Saturday,1,Winter,1,24.01,Low,30.0,48.0,1.0
Chinatown,Harlem,25-01-2016,00:21,0,Night,Monday,0,Winter,1,2.58,Low,12.8,12.1,1.0
Harlem,Bedford-Stuyvesant,09-03-2016,20:58,20,Evening,Wednesday,0,Spring,1,2.26,Medium,8.2,16.5,1.3
Harlem,East Harlem,07-02-2016,12:16,12,Afternoon,Sunday,1,Winter,1,5.54,Low,20.1,16.5,1.0
Park Slope,Hell's Kitchen,02-04-2016,01:31,1,Night,Saturday,1,Spring,2,3.97,Low,18.9,12.6,1.0
Harlem,Murray Hill,22-06-2016,08:09,8,Morning,Wednesday,0,Summer,5,1.74,High,6.3,16.6,1.8
Williamsburg,Kensington,01-05-2016,18:46,18,Evening,Sunday,1,Spring,2,1.52,High,10.1,9.0,1.8
Clinton Hill,West Village,21-01-2016,09:31,9,Morning,Thursday,0,Winter,1,2.4,High,11.4,12.6,1.8
Midtown,Murray Hill,20-06-2016,15:52,15,Afternoon,Monday,0,Summer,2,4.79,Low,25.6,11.2,1.0
Park Slope,Park Slope,09-05-2016,22:42,22,Evening,Monday,0,Spring,1,2.76,Low,10.7,15.5,1.0
Great Kills,Great Kills,01-01-2016,01:22,1,Night,Friday,0,Winter,2,4.04,Low,7.9,30.7,1.0
Flatbush,Arden Heights,19-06-2016,15:51,15,Afternoon,Sunday,1,Summer,1,12.96,Low,26.2,29.7,1.0
West Village,Harlem,14-02-2016,13:47,13,Afternoon,Sunday,1,Winter,1,1.15,Low,3.5,19.7,1.0
Upper West Side,Bedford-Stuyvesant,01-05-2016,15:23,15,Afternoon,Sunday,1,Spring,5,1.31,Low,7.4,10.6,1.0
Harlem,East Harlem,15-05-2016,21:04,21,Evening,Sunday,1,Spring,1,0.74,Low,3.4,13.1,1.0
West Brighton,Fort Hamilton,23-06-2016,23:34,23,Evening,Thursday,0,Summer,5,1.11,Low,4.6,14.5,1.0
Upper West Side,Midtown,23-06-2016,09:57,9,Morning,Thursday,0,Summer,2,11.71,High,31.5,22.3,1.8
Bedford-Stuyvesant,East Harlem,29-04-2016,23:53,23,Evening,Friday,0,Spring,1,4.09,Low,13.0,18.9,1.0
Upper West Side,Midtown,16-01-2016,00:58,0,Night,Saturday,1,Winter,1,8.96,Low,20.7,26.0,1.0
West Village,Upper West Side,11-04-2016,03:10,3,Night,Monday,0,Spring,1,5.63,Low,11.3,29.9,1.0
Bedford-Stuyvesant,South Slope,30-06-2016,18:53,18,Evening,Thursday,0,Summer,1,2.97,High,9.2,19.4,1.8
Bay Ridge,Eltingville,14-04-2016,09:19,9,Morning,Thursday,0,Spring,1,13.32,High,32.5,24.6,1.8
Bedford-Stuyvesant,Bedford-Stuyvesant,24-01-2016,17:52,17,Afternoon,Sunday,1,Winter,1,3.11,High,16.1,11.6,1.8
"Bay Terrace, Staten Island",Arverne,02-03-2016,13:44,13,Afternoon,Wednesday,0,Spring,3,11.83,Low,26.0,27.3,1.0
Tottenville,Tottenville,30-03-2016,16:33,16,Afternoon,Wednesday,0,Spring,5,27.53,Medium,49.1,33.6,1.3
Upper West Side,Harlem,20-05-2016,17:39,17,Afternoon,Friday,0,Spring,2,3.89,High,24.9,9.4,1.8
East Harlem,East Harlem,23-06-2016,09:04,9,Morning,Thursday,0,Summer,1,1.49,High,7.0,12.8,1.8
Chelsea,East Harlem,14-01-2016,16:29,16,Afternoon,Thursday,0,Winter,1,3.52,Medium,10.0,21.1,1.3
East Harlem,Murray Hill,12-06-2016,02:06,2,Night,Sunday,1,Summer,1,7.0,Low,16.1,26.1,1.0
Bensonhurst,Bensonhurst,16-02-2016,21:34,21,Evening,Tuesday,0,Winter,1,0.87,Low,7.0,7.5,1.0
Upper West Side,Bedford-Stuyvesant,15-04-2016,13:58,13,Afternoon,Friday,0,Spring,1,1.84,Low,7.3,15.1,1.0
Fort Greene,Bushwick,14-02-2016,03:47,3,Night,Sunday,1,Winter,1,2.86,Low,9.5,18.1,1.0
Harlem,East Harlem,20-03-2016,03:46,3,Night,Sunday,1,Spring,1,1.05,Low,3.6,17.5,1.0
Flatbush,Hell's Kitchen,23-03-2016,19:27,19,Evening,Wednesday,0,Spring,1,2.63,High,11.2,14.1,1.8
East Harlem,South Slope,11-06-2016,00:39,0,Night,Saturday,1,Summer,2,1.93,Low,7.7,15.0,1.0
East Harlem,West Village,12-03-2016,22:04,22,Evening,Saturday,1,Spring,1,1.47,Low,7.2,12.2,1.0
Bedford-Stuyvesant,Harlem,08-05-2016,21:18,21,Evening,Sunday,1,Spring,2,9.05,Low,22.7,23.9,1.0
Fort Greene,Hell's Kitchen,30-06-2016,16:08,16,Afternoon,Thursday,0,Summer,2,4.13,Medium,65.2,3.8,1.3
Bensonhurst,Sheepshead Bay,18-01-2016,11:48,11,Morning,Monday,0,Winter,1,2.14,Low,13.0,9.9,1.0
East Harlem,Kensington,27-06-2016,10:51,10,Morning,Monday,0,Summer,1,2.44,Medium,11.1,13.2,1.3
Greenpoint,Upper West Side,14-04-2016,21:17,21,Evening,Thursday,0,Spring,1,0.87,Low,4.0,13.0,1.0
Eltingville,Tottenville,19-01-2016,04:38,4,Night,Tuesday,0,Winter,1,24.9,Low,37.8,39.5,1.0
East Harlem,Park Slope,12-05-2016,18:37,18,Evening,Thursday,0,Spring,1,1.6,High,10.5,9.1,1.8
Hell's Kitchen,Kensington,24-06-2016,11:52,11,Morning,Friday,0,Summer,5,2.47,Low,9.4,15.8,1.0
South Slope,Upper West Side,04-04-2016,16:02,16,Afternoon,Monday,0,Spring,1,0.95,Medium,4.7,12.1,1.3
Chinatown,Upper West Side,10-02-2016,18:41,18,Evening,Wednesday,0,Winter,1,0.74,High,5.7,7.8,1.8
Harlem,East Harlem,22-04-2016,16:08,16,Afternoon,Friday,0,Spring,1,2.34,Medium,26.2,5.4,1.3
Kensington,Kensington,19-02-2016,08:33,8,Morning,Friday,0,Winter,1,1.16,High,6.8,10.2,1.8
Harlem,Bedford-Stuyvesant,24-05-2016,15:55,15,Afternoon,Tuesday,0,Spring,1,4.73,Low,17.0,16.7,1.0
Bedford-Stuyvesant,Clinton Hill,28-03-2016,08:03,8,Morning,Monday,0,Spring,5,1.03,High,3.8,16.3,1.8
Harlem,Bedford-Stuyvesant,09-01-2016,01:04,1,Night,Saturday,1,Winter,1,7.92,Low,25.9,18.3,1.0
West Village,Harlem,29-05-2016,13:49,13,Afternoon,Sunday,1,Spring,1,0.98,Low,3.6,16.3,1.0
Kensington,Harlem,03-05-2016,14:13,14,Afternoon,Tuesday,0,Spring,1,1.69,Low,9.1,11.1,1.0
Upper West Side,Midtown,15-01-2016,23:32,23,Evening,Friday,0,Winter,1,8.18,Low,18.3,26.8,1.0
Upper West Side,Upper West Side,05-04-2016,18:38,18,Evening,Tuesday,0,Spring,3,3.4,High,19.7,10.4,1.8
Williamsburg,Harlem,01-02-2016,06:32,6,Morning,Monday,0,Winter,2,2.02,Low,5.8,20.9,1.0
Midtown,Harlem,16-01-2016,02:27,2,Night,Saturday,1,Winter,1,2.31,Low,7.1,19.5,1.0
West Village,Upper West Side,09-02-2016,21:29,21,Evening,Tuesday,0,Winter,2,2.08,Low,7.9,15.8,1.0
Williamsburg,Hell's Kitchen,26-02-2016,15:40,15,Afternoon,Friday,0,Winter,1,4.37,Low,19.9,13.2,1.0
South Slope,Inwood,22-01-2016,17:27,17,Afternoon,Friday,0,Winter,1,3.79,High,15.7,14.5,1.8
Bedford-Stuyvesant,Kensington,11-01-2016,21:53,21,Evening,Monday,0,Winter,1,14.31,Low,14.6,58.8,1.0
East Harlem,Bedford-Stuyvesant,06-03-2016,17:45,17,Afternoon,Sunday,1,Spring,1,1.0,High,7.2,8.3,1.8
East Harlem,Murray Hill,12-06-2016,23:48,23,Evening,Sunday,1,Summer,1,1.8,Low,7.4,14.6,1.0
Borough Park,Sheepshead Bay,07-05-2016,23:45,23,Evening,Saturday,1,Spring,5,9.92,Low,14.5,41.0,1.0
Clinton Hill,Bedford-Stuyvesant,28-05-2016,23:06,23,Evening,Saturday,1,Spring,5,4.32,Low,11.8,22.0,1.0
Far Rockaway,Arrochar,12-04-2016,09:17,9,Morning,Tuesday,0,Spring,1,1.94,High,19.4,6.0,1.8
East Harlem,Upper West Side,01-03-2016,20:12,20,Evening,Tuesday,0,Spring,1,4.61,Medium,13.3,20.8,1.3
Clinton Hill,Park Slope,28-05-2016,11:32,11,Morning,Saturday,1,Spring,1,1.97,Low,8.7,13.6,1.0
South Slope,West Village,17-03-2016,23:14,23,Evening,Thursday,0,Spring,1,4.05,Low,10.5,23.1,1.0
Great Kills,Far Rockaway,05-03-2016,18:11,18,Evening,Saturday,1,Spring,1,10.26,High,23.4,26.3,1.8
Upper West Side,Harlem,12-05-2016,17:55,17,Afternoon,Thursday,0,Spring,1,6.74,High,35.6,11.4,1.8
Fort Greene,Kensington,14-04-2016,08:38,8,Morning,Thursday,0,Spring,2,8.39,High,28.2,17.9,1.8
Clinton Hill,Park Slope,17-04-2016,19:31,19,Evening,Sunday,1,Spring,1,2.43,High,15.9,9.2,1.8
Crown Heights,Harlem,01-04-2016,06:14,6,Morning,Friday,0,Spring,2,1.27,Low,3.0,25.4,1.0
Park Slope,Upper West Side,01-06-2016,09:35,9,Morning,Wednesday,0,Summer,5,2.0,High,18.8,6.4,1.8
Bay Ridge,Arden Heights,08-06-2016,11:02,11,Morning,Wednesday,0,Summer,1,13.87,Low,39.4,21.1,1.0
Clinton Hill,Murray Hill,26-03-2016,17:05,17,Afternoon,Saturday,1,Spring,1,7.92,High,16.4,29.0,1.8
Upper West Side,Fort Greene,11-01-2016,14:22,14,Afternoon,Monday,0,Winter,6,1.41,Low,4.7,18.0,1.0
South Slope,Harlem,07-02-2016,17:03,17,Afternoon,Sunday,1,Winter,1,2.26,High,14.9,9.1,1.8
Inwood,Harlem,03-05-2016,22:10,22,Evening,Tuesday,0,Spring,1,0.01,Low,6.8,0.1,1.0
"Bay Terrace, Staten Island",Tottenville,16-03-2016,15:07,15,Afternoon,Wednesday,0,Spring,2,25.32,Low,74.3,20.4,1.0
Williamsburg,Fort Greene,08-06-2016,13:40,13,Afternoon,Wednesday,0,Summer,3,5.29,Low,23.6,13.4,1.0
Clinton Hill,Upper West Side,16-02-2016,10:29,10,Morning,Tuesday,0,Winter,1,3.57,Medium,15.7,13.6,1.3
Chinatown,Chinatown,27-05-2016,10:02,10,Morning,Friday,0,Spring,1,0.57,Medium,8.2,4.2,1.3
Park Slope,East Harlem,09-01-2016,14:29,14,Afternoon,Saturday,1,Winter,1,9.6,Low,20.9,27.6,1.0
Inwood,Clinton Hill,01-05-2016,03:29,3,Night,Sunday,1,Spring,1,3.02,Low,9.8,18.5,1.0
Sheepshead Bay,Sheepshead Bay,07-04-2016,08:36,8,Morning,Thursday,0,Spring,1,7.17,High,30.7,14.0,1.8
East Harlem,Hell's Kitchen,10-05-2016,23:31,23,Evening,Tuesday,0,Spring,1,5.64,Low,20.2,16.8,1.0
Inwood,Upper West Side,20-05-2016,03:53,3,Night,Friday,0,Spring,1,2.24,Low,8.0,16.8,1.0
East Harlem,Chinatown,02-06-2016,13:12,13,Afternoon,Thursday,0,Summer,1,1.29,Low,5.2,14.9,1.0
East Harlem,West Village,09-06-2016,22:59,22,Evening,Thursday,0,Summer,2,1.98,Low,6.1,19.5,1.0
Bath Beach,Bensonhurst,28-05-2016,10:04,10,Morning,Saturday,1,Spring,1,2.55,Medium,7.8,19.6,1.3
Harlem,Clinton Hill,21-01-2016,11:55,11,Morning,Thursday,0,Winter,1,1.01,Low,6.4,9.5,1.0
East Harlem,Midtown,22-04-2016,15:09,15,Afternoon,Friday,0,Spring,5,2.84,Low,22.4,7.6,1.0
Bedford-Stuyvesant,Chelsea,27-04-2016,17:24,17,Afternoon,Wednesday,0,Spring,1,1.11,High,4.5,14.8,1.8
Great Kills,Flatlands,21-06-2016,22:44,22,Evening,Tuesday,0,Summer,3,16.25,Low,35.3,27.6,1.0
Chelsea,Upper West Side,04-04-2016,14:31,14,Afternoon,Monday,0,Spring,1,6.66,Low,20.4,19.6,1.0
Crown Heights,Fort Greene,19-02-2016,19:01,19,Evening,Friday,0,Winter,1,3.04,High,16.8,10.9,1.8
Bedford-Stuyvesant,Fort Greene,30-05-2016,11:13,11,Morning,Monday,0,Spring,1,7.87,Low,14.8,31.9,1.0
Great Kills,Bergen Beach,14-06-2016,13:31,13,Afternoon,Tuesday,0,Summer,1,13.23,Low,52.7,15.1,1.0
Bedford-Stuyvesant,Kensington,15-02-2016,17:32,17,Afternoon,Monday,0,Winter,2,0.89,High,3.8,14.1,1.8
East Village,Harlem,25-04-2016,09:52,9,Morning,Monday,0,Spring,1,1.27,High,5.8,13.1,1.8
Hell's Kitchen,Upper West Side,19-03-2016,14:28,14,Afternoon,Saturday,1,Spring,2,2.16,Low,7.4,17.5,1.0
Hell's Kitchen,Upper West Side,23-04-2016,15:47,15,Afternoon,Saturday,1,Spring,1,2.19,Low,12.2,10.8,1.0
Inwood,Midtown,07-02-2016,23:44,23,Evening,Sunday,1,Winter,1,2.26,Low,10.5,12.9,1.0
Harlem,Harlem,20-04-2016,12:54,12,Afternoon,Wednesday,0,Spring,1,7.9,Low,29.4,16.1,1.0
Bedford-Stuyvesant,Midtown,27-03-2016,19:07,19,Evening,Sunday,1,Spring,4,4.65,High,18.6,15.0,1.8
Midtown,Kensington,27-01-2016,22:45,22,Evening,Wednesday,0,Winter,1,2.82,Low,6.6,25.6,1.0
Fort Greene,Upper West Side,19-06-2016,13:22,13,Afternoon,Sunday,1,Summer,1,0.91,Low,6.8,8.0,1.0
Williamsburg,East Harlem,14-03-2016,15:11,15,Afternoon,Monday,0,Spring,1,2.52,Low,10.1,15.0,1.0
Upper West Side,Harlem,28-04-2016,14:06,14,Afternoon,Thursday,0,Spring,1,2.19,Low,22.1,5.9,1.0
Midtown,Harlem,21-01-2016,00:35,0,Night,Thursday,0,Winter,1,2.63,Low,12.6,12.5,1.0
Upper West Side,Upper West Side,26-05-2016,21:58,21,Evening,Thursday,0,Spring,3,1.51,Low,2.6,34.8,1.0
East Harlem,Harlem,08-02-2016,18:37,18,Evening,Monday,0,Winter,1,0.98,High,13.9,4.2,1.8
Park Slope,East Harlem,29-01-2016,00:03,0,Night,Friday,0,Winter,2,1.73,Low,4.8,21.6,1.0
Arverne,Gravesend,28-06-2016,15:31,15,Afternoon,Tuesday,0,Summer,2,1.19,Low,5.3,13.5,1.0
Harlem,West Village,15-05-2016,00:47,0,Night,Sunday,1,Spring,1,1.28,Low,8.2,9.4,1.0
East Harlem,Murray Hill,01-02-2016,11:40,11,Morning,Monday,0,Winter,2,1.02,Low,6.7,9.1,1.0
Hell's Kitchen,Harlem,24-05-2016,10:45,10,Morning,Tuesday,0,Spring,1,4.84,Medium,28.4,10.2,1.3
Harlem,East Harlem,10-01-2016,20:14,20,Evening,Sunday,1,Winter,2,3.21,Medium,7.6,25.3,1.3
Upper West Side,Bedford-Stuyvesant,23-04-2016,02:25,2,Night,Saturday,1,Spring,1,7.22,Low,17.6,24.6,1.0
Bedford-Stuyvesant,Harlem,22-04-2016,21:33,21,Evening,Friday,0,Spring,1,4.49,Low,14.2,19.0,1.0
West Village,Chinatown,08-04-2016,04:20,4,Night,Friday,0,Spring,1,2.48,Low,8.8,16.9,1.0
Williamsburg,Park Slope,19-01-2016,12:17,12,Afternoon,Tuesday,0,Winter,5,2.25,Low,5.8,23.3,1.0
East Harlem,Hell's Kitchen,28-06-2016,15:10,15,Afternoon,Tuesday,0,Summer,1,1.87,Low,12.0,9.4,1.0
Midwood,Far Rockaway,21-02-2016,07:39,7,Morning,Sunday,1,Winter,1,1.97,Medium,8.3,14.2,1.3
Clinton Hill,Upper West Side,19-01-2016,17:37,17,Afternoon,Tuesday,0,Winter,1,2.16,High,10.7,12.1,1.8
Crown Heights,West Village,05-05-2016,18:41,18,Evening,Thursday,0,Spring,1,3.17,High,14.0,13.6,1.8
Fort Greene,Harlem,15-02-2016,12:23,12,Afternoon,Monday,0,Winter,1,3.63,Low,18.4,11.8,1.0
West Village,Bedford-Stuyvesant,08-04-2016,20:44,20,Evening,Friday,0,Spring,2,1.35,Medium,9.9,8.2,1.3
East Harlem,Upper West Side,14-06-2016,09:36,9,Morning,Tuesday,0,Summer,6,2.62,High,17.8,8.8,1.8
Chelsea,Harlem,24-02-2016,22:42,22,Evening,Wednesday,0,Winter,1,4.18,Low,10.3,24.3,1.0
Bedford-Stuyvesant,East Harlem,16-03-2016,06:50,6,Morning,Wednesday,0,Spring,1,3.18,Low,7.4,25.8,1.0
East Harlem,Fort Greene,01-04-2016,08:32,8,Morning,Friday,0,Spring,4,2.05,High,11.4,10.8,1.8
Windsor Terrace,Upper West Side,12-03-2016,00:36,0,Night,Saturday,1,Spring,1,2.47,Low,12.9,11.5,1.0
East Harlem,Upper West Side,07-06-2016,18:22,18,Evening,Tuesday,0,Summer,1,1.48,High,4.9,18.1,1.8
Midtown,Upper West Side,29-03-2016,20:02,20,Evening,Tuesday,0,Spring,1,3.82,Medium,11.8,19.4,1.3
Far Rockaway,Bensonhurst,19-04-2016,11:24,11,Morning,Tuesday,0,Spring,2,2.67,Low,21.1,7.6,1.0
Bedford-Stuyvesant,Bedford-Stuyvesant,22-02-2016,17:48,17,Afternoon,Monday,0,Winter,1,2.75,High,10.3,16.0,1.8
Upper West Side,Crown Heights,28-04-2016,22:46,22,Evening,Thursday,0,Spring,1,2.41,Low,12.8,11.3,1.0
West Village,East Harlem,06-02-2016,23:41,23,Evening,Saturday,1,Winter,1,2.63,Low,12.1,13.0,1.0
Upper West Side,Harlem,07-05-2016,10:12,10,Morning,Saturday,1,Spring,1,1.05,Medium,1.9,33.2,1.3
East Harlem,Harlem,04-03-2016,16:58,16,Afternoon,Friday,0,Spring,1,2.28,Medium,10.4,13.2,1.3
Hell's Kitchen,Midtown,15-06-2016,14:20,14,Afternoon,Wednesday,0,Summer,1,2.45,Low,22.5,6.5,1.0
Upper West Side,South Slope,10-03-2016,19:25,19,Evening,Thursday,0,Spring,1,3.37,High,17.6,11.5,1.8
Midwood,Castleton Corners,20-04-2016,06:53,6,Morning,Wednesday,0,Spring,1,2.46,Low,8.0,18.4,1.0
Midtown,Chinatown,16-03-2016,10:40,10,Morning,Wednesday,0,Spring,2,0.4,Medium,6.5,3.7,1.3
Crown Heights,East Harlem,21-03-2016,18:33,18,Evening,Monday,0,Spring,2,0.88,High,3.7,14.3,1.8
Williamsburg,East Harlem,24-03-2016,20:54,20,Evening,Thursday,0,Spring,6,2.35,Medium,5.3,26.6,1.3
East Harlem,Kensington,16-02-2016,20:06,20,Evening,Tuesday,0,Winter,5,2.77,Medium,13.8,12.0,1.3
Inwood,Harlem,31-03-2016,23:31,23,Evening,Thursday,0,Spring,1,4.37,Low,20.5,12.8,1.0
Tottenville,Tottenville,21-06-2016,01:07,1,Night,Tuesday,0,Summer,1,17.58,Low,16.6,63.5,1.0
Inwood,Greenpoint,06-06-2016,09:50,9,Morning,Monday,0,Summer,1,0.17,High,0.8,12.8,1.8
West Village,Harlem,28-02-2016,09:15,9,Morning,Sunday,1,Winter,1,0.7,High,3.0,14.0,1.8
Clinton Hill,Upper West Side,21-02-2016,12:34,12,Afternoon,Sunday,1,Winter,1,1.89,Low,8.7,13.0,1.0
Midtown,West Village,23-03-2016,16:48,16,Afternoon,Wednesday,0,Spring,2,2.98,Medium,14.2,12.6,1.3
Harlem,East Harlem,12-02-2016,17:24,17,Afternoon,Friday,0,Winter,1,3.57,High,13.4,16.0,1.8
Chinatown,East Village,15-06-2016,04:49,4,Night,Wednesday,0,Summer,6,0.68,Low,4.1,10.0,1.0
Harlem,Upper West Side,11-03-2016,16:26,16,Afternoon,Friday,0,Spring,2,2.38,Medium,8.3,17.2,1.3
Grymes Hill,"Bay Terrace, Staten Island",01-02-2016,23:38,23,Evening,Monday,0,Winter,1,23.3,Low,36.7,38.1,1.0
East Harlem,East Harlem,10-02-2016,12:50,12,Afternoon,Wednesday,0,Winter,1,2.68,Low,6.4,25.1,1.0
East Harlem,Midtown,22-03-2016,20:39,20,Evening,Tuesday,0,Spring,1,2.31,Medium,12.2,11.4,1.3
Harlem,Williamsburg,12-06-2016,19:08,19,Evening,Sunday,1,Summer,1,3.46,High,9.8,21.2,1.8
Inwood,Greenpoint,30-05-2016,14:02,14,Afternoon,Monday,0,Spring,5,2.6,Low,14.8,10.5,1.0
Upper West Side,Murray Hill,13-05-2016,11:48,11,Morning,Friday,0,Spring,1,1.63,Low,7.8,12.5,1.0
Kensington,Upper West Side,21-04-2016,06:37,6,Morning,Thursday,0,Spring,1,3.86,Low,10.9,21.2,1.0
Murray Hill,Chelsea,16-06-2016,07:55,7,Morning,Thursday,0,Summer,1,1.2,Medium,6.4,11.2,1.3
Upper West Side,East Harlem,16-01-2016,23:29,23,Evening,Saturday,1,Winter,3,6.18,Low,24.4,15.2,1.0
Bedford-Stuyvesant,Murray Hill,22-05-2016,02:10,2,Night,Sunday,1,Spring,1,4.74,Low,12.0,23.7,1.0
Murray Hill,East Village,06-03-2016,10:59,10,Morning,Sunday,1,Spring,1,2.75,Medium,10.1,16.3,1.3
Chelsea,Harlem,04-03-2016,01:27,1,Night,Friday,0,Spring,1,2.72,Low,7.6,21.5,1.0
Chinatown,Fort Greene,11-05-2016,11:42,11,Morning,Wednesday,0,Spring,1,2.93,Low,13.7,12.8,1.0
Chinatown,Harlem,04-03-2016,08:45,8,Morning,Friday,0,Spring,6,0.62,High,7.0,5.3,1.8
Upper West Side,Murray Hill,21-06-2016,19:32,19,Evening,Tuesday,0,Summer,1,4.35,High,18.7,14.0,1.8
Murray Hill,Park Slope,08-04-2016,15:45,15,Afternoon,Friday,0,Spring,1,3.1,Low,24.4,7.6,1.0
South Slope,Fort Greene,06-03-2016,01:09,1,Night,Sunday,1,Spring,1,3.5,Low,7.6,27.6,1.0
Upper West Side,Chinatown,04-06-2016,13:53,13,Afternoon,Saturday,1,Summer,1,2.74,Low,12.8,12.8,1.0
Harlem,South Slope,20-01-2016,20:23,20,Evening,Wednesday,0,Winter,2,0.93,Medium,8.2,6.8,1.3
Chinatown,East Harlem,17-06-2016,12:53,12,Afternoon,Friday,0,Summer,1,1.47,Low,8.2,10.8,1.0
Windsor Terrace,Murray Hill,12-05-2016,17:58,17,Afternoon,Thursday,0,Spring,1,0.84,High,4.0,12.6,1.8
East Harlem,Kensington,04-02-2016,14:58,14,Afternoon,Thursday,0,Winter,2,2.72,Low,21.6,7.6,1.0
Fort Greene,Crown Heights,02-03-2016,22:53,22,Evening,Wednesday,0,Spring,1,2.97,Low,9.2,19.4,1.0
Harlem,East Harlem,05-03-2016,10:51,10,Morning,Saturday,1,Spring,1,1.04,Medium,2.9,21.5,1.3
Fort Greene,Park Slope,27-02-2016,00:30,0,Night,Saturday,1,Winter,6,0.37,Low,2.3,9.7,1.0
Midtown,Upper West Side,11-01-2016,20:24,20,Evening,Monday,0,Winter,2,3.94,Medium,22.9,10.3,1.3
Flatlands,Sheepshead Bay,28-04-2016,09:45,9,Morning,Thursday,0,Spring,3,5.19,High,32.5,9.6,1.8
Harlem,Midtown,08-02-2016,16:09,16,Afternoon,Monday,0,Winter,1,3.3,Medium,16.8,11.8,1.3
Upper West Side,Upper West Side,09-06-2016,21:12,21,Evening,Thursday,0,Summer,1,1.36,Low,15.3,5.3,1.0
Arverne,Flatlands,14-01-2016,23:10,23,Evening,Thursday,0,Winter,1,4.55,Low,11.1,24.6,1.0
Bedford-Stuyvesant,Harlem,05-04-2016,13:09,13,Afternoon,Tuesday,0,Spring,1,1.27,Low,7.6,10.0,1.0
East Harlem,Upper West Side,20-04-2016,23:17,23,Evening,Wednesday,0,Spring,1,2.45,Low,9.2,16.0,1.0
Upper West Side,East Harlem,01-04-2016,15:17,15,Afternoon,Friday,0,Spring,1,2.31,Low,19.8,7.0,1.0
Bedford-Stuyvesant,East Harlem,02-05-2016,15:11,15,Afternoon,Monday,0,Spring,2,10.05,Low,35.5,17.0,1.0
Inwood,Midtown,26-06-2016,05:04,5,Night,Sunday,1,Summer,1,11.64,Low,24.9,28.0,1.0
Bedford-Stuyvesant,South Slope,15-06-2016,21:30,21,Evening,Wednesday,0,Summer,1,1.6,Low,6.6,14.5,1.0
Upper West Side,Inwood,25-02-2016,19:20,19,Evening,Thursday,0,Winter,1,3.87,High,28.3,8.2,1.8
Rockaway Beach,Gravesend,27-04-2016,10:54,10,Morning,Wednesday,0,Spring,6,0.06,Medium,0.5,7.2,1.3
Harlem,Harlem,15-01-2016,14:08,14,Afternoon,Friday,0,Winter,4,1.4,Low,7.5,11.2,1.0
Murray Hill,Chinatown,28-03-2016,15:23,15,Afternoon,Monday,0,Spring,1,1.76,Low,7.1,14.9,1.0
East Harlem,Harlem,29-04-2016,22:31,22,Evening,Friday,0,Spring,1,1.22,Low,17.3,4.2,1.0
Greenpoint,Hell's Kitchen,18-04-2016,23:15,23,Evening,Monday,0,Spring,2,5.68,Low,12.7,26.8,1.0
Harlem,Midtown,20-04-2016,13:42,13,Afternoon,Wednesday,0,Spring,6,1.37,Low,8.4,9.8,1.0
East Harlem,Harlem,19-04-2016,14:08,14,Afternoon,Tuesday,0,Spring,1,0.82,Low,6.8,7.2,1.0
Harlem,Harlem,12-01-2016,16:23,16,Afternoon,Tuesday,0,Winter,1,0.81,Medium,20.2,2.4,1.3
Arrochar,Bayswater,09-02-2016,10:58,10,Morning,Tuesday,0,Winter,1,1.19,Medium,12.1,5.9,1.3
Far Rockaway,Eltingville,29-01-2016,16:07,16,Afternoon,Friday,0,Winter,1,4.71,Medium,19.3,14.6,1.3
Fort Greene,Clinton Hill,22-03-2016,13:27,13,Afternoon,Tuesday,0,Spring,5,1.45,Low,8.0,10.9,1.0
East Harlem,Harlem,10-04-2016,18:29,18,Evening,Sunday,1,Spring,1,3.82,High,26.9,8.5,1.8
Park Slope,Bedford-Stuyvesant,11-03-2016,19:52,19,Evening,Friday,0,Spring,5,4.69,High,17.1,16.5,1.8
East Harlem,Upper West Side,04-05-2016,01:10,1,Night,Wednesday,0,Spring,1,9.53,Low,24.9,23.0,1.0
West Village,Upper West Side,10-05-2016,17:55,17,Afternoon,Tuesday,0,Spring,1,2.65,High,12.0,13.2,1.8
Kensington,West Village,09-06-2016,06:47,6,Morning,Thursday,0,Summer,1,2.31,Low,9.2,15.1,1.0
Harlem,Upper West Side,17-02-2016,02:21,2,Night,Wednesday,0,Winter,1,3.96,Low,10.3,23.1,1.0
Arden Heights,Canarsie,04-02-2016,20:34,20,Evening,Thursday,0,Winter,2,13.5,Medium,50.8,15.9,1.3
Harlem,Crown Heights,28-01-2016,03:03,3,Night,Thursday,0,Winter,1,3.82,Low,9.8,23.4,1.0
Great Kills,Bensonhurst,07-06-2016,10:42,10,Morning,Tuesday,0,Summer,1,15.93,Medium,59.0,16.2,1.3
East Harlem,Hell's Kitchen,20-02-2016,13:04,13,Afternoon,Saturday,1,Winter,1,2.45,Low,9.2,16.0,1.0
Murray Hill,Upper West Side,16-05-2016,15:03,15,Afternoon,Monday,0,Spring,1,0.81,Low,4.0,12.2,1.0
Bedford-Stuyvesant,East Harlem,27-05-2016,16:30,16,Afternoon,Friday,0,Spring,1,2.54,Medium,8.0,19.0,1.3
East Harlem,Chelsea,03-04-2016,22:04,22,Evening,Sunday,1,Spring,1,2.07,Low,10.3,12.1,1.0
Inwood,Hell's Kitchen,28-02-2016,13:39,13,Afternoon,Sunday,1,Winter,1,5.97,Low,27.4,13.1,1.0
Fort Greene,Murray Hill,25-04-2016,21:14,21,Evening,Monday,0,Spring,1,2.77,Low,9.4,17.7,1.0
East Harlem,Harlem,14-04-2016,23:16,23,Evening,Thursday,0,Spring,1,3.19,Low,17.2,11.1,1.0
Upper West Side,Clinton Hill,24-06-2016,18:58,18,Evening,Friday,0,Summer,2,1.62,High,7.4,13.1,1.8
Williamsburg,Upper West Side,04-02-2016,11:50,11,Morning,Thursday,0,Winter,1,2.03,Low,7.3,16.7,1.0
Upper West Side,West Village,23-03-2016,21:45,21,Evening,Wednesday,0,Spring,5,4.53,Low,18.6,14.6,1.0
Tottenville,Rossville,18-04-2016,17:14,17,Afternoon,Monday,0,Spring,2,25.91,High,53.5,29.1,1.8
Midtown,West Village,05-03-2016,11:21,11,Morning,Saturday,1,Spring,1,1.31,Low,4.5,17.5,1.0
Bedford-Stuyvesant,Upper West Side,08-05-2016,10:23,10,Morning,Sunday,1,Spring,5,7.02,Medium,41.0,10.3,1.3
Flatbush,Harlem,04-03-2016,08:02,8,Morning,Friday,0,Spring,1,1.39,High,10.4,8.0,1.8
Park Slope,Hell's Kitchen,17-04-2016,03:19,3,Night,Sunday,1,Spring,1,1.36,Low,2.1,38.9,1.0
Williamsburg,Crown Heights,17-06-2016,00:24,0,Night,Friday,0,Summer,1,2.68,Low,8.7,18.5,1.0
Williamsburg,Upper West Side,16-04-2016,16:32,16,Afternoon,Saturday,1,Spring,6,2.76,Medium,8.8,18.8,1.3
East Harlem,Chinatown,27-01-2016,21:06,21,Evening,Wednesday,0,Winter,4,1.52,Low,3.6,25.3,1.0
Inwood,Upper West Side,17-01-2016,00:28,0,Night,Sunday,1,Winter,1,4.7,Low,10.6,26.6,1.0
Bedford-Stuyvesant,Harlem,30-06-2016,11:27,11,Morning,Thursday,0,Summer,5,2.49,Low,11.5,13.0,1.0
Arden Heights,Sheepshead Bay,23-04-2016,13:08,13,Afternoon,Saturday,1,Spring,1,10.77,Low,29.1,22.2,1.0
South Slope,Williamsburg,14-03-2016,18:21,18,Evening,Monday,0,Spring,1,0.62,High,2.7,13.8,1.8
Harlem,Fort Greene,11-01-2016,19:44,19,Evening,Monday,0,Winter,1,6.96,High,16.4,25.5,1.8
East Harlem,Chinatown,19-02-2016,17:34,17,Afternoon,Friday,0,Winter,1,3.44,High,7.8,26.5,1.8
Harlem,Inwood,18-04-2016,18:11,18,Evening,Monday,0,Spring,1,1.46,High,19.8,4.4,1.8
Fort Greene,Upper West Side,17-03-2016,23:23,23,Evening,Thursday,0,Spring,1,4.98,Low,11.5,26.0,1.0
West Village,Williamsburg,10-02-2016,13:42,13,Afternoon,Wednesday,0,Winter,6,3.06,Low,11.3,16.2,1.0
Harlem,Harlem,24-03-2016,18:58,18,Evening,Thursday,0,Spring,1,1.64,High,6.4,15.4,1.8
Midtown,Upper West Side,31-01-2016,13:02,13,Afternoon,Sunday,1,Winter,1,2.81,Low,13.8,12.2,1.0
Bedford-Stuyvesant,Williamsburg,07-06-2016,19:49,19,Evening,Tuesday,0,Summer,6,1.22,High,7.9,9.3,1.8
South Slope,Upper West Side,20-03-2016,01:05,1,Night,Sunday,1,Spring,1,2.39,Low,13.7,10.5,1.0
Harlem,Kensington,04-02-2016,10:48,10,Morning,Thursday,0,Winter,1,2.18,Medium,13.0,10.1,1.3
Murray Hill,Clinton Hill,28-01-2016,09:48,9,Morning,Thursday,0,Winter,5,1.69,High,7.2,14.1,1.8
Fort Greene,Upper West Side,08-05-2016,18:08,18,Evening,Sunday,1,Spring,1,6.31,High,24.9,15.2,1.8
Hell's Kitchen,Clinton Hill,20-03-2016,19:11,19,Evening,Sunday,1,Spring,1,2.7,High,13.3,12.2,1.8
Upper West Side,Clinton Hill,27-03-2016,06:34,6,Morning,Sunday,1,Spring,1,7.81,Low,16.8,27.9,1.0
Midtown,East Harlem,31-05-2016,14:43,14,Afternoon,Tuesday,0,Spring,2,2.15,Low,16.6,7.8,1.0
East Harlem,East Harlem,07-01-2016,16:28,16,Afternoon,Thursday,0,Winter,1,1.03,Medium,4.0,15.4,1.3
Upper West Side,Upper West Side,28-02-2016,08:49,8,Morning,Sunday,1,Winter,2,5.16,High,12.6,24.6,1.8
South Slope,Harlem,25-01-2016,14:22,14,Afternoon,Monday,0,Winter,1,1.82,Low,10.7,10.2,1.0
Harlem,Kensington,01-03-2016,12:57,12,Afternoon,Tuesday,0,Spring,1,1.34,Low,9.8,8.2,1.0
East Harlem,East Harlem,03-04-2016,15:57,15,Afternoon,Sunday,1,Spring,1,1.53,Low,8.7,10.6,1.0
Bensonhurst,"Bay Terrace, Staten Island",07-01-2016,12:33,12,Afternoon,Thursday,0,Winter,1,11.61,Low,21.6,32.2,1.0
Williamsburg,South Slope,26-05-2016,00:02,0,Night,Thursday,0,Spring,1,3.09,Low,8.3,22.3,1.0
Harlem,West Village,08-05-2016,02:50,2,Night,Sunday,1,Spring,5,1.0,Low,4.5,13.3,1.0
Chinatown,Upper West Side,03-03-2016,10:49,10,Morning,Thursday,0,Spring,2,2.98,Medium,27.2,6.6,1.3
Kensington,Kensington,08-04-2016,23:14,23,Evening,Friday,0,Spring,1,14.68,Low,33.9,26.0,1.0
Bedford-Stuyvesant,East Harlem,14-01-2016,21:37,21,Evening,Thursday,0,Winter,1,1.14,Low,2.2,31.1,1.0
Midtown,Upper West Side,06-03-2016,16:38,16,Afternoon,Sunday,1,Spring,6,2.07,Medium,16.4,7.6,1.3
Rockaway Beach,Midwood,01-04-2016,18:22,18,Evening,Friday,0,Spring,1,2.82,High,18.2,9.3,1.8
Murray Hill,Bedford-Stuyvesant,05-02-2016,18:19,18,Evening,Friday,0,Winter,1,1.5,High,7.3,12.3,1.8
Upper West Side,Harlem,12-02-2016,13:09,13,Afternoon,Friday,0,Winter,1,2.3,Low,11.0,12.5,1.0
Harlem,Midtown,19-04-2016,14:28,14,Afternoon,Tuesday,0,Spring,1,3.49,Low,22.6,9.3,1.0
Murray Hill,Midtown,31-01-2016,23:33,23,Evening,Sunday,1,Winter,1,1.55,Low,4.9,19.0,1.0
Huguenot,Tottenville,11-02-2016,04:58,4,Night,Thursday,0,Winter,2,24.75,Low,29.5,50.3,1.0
Clifton,Bensonhurst,13-01-2016,09:39,9,Morning,Wednesday,0,Winter,1,1.5,High,13.6,6.6,1.8
Arden Heights,Great Kills,08-05-2016,01:28,1,Night,Sunday,1,Spring,2,22.01,Low,30.6,43.2,1.0
Fort Greene,Park Slope,29-04-2016,00:31,0,Night,Friday,0,Spring,1,0.54,Low,3.6,9.0,1.0
Upper West Side,Bedford-Stuyvesant,28-06-2016,20:08,20,Evening,Tuesday,0,Summer,1,1.37,Medium,5.9,13.9,1.3
South Slope,Upper West Side,25-05-2016,07:59,7,Morning,Wednesday,0,Spring,1,2.93,Medium,5.4,32.6,1.3
Park Slope,South Slope,05-06-2016,09:44,9,Morning,Sunday,1,Summer,1,2.42,High,5.9,24.6,1.8
Upper West Side,Flatbush,29-06-2016,09:32,9,Morning,Wednesday,0,Summer,1,2.35,High,19.6,7.2,1.8
Harlem,East Harlem,30-03-2016,16:25,16,Afternoon,Wednesday,0,Spring,1,3.68,Medium,9.7,22.8,1.3
Upper West Side,Harlem,17-06-2016,16:00,16,Afternoon,Friday,0,Summer,1,1.09,Medium,3.2,20.4,1.3
Harlem,Kensington,02-01-2016,09:39,9,Morning,Saturday,1,Winter,1,0.48,High,2.8,10.3,1.8
Park Slope,Upper West Side,28-01-2016,20:22,20,Evening,Thursday,0,Winter,2,2.36,Medium,16.3,8.7,1.3
Arden Heights,Concord,22-03-2016,20:41,20,Evening,Tuesday,0,Spring,1,8.87,Medium,15.0,35.5,1.3
Crown Heights,Harlem,23-03-2016,20:31,20,Evening,Wednesday,0,Spring,2,5.22,Medium,15.8,19.8,1.3
Harlem,Upper West Side,01-01-2016,02:58,2,Night,Friday,0,Winter,2,2.65,Low,8.4,18.9,1.0
East Harlem,Bedford-Stuyvesant,10-02-2016,12:49,12,Afternoon,Wednesday,0,Winter,1,1.62,Low,16.0,6.1,1.0
Hell's Kitchen,Fort Greene,05-03-2016,22:00,22,Evening,Saturday,1,Spring,2,1.65,Low,11.0,9.0,1.0
Bedford-Stuyvesant,Upper West Side,04-04-2016,19:44,19,Evening,Monday,0,Spring,1,3.06,High,4.5,40.8,1.8
Midtown,East Harlem,27-03-2016,12:55,12,Afternoon,Sunday,1,Spring,1,2.15,Low,8.3,15.5,1.0
Upper West Side,Kensington,01-05-2016,16:55,16,Afternoon,Sunday,1,Spring,1,1.99,Medium,6.7,17.8,1.3
Bedford-Stuyvesant,South Slope,12-01-2016,18:03,18,Evening,Tuesday,0,Winter,1,2.29,High,11.0,12.5,1.8
Fort Greene,East Village,22-03-2016,00:23,0,Night,Tuesday,0,Spring,1,1.8,Low,6.5,16.6,1.0
South Slope,East Harlem,04-01-2016,12:54,12,Afternoon,Monday,0,Winter,5,1.05,Low,4.9,12.9,1.0
Eltingville,Tottenville,22-05-2016,10:19,10,Morning,Sunday,1,Spring,1,24.41,Medium,19.6,74.7,1.3
South Slope,East Harlem,14-01-2016,23:21,23,Evening,Thursday,0,Winter,3,1.69,Low,3.4,29.8,1.0
Harlem,East Harlem,04-03-2016,08:26,8,Morning,Friday,0,Spring,1,3.45,High,15.8,13.1,1.8
Bedford-Stuyvesant,Bedford-Stuyvesant,30-03-2016,16:29,16,Afternoon,Wednesday,0,Spring,1,1.77,Medium,8.3,12.8,1.3
Harlem,Upper West Side,27-03-2016,14:00,14,Afternoon,Sunday,1,Spring,1,1.42,Low,6.3,13.5,1.0
Tottenville,Woodrow,18-06-2016,09:36,9,Morning,Saturday,1,Summer,1,24.37,High,37.3,39.2,1.8
Chinatown,Crown Heights,19-03-2016,23:55,23,Evening,Saturday,1,Spring,1,1.75,Low,9.7,10.8,1.0
Inwood,Murray Hill,30-01-2016,10:42,10,Morning,Saturday,1,Winter,1,2.08,Medium,7.5,16.6,1.3
Harlem,South Slope,27-01-2016,08:40,8,Morning,Wednesday,0,Winter,1,7.64,High,33.2,13.8,1.8
Flatlands,Bensonhurst,15-04-2016,11:38,11,Morning,Friday,0,Spring,1,2.22,Low,15.8,8.4,1.0
Hell's Kitchen,Upper West Side,11-06-2016,20:34,20,Evening,Saturday,1,Summer,1,1.06,Medium,7.5,8.5,1.3
Arverne,Sheepshead Bay,04-03-2016,10:58,10,Morning,Friday,0,Spring,4,0.62,Medium,6.0,6.2,1.3
Williamsburg,Bedford-Stuyvesant,12-02-2016,19:44,19,Evening,Friday,0,Winter,2,3.5,High,10.2,20.6,1.8
Clifton,Midwood,21-06-2016,09:09,9,Morning,Tuesday,0,Summer,1,4.51,High,28.2,9.6,1.8
Harlem,East Harlem,06-02-2016,11:56,11,Morning,Saturday,1,Winter,2,1.44,Low,11.2,7.7,1.0
South Slope,Clinton Hill,16-06-2016,05:35,5,Night,Thursday,0,Summer,3,1.37,Low,5.0,16.4,1.0
Bedford-Stuyvesant,Kensington,23-03-2016,12:41,12,Afternoon,Wednesday,0,Spring,1,2.17,Low,20.6,6.3,1.0
Harlem,Chinatown,04-02-2016,20:21,20,Evening,Thursday,0,Winter,1,5.15,Medium,19.7,15.7,1.3
Upper West Side,Fort Greene,08-04-2016,23:18,23,Evening,Friday,0,Spring,1,1.22,Low,8.4,8.7,1.0
Harlem,Harlem,10-02-2016,19:45,19,Evening,Wednesday,0,Winter,3,3.88,High,11.4,20.4,1.8
Crown Heights,Hell's Kitchen,13-02-2016,21:49,21,Evening,Saturday,1,Winter,1,3.18,Low,12.3,15.5,1.0
East Harlem,East Harlem,30-03-2016,21:02,21,Evening,Wednesday,0,Spring,1,0.76,Low,4.1,11.1,1.0
Canarsie,Eltingville,08-02-2016,22:23,22,Evening,Monday,0,Winter,1,18.06,Low,27.7,39.1,1.0
Murray Hill,Harlem,25-04-2016,02:57,2,Night,Monday,0,Spring,1,13.61,Low,25.2,32.4,1.0
South Slope,Flatbush,10-01-2016,18:27,18,Evening,Sunday,1,Winter,2,1.95,High,7.7,15.2,1.8
Midwood,Bay Ridge,08-06-2016,22:45,22,Evening,Wednesday,0,Summer,1,0.65,Low,5.4,7.2,1.0
Bedford-Stuyvesant,Hell's Kitchen,04-05-2016,19:05,19,Evening,Wednesday,0,Spring,1,1.69,High,5.3,19.1,1.8
Harlem,East Harlem,19-03-2016,09:44,9,Morning,Saturday,1,Spring,1,1.62,High,5.6,17.4,1.8
Upper West Side,Harlem,16-06-2016,23:05,23,Evening,Thursday,0,Summer,2,2.12,Low,22.6,5.6,1.0
West Village,Williamsburg,22-02-2016,17:47,17,Afternoon,Monday,0,Winter,1,2.38,High,12.8,11.2,1.8
Hell's Kitchen,Upper West Side,04-06-2016,14:22,14,Afternoon,Saturday,1,Summer,6,0.87,Low,2.6,20.1,1.0
Chinatown,Bedford-Stuyvesant,10-06-2016,09:44,9,Morning,Friday,0,Summer,1,0.34,High,2.6,7.8,1.8
Midtown,Bedford-Stuyvesant,04-01-2016,07:48,7,Morning,Monday,0,Winter,4,3.03,Medium,8.8,20.7,1.3
Upper West Side,Williamsburg,20-04-2016,22:06,22,Evening,Wednesday,0,Spring,1,0.58,Low,7.2,4.8,1.0
Bedford-Stuyvesant,Kensington,22-01-2016,00:25,0,Night,Friday,0,Winter,4,1.17,Low,7.1,9.9,1.0
Inwood,Harlem,28-02-2016,15:50,15,Afternoon,Sunday,1,Winter,2,9.15,Low,36.2,15.2,1.0
Borough Park,Sheepshead Bay,07-04-2016,20:01,20,Evening,Thursday,0,Spring,2,3.14,Medium,12.4,15.2,1.3
Murray Hill,Upper West Side,11-02-2016,00:16,0,Night,Thursday,0,Winter,1,2.42,Low,4.8,30.2,1.0
Bedford-Stuyvesant,Bedford-Stuyvesant,27-01-2016,08:56,8,Morning,Wednesday,0,Winter,1,1.29,High,7.0,11.1,1.8
Park Slope,West Village,16-01-2016,22:03,22,Evening,Saturday,1,Winter,1,1.22,Low,3.8,19.3,1.0
Upper West Side,Upper West Side,03-02-2016,15:36,15,Afternoon,Wednesday,0,Winter,1,0.78,Low,4.4,10.6,1.0
Midwood,Far Rockaway,29-03-2016,18:22,18,Evening,Tuesday,0,Spring,2,0.98,High,12.1,4.9,1.8
Chinatown,Bedford-Stuyvesant,15-03-2016,13:44,13,Afternoon,Tuesday,0,Spring,1,1.45,Low,19.5,4.5,1.0
Clinton Hill,Harlem,25-03-2016,14:43,14,Afternoon,Friday,0,Spring,1,2.01,Low,5.0,24.1,1.0
Bedford-Stuyvesant,Chinatown,18-01-2016,10:53,10,Morning,Monday,0,Winter,1,2.39,Medium,8.5,16.9,1.3
East Harlem,Chinatown,12-05-2016,00:54,0,Night,Thursday,0,Spring,1,5.3,Low,14.4,22.1,1.0
Harlem,Harlem,06-02-2016,15:00,15,Afternoon,Saturday,1,Winter,1,2.78,Low,12.1,13.8,1.0
Clinton Hill,Bedford-Stuyvesant,12-01-2016,10:48,10,Morning,Tuesday,0,Winter,1,1.61,Medium,6.4,15.1,1.3
East Harlem,Bedford-Stuyvesant,16-03-2016,12:58,12,Afternoon,Wednesday,0,Spring,2,2.2,Low,23.4,5.6,1.0
Harlem,Bedford-Stuyvesant,04-01-2016,05:55,5,Night,Monday,0,Winter,1,0.45,Low,2.6,10.4,1.0
Sheepshead Bay,Arverne,08-02-2016,12:41,12,Afternoon,Monday,0,Winter,1,0.68,Low,3.9,10.5,1.0
Upper West Side,Murray Hill,31-01-2016,13:18,13,Afternoon,Sunday,1,Winter,1,4.73,Low,14.4,19.7,1.0
Prince's Bay,Rossville,17-05-2016,00:51,0,Night,Tuesday,0,Spring,1,19.31,Low,28.1,41.2,1.0
Upper West Side,Bedford-Stuyvesant,22-03-2016,08:45,8,Morning,Tuesday,0,Spring,1,2.71,High,16.4,9.9,1.8
South Slope,Bedford-Stuyvesant,20-02-2016,02:39,2,Night,Saturday,1,Winter,1,3.54,Low,12.3,17.3,1.0
Murray Hill,Fort Greene,05-02-2016,22:41,22,Evening,Friday,0,Winter,5,2.27,Low,16.1,8.5,1.0
Midwood,Castleton Corners,11-06-2016,15:53,15,Afternoon,Saturday,1,Summer,1,0.76,Low,9.0,5.1,1.0
Midwood,"Bay Terrace, Staten Island",28-04-2016,14:46,14,Afternoon,Thursday,0,Spring,2,12.39,Low,23.1,32.2,1.0
Harlem,East Harlem,01-06-2016,13:21,13,Afternoon,Wednesday,0,Summer,1,5.55,Low,41.0,8.1,1.0
Fort Greene,Midtown,12-03-2016,12:19,12,Afternoon,Saturday,1,Spring,5,1.05,Low,6.0,10.5,1.0
Inwood,Harlem,12-02-2016,21:13,21,Evening,Friday,0,Winter,1,1.37,Low,6.6,12.5,1.0
Harlem,Flatbush,24-06-2016,18:55,18,Evening,Friday,0,Summer,1,1.07,High,11.2,5.7,1.8
Park Slope,Clinton Hill,21-03-2016,07:46,7,Morning,Monday,0,Spring,1,0.81,Medium,4.7,10.3,1.3
Harlem,Inwood,20-04-2016,18:31,18,Evening,Wednesday,0,Spring,1,1.34,High,12.0,6.7,1.8
East Village,Chelsea,10-06-2016,03:20,3,Night,Friday,0,Summer,1,11.99,Low,20.1,35.8,1.0
Murray Hill,Upper West Side,07-04-2016,14:17,14,Afternoon,Thursday,0,Spring,1,4.57,Low,33.6,8.2,1.0
Brighton Beach,Flatlands,20-02-2016,07:07,7,Morning,Saturday,1,Winter,1,4.66,Medium,11.9,23.5,1.3
West Village,Upper West Side,05-04-2016,21:07,21,Evening,Tuesday,0,Spring,2,1.86,Low,7.6,14.7,1.0
Rockaway Beach,Arrochar,04-01-2016,16:48,16,Afternoon,Monday,0,Winter,1,1.13,Medium,3.3,20.5,1.3
Upper West Side,Clinton Hill,23-06-2016,17:01,17,Afternoon,Thursday,0,Summer,2,1.78,High,8.1,13.2,1.8
Bedford-Stuyvesant,Upper West Side,15-01-2016,07:09,7,Morning,Friday,0,Winter,1,3.78,Medium,10.9,20.8,1.3
Upper West Side,Harlem,02-05-2016,13:42,13,Afternoon,Monday,0,Spring,1,1.5,Low,14.9,6.0,1.0
Williamsburg,Crown Heights,02-04-2016,15:11,15,Afternoon,Saturday,1,Spring,1,1.67,Low,8.9,11.3,1.0
Clinton Hill,South Slope,17-04-2016,01:57,1,Night,Sunday,1,Spring,1,0.3,Low,1.1,16.4,1.0
Chinatown,West Village,21-04-2016,23:05,23,Evening,Thursday,0,Spring,2,3.2,Low,7.6,25.3,1.0
Kensington,Fort Greene,26-02-2016,09:05,9,Morning,Friday,0,Winter,2,0.95,High,11.0,5.2,1.8
Crown Heights,Williamsburg,05-05-2016,21:43,21,Evening,Thursday,0,Spring,1,1.21,Low,14.4,5.0,1.0
East Harlem,West Village,10-03-2016,13:27,13,Afternoon,Thursday,0,Spring,1,2.97,Low,13.9,12.8,1.0
Hell's Kitchen,Midtown,23-02-2016,13:07,13,Afternoon,Tuesday,0,Winter,4,1.87,Low,9.6,11.7,1.0
Bedford-Stuyvesant,Park Slope,09-04-2016,20:27,20,Evening,Saturday,1,Spring,1,3.18,Medium,22.2,8.6,1.3
South Slope,Harlem,01-04-2016,07:42,7,Morning,Friday,0,Spring,1,4.38,Medium,13.0,20.2,1.3
Park Slope,Windsor Terrace,14-01-2016,22:40,22,Evening,Thursday,0,Winter,1,4.33,Low,9.4,27.6,1.0
Upper West Side,West Village,27-01-2016,17:26,17,Afternoon,Wednesday,0,Winter,5,1.85,High,6.9,16.1,1.8
Kensington,Hell's Kitchen,08-03-2016,20:40,20,Evening,Tuesday,0,Spring,1,3.42,Medium,12.4,16.5,1.3
South Slope,South Slope,21-02-2016,18:01,18,Evening,Sunday,1,Winter,1,1.43,High,4.1,20.9,1.8
Upper West Side,Bedford-Stuyvesant,29-04-2016,08:39,8,Morning,Friday,0,Spring,1,5.81,High,16.4,21.3,1.8
Fort Greene,Williamsburg,05-03-2016,06:04,6,Morning,Saturday,1,Spring,1,2.08,Low,5.5,22.7,1.0
Tottenville,Great Kills,13-04-2016,22:31,22,Evening,Wednesday,0,Spring,2,27.15,Low,88.6,18.4,1.0
West Village,Inwood,14-04-2016,17:49,17,Afternoon,Thursday,0,Spring,3,1.65,High,5.2,19.0,1.8
Upper West Side,Harlem,29-05-2016,20:26,20,Evening,Sunday,1,Spring,1,2.09,Medium,11.1,11.3,1.3
Hell's Kitchen,Harlem,01-04-2016,15:34,15,Afternoon,Friday,0,Spring,5,3.33,Low,29.0,6.9,1.0
Great Kills,Arrochar,27-05-2016,23:04,23,Evening,Friday,0,Spring,1,16.1,Low,42.0,23.0,1.0
Oakwood,Sheepshead Bay,31-01-2016,21:39,21,Evening,Sunday,1,Winter,2,11.21,Low,19.6,34.3,1.0
Kensington,South Slope,12-05-2016,19:49,19,Evening,Thursday,0,Spring,1,1.41,High,14.5,5.8,1.8
Murray Hill,Inwood,13-01-2016,19:09,19,Evening,Wednesday,0,Winter,1,1.46,High,6.6,13.3,1.8
Clinton Hill,East Harlem,10-02-2016,18:33,18,Evening,Wednesday,0,Winter,1,3.09,High,20.9,8.9,1.8
Harlem,Harlem,15-04-2016,20:12,20,Evening,Friday,0,Spring,5,1.25,Medium,9.3,8.1,1.3
Park Slope,Inwood,27-06-2016,06:48,6,Morning,Monday,0,Summer,1,0.95,Low,2.8,20.4,1.0
Flatlands,Fort Hamilton,11-01-2016,12:50,12,Afternoon,Monday,0,Winter,6,0.87,Low,15.4,3.4,1.0
Clinton Hill,Bedford-Stuyvesant,06-01-2016,13:52,13,Afternoon,Wednesday,0,Winter,3,2.07,Low,6.9,18.0,1.0
West Village,Bedford-Stuyvesant,09-06-2016,10:48,10,Morning,Thursday,0,Summer,1,5.17,Medium,17.9,17.3,1.3
Park Slope,Midtown,15-06-2016,10:03,10,Morning,Wednesday,0,Summer,1,1.52,Medium,14.1,6.5,1.3
Kensington,Park Slope,22-03-2016,08:26,8,Morning,Tuesday,0,Spring,1,2.35,High,10.4,13.6,1.8
Chinatown,Upper West Side,10-01-2016,17:45,17,Afternoon,Sunday,1,Winter,1,1.43,High,8.0,10.7,1.8
Midtown,Clinton Hill,20-01-2016,18:17,18,Evening,Wednesday,0,Winter,1,4.25,High,15.8,16.1,1.8
West Village,Clinton Hill,02-04-2016,09:58,9,Morning,Saturday,1,Spring,1,2.97,High,18.7,9.5,1.8
East Harlem,South Slope,06-04-2016,18:58,18,Evening,Wednesday,0,Spring,2,1.64,High,6.0,16.4,1.8
Great Kills,Sheepshead Bay,26-05-2016,22:21,22,Evening,Thursday,0,Spring,1,10.5,Low,20.5,30.7,1.0
Flatlands,Sheepshead Bay,17-02-2016,11:18,11,Morning,Wednesday,0,Winter,1,2.27,Low,14.3,9.5,1.0
Inwood,Kensington,02-06-2016,22:11,22,Evening,Thursday,0,Summer,6,2.66,Low,13.9,11.5,1.0
West Village,Murray Hill,15-04-2016,08:52,8,Morning,Friday,0,Spring,1,4.87,High,22.9,12.8,1.8
South Slope,West Village,28-04-2016,19:10,19,Evening,Thursday,0,Spring,1,3.28,High,24.7,8.0,1.8
Clinton Hill,East Harlem,16-03-2016,13:58,13,Afternoon,Wednesday,0,Spring,1,1.81,Low,7.7,14.1,1.0
Sheepshead Bay,Arverne,01-06-2016,06:56,6,Morning,Wednesday,0,Summer,3,1.35,Low,3.5,23.1,1.0
Park Slope,Inwood,19-03-2016,11:49,11,Morning,Saturday,1,Spring,3,7.3,Low,12.4,35.3,1.0
Oakwood,Midwood,03-03-2016,14:01,14,Afternoon,Thursday,0,Spring,1,12.28,Low,33.7,21.9,1.0
"Bay Terrace, Staten Island",Prince's Bay,02-06-2016,15:40,15,Afternoon,Thursday,0,Summer,1,11.45,Low,42.6,16.1,1.0
Clinton Hill,Bedford-Stuyvesant,29-04-2016,14:10,14,Afternoon,Friday,0,Spring,1,2.77,Low,12.9,12.9,1.0
Harlem,Bedford-Stuyvesant,15-01-2016,15:45,15,Afternoon,Friday,0,Winter,2,1.67,Low,6.3,15.9,1.0
Upper West Side,Murray Hill,18-06-2016,17:08,17,Afternoon,Saturday,1,Summer,1,2.09,High,8.3,15.1,1.8
Upper West Side,East Harlem,19-02-2016,19:34,19,Evening,Friday,0,Winter,1,1.39,High,10.4,8.0,1.8
Fort Greene,Fort Greene,30-04-2016,22:56,22,Evening,Saturday,1,Spring,1,1.16,Low,6.5,10.7,1.0
West Village,Inwood,25-06-2016,10:35,10,Morning,Saturday,1,Summer,2,2.84,Medium,8.2,20.8,1.3
Hell's Kitchen,Upper West Side,08-03-2016,23:55,23,Evening,Tuesday,0,Spring,1,8.67,Low,30.9,16.8,1.0
Murray Hill,South Slope,04-06-2016,22:45,22,Evening,Saturday,1,Summer,1,2.28,Low,7.0,19.5,1.0
Harlem,West Village,09-03-2016,20:27,20,Evening,Wednesday,0,Spring,1,1.39,Medium,4.6,18.1,1.3
Harlem,East Harlem,06-06-2016,08:44,8,Morning,Monday,0,Summer,1,1.55,High,8.6,10.8,1.8
Chinatown,East Harlem,17-05-2016,18:40,18,Evening,Tuesday,0,Spring,1,5.9,High,23.3,15.2,1.8
Harlem,Harlem,12-06-2016,18:24,18,Evening,Sunday,1,Summer,1,3.92,High,16.5,14.3,1.8
Chinatown,Bedford-Stuyvesant,01-04-2016,12:23,12,Afternoon,Friday,0,Spring,1,1.28,Low,13.3,5.8,1.0
East Harlem,Bedford-Stuyvesant,17-01-2016,18:12,18,Evening,Sunday,1,Winter,2,2.12,High,13.6,9.4,1.8
Harlem,Upper West Side,23-02-2016,17:11,17,Afternoon,Tuesday,0,Winter,1,2.15,High,9.1,14.2,1.8
Fort Greene,Bedford-Stuyvesant,27-01-2016,23:16,23,Evening,Wednesday,0,Winter,2,5.16,Low,18.7,16.6,1.0
East Harlem,Upper West Side,01-01-2016,13:31,13,Afternoon,Friday,0,Winter,3,3.67,Low,13.3,16.6,1.0
Chinatown,Harlem,30-05-2016,05:57,5,Night,Monday,0,Spring,1,0.84,Low,3.4,14.8,1.0
Bedford-Stuyvesant,Upper West Side,31-01-2016,09:15,9,Morning,Sunday,1,Winter,1,0.6,High,3.5,10.3,1.8
South Slope,Fort Greene,24-05-2016,17:57,17,Afternoon,Tuesday,0,Spring,1,3.36,High,13.6,14.8,1.8
Murray Hill,Fort Greene,14-02-2016,18:36,18,Evening,Sunday,1,Winter,1,6.35,High,24.9,15.3,1.8
Bedford-Stuyvesant,East Harlem,22-05-2016,10:07,10,Morning,Sunday,1,Spring,2,3.23,Medium,7.4,26.2,1.3
Upper West Side,Hell's Kitchen,24-02-2016,18:21,18,Evening,Wednesday,0,Winter,1,1.57,High,17.1,5.5,1.8
Tottenville,Woodrow,11-01-2016,23:04,23,Evening,Monday,0,Winter,2,23.75,Low,37.8,37.7,1.0
Great Kills,Clifton,22-06-2016,10:12,10,Morning,Wednesday,0,Summer,1,14.95,Medium,32.4,27.7,1.3
Park Slope,Harlem,21-06-2016,15:13,15,Afternoon,Tuesday,0,Summer,1,1.52,Low,8.9,10.2,1.0
Upper West Side,East Harlem,05-03-2016,01:10,1,Night,Saturday,1,Spring,1,1.87,Low,10.9,10.3,1.0
Upper West Side,Williamsburg,04-05-2016,22:31,22,Evening,Wednesday,0,Spring,1,2.11,Low,10.2,12.4,1.0
Williamsburg,Bedford-Stuyvesant,13-01-2016,07:53,7,Morning,Wednesday,0,Winter,1,6.89,Medium,20.0,20.7,1.3
Chelsea,Upper West Side,31-01-2016,17:28,17,Afternoon,Sunday,1,Winter,1,3.62,High,14.0,15.5,1.8
West Village,Harlem,11-05-2016,08:22,8,Morning,Wednesday,0,Spring,1,4.11,High,32.9,7.5,1.8
Clinton Hill,Upper West Side,08-04-2016,21:06,21,Evening,Friday,0,Spring,1,0.5,Low,2.7,11.1,1.0
Upper West Side,Park Slope,05-06-2016,02:30,2,Night,Sunday,1,Summer,1,0.51,Low,2.0,15.3,1.0
Bushwick,South Slope,25-06-2016,00:16,0,Night,Saturday,1,Summer,1,3.92,Low,22.0,10.7,1.0
West Village,Upper West Side,24-05-2016,22:04,22,Evening,Tuesday,0,Spring,1,1.18,Low,3.8,18.6,1.0
Tompkinsville,Arden Heights,03-01-2016,14:09,14,Afternoon,Sunday,1,Winter,1,14.11,Low,21.4,39.6,1.0
West Village,Upper West Side,17-02-2016,07:41,7,Morning,Wednesday,0,Winter,1,2.76,Medium,9.9,16.7,1.3
Bedford-Stuyvesant,East Harlem,17-04-2016,22:38,22,Evening,Sunday,1,Spring,1,6.15,Low,15.8,23.4,1.0
Kensington,Clinton Hill,24-04-2016,13:43,13,Afternoon,Sunday,1,Spring,1,1.13,Low,15.6,4.3,1.0
Harlem,East Harlem,28-06-2016,18:29,18,Evening,Tuesday,0,Summer,1,2.76,High,9.6,17.2,1.8
Borough Park,Arden Heights,30-06-2016,15:12,15,Afternoon,Thursday,0,Summer,2,12.32,Low,39.4,18.8,1.0
Bedford-Stuyvesant,Harlem,12-04-2016,08:36,8,Morning,Tuesday,0,Spring,1,1.91,High,17.2,6.7,1.8
East Harlem,Harlem,05-01-2016,19:07,19,Evening,Tuesday,0,Winter,1,0.81,High,4.2,11.6,1.8
Bedford-Stuyvesant,West Village,04-03-2016,13:46,13,Afternoon,Friday,0,Spring,1,5.27,Low,28.4,11.1,1.0
East Harlem,Hell's Kitchen,05-06-2016,20:34,20,Evening,Sunday,1,Summer,1,1.2,Medium,4.5,16.0,1.3
Great Kills,Tottenville,06-05-2016,16:40,16,Afternoon,Friday,0,Spring,1,25.22,Medium,77.7,19.5,1.3
Chelsea,Kensington,13-05-2016,08:33,8,Morning,Friday,0,Spring,1,13.93,High,29.2,28.6,1.8
Harlem,Bedford-Stuyvesant,28-06-2016,13:46,13,Afternoon,Tuesday,0,Summer,4,1.11,Low,17.1,3.9,1.0
Upper West Side,Midtown,26-01-2016,05:53,5,Night,Tuesday,0,Winter,1,2.9,Low,6.1,28.5,1.0
Murray Hill,East Harlem,17-02-2016,01:51,1,Night,Wednesday,0,Winter,1,2.63,Low,3.4,46.4,1.0
Sheepshead Bay,Arverne,04-02-2016,17:52,17,Afternoon,Thursday,0,Winter,2,1.43,High,6.3,13.6,1.8
Chinatown,Crown Heights,20-02-2016,00:55,0,Night,Saturday,1,Winter,2,3.2,Low,14.4,13.3,1.0
Arverne,Arverne,11-05-2016,13:09,13,Afternoon,Wednesday,0,Spring,1,1.17,Low,10.1,7.0,1.0
Chinatown,Kensington,24-02-2016,00:07,0,Night,Wednesday,0,Winter,1,2.01,Low,8.3,14.5,1.0
Bedford-Stuyvesant,Park Slope,26-05-2016,04:34,4,Night,Thursday,0,Spring,1,4.72,Low,12.2,23.2,1.0
Kensington,Clinton Hill,09-05-2016,11:17,11,Morning,Monday,0,Spring,1,4.24,Low,27.4,9.3,1.0
Harlem,Upper West Side,16-05-2016,19:20,19,Evening,Monday,0,Spring,1,4.39,High,12.8,20.6,1.8
Inwood,East Village,01-03-2016,07:28,7,Morning,Tuesday,0,Spring,1,0.26,Medium,2.3,6.8,1.3
Clinton Hill,East Village,11-01-2016,23:59,23,Evening,Monday,0,Winter,1,2.08,Low,9.6,13.0,1.0
Midtown,Upper West Side,29-02-2016,00:13,0,Night,Monday,0,Winter,3,8.48,Low,16.4,31.0,1.0
Park Slope,Harlem,15-06-2016,09:48,9,Morning,Wednesday,0,Summer,1,0.77,High,9.5,4.9,1.8
Harlem,Fort Greene,10-06-2016,15:09,15,Afternoon,Friday,0,Summer,1,3.41,Low,18.6,11.0,1.0
Neponsit,Far Rockaway,06-05-2016,17:11,17,Afternoon,Friday,0,Spring,1,10.82,High,37.6,17.3,1.8
South Slope,Upper West Side,12-05-2016,18:00,18,Evening,Thursday,0,Spring,1,4.6,High,21.6,12.8,1.8
Harlem,Harlem,04-04-2016,05:39,5,Night,Monday,0,Spring,1,3.38,Low,12.5,16.2,1.0
Bedford-Stuyvesant,Harlem,01-02-2016,21:31,21,Evening,Monday,0,Winter,1,3.68,Low,9.3,23.7,1.0
Bedford-Stuyvesant,Greenpoint,07-04-2016,19:56,19,Evening,Thursday,0,Spring,5,1.15,High,9.0,7.7,1.8
Upper West Side,Harlem,21-03-2016,21:35,21,Evening,Monday,0,Spring,1,0.28,Low,16.0,1.0,1.0
Upper West Side,Kensington,28-06-2016,09:18,9,Morning,Tuesday,0,Summer,1,3.47,High,27.7,7.5,1.8
Fort Hamilton,Bensonhurst,14-03-2016,11:49,11,Morning,Monday,0,Spring,6,2.04,Low,19.0,6.4,1.0
Harlem,Bedford-Stuyvesant,21-01-2016,08:35,8,Morning,Thursday,0,Winter,1,5.17,High,20.8,14.9,1.8
Hell's Kitchen,Harlem,14-02-2016,12:26,12,Afternoon,Sunday,1,Winter,1,1.8,Low,4.4,24.5,1.0
Bedford-Stuyvesant,Fort Greene,25-04-2016,17:42,17,Afternoon,Monday,0,Spring,2,4.46,High,18.3,14.6,1.8
Harlem,Upper West Side,27-01-2016,23:14,23,Evening,Wednesday,0,Winter,5,3.9,Low,17.3,13.5,1.0
East Harlem,Upper West Side,19-06-2016,18:12,18,Evening,Sunday,1,Summer,5,2.21,High,9.8,13.5,1.8
Williamsburg,Upper West Side,28-02-2016,18:40,18,Evening,Sunday,1,Winter,1,3.73,High,14.8,15.1,1.8
East Harlem,Upper West Side,12-05-2016,19:25,19,Evening,Thursday,0,Spring,5,1.37,High,7.2,11.4,1.8
Harlem,Midtown,03-05-2016,12:33,12,Afternoon,Tuesday,0,Spring,5,3.04,Low,12.5,14.6,1.0
Harlem,Fort Greene,08-03-2016,22:38,22,Evening,Tuesday,0,Spring,1,6.56,Low,27.3,14.4,1.0
Oakwood,South Beach,13-03-2016,14:51,14,Afternoon,Sunday,1,Spring,1,16.16,Low,40.7,23.8,1.0
West Village,Park Slope,23-04-2016,23:34,23,Evening,Saturday,1,Spring,1,1.13,Low,4.6,14.7,1.0
Harlem,Upper West Side,14-05-2016,03:41,3,Night,Saturday,1,Spring,1,1.77,Low,8.2,13.0,1.0
Bedford-Stuyvesant,Fort Greene,18-04-2016,15:11,15,Afternoon,Monday,0,Spring,5,3.4,Low,22.0,9.3,1.0
South Slope,Harlem,04-05-2016,07:58,7,Morning,Wednesday,0,Spring,1,1.41,Medium,8.5,10.0,1.3
Kensington,Harlem,19-05-2016,18:32,18,Evening,Thursday,0,Spring,1,12.39,High,47.1,15.8,1.8
West Village,Bedford-Stuyvesant,01-03-2016,19:55,19,Evening,Tuesday,0,Spring,1,2.05,High,8.2,15.0,1.8
Gravesend,East Flatbush,31-05-2016,20:22,20,Evening,Tuesday,0,Spring,1,2.9,Medium,14.8,11.8,1.3
Clinton Hill,Upper West Side,15-04-2016,02:37,2,Night,Friday,0,Spring,1,9.21,Low,26.4,20.9,1.0
Upper West Side,Hell's Kitchen,01-03-2016,22:54,22,Evening,Tuesday,0,Spring,2,1.78,Low,8.0,13.4,1.0
Kensington,East Harlem,20-03-2016,14:31,14,Afternoon,Sunday,1,Spring,2,3.79,Low,20.8,10.9,1.0
West Village,Upper West Side,30-04-2016,19:23,19,Evening,Saturday,1,Spring,1,2.15,High,10.6,12.2,1.8
Fort Hamilton,Bensonhurst,08-04-2016,12:24,12,Afternoon,Friday,0,Spring,1,1.79,Low,10.0,10.7,1.0
East Harlem,South Slope,10-01-2016,02:13,2,Night,Sunday,1,Winter,1,0.78,Low,5.6,8.4,1.0
Kensington,Fort Greene,24-02-2016,15:44,15,Afternoon,Wednesday,0,Winter,1,1.3,Low,11.0,7.1,1.0
East Harlem,East Harlem,23-04-2016,17:12,17,Afternoon,Saturday,1,Spring,5,1.34,High,3.2,25.1,1.8
East Harlem,East Harlem,02-06-2016,21:54,21,Evening,Thursday,0,Summer,1,2.83,Low,18.3,9.3,1.0
East Harlem,Windsor Terrace,29-02-2016,20:17,20,Evening,Monday,0,Winter,1,0.97,Medium,9.6,6.1,1.3
Murray Hill,Upper West Side,01-02-2016,19:44,19,Evening,Monday,0,Winter,1,3.21,High,11.9,16.2,1.8
Clinton Hill,East Harlem,20-02-2016,19:28,19,Evening,Saturday,1,Winter,1,3.9,High,19.6,11.9,1.8
Bedford-Stuyvesant,Bedford-Stuyvesant,27-01-2016,06:43,6,Morning,Wednesday,0,Winter,1,4.64,Low,19.3,14.4,1.0
Williamsburg,Bedford-Stuyvesant,09-03-2016,17:04,17,Afternoon,Wednesday,0,Spring,1,2.79,High,19.5,8.6,1.8
Murray Hill,Clinton Hill,25-02-2016,12:33,12,Afternoon,Thursday,0,Winter,1,1.8,Low,10.6,10.2,1.0
South Slope,Upper West Side,04-02-2016,07:55,7,Morning,Thursday,0,Winter,3,1.88,Medium,8.4,13.4,1.3
Inwood,Hell's Kitchen,14-02-2016,08:00,8,Morning,Sunday,1,Winter,1,1.27,High,1.7,44.8,1.8
Upper West Side,Harlem,11-01-2016,22:07,22,Evening,Monday,0,Winter,2,1.34,Low,5.6,14.4,1.0
Chelsea,Murray Hill,09-01-2016,22:23,22,Evening,Saturday,1,Winter,2,2.65,Low,14.8,10.7,1.0
Clinton Hill,East Harlem,26-05-2016,13:40,13,Afternoon,Thursday,0,Spring,1,3.86,Low,21.0,11.0,1.0
East Harlem,Fort Greene,09-01-2016,22:13,22,Evening,Saturday,1,Winter,2,2.86,Low,9.0,19.1,1.0
Harlem,Fort Greene,17-04-2016,21:22,21,Evening,Sunday,1,Spring,1,1.62,Low,5.2,18.7,1.0
Bedford-Stuyvesant,Kensington,22-01-2016,08:52,8,Morning,Friday,0,Winter,1,3.0,High,14.0,12.9,1.8
Midtown,Fort Greene,04-03-2016,22:47,22,Evening,Friday,0,Spring,1,2.78,Low,11.4,14.6,1.0
Kensington,Murray Hill,18-06-2016,07:48,7,Morning,Saturday,1,Summer,1,1.52,Medium,7.0,13.0,1.3
Kensington,Kensington,03-06-2016,16:47,16,Afternoon,Friday,0,Summer,1,1.23,Medium,9.7,7.6,1.3
South Slope,Midtown,19-03-2016,16:25,16,Afternoon,Saturday,1,Spring,1,4.91,Medium,16.5,17.9,1.3
South Slope,Upper West Side,04-04-2016,10:52,10,Morning,Monday,0,Spring,2,3.26,Medium,18.3,10.7,1.3
Upper West Side,Bedford-Stuyvesant,03-02-2016,23:09,23,Evening,Wednesday,0,Winter,1,1.43,Low,4.7,18.3,1.0
Murray Hill,East Harlem,23-06-2016,02:42,2,Night,Thursday,0,Summer,1,1.59,Low,3.4,28.1,1.0
Hell's Kitchen,East Harlem,02-02-2016,22:45,22,Evening,Tuesday,0,Winter,1,3.66,Low,9.8,22.4,1.0
Harlem,East Harlem,22-02-2016,13:37,13,Afternoon,Monday,0,Winter,1,2.76,Low,12.7,13.0,1.0
East Harlem,Harlem,20-06-2016,08:25,8,Morning,Monday,0,Summer,1,7.77,High,19.2,24.3,1.8
Tottenville,Huguenot,16-03-2016,16:06,16,Afternoon,Wednesday,0,Spring,1,24.63,Medium,59.9,24.7,1.3
East Harlem,Harlem,13-03-2016,17:41,17,Afternoon,Sunday,1,Spring,1,1.99,High,6.8,17.6,1.8
East Harlem,Harlem,19-01-2016,19:17,19,Evening,Tuesday,0,Winter,1,1.35,High,8.3,9.8,1.8
East Harlem,Upper West Side,18-02-2016,19:54,19,Evening,Thursday,0,Winter,1,4.25,High,16.3,15.6,1.8
Bensonhurst,Arrochar,19-03-2016,23:10,23,Evening,Saturday,1,Spring,1,3.96,Low,14.8,16.1,1.0
Harlem,West Village,01-05-2016,00:50,0,Night,Sunday,1,Spring,1,1.06,Low,4.1,15.5,1.0
Bay Ridge,Arrochar,23-06-2016,22:34,22,Evening,Thursday,0,Summer,2,2.85,Low,42.8,4.0,1.0
Upper West Side,East Harlem,21-06-2016,18:27,18,Evening,Tuesday,0,Summer,3,1.14,High,11.2,6.1,1.8
Harlem,Midtown,06-06-2016,21:43,21,Evening,Monday,0,Summer,1,3.23,Low,20.7,9.4,1.0
Clinton Hill,Murray Hill,13-04-2016,13:25,13,Afternoon,Wednesday,0,Spring,1,2.76,Low,15.3,10.8,1.0
Harlem,East Harlem,08-03-2016,06:30,6,Morning,Tuesday,0,Spring,1,3.04,Low,10.1,18.1,1.0
East Harlem,Bedford-Stuyvesant,11-02-2016,22:34,22,Evening,Thursday,0,Winter,5,2.25,Low,13.3,10.2,1.0
Clinton Hill,Fort Greene,06-04-2016,22:12,22,Evening,Wednesday,0,Spring,1,1.05,Low,4.8,13.1,1.0
Harlem,Upper West Side,06-03-2016,19:48,19,Evening,Sunday,1,Spring,1,4.86,High,17.0,17.2,1.8
East Harlem,Murray Hill,09-01-2016,22:42,22,Evening,Saturday,1,Winter,3,2.33,Low,9.5,14.7,1.0
South Slope,Park Slope,27-05-2016,13:16,13,Afternoon,Friday,0,Spring,5,0.97,Low,3.4,17.1,1.0
Clinton Hill,Inwood,24-04-2016,01:01,1,Night,Sunday,1,Spring,1,1.52,Low,8.2,11.1,1.0
South Slope,Kensington,11-04-2016,08:00,8,Morning,Monday,0,Spring,1,2.52,High,17.1,8.8,1.8
West Village,Upper West Side,15-03-2016,18:56,18,Evening,Tuesday,0,Spring,1,2.78,High,18.1,9.2,1.8
East Harlem,Park Slope,30-03-2016,21:44,21,Evening,Wednesday,0,Spring,1,1.43,Low,8.8,9.8,1.0
Upper West Side,Harlem,06-02-2016,00:23,0,Night,Saturday,1,Winter,2,10.07,Low,19.1,31.6,1.0
Chelsea,South Slope,17-04-2016,07:58,7,Morning,Sunday,1,Spring,1,1.36,Medium,3.8,21.5,1.3
Tottenville,Huguenot,01-01-2016,07:07,7,Morning,Friday,0,Winter,2,19.24,Medium,32.6,35.4,1.3
Chelsea,Crown Heights,10-06-2016,19:03,19,Evening,Friday,0,Summer,1,1.16,High,8.6,8.1,1.8
Kensington,Park Slope,06-02-2016,17:56,17,Afternoon,Saturday,1,Winter,2,1.28,High,9.7,7.9,1.8
Midtown,Hell's Kitchen,26-04-2016,23:46,23,Evening,Tuesday,0,Spring,1,12.36,Low,18.2,40.7,1.0
Tottenville,Rossville,09-03-2016,00:31,0,Night,Wednesday,0,Spring,1,19.8,Low,25.7,46.2,1.0
Harlem,Harlem,26-04-2016,14:40,14,Afternoon,Tuesday,0,Spring,1,0.76,Low,3.1,14.7,1.0
South Slope,South Slope,14-02-2016,13:02,13,Afternoon,Sunday,1,Winter,1,3.52,Low,12.7,16.6,1.0
East Harlem,Flatbush,15-05-2016,18:36,18,Evening,Sunday,1,Spring,1,3.03,High,19.8,9.2,1.8
East Harlem,East Harlem,26-05-2016,14:36,14,Afternoon,Thursday,0,Spring,1,3.03,Low,24.6,7.4,1.0
West Village,Harlem,03-06-2016,09:04,9,Morning,Friday,0,Summer,1,4.05,High,28.9,8.4,1.8
Tottenville,Eltingville,12-04-2016,19:33,19,Evening,Tuesday,0,Spring,2,21.04,High,32.8,38.5,1.8
South Slope,Upper West Side,17-05-2016,16:17,16,Afternoon,Tuesday,0,Spring,2,2.16,Medium,12.3,10.5,1.3
South Slope,Murray Hill,25-04-2016,12:41,12,Afternoon,Monday,0,Spring,2,2.38,Low,11.1,12.9,1.0
West Village,West Village,15-03-2016,21:58,21,Evening,Tuesday,0,Spring,1,1.68,Low,3.8,26.5,1.0
Midwood,Bensonhurst,22-04-2016,11:42,11,Morning,Friday,0,Spring,1,2.77,Low,25.9,6.4,1.0
Chinatown,East Harlem,26-04-2016,04:51,4,Night,Tuesday,0,Spring,1,6.16,Low,11.8,31.3,1.0
West Village,Midtown,29-04-2016,15:33,15,Afternoon,Friday,0,Spring,1,4.86,Low,19.5,15.0,1.0
Upper West Side,West Village,06-05-2016,13:42,13,Afternoon,Friday,0,Spring,2,1.7,Low,7.4,13.8,1.0
South Slope,Fort Greene,17-01-2016,19:52,19,Evening,Sunday,1,Winter,2,1.25,High,2.3,32.6,1.8
Great Kills,Far Rockaway,17-03-2016,08:15,8,Morning,Thursday,0,Spring,1,18.07,High,48.4,22.4,1.8
Concord,Bergen Beach,25-05-2016,13:12,13,Afternoon,Wednesday,0,Spring,1,1.66,Low,12.0,8.3,1.0
Sheepshead Bay,Midwood,18-04-2016,13:49,13,Afternoon,Monday,0,Spring,2,1.56,Low,9.5,9.9,1.0
West Village,Kensington,28-04-2016,09:57,9,Morning,Thursday,0,Spring,1,1.2,High,8.6,8.4,1.8
Tottenville,Tottenville,16-02-2016,10:22,10,Morning,Tuesday,0,Winter,1,25.78,Medium,40.8,37.9,1.3
Harlem,East Harlem,13-04-2016,22:00,22,Evening,Wednesday,0,Spring,2,5.02,Low,13.2,22.8,1.0
South Slope,Midtown,29-01-2016,11:28,11,Morning,Friday,0,Winter,1,0.86,Low,7.3,7.1,1.0
East Harlem,East Harlem,19-05-2016,14:20,14,Afternoon,Thursday,0,Spring,1,1.85,Low,13.1,8.5,1.0
Bedford-Stuyvesant,Upper West Side,12-01-2016,15:00,15,Afternoon,Tuesday,0,Winter,1,3.38,Low,20.7,9.8,1.0
Harlem,Williamsburg,26-02-2016,10:47,10,Morning,Friday,0,Winter,2,5.57,Medium,21.0,15.9,1.3
Hell's Kitchen,Park Slope,26-04-2016,19:00,19,Evening,Tuesday,0,Spring,1,10.33,High,18.0,34.4,1.8
Bedford-Stuyvesant,Harlem,05-05-2016,19:42,19,Evening,Thursday,0,Spring,5,3.18,High,14.2,13.4,1.8
West Village,East Harlem,29-01-2016,08:11,8,Morning,Friday,0,Winter,2,0.93,High,9.8,5.7,1.8
Murray Hill,Kensington,12-04-2016,07:56,7,Morning,Tuesday,0,Spring,1,1.5,Medium,14.0,6.4,1.3
Stapleton,Gravesend,15-05-2016,12:35,12,Afternoon,Sunday,1,Spring,2,4.2,Low,16.3,15.5,1.0
Kensington,East Harlem,02-04-2016,20:12,20,Evening,Saturday,1,Spring,3,0.96,Medium,5.6,10.3,1.3
Tottenville,Prince's Bay,16-03-2016,06:16,6,Morning,Wednesday,0,Spring,1,12.84,Low,37.2,20.7,1.0
Greenpoint,Kensington,10-02-2016,17:55,17,Afternoon,Wednesday,0,Winter,1,1.48,High,4.8,18.5,1.8
Bedford-Stuyvesant,Inwood,12-06-2016,00:13,0,Night,Sunday,1,Summer,6,3.87,Low,49.9,4.7,1.0
Arden Heights,Flatlands,11-05-2016,11:29,11,Morning,Wednesday,0,Spring,2,12.49,Low,43.8,17.1,1.0
East Harlem,Upper West Side,29-03-2016,14:22,14,Afternoon,Tuesday,0,Spring,1,2.27,Low,10.0,13.6,1.0
Harlem,Bedford-Stuyvesant,28-04-2016,10:20,10,Morning,Thursday,0,Spring,1,1.17,Medium,4.8,14.6,1.3
Edgemere,Mill Basin,26-02-2016,06:28,6,Morning,Friday,0,Winter,1,3.85,Low,5.3,43.6,1.0
Fort Greene,East Harlem,22-01-2016,18:31,18,Evening,Friday,0,Winter,1,1.99,High,13.3,9.0,1.8
Long Island City,Harlem,20-03-2016,21:55,21,Evening,Sunday,1,Spring,1,2.38,Low,5.5,26.0,1.0
Gravesend,Bensonhurst,15-06-2016,18:41,18,Evening,Wednesday,0,Summer,2,0.99,High,13.4,4.4,1.8
Chelsea,Crown Heights,20-01-2016,16:13,16,Afternoon,Wednesday,0,Winter,1,1.6,Medium,3.1,31.0,1.3
Bedford-Stuyvesant,Upper West Side,06-02-2016,21:11,21,Evening,Saturday,1,Winter,1,0.93,Low,2.8,19.9,1.0
Williamsburg,Upper West Side,21-05-2016,03:16,3,Night,Saturday,1,Spring,1,1.83,Low,4.1,26.8,1.0
Bedford-Stuyvesant,Upper West Side,05-02-2016,21:14,21,Evening,Friday,0,Winter,1,3.75,Low,17.0,13.2,1.0
Harlem,Chinatown,23-06-2016,23:51,23,Evening,Thursday,0,Summer,5,6.47,Low,18.2,21.3,1.0
Great Kills,Tottenville,05-04-2016,22:52,22,Evening,Tuesday,0,Spring,1,11.68,Low,48.4,14.5,1.0
Park Slope,Harlem,11-02-2016,22:45,22,Evening,Thursday,0,Winter,1,4.15,Low,30.8,8.1,1.0
Harlem,East Harlem,08-03-2016,13:50,13,Afternoon,Tuesday,0,Spring,4,3.03,Low,25.3,7.2,1.0
East Harlem,Inwood,21-05-2016,01:47,1,Night,Saturday,1,Spring,1,2.91,Low,8.9,19.6,1.0
Great Kills,Tottenville,09-02-2016,17:50,17,Afternoon,Tuesday,0,Winter,1,24.41,High,41.3,35.5,1.8
Gravesend,Bay Ridge,28-03-2016,10:20,10,Morning,Monday,0,Spring,1,1.97,Medium,9.8,12.1,1.3
Crown Heights,Hell's Kitchen,15-02-2016,16:07,16,Afternoon,Monday,0,Winter,1,1.27,Medium,5.7,13.4,1.3
Bedford-Stuyvesant,Bedford-Stuyvesant,21-03-2016,09:52,9,Morning,Monday,0,Spring,1,2.01,High,12.6,9.6,1.8
Fort Hamilton,Grymes Hill,11-03-2016,14:42,14,Afternoon,Friday,0,Spring,2,4.73,Low,25.9,11.0,1.0
Clinton Hill,Midtown,04-05-2016,15:21,15,Afternoon,Wednesday,0,Spring,1,1.54,Low,15.8,5.8,1.0
East Harlem,Upper West Side,23-06-2016,22:34,22,Evening,Thursday,0,Summer,1,2.28,Low,7.2,19.0,1.0
Upper West Side,Harlem,16-06-2016,19:27,19,Evening,Thursday,0,Summer,1,7.18,High,28.9,14.9,1.8
Woodrow,Tottenville,10-01-2016,02:33,2,Night,Sunday,1,Winter,4,11.94,Low,28.5,25.1,1.0
East Harlem,Upper West Side,17-05-2016,22:40,22,Evening,Tuesday,0,Spring,1,2.87,Low,9.3,18.5,1.0
Kensington,Greenpoint,12-02-2016,18:30,18,Evening,Friday,0,Winter,2,3.02,High,14.2,12.8,1.8
East Harlem,Clinton Hill,21-01-2016,09:05,9,Morning,Thursday,0,Winter,1,1.44,High,4.7,18.4,1.8
Upper West Side,Harlem,31-03-2016,11:52,11,Morning,Thursday,0,Spring,5,2.93,Low,24.8,7.1,1.0
Emerson Hill,Westerleigh,15-05-2016,13:38,13,Afternoon,Sunday,1,Spring,1,1.99,Low,11.1,10.8,1.0
Upper West Side,Fort Greene,12-01-2016,16:01,16,Afternoon,Tuesday,0,Winter,1,2.06,Medium,7.2,17.2,1.3
Williamsburg,Upper West Side,12-02-2016,19:58,19,Evening,Friday,0,Winter,1,1.87,High,5.2,21.6,1.8
Upper West Side,Midtown,25-05-2016,18:24,18,Evening,Wednesday,0,Spring,1,1.43,High,5.1,16.8,1.8
Great Kills,Arrochar,26-06-2016,17:38,17,Afternoon,Sunday,1,Summer,2,16.27,High,29.1,33.5,1.8
Midwood,Arverne,17-04-2016,12:15,12,Afternoon,Sunday,1,Spring,1,3.92,Low,12.3,19.1,1.0
Harlem,Clinton Hill,10-02-2016,16:42,16,Afternoon,Wednesday,0,Winter,1,1.29,Medium,7.9,9.8,1.3
Upper West Side,Upper West Side,30-03-2016,12:49,12,Afternoon,Wednesday,0,Spring,1,1.1,Low,13.8,4.8,1.0
South Slope,Chinatown,04-02-2016,22:43,22,Evening,Thursday,0,Winter,1,1.72,Low,5.6,18.4,1.0
Stapleton,Prince's Bay,01-02-2016,20:35,20,Evening,Monday,0,Winter,1,25.02,Medium,26.7,56.2,1.3
South Slope,Chinatown,01-03-2016,14:00,14,Afternoon,Tuesday,0,Spring,1,2.01,Low,13.0,9.3,1.0
Crown Heights,Bedford-Stuyvesant,26-03-2016,23:54,23,Evening,Saturday,1,Spring,3,0.82,Low,2.2,22.4,1.0
Williamsburg,Harlem,24-05-2016,06:26,6,Morning,Tuesday,0,Spring,1,4.3,Low,10.8,23.9,1.0
Prince's Bay,Tottenville,21-06-2016,11:51,11,Morning,Tuesday,0,Summer,1,27.23,Low,50.3,32.5,1.0
Clinton Hill,East Harlem,21-05-2016,13:33,13,Afternoon,Saturday,1,Spring,1,3.11,Low,8.9,21.0,1.0
Harlem,East Harlem,17-06-2016,23:09,23,Evening,Friday,0,Summer,1,2.94,Low,21.7,8.1,1.0
East Harlem,Fort Greene,30-03-2016,09:23,9,Morning,Wednesday,0,Spring,1,5.97,High,20.0,17.9,1.8
Harlem,Greenpoint,06-02-2016,15:50,15,Afternoon,Saturday,1,Winter,1,0.94,Low,5.0,11.3,1.0
Clinton Hill,South Slope,04-04-2016,22:15,22,Evening,Monday,0,Spring,1,1.08,Low,3.2,20.2,1.0
Harlem,Upper West Side,14-04-2016,12:20,12,Afternoon,Thursday,0,Spring,1,3.63,Low,27.3,8.0,1.0
Inwood,East Harlem,19-05-2016,16:36,16,Afternoon,Thursday,0,Spring,1,2.78,Medium,16.8,9.9,1.3
Harlem,East Harlem,21-02-2016,09:58,9,Morning,Sunday,1,Winter,1,1.4,High,4.1,20.5,1.8
South Slope,Upper West Side,02-04-2016,12:28,12,Afternoon,Saturday,1,Spring,1,0.2,Low,11.3,1.1,1.0
Inwood,Bedford-Stuyvesant,21-02-2016,15:21,15,Afternoon,Sunday,1,Winter,2,2.86,Low,12.0,14.3,1.0
Chinatown,Bedford-Stuyvesant,02-03-2016,18:50,18,Evening,Wednesday,0,Spring,1,2.84,High,13.2,12.9,1.8
Sheepshead Bay,Arverne,23-02-2016,18:32,18,Evening,Tuesday,0,Winter,1,1.55,High,10.4,8.9,1.8
Upper West Side,Fort Greene,16-06-2016,20:16,20,Evening,Thursday,0,Summer,1,0.92,Medium,6.7,8.2,1.3
Murray Hill,Bedford-Stuyvesant,21-06-2016,15:06,15,Afternoon,Tuesday,0,Summer,1,1.33,Low,7.4,10.8,1.0
Bedford-Stuyvesant,Murray Hill,24-03-2016,06:55,6,Morning,Thursday,0,Spring,1,2.0,Low,4.3,27.9,1.0
Upper West Side,Upper West Side,17-03-2016,17:52,17,Afternoon,Thursday,0,Spring,1,2.37,High,17.0,8.4,1.8
West Village,Harlem,17-06-2016,09:54,9,Morning,Friday,0,Summer,2,2.16,High,14.2,9.1,1.8
Harlem,Upper West Side,21-06-2016,18:04,18,Evening,Tuesday,0,Summer,6,2.02,High,10.4,11.7,1.8
Upper West Side,Clinton Hill,16-03-2016,17:58,17,Afternoon,Wednesday,0,Spring,4,0.88,High,5.7,9.3,1.8
Hell's Kitchen,Hell's Kitchen,26-02-2016,04:20,4,Night,Friday,0,Winter,1,3.42,Low,10.1,20.3,1.0
Hell's Kitchen,Fort Greene,05-02-2016,16:36,16,Afternoon,Friday,0,Winter,1,5.24,Medium,5.3,59.3,1.3
Harlem,Bedford-Stuyvesant,16-01-2016,17:47,17,Afternoon,Saturday,1,Winter,1,1.96,High,5.8,20.3,1.8
Greenpoint,Crown Heights,07-04-2016,22:40,22,Evening,Thursday,0,Spring,2,1.89,Low,9.3,12.2,1.0
Coney Island,Sheepshead Bay,25-03-2016,14:00,14,Afternoon,Friday,0,Spring,3,4.09,Low,9.3,26.4,1.0
Bedford-Stuyvesant,Crown Heights,29-06-2016,19:45,19,Evening,Wednesday,0,Summer,1,3.64,High,13.0,16.8,1.8
Upper West Side,Park Slope,12-06-2016,23:54,23,Evening,Sunday,1,Summer,1,2.51,Low,5.2,29.0,1.0
Upper West Side,Murray Hill,06-03-2016,17:49,17,Afternoon,Sunday,1,Spring,3,3.34,High,9.1,22.0,1.8
Bedford-Stuyvesant,Bedford-Stuyvesant,01-05-2016,00:27,0,Night,Sunday,1,Spring,1,1.58,Low,2.5,37.9,1.0
South Slope,Hell's Kitchen,03-06-2016,19:38,19,Evening,Friday,0,Summer,3,2.8,High,22.2,7.6,1.8
Clinton Hill,Murray Hill,01-01-2016,22:22,22,Evening,Friday,0,Winter,2,1.38,Low,5.4,15.3,1.0
Midwood,Flatlands,09-05-2016,16:40,16,Afternoon,Monday,0,Spring,1,1.56,Medium,11.3,8.3,1.3
Bedford-Stuyvesant,Upper West Side,02-02-2016,22:48,22,Evening,Tuesday,0,Winter,1,9.55,Low,23.6,24.3,1.0
East Harlem,Murray Hill,15-06-2016,22:43,22,Evening,Wednesday,0,Summer,1,6.65,Low,20.6,19.4,1.0
East Harlem,Upper West Side,06-06-2016,13:53,13,Afternoon,Monday,0,Summer,1,2.29,Low,25.8,5.3,1.0
Hell's Kitchen,Upper West Side,13-05-2016,17:03,17,Afternoon,Friday,0,Spring,5,0.94,High,7.6,7.4,1.8
West Village,Upper West Side,25-06-2016,10:20,10,Morning,Saturday,1,Summer,2,4.31,Medium,14.5,17.8,1.3
Midtown,Kensington,30-01-2016,16:34,16,Afternoon,Saturday,1,Winter,1,3.4,Medium,16.0,12.8,1.3
Upper West Side,Chinatown,11-01-2016,22:10,22,Evening,Monday,0,Winter,1,1.87,Low,9.2,12.2,1.0
South Slope,Murray Hill,25-02-2016,14:58,14,Afternoon,Thursday,0,Winter,4,0.24,Low,4.4,3.3,1.0
Bedford-Stuyvesant,Crown Heights,14-05-2016,02:24,2,Night,Saturday,1,Spring,1,2.83,Low,7.6,22.3,1.0
Murray Hill,Kensington,31-05-2016,07:13,7,Morning,Tuesday,0,Spring,1,1.39,Medium,5.5,15.2,1.3
Rockaway Beach,Far Rockaway,25-03-2016,16:31,16,Afternoon,Friday,0,Spring,1,1.35,Medium,3.6,22.5,1.3
East Harlem,Upper West Side,13-02-2016,16:50,16,Afternoon,Saturday,1,Winter,1,1.03,Medium,4.8,12.9,1.3
East Harlem,Park Slope,19-06-2016,04:44,4,Night,Sunday,1,Summer,1,3.76,Low,9.5,23.7,1.0
Kensington,East Harlem,22-06-2016,14:31,14,Afternoon,Wednesday,0,Summer,1,1.7,Low,4.0,25.5,1.0
Upper West Side,Upper West Side,11-02-2016,20:09,20,Evening,Thursday,0,Winter,1,1.15,Medium,4.2,16.4,1.3
Harlem,West Village,21-05-2016,11:40,11,Morning,Saturday,1,Spring,6,3.78,Low,12.5,18.1,1.0
Williamsburg,Murray Hill,03-05-2016,23:18,23,Evening,Tuesday,0,Spring,2,1.53,Low,7.2,12.8,1.0
South Slope,Crown Heights,29-01-2016,13:08,13,Afternoon,Friday,0,Winter,6,1.24,Low,5.0,14.9,1.0
East Harlem,East Harlem,15-02-2016,00:47,0,Night,Monday,0,Winter,1,0.89,Low,2.2,24.3,1.0
Harlem,Harlem,08-06-2016,18:36,18,Evening,Wednesday,0,Summer,5,1.03,High,5.5,11.2,1.8
Harlem,South Slope,26-01-2016,20:22,20,Evening,Tuesday,0,Winter,1,5.36,Medium,13.0,24.7,1.3
Harlem,Crown Heights,20-01-2016,15:17,15,Afternoon,Wednesday,0,Winter,1,1.55,Low,4.9,19.0,1.0
Bayswater,Sheepshead Bay,18-06-2016,15:06,15,Afternoon,Saturday,1,Summer,1,2.98,Low,14.9,12.0,1.0
Williamsburg,Hell's Kitchen,22-01-2016,20:48,20,Evening,Friday,0,Winter,1,6.36,Medium,20.5,18.6,1.3
Hell's Kitchen,South Slope,24-06-2016,17:37,17,Afternoon,Friday,0,Summer,1,1.32,High,18.0,4.4,1.8
East Harlem,East Harlem,05-04-2016,06:38,6,Morning,Tuesday,0,Spring,1,1.95,Low,6.0,19.5,1.0
Upper West Side,Crown Heights,16-04-2016,13:20,13,Afternoon,Saturday,1,Spring,2,2.92,Low,8.9,19.7,1.0
East Harlem,Clinton Hill,13-06-2016,16:10,16,Afternoon,Monday,0,Summer,1,1.21,Medium,10.6,6.8,1.3
South Slope,East Harlem,12-02-2016,23:12,23,Evening,Friday,0,Winter,1,4.92,Low,11.9,24.8,1.0
South Slope,Chinatown,27-03-2016,19:02,19,Evening,Sunday,1,Spring,1,2.19,High,10.4,12.6,1.8
Midtown,Harlem,07-04-2016,18:15,18,Evening,Thursday,0,Spring,1,2.81,High,19.1,8.8,1.8
Kensington,Bedford-Stuyvesant,12-03-2016,18:48,18,Evening,Saturday,1,Spring,1,6.47,High,27.0,14.4,1.8
Upper West Side,Hell's Kitchen,23-03-2016,10:23,10,Morning,Wednesday,0,Spring,1,1.69,Medium,6.9,14.7,1.3
Hell's Kitchen,Kensington,23-03-2016,09:31,9,Morning,Wednesday,0,Spring,1,15.43,High,51.4,18.0,1.8
Williamsburg,Park Slope,11-01-2016,18:37,18,Evening,Monday,0,Winter,1,0.9,High,3.2,16.9,1.8
Bedford-Stuyvesant,Upper West Side,01-06-2016,23:14,23,Evening,Wednesday,0,Summer,1,9.19,Low,19.5,28.3,1.0
Harlem,Bedford-Stuyvesant,02-03-2016,18:19,18,Evening,Wednesday,0,Spring,1,1.93,High,7.0,16.5,1.8
Clinton Hill,Bedford-Stuyvesant,18-02-2016,08:43,8,Morning,Thursday,0,Winter,1,0.91,High,4.2,13.0,1.8
Upper West Side,Kensington,24-04-2016,18:13,18,Evening,Sunday,1,Spring,2,1.9,High,7.7,14.8,1.8
Harlem,Upper West Side,25-04-2016,13:00,13,Afternoon,Monday,0,Spring,1,1.44,Low,5.7,15.2,1.0
East Harlem,Murray Hill,03-03-2016,09:16,9,Morning,Thursday,0,Spring,4,5.35,High,28.8,11.1,1.8
Murray Hill,Bedford-Stuyvesant,16-01-2016,15:03,15,Afternoon,Saturday,1,Winter,1,1.18,Low,9.7,7.3,1.0
Woodrow,Tottenville,21-01-2016,17:31,17,Afternoon,Thursday,0,Winter,1,16.56,High,39.5,25.2,1.8
East Harlem,Williamsburg,21-05-2016,06:42,6,Morning,Saturday,1,Spring,1,1.31,Low,5.7,13.8,1.0
Upper West Side,Bedford-Stuyvesant,08-01-2016,09:37,9,Morning,Friday,0,Winter,1,4.18,High,17.9,14.0,1.8
Greenpoint,Chelsea,02-04-2016,10:04,10,Morning,Saturday,1,Spring,2,1.55,Medium,11.4,8.2,1.3
Hell's Kitchen,South Slope,27-02-2016,11:31,11,Morning,Saturday,1,Winter,1,0.9,Low,6.3,8.6,1.0
Park Slope,Inwood,10-01-2016,16:25,16,Afternoon,Sunday,1,Winter,1,2.44,Medium,13.1,11.2,1.3
Harlem,Harlem,23-05-2016,20:04,20,Evening,Monday,0,Spring,2,3.29,Medium,11.2,17.6,1.3
West Village,Upper West Side,11-03-2016,08:04,8,Morning,Friday,0,Spring,1,0.74,High,4.3,10.3,1.8
South Slope,Upper West Side,27-05-2016,16:15,16,Afternoon,Friday,0,Spring,1,3.06,Medium,16.0,11.5,1.3
West Village,Harlem,08-05-2016,12:47,12,Afternoon,Sunday,1,Spring,1,6.78,Low,20.6,19.7,1.0
Hell's Kitchen,Clinton Hill,01-03-2016,20:00,20,Evening,Tuesday,0,Spring,1,4.16,Medium,14.4,17.3,1.3
South Slope,Harlem,30-01-2016,09:48,9,Morning,Saturday,1,Winter,1,4.92,High,14.0,21.1,1.8
"Bay Terrace, Staten Island",Bensonhurst,01-03-2016,20:46,20,Evening,Tuesday,0,Spring,1,16.59,Medium,23.9,41.6,1.3
Fort Greene,Park Slope,11-05-2016,20:49,20,Evening,Wednesday,0,Spring,1,2.89,Medium,14.0,12.4,1.3
Rockaway Beach,Midwood,30-03-2016,20:00,20,Evening,Wednesday,0,Spring,3,4.19,Medium,19.9,12.6,1.3
West Village,Hell's Kitchen,07-06-2016,12:15,12,Afternoon,Tuesday,0,Summer,1,1.0,Low,5.3,11.3,1.0
Oakwood,Midwood,28-03-2016,08:46,8,Morning,Monday,0,Spring,2,11.52,High,56.6,12.2,1.8
Midtown,Harlem,25-06-2016,19:04,19,Evening,Saturday,1,Summer,2,1.86,High,9.0,12.4,1.8
Williamsburg,Windsor Terrace,04-06-2016,21:04,21,Evening,Saturday,1,Summer,1,1.49,Low,8.2,10.9,1.0
Bedford-Stuyvesant,Williamsburg,24-02-2016,21:13,21,Evening,Wednesday,0,Winter,1,1.98,Low,10.9,10.9,1.0
Upper West Side,Park Slope,07-04-2016,20:14,20,Evening,Thursday,0,Spring,1,1.34,Medium,6.3,12.8,1.3
Bensonhurst,Tompkinsville,06-03-2016,12:38,12,Afternoon,Sunday,1,Spring,1,3.45,Low,10.8,19.2,1.0
Chinatown,West Village,02-01-2016,19:42,19,Evening,Saturday,1,Winter,2,1.09,High,9.5,6.9,1.8
West Village,Harlem,22-04-2016,19:00,19,Evening,Friday,0,Spring,1,3.45,High,17.6,11.8,1.8
Crown Heights,West Village,21-03-2016,20:04,20,Evening,Monday,0,Spring,1,4.43,Medium,16.6,16.0,1.3
Chelsea,Harlem,15-06-2016,10:29,10,Morning,Wednesday,0,Summer,1,3.0,Medium,17.4,10.3,1.3
Chelsea,Bedford-Stuyvesant,29-05-2016,19:49,19,Evening,Sunday,1,Spring,2,5.03,High,14.8,20.4,1.8
West Village,Clinton Hill,12-03-2016,08:51,8,Morning,Saturday,1,Spring,1,1.01,High,4.2,14.4,1.8
Prince's Bay,Arden Heights,16-03-2016,07:02,7,Morning,Wednesday,0,Spring,1,23.5,Medium,60.3,23.4,1.3
Fort Greene,Kensington,09-02-2016,08:35,8,Morning,Tuesday,0,Winter,2,1.82,High,5.8,18.8,1.8
Midtown,South Slope,08-06-2016,13:47,13,Afternoon,Wednesday,0,Summer,1,1.58,Low,13.9,6.8,1.0
Kensington,Harlem,14-03-2016,05:56,5,Night,Monday,0,Spring,1,2.33,Low,3.8,36.8,1.0
Harlem,Inwood,26-01-2016,21:24,21,Evening,Tuesday,0,Winter,1,1.02,Low,17.4,3.5,1.0
Inwood,Williamsburg,02-04-2016,11:48,11,Morning,Saturday,1,Spring,1,5.81,Low,11.2,31.1,1.0
Upper West Side,Inwood,16-03-2016,11:16,11,Morning,Wednesday,0,Spring,1,1.78,Low,11.4,9.4,1.0
Inwood,Hell's Kitchen,29-01-2016,21:16,21,Evening,Friday,0,Winter,3,3.0,Low,17.6,10.2,1.0
South Slope,Midtown,23-06-2016,17:10,17,Afternoon,Thursday,0,Summer,5,2.37,High,13.5,10.5,1.8
Harlem,Harlem,16-03-2016,22:32,22,Evening,Wednesday,0,Spring,2,1.7,Low,10.5,9.7,1.0
Kensington,Harlem,26-01-2016,13:43,13,Afternoon,Tuesday,0,Winter,1,1.36,Low,13.8,5.9,1.0
Bedford-Stuyvesant,South Slope,18-05-2016,18:56,18,Evening,Wednesday,0,Spring,1,2.69,High,9.6,16.8,1.8
Kensington,Bedford-Stuyvesant,29-01-2016,08:00,8,Morning,Friday,0,Winter,1,3.52,High,16.8,12.6,1.8
Harlem,Harlem,07-03-2016,02:39,2,Night,Monday,0,Spring,1,2.73,Low,6.3,26.0,1.0
"Bay Terrace, Staten Island",Borough Park,12-04-2016,22:49,22,Evening,Tuesday,0,Spring,6,11.67,Low,16.6,42.2,1.0
Clinton Hill,Park Slope,05-03-2016,20:13,20,Evening,Saturday,1,Spring,2,2.69,Medium,8.8,18.3,1.3
East Harlem,Crown Heights,18-05-2016,20:23,20,Evening,Wednesday,0,Spring,1,2.09,Medium,7.9,15.9,1.3
Harlem,Chelsea,11-04-2016,22:50,22,Evening,Monday,0,Spring,6,2.31,Low,12.0,11.5,1.0
Arverne,Bay Ridge,21-03-2016,06:17,6,Morning,Monday,0,Spring,1,4.54,Low,13.5,20.2,1.0
East Harlem,Bedford-Stuyvesant,04-02-2016,17:47,17,Afternoon,Thursday,0,Winter,1,0.63,High,5.2,7.3,1.8
Hell's Kitchen,Upper West Side,10-01-2016,15:48,15,Afternoon,Sunday,1,Winter,3,0.95,Low,9.9,5.8,1.0
Williamsburg,Upper West Side,26-03-2016,18:05,18,Evening,Saturday,1,Spring,1,1.74,High,12.1,8.6,1.8
Kensington,Kensington,26-04-2016,14:55,14,Afternoon,Tuesday,0,Spring,5,0.67,Low,7.1,5.7,1.0
East Flatbush,Far Rockaway,08-03-2016,15:19,15,Afternoon,Tuesday,0,Spring,3,3.09,Low,11.7,15.8,1.0
South Slope,Hell's Kitchen,27-02-2016,12:00,12,Afternoon,Saturday,1,Winter,1,1.33,Low,4.7,17.0,1.0
Upper West Side,Midtown,31-01-2016,03:55,3,Night,Sunday,1,Winter,1,3.91,Low,34.5,6.8,1.0
New Springville,Great Kills,07-04-2016,05:59,5,Night,Thursday,0,Spring,1,16.01,Low,17.2,55.8,1.0
Bedford-Stuyvesant,Chelsea,29-01-2016,23:16,23,Evening,Friday,0,Winter,2,1.01,Low,3.6,16.8,1.0
East Harlem,East Harlem,03-05-2016,11:39,11,Morning,Tuesday,0,Spring,1,1.08,Low,9.4,6.9,1.0
Upper West Side,Harlem,17-03-2016,07:56,7,Morning,Thursday,0,Spring,1,3.22,Medium,26.4,7.3,1.3
Harlem,Hell's Kitchen,21-06-2016,09:09,9,Morning,Tuesday,0,Summer,1,1.09,High,3.5,18.7,1.8
Murray Hill,Williamsburg,17-03-2016,22:24,22,Evening,Thursday,0,Spring,1,3.84,Low,20.0,11.5,1.0
Tottenville,Eltingville,26-06-2016,05:37,5,Night,Sunday,1,Summer,1,20.69,Low,21.8,56.9,1.0
Inwood,Williamsburg,27-05-2016,03:09,3,Night,Friday,0,Spring,1,4.51,Low,6.8,39.8,1.0
Harlem,Chelsea,23-03-2016,13:48,13,Afternoon,Wednesday,0,Spring,1,1.73,Low,16.6,6.3,1.0
Upper West Side,Bedford-Stuyvesant,20-05-2016,03:00,3,Night,Friday,0,Spring,2,6.85,Low,16.4,25.1,1.0
Far Rockaway,Arden Heights,10-03-2016,05:42,5,Night,Thursday,0,Spring,1,11.53,Low,21.0,32.9,1.0
Great Kills,Prince's Bay,27-04-2016,13:17,13,Afternoon,Wednesday,0,Spring,1,24.91,Low,46.6,32.1,1.0
Upper West Side,South Slope,17-06-2016,03:19,3,Night,Friday,0,Summer,1,1.45,Low,7.3,11.9,1.0
Fort Greene,Upper West Side,07-01-2016,17:01,17,Afternoon,Thursday,0,Winter,1,1.42,High,5.0,17.0,1.8
Williamsburg,Hell's Kitchen,20-01-2016,23:26,23,Evening,Wednesday,0,Winter,1,0.79,Low,3.0,15.8,1.0
Harlem,Harlem,19-04-2016,10:01,10,Morning,Tuesday,0,Spring,5,2.87,Medium,17.0,10.1,1.3
Upper West Side,East Harlem,25-04-2016,12:07,12,Afternoon,Monday,0,Spring,5,2.13,Low,12.4,10.3,1.0
Harlem,Chinatown,27-05-2016,13:37,13,Afternoon,Friday,0,Spring,1,1.16,Low,11.2,6.2,1.0
Harlem,Upper West Side,17-04-2016,00:15,0,Night,Sunday,1,Spring,2,1.37,Low,4.4,18.7,1.0
West Village,East Harlem,19-03-2016,23:13,23,Evening,Saturday,1,Spring,1,0.73,Low,6.1,7.2,1.0
East Harlem,Kensington,08-01-2016,02:26,2,Night,Friday,0,Winter,1,6.38,Low,8.8,43.5,1.0
Harlem,Harlem,15-01-2016,13:06,13,Afternoon,Friday,0,Winter,1,1.0,Low,3.5,17.1,1.0
Murray Hill,West Village,15-06-2016,07:36,7,Morning,Wednesday,0,Summer,5,3.32,Medium,16.2,12.3,1.3
Hell's Kitchen,Harlem,02-04-2016,09:33,9,Morning,Saturday,1,Spring,6,0.75,High,5.4,8.3,1.8
Murray Hill,Bedford-Stuyvesant,17-04-2016,23:29,23,Evening,Sunday,1,Spring,1,0.6,Low,6.8,5.3,1.0
Harlem,Upper West Side,20-02-2016,14:10,14,Afternoon,Saturday,1,Winter,2,1.54,Low,8.4,11.0,1.0
Tottenville,Woodrow,31-01-2016,08:58,8,Morning,Sunday,1,Winter,5,25.77,High,33.3,46.4,1.8
East Harlem,West Village,25-04-2016,09:11,9,Morning,Monday,0,Spring,1,1.0,High,9.7,6.2,1.8
Midtown,Harlem,10-06-2016,20:43,20,Evening,Friday,0,Summer,1,2.02,Medium,6.6,18.4,1.3
Upper West Side,Williamsburg,26-05-2016,23:52,23,Evening,Thursday,0,Spring,2,1.93,Low,9.4,12.3,1.0
Midtown,East Harlem,20-06-2016,19:35,19,Evening,Monday,0,Summer,1,1.19,High,3.8,18.8,1.8
Hell's Kitchen,Harlem,10-04-2016,16:15,16,Afternoon,Sunday,1,Spring,6,2.09,Medium,6.8,18.4,1.3
East Harlem,Clinton Hill,12-05-2016,19:42,19,Evening,Thursday,0,Spring,6,0.8,High,5.4,8.9,1.8
Fort Hamilton,Sheepshead Bay,15-06-2016,12:26,12,Afternoon,Wednesday,0,Summer,1,2.8,Low,24.0,7.0,1.0
Bedford-Stuyvesant,Bedford-Stuyvesant,02-01-2016,13:15,13,Afternoon,Saturday,1,Winter,1,3.49,Low,6.3,33.2,1.0
East Harlem,Harlem,02-02-2016,12:52,12,Afternoon,Tuesday,0,Winter,1,0.52,Low,4.5,6.9,1.0
Upper West Side,Bedford-Stuyvesant,20-03-2016,14:49,14,Afternoon,Sunday,1,Spring,1,1.39,Low,11.2,7.4,1.0
East Harlem,East Harlem,26-04-2016,21:24,21,Evening,Tuesday,0,Spring,3,7.33,Low,25.6,17.2,1.0
Williamsburg,Upper West Side,02-04-2016,22:53,22,Evening,Saturday,1,Spring,2,1.07,Low,8.1,7.9,1.0
Upper West Side,Upper West Side,18-05-2016,20:51,20,Evening,Wednesday,0,Spring,1,4.47,Medium,15.9,16.9,1.3
South Slope,Upper West Side,30-05-2016,16:06,16,Afternoon,Monday,0,Spring,1,1.06,Medium,5.4,11.8,1.3
Fort Greene,South Slope,01-03-2016,18:08,18,Evening,Tuesday,0,Spring,5,0.72,High,4.7,9.2,1.8
Hell's Kitchen,Upper West Side,19-02-2016,19:08,19,Evening,Friday,0,Winter,1,1.36,High,7.1,11.5,1.8
Bedford-Stuyvesant,Fort Greene,15-01-2016,14:41,14,Afternoon,Friday,0,Winter,1,2.75,Low,13.3,12.4,1.0
Kensington,Bedford-Stuyvesant,24-01-2016,09:28,9,Morning,Sunday,1,Winter,1,0.61,High,10.6,3.5,1.8
East Harlem,East Harlem,11-03-2016,17:13,17,Afternoon,Friday,0,Spring,1,1.24,High,7.0,10.6,1.8
Hell's Kitchen,South Slope,05-03-2016,19:41,19,Evening,Saturday,1,Spring,1,4.83,High,26.2,11.1,1.8
Upper West Side,Harlem,14-01-2016,07:28,7,Morning,Thursday,0,Winter,1,2.9,Medium,4.1,42.4,1.3
Upper West Side,Clinton Hill,21-04-2016,23:53,23,Evening,Thursday,0,Spring,1,7.3,Low,18.9,23.2,1.0
Clifton,Bensonhurst,30-05-2016,20:36,20,Evening,Monday,0,Spring,1,7.57,Medium,25.7,17.7,1.3
Fort Hamilton,Silver Lake,02-05-2016,08:54,8,Morning,Monday,0,Spring,1,1.13,High,6.6,10.3,1.8
Tottenville,Great Kills,19-03-2016,15:51,15,Afternoon,Saturday,1,Spring,1,24.44,Low,42.2,34.7,1.0
Chinatown,Chinatown,04-01-2016,18:30,18,Evening,Monday,0,Winter,1,1.27,High,5.0,15.2,1.8
Williamsburg,Harlem,22-01-2016,21:56,21,Evening,Friday,0,Winter,1,1.26,Low,5.7,13.3,1.0
Hell's Kitchen,East Harlem,04-05-2016,08:12,8,Morning,Wednesday,0,Spring,1,1.5,High,3.4,26.5,1.8
Harlem,Bedford-Stuyvesant,26-06-2016,19:58,19,Evening,Sunday,1,Summer,1,1.93,High,6.7,17.3,1.8
Fort Greene,Upper West Side,08-05-2016,17:06,17,Afternoon,Sunday,1,Spring,1,1.1,High,6.3,10.5,1.8
East Harlem,Upper West Side,18-02-2016,20:27,20,Evening,Thursday,0,Winter,6,2.96,Medium,10.1,17.6,1.3
East Harlem,Upper West Side,14-03-2016,16:57,16,Afternoon,Monday,0,Spring,5,1.84,Medium,7.4,14.9,1.3
East Harlem,Harlem,06-04-2016,08:33,8,Morning,Wednesday,0,Spring,2,2.6,High,21.2,7.4,1.8
East Harlem,Williamsburg,14-04-2016,03:21,3,Night,Thursday,0,Spring,1,0.47,Low,0.5,56.4,1.0
South Slope,Hell's Kitchen,25-05-2016,11:47,11,Morning,Wednesday,0,Spring,1,3.17,Low,22.3,8.5,1.0
Tottenville,Tottenville,29-02-2016,08:46,8,Morning,Monday,0,Winter,1,18.36,High,31.6,34.9,1.8
Arverne,Castleton Corners,03-02-2016,13:14,13,Afternoon,Wednesday,0,Winter,1,2.79,Low,19.5,8.6,1.0
Upper West Side,Upper West Side,02-04-2016,13:05,13,Afternoon,Saturday,1,Spring,1,2.58,Low,9.2,16.8,1.0
Oakwood,West Brighton,14-06-2016,15:56,15,Afternoon,Tuesday,0,Summer,6,12.43,Low,49.6,15.0,1.0
Bedford-Stuyvesant,Fort Greene,13-04-2016,17:33,17,Afternoon,Wednesday,0,Spring,1,1.27,High,6.5,11.7,1.8
Harlem,Upper West Side,21-01-2016,23:58,23,Evening,Thursday,0,Winter,1,7.44,Low,17.7,25.2,1.0
East Harlem,Upper West Side,15-02-2016,17:01,17,Afternoon,Monday,0,Winter,2,6.13,High,22.9,16.1,1.8
East Harlem,Harlem,25-04-2016,17:01,17,Afternoon,Monday,0,Spring,1,4.94,High,18.4,16.1,1.8
Upper West Side,Harlem,01-04-2016,12:36,12,Afternoon,Friday,0,Spring,1,3.14,Low,32.1,5.9,1.0
East Harlem,Hell's Kitchen,07-04-2016,19:40,19,Evening,Thursday,0,Spring,1,0.91,High,5.8,9.4,1.8
South Slope,Bedford-Stuyvesant,05-06-2016,11:22,11,Morning,Sunday,1,Summer,1,4.13,Low,23.2,10.7,1.0
Murray Hill,Chelsea,05-02-2016,19:49,19,Evening,Friday,0,Winter,1,2.35,High,15.3,9.2,1.8
Windsor Terrace,Bedford-Stuyvesant,14-06-2016,02:22,2,Night,Tuesday,0,Summer,1,6.68,Low,22.5,17.8,1.0
Clinton Hill,East Harlem,21-06-2016,19:16,19,Evening,Tuesday,0,Summer,1,0.75,High,11.3,4.0,1.8
South Slope,Bedford-Stuyvesant,01-01-2016,04:39,4,Night,Friday,0,Winter,2,3.03,Low,8.9,20.4,1.0
South Slope,South Slope,19-04-2016,04:27,4,Night,Tuesday,0,Spring,6,0.47,Low,2.5,11.3,1.0
Murray Hill,Crown Heights,24-03-2016,14:43,14,Afternoon,Thursday,0,Spring,1,3.53,Low,25.0,8.5,1.0
East Harlem,Murray Hill,18-03-2016,18:19,18,Evening,Friday,0,Spring,2,4.64,High,40.8,6.8,1.8
Eltingville,Tottenville,02-02-2016,12:08,12,Afternoon,Tuesday,0,Winter,2,23.49,Low,35.3,39.9,1.0
East Harlem,Clinton Hill,11-02-2016,09:31,9,Morning,Thursday,0,Winter,1,1.47,High,10.7,8.2,1.8
Hell's Kitchen,East Harlem,24-06-2016,16:41,16,Afternoon,Friday,0,Summer,3,0.81,Medium,7.9,6.2,1.3
Crown Heights,Bedford-Stuyvesant,31-05-2016,07:42,7,Morning,Tuesday,0,Spring,2,2.61,Medium,12.0,13.0,1.3
Windsor Terrace,Crown Heights,11-05-2016,01:42,1,Night,Wednesday,0,Spring,1,4.1,Low,5.9,41.7,1.0
East Harlem,Upper West Side,08-01-2016,15:13,15,Afternoon,Friday,0,Winter,1,0.37,Low,2.9,7.7,1.0
Park Slope,Fort Greene,26-03-2016,00:05,0,Night,Saturday,1,Spring,1,4.07,Low,8.5,28.7,1.0
Lower East Side,East Harlem,03-01-2016,17:54,17,Afternoon,Sunday,1,Winter,3,5.1,High,22.3,13.7,1.8
Sheepshead Bay,"Bay Terrace, Staten Island",08-01-2016,05:47,5,Night,Friday,0,Winter,1,12.37,Low,19.9,37.3,1.0
Park Slope,Bedford-Stuyvesant,05-02-2016,23:29,23,Evening,Friday,0,Winter,2,0.95,Low,7.7,7.4,1.0
Crown Heights,Bedford-Stuyvesant,14-04-2016,20:13,20,Evening,Thursday,0,Spring,1,0.48,Medium,8.6,3.3,1.3
Upper West Side,Harlem,19-02-2016,10:32,10,Morning,Friday,0,Winter,4,1.43,Medium,6.6,13.0,1.3
Bedford-Stuyvesant,Chelsea,21-06-2016,19:29,19,Evening,Tuesday,0,Summer,5,5.33,High,18.0,17.8,1.8
Upper West Side,Midtown,02-01-2016,05:29,5,Night,Saturday,1,Winter,1,5.88,Low,8.2,43.0,1.0
Midtown,Fort Greene,09-05-2016,21:13,21,Evening,Monday,0,Spring,1,1.88,Low,7.6,14.8,1.0
Harlem,East Village,22-01-2016,01:50,1,Night,Friday,0,Winter,1,3.1,Low,6.3,29.5,1.0
Harlem,Chinatown,02-03-2016,15:51,15,Afternoon,Wednesday,0,Spring,1,1.83,Low,5.4,20.3,1.0
Kensington,Hell's Kitchen,06-02-2016,12:29,12,Afternoon,Saturday,1,Winter,1,6.69,Low,21.4,18.8,1.0
Fort Greene,Crown Heights,23-03-2016,10:08,10,Morning,Wednesday,0,Spring,1,4.0,Medium,21.8,11.0,1.3
Park Slope,Windsor Terrace,07-03-2016,21:09,21,Evening,Monday,0,Spring,2,1.14,Low,2.7,25.3,1.0
West Village,Bedford-Stuyvesant,30-03-2016,09:10,9,Morning,Wednesday,0,Spring,1,0.79,High,7.9,6.0,1.8
East Harlem,Kensington,20-04-2016,08:03,8,Morning,Wednesday,0,Spring,1,1.5,High,8.4,10.7,1.8
Harlem,Clinton Hill,04-06-2016,18:39,18,Evening,Saturday,1,Summer,1,2.87,High,25.5,6.8,1.8
Upper West Side,Harlem,26-04-2016,15:59,15,Afternoon,Tuesday,0,Spring,1,1.27,Low,8.6,8.9,1.0
Gravesend,Arden Heights,26-05-2016,13:27,13,Afternoon,Thursday,0,Spring,1,12.44,Low,26.8,27.9,1.0
Chinatown,East Harlem,09-05-2016,21:58,21,Evening,Monday,0,Spring,1,2.7,Low,18.2,8.9,1.0
Hell's Kitchen,Harlem,30-04-2016,18:56,18,Evening,Saturday,1,Spring,2,1.35,High,6.1,13.3,1.8
Murray Hill,Harlem,07-04-2016,12:49,12,Afternoon,Thursday,0,Spring,1,1.14,Low,9.5,7.2,1.0
Harlem,Harlem,28-04-2016,14:51,14,Afternoon,Thursday,0,Spring,1,2.32,Low,21.2,6.6,1.0
Harlem,Clinton Hill,11-05-2016,06:22,6,Morning,Wednesday,0,Spring,3,4.08,Low,7.6,32.2,1.0
East Harlem,Fort Greene,24-04-2016,18:22,18,Evening,Sunday,1,Spring,1,2.18,High,5.5,23.8,1.8
Williamsburg,Upper West Side,05-03-2016,22:37,22,Evening,Saturday,1,Spring,2,3.71,Low,14.6,15.2,1.0
Bedford-Stuyvesant,Clinton Hill,11-01-2016,09:02,9,Morning,Monday,0,Winter,1,3.69,High,17.0,13.0,1.8
Bedford-Stuyvesant,Harlem,30-04-2016,23:30,23,Evening,Saturday,1,Spring,2,1.68,Low,4.2,24.0,1.0
Murray Hill,Williamsburg,24-01-2016,23:51,23,Evening,Sunday,1,Winter,1,1.81,Low,4.6,23.6,1.0
Hell's Kitchen,Harlem,02-01-2016,02:39,2,Night,Saturday,1,Winter,1,1.11,Low,2.9,23.0,1.0
West Village,Upper West Side,17-06-2016,15:29,15,Afternoon,Friday,0,Summer,1,0.07,Low,1.5,2.8,1.0
Harlem,Harlem,14-06-2016,14:47,14,Afternoon,Tuesday,0,Summer,4,0.93,Low,3.3,16.9,1.0
Upper West Side,Hell's Kitchen,26-01-2016,20:06,20,Evening,Tuesday,0,Winter,1,2.19,Medium,7.3,18.0,1.3
Park Slope,Upper West Side,05-06-2016,02:35,2,Night,Sunday,1,Summer,1,2.66,Low,16.1,9.9,1.0
Midtown,South Slope,15-03-2016,10:00,10,Morning,Tuesday,0,Spring,1,1.24,Medium,5.1,14.6,1.3
Hell's Kitchen,West Village,18-04-2016,07:46,7,Morning,Monday,0,Spring,1,0.64,Medium,4.9,7.8,1.3
Brighton Beach,Gravesend,13-06-2016,19:37,19,Evening,Monday,0,Summer,1,3.11,High,22.5,8.3,1.8
Crown Heights,West Village,14-01-2016,23:43,23,Evening,Thursday,0,Winter,2,0.54,Low,1.8,18.0,1.0
Williamsburg,Upper West Side,17-03-2016,17:44,17,Afternoon,Thursday,0,Spring,1,1.29,High,8.8,8.8,1.8
Bedford-Stuyvesant,Bedford-Stuyvesant,19-04-2016,06:55,6,Morning,Tuesday,0,Spring,1,4.12,Low,11.4,21.7,1.0
Clinton Hill,Upper West Side,10-03-2016,19:04,19,Evening,Thursday,0,Spring,2,1.16,High,13.2,5.3,1.8
Inwood,Midtown,30-03-2016,22:36,22,Evening,Wednesday,0,Spring,3,2.17,Low,10.2,12.8,1.0
East Harlem,West Village,13-03-2016,21:11,21,Evening,Sunday,1,Spring,1,2.63,Low,6.2,25.5,1.0
Harlem,Murray Hill,19-04-2016,14:17,14,Afternoon,Tuesday,0,Spring,1,3.15,Low,17.6,10.7,1.0
East Harlem,Harlem,21-02-2016,20:24,20,Evening,Sunday,1,Winter,1,2.44,Medium,7.0,20.9,1.3
Harlem,East Harlem,13-04-2016,12:03,12,Afternoon,Wednesday,0,Spring,5,1.24,Low,13.7,5.4,1.0
Bedford-Stuyvesant,Harlem,10-01-2016,07:30,7,Morning,Sunday,1,Winter,5,2.7,Medium,6.6,24.5,1.3
Upper West Side,West Village,29-01-2016,14:56,14,Afternoon,Friday,0,Winter,1,3.42,Low,21.6,9.5,1.0
Inwood,Williamsburg,12-01-2016,13:31,13,Afternoon,Tuesday,0,Winter,1,1.35,Low,11.7,6.9,1.0
Williamsburg,Park Slope,01-02-2016,23:26,23,Evening,Monday,0,Winter,1,0.84,Low,3.8,13.3,1.0
Upper West Side,Williamsburg,06-03-2016,22:17,22,Evening,Sunday,1,Spring,1,2.28,Low,9.2,14.9,1.0
Williamsburg,South Slope,04-06-2016,23:51,23,Evening,Saturday,1,Summer,1,1.46,Low,6.8,12.9,1.0
Hell's Kitchen,Bedford-Stuyvesant,03-04-2016,02:02,2,Night,Sunday,1,Spring,1,3.04,Low,9.9,18.4,1.0
East Harlem,Upper West Side,14-05-2016,13:25,13,Afternoon,Saturday,1,Spring,1,1.25,Low,13.5,5.6,1.0
Upper West Side,Hell's Kitchen,28-01-2016,17:50,17,Afternoon,Thursday,0,Winter,1,1.4,High,7.2,11.7,1.8
Harlem,Park Slope,04-03-2016,12:55,12,Afternoon,Friday,0,Spring,6,4.1,Low,19.6,12.6,1.0
Arden Heights,New Dorp Beach,17-01-2016,16:24,16,Afternoon,Sunday,1,Winter,1,9.75,Medium,21.2,27.6,1.3
Bedford-Stuyvesant,East Harlem,24-04-2016,23:27,23,Evening,Sunday,1,Spring,1,1.99,Low,12.2,9.8,1.0
Fort Greene,Harlem,17-02-2016,10:34,10,Morning,Wednesday,0,Winter,1,2.22,Medium,5.5,24.2,1.3
Flatbush,Bensonhurst,14-06-2016,10:28,10,Morning,Tuesday,0,Summer,2,2.95,Medium,16.9,10.5,1.3
Flatlands,Sheepshead Bay,29-05-2016,21:28,21,Evening,Sunday,1,Spring,3,7.06,Low,21.9,19.3,1.0
Upper West Side,Fort Greene,31-05-2016,19:28,19,Evening,Tuesday,0,Spring,1,2.84,High,11.2,15.2,1.8
Murray Hill,Harlem,17-01-2016,19:05,19,Evening,Sunday,1,Winter,1,1.42,High,5.8,14.7,1.8
Harlem,Upper West Side,23-04-2016,17:08,17,Afternoon,Saturday,1,Spring,2,0.48,High,5.0,5.8,1.8
Bedford-Stuyvesant,East Harlem,11-04-2016,14:45,14,Afternoon,Monday,0,Spring,2,0.78,Low,6.9,6.8,1.0
East Harlem,Fort Greene,07-05-2016,10:24,10,Morning,Saturday,1,Spring,1,1.96,Medium,9.3,12.6,1.3
Midwood,Borough Park,15-01-2016,20:08,20,Evening,Friday,0,Winter,1,0.82,Medium,4.2,11.7,1.3
Fort Greene,Williamsburg,21-01-2016,10:56,10,Morning,Thursday,0,Winter,1,3.56,Medium,13.7,15.6,1.3
Clinton Hill,South Slope,24-04-2016,10:25,10,Morning,Sunday,1,Spring,2,7.71,Medium,20.2,22.9,1.3
Bedford-Stuyvesant,Williamsburg,13-06-2016,00:50,0,Night,Monday,0,Summer,1,0.44,Low,4.5,5.9,1.0
Park Slope,Upper West Side,22-05-2016,17:23,17,Afternoon,Sunday,1,Spring,2,1.84,High,16.1,6.9,1.8
Harlem,Harlem,25-05-2016,21:40,21,Evening,Wednesday,0,Spring,2,5.67,Low,19.0,17.9,1.0
Crown Heights,Midtown,25-03-2016,14:23,14,Afternoon,Friday,0,Spring,1,4.51,Low,19.6,13.8,1.0
Upper West Side,East Harlem,23-06-2016,13:58,13,Afternoon,Thursday,0,Summer,1,1.18,Low,5.4,13.1,1.0
Harlem,Williamsburg,07-01-2016,16:47,16,Afternoon,Thursday,0,Winter,1,5.35,Medium,12.3,26.1,1.3
Bedford-Stuyvesant,Upper West Side,07-04-2016,00:26,0,Night,Thursday,0,Spring,1,1.13,Low,4.4,15.4,1.0
Bedford-Stuyvesant,Midtown,19-05-2016,23:36,23,Evening,Thursday,0,Spring,1,1.87,Low,8.1,13.9,1.0
Harlem,Hell's Kitchen,01-05-2016,11:42,11,Morning,Sunday,1,Spring,1,6.65,Low,21.8,18.3,1.0
Harlem,Fort Greene,19-06-2016,10:44,10,Morning,Sunday,1,Summer,1,3.98,Medium,14.2,16.8,1.3
Upper West Side,East Harlem,03-04-2016,20:38,20,Evening,Sunday,1,Spring,4,1.06,Medium,8.7,7.3,1.3
Williamsburg,Harlem,26-02-2016,20:02,20,Evening,Friday,0,Winter,2,1.2,Medium,5.3,13.6,1.3
Crown Heights,Upper West Side,12-03-2016,07:27,7,Morning,Saturday,1,Spring,1,2.07,Medium,6.0,20.7,1.3
Flatlands,Midwood,15-04-2016,11:25,11,Morning,Friday,0,Spring,1,2.48,Low,15.0,9.9,1.0
East Harlem,Clinton Hill,10-05-2016,21:15,21,Evening,Tuesday,0,Spring,1,1.11,Low,3.6,18.5,1.0
Harlem,East Harlem,09-06-2016,22:18,22,Evening,Thursday,0,Summer,1,6.87,Low,24.5,16.8,1.0
Harlem,Lower East Side,26-06-2016,02:51,2,Night,Sunday,1,Summer,1,1.52,Low,9.5,9.6,1.0
Upper West Side,Midtown,17-06-2016,14:12,14,Afternoon,Friday,0,Summer,1,1.84,Low,11.8,9.4,1.0
East Harlem,East Harlem,05-05-2016,21:00,21,Evening,Thursday,0,Spring,1,2.47,Low,9.2,16.1,1.0
Harlem,Clinton Hill,25-03-2016,01:03,1,Night,Friday,0,Spring,6,4.07,Low,14.4,17.0,1.0
Upper West Side,Upper West Side,05-02-2016,21:43,21,Evening,Friday,0,Winter,2,1.47,Low,7.6,11.6,1.0
Arverne,Concord,07-04-2016,07:04,7,Morning,Thursday,0,Spring,1,9.03,Medium,17.7,30.6,1.3
South Slope,Inwood,13-04-2016,13:07,13,Afternoon,Wednesday,0,Spring,1,1.7,Low,15.4,6.6,1.0
Inwood,Greenpoint,30-01-2016,23:22,23,Evening,Saturday,1,Winter,3,6.56,Low,29.7,13.3,1.0
Harlem,Midtown,15-06-2016,22:17,22,Evening,Wednesday,0,Summer,1,6.71,Low,24.5,16.4,1.0
Williamsburg,Williamsburg,13-04-2016,22:16,22,Evening,Wednesday,0,Spring,2,4.72,Low,19.0,14.9,1.0
East Harlem,Bedford-Stuyvesant,03-05-2016,06:46,6,Morning,Tuesday,0,Spring,1,1.25,Low,5.9,12.7,1.0
Hell's Kitchen,Upper West Side,16-04-2016,19:37,19,Evening,Saturday,1,Spring,1,7.96,High,24.3,19.7,1.8
West Village,Upper West Side,30-06-2016,23:10,23,Evening,Thursday,0,Summer,2,4.66,Low,17.0,16.4,1.0
Great Kills,Neponsit,17-04-2016,18:48,18,Evening,Sunday,1,Spring,1,3.54,High,12.0,17.7,1.8
Park Slope,Bedford-Stuyvesant,17-04-2016,12:55,12,Afternoon,Sunday,1,Spring,6,2.38,Low,11.5,12.4,1.0
West Village,Chelsea,11-02-2016,06:02,6,Morning,Thursday,0,Winter,1,13.42,Low,37.6,21.4,1.0
East Harlem,East Harlem,15-03-2016,20:36,20,Evening,Tuesday,0,Spring,1,2.7,Medium,7.3,22.2,1.3
Clinton Hill,Harlem,16-02-2016,13:43,13,Afternoon,Tuesday,0,Winter,1,1.33,Low,8.6,9.3,1.0
Upper West Side,Bedford-Stuyvesant,18-06-2016,23:10,23,Evening,Saturday,1,Summer,1,3.16,Low,22.6,8.4,1.0
Oakwood,Bensonhurst,07-01-2016,16:12,16,Afternoon,Thursday,0,Winter,5,11.64,Medium,20.8,33.6,1.3
Arrochar,Arrochar,14-05-2016,13:41,13,Afternoon,Saturday,1,Spring,1,1.21,Low,4.0,18.2,1.0
Bedford-Stuyvesant,Bedford-Stuyvesant,14-02-2016,09:15,9,Morning,Sunday,1,Winter,1,0.59,High,1.6,22.1,1.8
Harlem,Inwood,06-02-2016,21:31,21,Evening,Saturday,1,Winter,1,2.9,Low,16.2,10.7,1.0
Harlem,South Slope,16-02-2016,18:52,18,Evening,Tuesday,0,Winter,1,1.95,High,8.0,14.6,1.8
Inwood,East Harlem,01-02-2016,16:55,16,Afternoon,Monday,0,Winter,1,1.11,Medium,5.4,12.3,1.3
Great Kills,Arden Heights,22-06-2016,10:18,10,Morning,Wednesday,0,Summer,4,14.46,Medium,25.2,34.4,1.3
Clifton,Arrochar,16-06-2016,09:05,9,Morning,Thursday,0,Summer,1,3.21,High,15.1,12.8,1.8
Sheepshead Bay,"Bay Terrace, Staten Island",16-06-2016,16:13,16,Afternoon,Thursday,0,Summer,2,16.9,Medium,59.6,17.0,1.3
Upper West Side,Harlem,25-02-2016,05:11,5,Night,Thursday,0,Winter,5,4.88,Low,12.3,23.8,1.0
Harlem,Harlem,20-05-2016,00:04,0,Night,Friday,0,Spring,1,4.97,Low,14.2,21.0,1.0
Murray Hill,Kensington,19-01-2016,22:10,22,Evening,Tuesday,0,Winter,1,1.03,Low,3.2,19.3,1.0
East Harlem,Kensington,21-06-2016,13:27,13,Afternoon,Tuesday,0,Summer,3,1.13,Low,7.5,9.0,1.0
Kensington,Park Slope,28-05-2016,15:41,15,Afternoon,Saturday,1,Spring,1,1.39,Low,8.3,10.0,1.0
East Harlem,Upper West Side,26-02-2016,17:33,17,Afternoon,Friday,0,Winter,2,2.06,High,9.8,12.6,1.8
Murray Hill,East Harlem,08-06-2016,19:29,19,Evening,Wednesday,0,Summer,2,1.75,High,17.8,5.9,1.8
Clinton Hill,Midtown,04-02-2016,22:16,22,Evening,Thursday,0,Winter,5,6.18,Low,21.8,17.0,1.0
Midtown,Harlem,06-05-2016,12:16,12,Afternoon,Friday,0,Spring,1,3.31,Low,18.8,10.6,1.0
Harlem,Inwood,01-04-2016,22:46,22,Evening,Friday,0,Spring,2,4.1,Low,19.1,12.9,1.0
Williamsburg,East Harlem,22-04-2016,15:48,15,Afternoon,Friday,0,Spring,6,2.25,Low,13.2,10.2,1.0
Upper West Side,Kensington,03-06-2016,12:10,12,Afternoon,Friday,0,Summer,5,4.85,Low,25.3,11.5,1.0
Hell's Kitchen,Hell's Kitchen,06-05-2016,12:34,12,Afternoon,Friday,0,Spring,2,0.16,Low,39.0,0.2,1.0
Bedford-Stuyvesant,Greenpoint,31-01-2016,19:38,19,Evening,Sunday,1,Winter,1,0.44,High,1.9,13.9,1.8
Park Slope,Greenpoint,08-04-2016,20:29,20,Evening,Friday,0,Spring,1,1.04,Medium,7.5,8.3,1.3
East Harlem,Bedford-Stuyvesant,01-03-2016,20:16,20,Evening,Tuesday,0,Spring,1,1.66,Medium,9.8,10.2,1.3
Harlem,East Harlem,04-01-2016,10:27,10,Morning,Monday,0,Winter,1,1.48,Medium,5.1,17.4,1.3
Crown Heights,Murray Hill,25-06-2016,17:55,17,Afternoon,Saturday,1,Summer,2,3.52,High,27.5,7.7,1.8
Chinatown,Crown Heights,30-05-2016,20:47,20,Evening,Monday,0,Spring,1,1.14,Medium,3.4,20.1,1.3
Bedford-Stuyvesant,South Slope,16-04-2016,15:55,15,Afternoon,Saturday,1,Spring,1,1.8,Low,16.8,6.4,1.0
Murray Hill,Harlem,17-03-2016,18:56,18,Evening,Thursday,0,Spring,1,0.58,High,3.2,10.9,1.8
Bedford-Stuyvesant,Upper West Side,03-04-2016,13:09,13,Afternoon,Sunday,1,Spring,5,1.21,Low,4.8,15.1,1.0
Upper West Side,Park Slope,14-01-2016,08:45,8,Morning,Thursday,0,Winter,1,2.6,High,16.4,9.5,1.8
Midtown,Hell's Kitchen,11-06-2016,01:20,1,Night,Saturday,1,Summer,1,0.74,Low,1.6,27.7,1.0
Harlem,East Harlem,14-06-2016,20:49,20,Evening,Tuesday,0,Summer,1,4.33,Medium,13.6,19.1,1.3
South Slope,Harlem,12-03-2016,16:36,16,Afternoon,Saturday,1,Spring,1,0.85,Medium,4.2,12.1,1.3
Tottenville,Prince's Bay,26-01-2016,01:36,1,Night,Tuesday,0,Winter,1,56.94,Low,56.2,60.8,1.0
Midtown,Upper West Side,27-04-2016,12:50,12,Afternoon,Wednesday,0,Spring,1,1.96,Low,15.8,7.4,1.0
Clinton Hill,West Village,18-05-2016,21:49,21,Evening,Wednesday,0,Spring,2,4.95,Low,23.5,12.6,1.0
Arden Heights,Brighton Beach,07-02-2016,19:09,19,Evening,Sunday,1,Winter,1,2.78,High,14.8,11.3,1.8
Bedford-Stuyvesant,East Harlem,26-06-2016,00:53,0,Night,Sunday,1,Summer,5,4.76,Low,8.4,34.0,1.0
Murray Hill,Bedford-Stuyvesant,05-01-2016,16:05,16,Afternoon,Tuesday,0,Winter,1,2.95,Medium,13.6,13.0,1.3
Crown Heights,Harlem,12-05-2016,09:56,9,Morning,Thursday,0,Spring,1,1.07,High,4.0,16.0,1.8
Inwood,Upper West Side,13-02-2016,22:20,22,Evening,Saturday,1,Winter,1,1.59,Low,7.7,12.4,1.0
West Village,Murray Hill,19-03-2016,20:02,20,Evening,Saturday,1,Spring,1,2.11,Medium,7.0,18.1,1.3
Bedford-Stuyvesant,East Harlem,08-06-2016,03:14,3,Night,Wednesday,0,Summer,1,0.56,Low,1.9,17.7,1.0
Fort Greene,Hell's Kitchen,16-05-2016,22:07,22,Evening,Monday,0,Spring,3,1.18,Low,7.2,9.8,1.0
Upper West Side,South Slope,12-05-2016,16:01,16,Afternoon,Thursday,0,Spring,1,1.9,Medium,4.7,24.3,1.3
Fort Greene,Harlem,03-06-2016,07:21,7,Morning,Friday,0,Summer,1,5.18,Medium,20.5,15.2,1.3
Inwood,Upper West Side,27-02-2016,21:35,21,Evening,Saturday,1,Winter,1,0.88,Low,5.0,10.6,1.0
Williamsburg,Harlem,09-01-2016,14:38,14,Afternoon,Saturday,1,Winter,1,0.59,Low,5.0,7.1,1.0
Arrochar,Far Rockaway,01-05-2016,10:18,10,Morning,Sunday,1,Spring,1,1.91,Medium,45.0,2.5,1.3
Greenpoint,East Harlem,25-03-2016,16:58,16,Afternoon,Friday,0,Spring,1,0.83,Medium,15.2,3.3,1.3
Fort Greene,East Harlem,28-04-2016,08:22,8,Morning,Thursday,0,Spring,1,3.09,High,26.2,7.1,1.8
Williamsburg,Murray Hill,06-06-2016,13:03,13,Afternoon,Monday,0,Summer,1,1.09,Low,6.8,9.6,1.0
Harlem,Harlem,08-02-2016,11:07,11,Morning,Monday,0,Winter,1,0.71,Low,3.2,13.3,1.0
Arden Heights,Westerleigh,11-04-2016,15:36,15,Afternoon,Monday,0,Spring,6,12.08,Low,27.8,26.1,1.0
Inwood,West Village,16-05-2016,15:41,15,Afternoon,Monday,0,Spring,1,1.33,Low,9.7,8.2,1.0
Harlem,Upper West Side,27-01-2016,13:53,13,Afternoon,Wednesday,0,Winter,1,3.63,Low,13.8,15.8,1.0
Rockaway Beach,Arrochar,11-04-2016,07:24,7,Morning,Monday,0,Spring,3,4.59,Medium,12.4,22.2,1.3
Bedford-Stuyvesant,East Harlem,04-06-2016,12:26,12,Afternoon,Saturday,1,Summer,6,2.91,Low,19.8,8.8,1.0
Bedford-Stuyvesant,Harlem,15-03-2016,11:19,11,Morning,Tuesday,0,Spring,2,1.3,Low,8.1,9.6,1.0
South Slope,Bedford-Stuyvesant,16-04-2016,19:10,19,Evening,Saturday,1,Spring,1,4.35,High,21.8,12.0,1.8
Harlem,Kensington,06-01-2016,22:01,22,Evening,Wednesday,0,Winter,1,0.99,Low,4.1,14.5,1.0
Clinton Hill,Upper West Side,09-02-2016,17:41,17,Afternoon,Tuesday,0,Winter,1,1.69,High,12.6,8.0,1.8
Breezy Point,Concord,03-05-2016,08:59,8,Morning,Tuesday,0,Spring,1,17.1,High,69.6,14.7,1.8
Bensonhurst,Bensonhurst,01-04-2016,07:08,7,Morning,Friday,0,Spring,1,0.99,Medium,4.7,12.6,1.3
Great Kills,Concord,05-04-2016,22:42,22,Evening,Tuesday,0,Spring,5,17.08,Low,25.6,40.0,1.0
Harlem,Williamsburg,27-02-2016,11:39,11,Morning,Saturday,1,Winter,1,2.26,Low,11.6,11.7,1.0
Arden Heights,Brighton Beach,26-05-2016,16:49,16,Afternoon,Thursday,0,Spring,6,4.87,Medium,23.4,12.5,1.3
Harlem,Clinton Hill,29-04-2016,12:03,12,Afternoon,Friday,0,Spring,1,0.49,Low,2.2,13.4,1.0
Kensington,Kensington,15-01-2016,12:22,12,Afternoon,Friday,0,Winter,1,4.8,Low,16.7,17.2,1.0
Inwood,Murray Hill,12-04-2016,01:07,1,Night,Tuesday,0,Spring,1,3.67,Low,7.8,28.2,1.0
East Harlem,Kensington,08-01-2016,23:09,23,Evening,Friday,0,Winter,2,4.19,Low,12.1,20.8,1.0
Concord,Fort Hamilton,31-03-2016,11:42,11,Morning,Thursday,0,Spring,1,0.92,Low,6.1,9.0,1.0
Upper West Side,Bedford-Stuyvesant,22-01-2016,11:49,11,Morning,Friday,0,Winter,2,1.5,Low,5.5,16.4,1.0
Upper West Side,Williamsburg,22-03-2016,20:25,20,Evening,Tuesday,0,Spring,1,1.95,Medium,9.5,12.3,1.3
Bedford-Stuyvesant,Harlem,03-06-2016,20:34,20,Evening,Friday,0,Summer,1,6.29,Medium,20.4,18.5,1.3
Harlem,Harlem,23-04-2016,21:43,21,Evening,Saturday,1,Spring,1,0.64,Low,4.9,7.8,1.0
Upper West Side,Kensington,13-02-2016,06:27,6,Morning,Saturday,1,Winter,2,22.19,Low,43.3,30.7,1.0
Harlem,Midtown,07-01-2016,00:55,0,Night,Thursday,0,Winter,1,12.77,Low,23.4,32.7,1.0
Arden Heights,Bergen Beach,11-05-2016,11:49,11,Morning,Wednesday,0,Spring,1,12.06,Low,36.3,19.9,1.0
Hell's Kitchen,Midtown,14-04-2016,13:43,13,Afternoon,Thursday,0,Spring,1,1.84,Low,15.0,7.4,1.0
Chelsea,Murray Hill,15-04-2016,07:38,7,Morning,Friday,0,Spring,1,2.19,Medium,11.1,11.8,1.3
Harlem,South Slope,13-05-2016,22:33,22,Evening,Friday,0,Spring,1,7.03,Low,19.4,21.7,1.0
Hell's Kitchen,Kensington,07-02-2016,22:35,22,Evening,Sunday,1,Winter,1,5.0,Low,11.0,27.3,1.0
Harlem,East Harlem,30-03-2016,22:25,22,Evening,Wednesday,0,Spring,1,3.39,Low,9.5,21.4,1.0
Hell's Kitchen,Kensington,02-04-2016,16:17,16,Afternoon,Saturday,1,Spring,1,5.25,Medium,14.3,22.0,1.3
East Harlem,Midtown,05-05-2016,08:51,8,Morning,Thursday,0,Spring,1,1.16,High,5.4,12.9,1.8
Upper West Side,Upper West Side,21-04-2016,14:37,14,Afternoon,Thursday,0,Spring,1,1.97,Low,17.4,6.8,1.0
Harlem,Harlem,29-01-2016,09:39,9,Morning,Friday,0,Winter,1,2.58,High,18.7,8.3,1.8
Bedford-Stuyvesant,Kensington,15-05-2016,12:43,12,Afternoon,Sunday,1,Spring,1,1.39,Low,7.3,11.4,1.0
Kensington,Midtown,15-02-2016,16:07,16,Afternoon,Monday,0,Winter,1,1.74,Medium,8.3,12.6,1.3
Inwood,Hell's Kitchen,09-01-2016,17:57,17,Afternoon,Saturday,1,Winter,1,3.11,High,13.2,14.1,1.8
Upper West Side,Midtown,01-01-2016,09:39,9,Morning,Friday,0,Winter,3,1.53,High,5.6,16.4,1.8
Murray Hill,Park Slope,06-05-2016,12:37,12,Afternoon,Friday,0,Spring,1,0.8,Low,5.7,8.4,1.0
East Harlem,Greenpoint,13-01-2016,18:53,18,Evening,Wednesday,0,Winter,1,2.44,High,10.0,14.6,1.8
Park Slope,East Harlem,08-01-2016,09:33,9,Morning,Friday,0,Winter,1,2.94,High,19.8,8.9,1.8
Upper West Side,Hell's Kitchen,15-03-2016,14:47,14,Afternoon,Tuesday,0,Spring,1,2.45,Low,8.7,16.9,1.0
Upper West Side,Fort Greene,25-06-2016,21:09,21,Evening,Saturday,1,Summer,1,2.3,Low,9.8,14.1,1.0
Murray Hill,Harlem,07-06-2016,15:05,15,Afternoon,Tuesday,0,Summer,1,2.64,Low,19.7,8.0,1.0
Bedford-Stuyvesant,Hell's Kitchen,17-01-2016,06:00,6,Morning,Sunday,1,Winter,5,2.0,Low,7.2,16.7,1.0
East Harlem,Windsor Terrace,30-01-2016,01:31,1,Night,Saturday,1,Winter,1,1.5,Low,5.8,15.5,1.0
East Harlem,Williamsburg,06-02-2016,20:13,20,Evening,Saturday,1,Winter,1,0.99,Medium,3.0,19.8,1.3
East Harlem,Upper West Side,19-02-2016,23:58,23,Evening,Friday,0,Winter,1,4.42,Low,18.1,14.7,1.0
Park Slope,Inwood,30-01-2016,15:12,15,Afternoon,Saturday,1,Winter,1,3.25,Low,12.6,15.5,1.0
Hell's Kitchen,Kensington,30-06-2016,03:14,3,Night,Thursday,0,Summer,1,2.67,Low,8.2,19.5,1.0
Upper West Side,Hell's Kitchen,17-01-2016,17:07,17,Afternoon,Sunday,1,Winter,5,2.71,High,14.6,11.1,1.8
Upper West Side,Inwood,10-06-2016,10:50,10,Morning,Friday,0,Summer,4,1.35,Medium,14.7,5.5,1.3
Harlem,West Village,04-05-2016,21:19,21,Evening,Wednesday,0,Spring,5,4.29,Low,14.1,18.3,1.0
Harlem,Hell's Kitchen,05-03-2016,00:30,0,Night,Saturday,1,Spring,1,8.4,Low,20.3,24.8,1.0
Park Slope,Hell's Kitchen,04-03-2016,23:22,23,Evening,Friday,0,Spring,2,1.6,Low,2.5,38.4,1.0
Crown Heights,Upper West Side,05-01-2016,09:58,9,Morning,Tuesday,0,Winter,1,0.71,High,3.8,11.2,1.8
South Slope,South Slope,14-04-2016,08:22,8,Morning,Thursday,0,Spring,2,10.51,High,19.9,31.7,1.8
Tottenville,Great Kills,13-03-2016,07:15,7,Morning,Sunday,1,Spring,1,23.94,Medium,20.8,69.1,1.3
Kensington,East Harlem,24-05-2016,19:18,19,Evening,Tuesday,0,Spring,1,8.55,High,18.3,28.0,1.8
Crown Heights,Upper West Side,27-06-2016,00:23,0,Night,Monday,0,Summer,1,1.27,Low,4.4,17.3,1.0
Bedford-Stuyvesant,Clinton Hill,02-02-2016,20:50,20,Evening,Tuesday,0,Winter,1,2.2,Medium,8.6,15.3,1.3
Upper West Side,Bedford-Stuyvesant,28-02-2016,15:03,15,Afternoon,Sunday,1,Winter,3,1.78,Low,19.6,5.4,1.0
East Harlem,Kensington,25-01-2016,19:53,19,Evening,Monday,0,Winter,1,5.23,High,13.2,23.8,1.8
Kensington,Harlem,31-05-2016,18:49,18,Evening,Tuesday,0,Spring,1,1.37,High,4.6,17.9,1.8
Midtown,Fort Greene,08-03-2016,00:13,0,Night,Tuesday,0,Spring,1,1.18,Low,7.8,9.1,1.0
Canarsie,Arden Heights,20-03-2016,14:40,14,Afternoon,Sunday,1,Spring,3,12.94,Low,32.7,23.7,1.0
South Slope,Hell's Kitchen,01-06-2016,15:16,15,Afternoon,Wednesday,0,Summer,5,1.7,Low,17.0,6.0,1.0
Crown Heights,East Harlem,01-02-2016,09:07,9,Morning,Monday,0,Winter,1,4.53,High,24.8,11.0,1.8
Bedford-Stuyvesant,West Village,22-01-2016,18:56,18,Evening,Friday,0,Winter,1,4.56,High,17.1,16.0,1.8
South Slope,Kensington,06-03-2016,15:54,15,Afternoon,Sunday,1,Spring,5,3.07,Low,25.4,7.3,1.0
East Harlem,Hell's Kitchen,07-05-2016,17:24,17,Afternoon,Saturday,1,Spring,1,3.69,High,23.7,9.3,1.8
Upper West Side,Clinton Hill,05-02-2016,11:52,11,Morning,Friday,0,Winter,1,1.84,Low,10.4,10.6,1.0
Bedford-Stuyvesant,Upper West Side,03-04-2016,13:32,13,Afternoon,Sunday,1,Spring,1,0.93,Low,3.1,18.0,1.0
Gravesend,Flatlands,05-03-2016,16:38,16,Afternoon,Saturday,1,Spring,3,2.07,Medium,14.7,8.4,1.3
Upper West Side,East Harlem,09-04-2016,18:50,18,Evening,Saturday,1,Spring,6,2.64,High,12.6,12.6,1.8
Upper West Side,Bedford-Stuyvesant,08-01-2016,06:53,6,Morning,Friday,0,Winter,1,1.49,Low,3.2,27.9,1.0
Kensington,Harlem,12-03-2016,12:32,12,Afternoon,Saturday,1,Spring,1,3.6,Low,12.2,17.7,1.0
East Harlem,Harlem,03-06-2016,08:29,8,Morning,Friday,0,Summer,1,0.75,High,9.8,4.6,1.8
Clinton Hill,Midtown,26-01-2016,17:54,17,Afternoon,Tuesday,0,Winter,1,1.21,High,7.9,9.2,1.8
South Slope,Chinatown,08-02-2016,21:26,21,Evening,Monday,0,Winter,1,3.12,Low,13.2,14.2,1.0
East Harlem,Murray Hill,26-02-2016,14:54,14,Afternoon,Friday,0,Winter,2,0.49,Low,2.7,10.9,1.0
South Slope,Chinatown,04-03-2016,17:56,17,Afternoon,Friday,0,Spring,2,4.06,High,19.1,12.8,1.8
Windsor Terrace,Hell's Kitchen,18-01-2016,06:25,6,Morning,Monday,0,Winter,1,6.5,Low,15.6,25.0,1.0
Upper West Side,Harlem,24-03-2016,20:14,20,Evening,Thursday,0,Spring,1,6.15,Medium,26.6,13.9,1.3
Bedford-Stuyvesant,Bedford-Stuyvesant,19-01-2016,21:27,21,Evening,Tuesday,0,Winter,1,2.14,Low,9.1,14.1,1.0
Williamsburg,Harlem,24-02-2016,16:54,16,Afternoon,Wednesday,0,Winter,1,1.77,Medium,11.2,9.5,1.3
Clinton Hill,East Harlem,23-02-2016,09:59,9,Morning,Tuesday,0,Winter,1,5.59,High,26.1,12.9,1.8
Harlem,Upper West Side,16-04-2016,17:08,17,Afternoon,Saturday,1,Spring,1,4.08,High,18.0,13.6,1.8
Sheepshead Bay,Flatlands,07-06-2016,17:24,17,Afternoon,Tuesday,0,Summer,1,1.62,High,15.1,6.4,1.8
Hell's Kitchen,South Slope,30-01-2016,20:24,20,Evening,Saturday,1,Winter,1,2.45,Medium,16.4,9.0,1.3
Harlem,Hell's Kitchen,18-02-2016,12:45,12,Afternoon,Thursday,0,Winter,1,1.77,Low,9.0,11.8,1.0
Hell's Kitchen,Upper West Side,12-03-2016,23:53,23,Evening,Saturday,1,Spring,1,0.98,Low,4.1,14.3,1.0
Harlem,Chelsea,29-01-2016,10:30,10,Morning,Friday,0,Winter,1,0.98,Medium,6.0,9.8,1.3
East Harlem,Kensington,06-06-2016,23:20,23,Evening,Monday,0,Summer,1,2.11,Low,12.2,10.4,1.0
East Harlem,South Slope,10-04-2016,19:52,19,Evening,Sunday,1,Spring,1,1.8,High,13.0,8.3,1.8
Kensington,Harlem,01-03-2016,17:24,17,Afternoon,Tuesday,0,Spring,1,0.33,High,1.6,12.4,1.8
East Harlem,Upper West Side,20-05-2016,18:45,18,Evening,Friday,0,Spring,5,1.68,High,15.0,6.7,1.8
East Harlem,East Harlem,15-02-2016,08:21,8,Morning,Monday,0,Winter,1,2.18,High,7.1,18.4,1.8
Bedford-Stuyvesant,Chelsea,25-05-2016,11:47,11,Morning,Wednesday,0,Spring,1,2.36,Low,12.6,11.2,1.0
Fort Greene,Hell's Kitchen,13-06-2016,08:42,8,Morning,Monday,0,Summer,1,2.24,High,13.6,9.9,1.8
Harlem,Crown Heights,03-06-2016,10:54,10,Morning,Friday,0,Summer,5,1.65,Medium,15.0,6.6,1.3
Upper West Side,Upper West Side,11-06-2016,17:26,17,Afternoon,Saturday,1,Summer,5,5.99,High,42.3,8.5,1.8
South Slope,Bedford-Stuyvesant,12-04-2016,11:11,11,Morning,Tuesday,0,Spring,1,1.27,Low,7.7,9.9,1.0
Harlem,Harlem,19-02-2016,09:23,9,Morning,Friday,0,Winter,2,3.26,High,11.4,17.2,1.8
Upper West Side,Hell's Kitchen,21-01-2016,08:24,8,Morning,Thursday,0,Winter,1,1.8,High,7.6,14.2,1.8
Flatbush,Upper West Side,02-05-2016,22:16,22,Evening,Monday,0,Spring,1,2.99,Low,12.8,14.0,1.0
Bayswater,Eltingville,24-01-2016,13:28,13,Afternoon,Sunday,1,Winter,3,10.53,Low,21.3,29.7,1.0
Fort Greene,Prospect-Lefferts Gardens,05-02-2016,20:28,20,Evening,Friday,0,Winter,1,0.62,Medium,1.4,26.6,1.3
Harlem,Inwood,17-04-2016,13:38,13,Afternoon,Sunday,1,Spring,1,7.88,Low,27.1,17.4,1.0
Bedford-Stuyvesant,Kensington,10-01-2016,00:17,0,Night,Sunday,1,Winter,1,1.69,Low,8.0,12.7,1.0
Fort Greene,Harlem,14-02-2016,02:23,2,Night,Sunday,1,Winter,4,0.34,Low,1.7,12.0,1.0
West Village,Upper West Side,18-03-2016,21:45,21,Evening,Friday,0,Spring,1,1.46,Low,4.6,19.0,1.0
Lower East Side,East Harlem,01-03-2016,12:52,12,Afternoon,Tuesday,0,Spring,1,2.27,Low,23.6,5.8,1.0
Inwood,Upper West Side,04-03-2016,21:11,21,Evening,Friday,0,Spring,1,15.03,Low,35.9,25.1,1.0
Bedford-Stuyvesant,Kensington,08-06-2016,21:31,21,Evening,Wednesday,0,Summer,1,3.58,Low,13.8,15.6,1.0
Bedford-Stuyvesant,Upper West Side,22-05-2016,02:28,2,Night,Sunday,1,Spring,5,0.72,Low,2.3,18.8,1.0
Williamsburg,West Village,29-01-2016,20:35,20,Evening,Friday,0,Winter,2,1.92,Medium,14.7,7.8,1.3
Fort Greene,Harlem,01-03-2016,18:37,18,Evening,Tuesday,0,Spring,1,1.82,High,11.9,9.2,1.8
Crown Heights,East Harlem,13-04-2016,15:00,15,Afternoon,Wednesday,0,Spring,1,6.9,Low,30.9,13.4,1.0
Bayswater,Arverne,15-06-2016,12:57,12,Afternoon,Wednesday,0,Summer,3,5.97,Low,21.4,16.7,1.0
Inwood,Murray Hill,15-04-2016,21:47,21,Evening,Friday,0,Spring,5,3.01,Low,19.4,9.3,1.0
Upper West Side,Bedford-Stuyvesant,10-06-2016,02:20,2,Night,Friday,0,Summer,1,8.74,Low,24.3,21.6,1.0
Midtown,Harlem,20-05-2016,10:05,10,Morning,Friday,0,Spring,1,1.14,Medium,4.4,15.5,1.3
Clinton Hill,Fort Greene,11-04-2016,10:22,10,Morning,Monday,0,Spring,1,1.03,Medium,8.6,7.2,1.3
East Harlem,Bedford-Stuyvesant,20-04-2016,14:26,14,Afternoon,Wednesday,0,Spring,1,0.05,Low,11.6,0.3,1.0
Kensington,Upper West Side,19-05-2016,23:45,23,Evening,Thursday,0,Spring,1,4.12,Low,16.4,15.1,1.0
Hell's Kitchen,South Slope,12-02-2016,18:51,18,Evening,Friday,0,Winter,1,1.77,High,8.1,13.1,1.8
Arverne,Midwood,23-05-2016,18:49,18,Evening,Monday,0,Spring,1,3.87,High,14.9,15.6,1.8
East Harlem,Fort Greene,21-05-2016,21:53,21,Evening,Saturday,1,Spring,1,0.71,Low,9.2,4.6,1.0
Kensington,Harlem,20-02-2016,19:47,19,Evening,Saturday,1,Winter,1,2.34,High,7.5,18.7,1.8
East Harlem,East Harlem,19-05-2016,20:32,20,Evening,Thursday,0,Spring,2,2.05,Medium,12.9,9.5,1.3
Upper West Side,Clinton Hill,26-06-2016,14:20,14,Afternoon,Sunday,1,Summer,1,1.61,Low,8.5,11.4,1.0
Fort Hamilton,Great Kills,12-05-2016,10:52,10,Morning,Thursday,0,Spring,1,12.28,Medium,27.4,26.9,1.3
Williamsburg,Bedford-Stuyvesant,18-03-2016,18:53,18,Evening,Friday,0,Spring,1,0.67,High,4.9,8.2,1.8
Midtown,Inwood,20-06-2016,18:35,18,Evening,Monday,0,Summer,1,1.35,High,10.3,7.9,1.8
Murray Hill,Kensington,21-01-2016,09:17,9,Morning,Thursday,0,Winter,1,3.63,High,18.8,11.6,1.8
Murray Hill,Upper West Side,12-05-2016,06:20,6,Morning,Thursday,0,Spring,1,1.64,Low,4.1,24.0,1.0
Harlem,Clinton Hill,18-04-2016,09:43,9,Morning,Monday,0,Spring,1,6.47,High,31.2,12.4,1.8
Bedford-Stuyvesant,Clinton Hill,16-02-2016,11:51,11,Morning,Tuesday,0,Winter,1,0.72,Low,5.1,8.5,1.0
Harlem,Murray Hill,08-02-2016,15:49,15,Afternoon,Monday,0,Winter,1,2.61,Low,9.3,16.8,1.0
Harlem,Upper West Side,06-02-2016,20:00,20,Evening,Saturday,1,Winter,3,1.33,Medium,10.2,7.8,1.3
Upper West Side,Harlem,08-01-2016,14:37,14,Afternoon,Friday,0,Winter,3,2.65,Low,17.3,9.2,1.0
Park Slope,East Harlem,17-03-2016,21:20,21,Evening,Thursday,0,Spring,1,4.17,Low,18.9,13.2,1.0
East Harlem,Chinatown,09-06-2016,22:45,22,Evening,Thursday,0,Summer,1,3.86,Low,24.4,9.5,1.0
East Harlem,Crown Heights,09-06-2016,21:22,21,Evening,Thursday,0,Summer,1,2.37,Low,14.5,9.8,1.0
East Harlem,East Harlem,10-01-2016,14:57,14,Afternoon,Sunday,1,Winter,1,2.22,Low,12.0,11.1,1.0
Upper West Side,Windsor Terrace,02-06-2016,20:29,20,Evening,Thursday,0,Summer,2,0.75,Medium,1.2,37.5,1.3
Upper West Side,East Harlem,19-04-2016,19:58,19,Evening,Tuesday,0,Spring,1,1.15,High,2.9,23.8,1.8
Harlem,Upper West Side,23-05-2016,20:40,20,Evening,Monday,0,Spring,1,3.89,Medium,16.4,14.2,1.3
East Village,Harlem,21-05-2016,19:44,19,Evening,Saturday,1,Spring,1,0.61,High,2.9,12.6,1.8
Upper West Side,Crown Heights,08-03-2016,17:47,17,Afternoon,Tuesday,0,Spring,1,3.84,High,18.5,12.5,1.8
Chinatown,West Village,29-02-2016,07:47,7,Morning,Monday,0,Winter,1,1.22,Medium,5.9,12.4,1.3
South Slope,Harlem,01-05-2016,21:15,21,Evening,Sunday,1,Spring,1,12.57,Low,40.2,18.8,1.0
Chelsea,Murray Hill,22-02-2016,07:42,7,Morning,Monday,0,Winter,1,1.89,Medium,9.4,12.1,1.3
Harlem,East Harlem,16-03-2016,19:49,19,Evening,Wednesday,0,Spring,1,2.7,High,8.9,18.2,1.8
Crown Heights,Murray Hill,28-02-2016,21:38,21,Evening,Sunday,1,Winter,3,2.67,Low,9.8,16.3,1.0
Inwood,Crown Heights,26-06-2016,04:46,4,Night,Sunday,1,Summer,1,6.02,Low,14.7,24.6,1.0
Harlem,East Harlem,09-01-2016,04:49,4,Night,Saturday,1,Winter,3,1.05,Low,5.5,11.5,1.0
Brighton Beach,Sea Gate,02-04-2016,20:09,20,Evening,Saturday,1,Spring,1,2.7,Medium,19.2,8.4,1.3
Upper West Side,Harlem,10-04-2016,18:17,18,Evening,Sunday,1,Spring,1,3.58,High,12.4,17.3,1.8
East Harlem,Murray Hill,01-06-2016,12:48,12,Afternoon,Wednesday,0,Summer,3,1.52,Low,8.9,10.2,1.0
Park Slope,South Slope,08-02-2016,06:37,6,Morning,Monday,0,Winter,2,1.61,Low,2.6,37.2,1.0
Upper West Side,Upper West Side,24-04-2016,12:49,12,Afternoon,Sunday,1,Spring,1,1.41,Low,6.6,12.8,1.0
Clinton Hill,Harlem,21-05-2016,19:41,19,Evening,Saturday,1,Spring,1,2.59,High,12.9,12.0,1.8
Chinatown,Park Slope,03-01-2016,09:40,9,Morning,Sunday,1,Winter,1,3.73,High,16.0,14.0,1.8
Midwood,Arden Heights,01-06-2016,14:17,14,Afternoon,Wednesday,0,Summer,2,13.45,Low,35.2,22.9,1.0
Mill Basin,Bensonhurst,12-02-2016,17:07,17,Afternoon,Friday,0,Winter,1,4.5,High,21.9,12.3,1.8
Upper West Side,Inwood,19-05-2016,14:57,14,Afternoon,Thursday,0,Spring,2,2.21,Low,17.0,7.8,1.0
Midtown,Upper West Side,22-06-2016,21:15,21,Evening,Wednesday,0,Summer,5,1.97,Low,7.8,15.2,1.0
Harlem,East Harlem,08-03-2016,14:44,14,Afternoon,Tuesday,0,Spring,1,1.83,Low,6.5,16.9,1.0
East Harlem,Greenpoint,29-05-2016,01:21,1,Night,Sunday,1,Spring,1,8.26,Low,15.6,31.8,1.0
"Bay Terrace, Staten Island",Rockaway Beach,05-05-2016,00:21,0,Night,Thursday,0,Spring,1,16.05,Low,20.4,47.2,1.0
Hell's Kitchen,East Harlem,08-06-2016,21:12,21,Evening,Wednesday,0,Summer,1,4.79,Low,17.4,16.5,1.0
Chinatown,East Harlem,02-02-2016,08:47,8,Morning,Tuesday,0,Winter,4,0.97,High,4.7,12.4,1.8
Upper West Side,East Harlem,18-06-2016,20:31,20,Evening,Saturday,1,Summer,3,1.07,Medium,5.8,11.1,1.3
Fort Greene,Williamsburg,13-06-2016,17:52,17,Afternoon,Monday,0,Summer,1,2.06,High,23.7,5.2,1.8
Hell's Kitchen,Upper West Side,03-05-2016,17:02,17,Afternoon,Tuesday,0,Spring,1,1.16,High,4.3,16.2,1.8
South Slope,Clinton Hill,26-03-2016,11:52,11,Morning,Saturday,1,Spring,1,2.85,Low,6.1,28.0,1.0
Harlem,Upper West Side,22-05-2016,20:27,20,Evening,Sunday,1,Spring,1,4.06,Medium,14.0,17.4,1.3
Inwood,Murray Hill,27-03-2016,20:19,20,Evening,Sunday,1,Spring,2,1.62,Medium,8.9,10.9,1.3
Fort Greene,Clinton Hill,03-01-2016,02:31,2,Night,Sunday,1,Winter,1,2.04,Low,3.7,33.1,1.0
Murray Hill,Murray Hill,29-02-2016,22:52,22,Evening,Monday,0,Winter,2,1.75,Low,6.1,17.2,1.0
Upper West Side,East Harlem,07-01-2016,02:00,2,Night,Thursday,0,Winter,2,5.9,Low,15.3,23.1,1.0
South Slope,Chinatown,14-01-2016,17:19,17,Afternoon,Thursday,0,Winter,1,2.74,High,11.1,14.8,1.8
Kensington,South Slope,13-02-2016,14:00,14,Afternoon,Saturday,1,Winter,1,5.93,Low,33.3,10.7,1.0
Chinatown,Murray Hill,12-02-2016,07:29,7,Morning,Friday,0,Winter,1,2.59,Medium,10.4,14.9,1.3
Bensonhurst,Fort Hamilton,28-03-2016,14:23,14,Afternoon,Monday,0,Spring,3,1.03,Low,7.0,8.8,1.0
East Harlem,Upper West Side,15-05-2016,00:58,0,Night,Sunday,1,Spring,1,8.61,Low,10.1,51.1,1.0
Kensington,Upper West Side,14-04-2016,09:33,9,Morning,Thursday,0,Spring,6,1.29,High,6.6,11.7,1.8
East Harlem,East Harlem,26-03-2016,15:15,15,Afternoon,Saturday,1,Spring,1,1.38,Low,5.2,15.9,1.0
Great Kills,Oakwood,18-06-2016,01:53,1,Night,Saturday,1,Summer,1,1.11,Low,4.1,16.2,1.0
Murray Hill,Chinatown,23-02-2016,13:45,13,Afternoon,Tuesday,0,Winter,1,1.09,Low,9.1,7.2,1.0
Harlem,Fort Greene,31-05-2016,22:05,22,Evening,Tuesday,0,Spring,2,3.45,Low,12.7,16.3,1.0
East Flatbush,Midwood,19-04-2016,09:25,9,Morning,Tuesday,0,Spring,5,3.52,High,19.4,10.9,1.8
West Village,East Harlem,14-06-2016,08:23,8,Morning,Tuesday,0,Summer,3,2.48,High,14.6,10.2,1.8
East Harlem,Harlem,11-04-2016,23:30,23,Evening,Monday,0,Spring,2,1.29,Low,4.7,16.5,1.0
West Village,Bedford-Stuyvesant,24-01-2016,15:18,15,Afternoon,Sunday,1,Winter,6,1.04,Low,5.0,12.5,1.0
Bensonhurst,Bay Ridge,21-03-2016,11:30,11,Morning,Monday,0,Spring,1,1.6,Low,15.5,6.2,1.0
Crown Heights,Murray Hill,25-06-2016,18:09,18,Evening,Saturday,1,Summer,1,0.79,High,2.3,20.6,1.8
Murray Hill,East Harlem,17-05-2016,20:13,20,Evening,Tuesday,0,Spring,2,2.7,Medium,16.6,9.8,1.3
Bedford-Stuyvesant,East Harlem,13-02-2016,19:09,19,Evening,Saturday,1,Winter,1,2.09,High,10.4,12.1,1.8
Prince's Bay,Tottenville,28-04-2016,17:19,17,Afternoon,Thursday,0,Spring,1,24.93,High,58.9,25.4,1.8
Bedford-Stuyvesant,Clinton Hill,08-04-2016,19:50,19,Evening,Friday,0,Spring,4,1.92,High,7.6,15.2,1.8
Harlem,Upper West Side,07-03-2016,19:06,19,Evening,Monday,0,Spring,1,5.59,High,13.0,25.8,1.8
Fort Greene,South Slope,15-05-2016,19:35,19,Evening,Sunday,1,Spring,1,4.26,High,42.7,6.0,1.8
Kensington,Fort Greene,03-05-2016,18:51,18,Evening,Tuesday,0,Spring,2,1.2,High,6.6,10.9,1.8
Williamsburg,East Harlem,24-06-2016,12:46,12,Afternoon,Friday,0,Summer,5,2.22,Low,8.7,15.3,1.0
Park Slope,Kensington,22-03-2016,11:13,11,Morning,Tuesday,0,Spring,1,1.53,Low,7.3,12.6,1.0
Park Slope,Chinatown,19-06-2016,00:45,0,Night,Sunday,1,Summer,2,13.12,Low,42.4,18.6,1.0
Midtown,Kensington,20-04-2016,17:07,17,Afternoon,Wednesday,0,Spring,1,1.12,High,10.0,6.7,1.8
Williamsburg,Inwood,02-06-2016,12:01,12,Afternoon,Thursday,0,Summer,1,2.18,Low,24.5,5.3,1.0
West Village,Greenpoint,04-06-2016,19:08,19,Evening,Saturday,1,Summer,1,2.44,High,11.4,12.8,1.8
Williamsburg,South Slope,09-06-2016,12:44,12,Afternoon,Thursday,0,Summer,1,3.81,Low,22.3,10.3,1.0
Inwood,Long Island City,25-02-2016,20:50,20,Evening,Thursday,0,Winter,1,3.5,Medium,13.1,16.0,1.3
East Harlem,Park Slope,13-06-2016,06:46,6,Morning,Monday,0,Summer,1,3.14,Low,10.8,17.4,1.0
Clinton Hill,East Harlem,11-02-2016,23:56,23,Evening,Thursday,0,Winter,6,4.31,Low,26.4,9.8,1.0
Harlem,Harlem,20-04-2016,11:27,11,Morning,Wednesday,0,Spring,1,0.87,Low,3.2,16.3,1.0
Fort Greene,Upper West Side,22-02-2016,14:40,14,Afternoon,Monday,0,Winter,2,1.34,Low,8.0,10.0,1.0
Upper West Side,South Slope,06-05-2016,08:57,8,Morning,Friday,0,Spring,1,0.88,High,3.9,13.5,1.8
Upper West Side,West Village,07-01-2016,08:11,8,Morning,Thursday,0,Winter,1,0.41,High,1.4,17.6,1.8
South Slope,Harlem,10-02-2016,06:34,6,Morning,Wednesday,0,Winter,1,2.08,Low,5.9,21.2,1.0
East Harlem,Hell's Kitchen,23-03-2016,19:26,19,Evening,Wednesday,0,Spring,1,1.86,High,5.8,19.2,1.8
Greenpoint,Upper West Side,14-04-2016,10:00,10,Morning,Thursday,0,Spring,1,0.99,Medium,5.7,10.4,1.3
South Slope,Upper West Side,06-02-2016,13:25,13,Afternoon,Saturday,1,Winter,5,1.84,Low,6.0,18.4,1.0
Upper West Side,West Village,06-04-2016,19:26,19,Evening,Wednesday,0,Spring,1,2.5,High,18.4,8.2,1.8
East Harlem,East Harlem,07-02-2016,17:35,17,Afternoon,Sunday,1,Winter,1,4.08,High,34.2,7.2,1.8
Harlem,Kensington,26-02-2016,10:14,10,Morning,Friday,0,Winter,2,13.47,Medium,45.2,17.9,1.3
Bedford-Stuyvesant,Clinton Hill,05-04-2016,21:16,21,Evening,Tuesday,0,Spring,1,1.4,Low,5.9,14.2,1.0
Harlem,Hell's Kitchen,24-05-2016,08:14,8,Morning,Tuesday,0,Spring,1,0.81,High,2.3,21.1,1.8
Park Slope,East Harlem,27-04-2016,18:50,18,Evening,Wednesday,0,Spring,2,2.0,High,9.2,13.0,1.8
Prince's Bay,Tottenville,11-03-2016,07:45,7,Morning,Friday,0,Spring,1,27.19,Medium,49.8,32.8,1.3
Oakwood,Kensington,07-01-2016,09:29,9,Morning,Thursday,0,Winter,2,13.68,High,34.2,24.0,1.8
Midtown,East Harlem,05-02-2016,00:24,0,Night,Friday,0,Winter,1,12.36,Low,29.0,25.6,1.0
Clinton Hill,Fort Greene,02-05-2016,18:41,18,Evening,Monday,0,Spring,1,2.77,High,14.3,11.6,1.8
Williamsburg,South Slope,30-06-2016,12:11,12,Afternoon,Thursday,0,Summer,1,2.23,Low,10.5,12.7,1.0
Bedford-Stuyvesant,Harlem,22-02-2016,20:44,20,Evening,Monday,0,Winter,5,2.4,Medium,8.0,18.0,1.3
Upper West Side,Bedford-Stuyvesant,27-01-2016,08:51,8,Morning,Wednesday,0,Winter,1,2.17,High,17.6,7.4,1.8
Midtown,Bedford-Stuyvesant,17-05-2016,08:43,8,Morning,Tuesday,0,Spring,1,0.92,High,15.3,3.6,1.8
Upper West Side,Park Slope,01-04-2016,21:30,21,Evening,Friday,0,Spring,1,7.18,Low,37.2,11.6,1.0
Midtown,Murray Hill,17-02-2016,16:06,16,Afternoon,Wednesday,0,Winter,1,1.65,Medium,8.9,11.1,1.3
Bedford-Stuyvesant,Hell's Kitchen,09-02-2016,19:37,19,Evening,Tuesday,0,Winter,1,5.29,High,16.6,19.1,1.8
Bedford-Stuyvesant,Fort Greene,19-01-2016,09:34,9,Morning,Tuesday,0,Winter,1,1.96,High,15.8,7.4,1.8
Woodrow,Tottenville,17-03-2016,12:39,12,Afternoon,Thursday,0,Spring,1,17.59,Low,22.0,48.0,1.0
Inwood,Hell's Kitchen,15-05-2016,07:11,7,Morning,Sunday,1,Spring,1,1.17,Medium,2.8,25.1,1.3
Midtown,Harlem,20-06-2016,18:25,18,Evening,Monday,0,Summer,2,2.3,High,8.4,16.4,1.8
Upper West Side,Bedford-Stuyvesant,08-05-2016,05:04,5,Night,Sunday,1,Spring,1,4.52,Low,9.5,28.5,1.0
East Harlem,Upper West Side,29-03-2016,21:55,21,Evening,Tuesday,0,Spring,1,1.23,Low,4.7,15.7,1.0
West Village,Bedford-Stuyvesant,15-03-2016,19:04,19,Evening,Tuesday,0,Spring,1,1.07,High,11.3,5.7,1.8
Crown Heights,Bedford-Stuyvesant,19-01-2016,17:37,17,Afternoon,Tuesday,0,Winter,1,2.39,High,21.9,6.5,1.8
Upper West Side,East Harlem,16-02-2016,18:20,18,Evening,Tuesday,0,Winter,1,4.12,High,20.7,11.9,1.8
Clinton Hill,West Village,06-01-2016,18:01,18,Evening,Wednesday,0,Winter,4,2.1,High,5.9,21.4,1.8
Sheepshead Bay,Bensonhurst,06-05-2016,12:42,12,Afternoon,Friday,0,Spring,2,5.95,Low,34.4,10.4,1.0
Gravesend,Midland Beach,23-04-2016,00:28,0,Night,Saturday,1,Spring,1,4.63,Low,9.4,29.6,1.0
Murray Hill,Williamsburg,26-06-2016,22:56,22,Evening,Sunday,1,Summer,1,1.44,Low,4.0,21.6,1.0
Harlem,Harlem,21-04-2016,06:24,6,Morning,Thursday,0,Spring,1,4.15,Low,10.6,23.5,1.0
South Slope,Williamsburg,27-03-2016,16:16,16,Afternoon,Sunday,1,Spring,1,5.21,Medium,25.5,12.3,1.3
Bedford-Stuyvesant,Midtown,21-06-2016,22:56,22,Evening,Tuesday,0,Summer,1,0.99,Low,4.7,12.6,1.0
Clinton Hill,Upper West Side,17-01-2016,14:42,14,Afternoon,Sunday,1,Winter,6,0.98,Low,11.2,5.3,1.0
Bedford-Stuyvesant,Bedford-Stuyvesant,23-04-2016,16:32,16,Afternoon,Saturday,1,Spring,1,1.44,Medium,5.4,16.0,1.3
Chelsea,Murray Hill,18-03-2016,10:51,10,Morning,Friday,0,Spring,2,2.58,Medium,14.7,10.5,1.3
Midtown,South Slope,26-04-2016,11:43,11,Morning,Tuesday,0,Spring,1,1.86,Low,12.2,9.1,1.0
East Harlem,Park Slope,04-04-2016,17:30,17,Afternoon,Monday,0,Spring,1,2.09,High,9.7,12.9,1.8
Clinton Hill,East Harlem,28-04-2016,13:26,13,Afternoon,Thursday,0,Spring,1,1.58,Low,11.6,8.2,1.0
East Harlem,Murray Hill,24-06-2016,22:16,22,Evening,Friday,0,Summer,1,1.83,Low,13.4,8.2,1.0
Tompkinsville,Edgemere,01-05-2016,17:49,17,Afternoon,Sunday,1,Spring,1,2.33,High,12.7,11.0,1.8
Hell's Kitchen,West Village,02-06-2016,11:14,11,Morning,Thursday,0,Summer,5,1.37,Low,6.0,13.7,1.0
Chinatown,East Harlem,03-04-2016,15:36,15,Afternoon,Sunday,1,Spring,2,3.01,Low,13.4,13.5,1.0
South Slope,Harlem,31-03-2016,16:27,16,Afternoon,Thursday,0,Spring,1,0.97,Medium,9.0,6.5,1.3
Harlem,Chinatown,06-03-2016,07:21,7,Morning,Sunday,1,Spring,1,0.93,Medium,2.8,19.9,1.3
Upper West Side,Murray Hill,23-06-2016,00:39,0,Night,Thursday,0,Summer,1,1.55,Low,5.6,16.6,1.0
East Harlem,Upper West Side,18-01-2016,17:05,17,Afternoon,Monday,0,Winter,1,2.63,High,9.6,16.4,1.8
Flatlands,"Bay Terrace, Staten Island",25-02-2016,16:39,16,Afternoon,Thursday,0,Winter,1,12.86,Medium,46.6,16.6,1.3
Bedford-Stuyvesant,Upper West Side,23-01-2016,08:47,8,Morning,Saturday,1,Winter,1,1.73,High,7.7,13.5,1.8
Bushwick,Williamsburg,24-03-2016,21:33,21,Evening,Thursday,0,Spring,1,8.82,Low,48.8,10.8,1.0
Great Kills,Tottenville,09-03-2016,16:04,16,Afternoon,Wednesday,0,Spring,2,25.39,Medium,79.1,19.3,1.3
Bedford-Stuyvesant,West Village,01-06-2016,07:06,7,Morning,Wednesday,0,Summer,1,0.58,Medium,2.8,12.4,1.3
Bedford-Stuyvesant,Chelsea,12-03-2016,02:39,2,Night,Saturday,1,Spring,1,3.07,Low,16.2,11.4,1.0
South Slope,East Harlem,24-05-2016,16:14,16,Afternoon,Tuesday,0,Spring,5,1.1,Medium,13.0,5.1,1.3
Upper West Side,Bedford-Stuyvesant,22-01-2016,16:27,16,Afternoon,Friday,0,Winter,4,1.23,Medium,10.3,7.2,1.3
Kensington,Chinatown,07-04-2016,07:33,7,Morning,Thursday,0,Spring,1,3.19,Medium,14.3,13.4,1.3
Inwood,Hell's Kitchen,30-01-2016,01:15,1,Night,Saturday,1,Winter,2,1.83,Low,9.2,11.9,1.0
Harlem,Harlem,07-04-2016,21:54,21,Evening,Thursday,0,Spring,3,14.47,Low,42.5,20.4,1.0
Clinton Hill,Williamsburg,25-02-2016,16:08,16,Afternoon,Thursday,0,Winter,1,0.93,Medium,9.9,5.6,1.3
Fort Greene,East Harlem,09-01-2016,22:45,22,Evening,Saturday,1,Winter,1,0.82,Low,3.5,14.1,1.0
Harlem,Harlem,25-01-2016,10:14,10,Morning,Monday,0,Winter,1,1.21,Medium,4.7,15.4,1.3
West Village,Bedford-Stuyvesant,14-04-2016,21:30,21,Evening,Thursday,0,Spring,1,3.01,Low,9.2,19.6,1.0
Upper West Side,Harlem,10-01-2016,16:37,16,Afternoon,Sunday,1,Winter,1,2.68,Medium,6.3,25.5,1.3
Upper West Side,Park Slope,17-05-2016,18:10,18,Evening,Tuesday,0,Spring,1,3.48,High,29.6,7.1,1.8
South Slope,Hell's Kitchen,22-05-2016,22:54,22,Evening,Sunday,1,Spring,1,1.28,Low,6.6,11.6,1.0
"Bay Terrace, Staten Island",Fort Hamilton,28-01-2016,22:05,22,Evening,Thursday,0,Winter,2,11.33,Low,18.5,36.7,1.0
Midtown,Bedford-Stuyvesant,12-04-2016,18:30,18,Evening,Tuesday,0,Spring,1,6.22,High,26.9,13.9,1.8
Bedford-Stuyvesant,Harlem,05-04-2016,14:46,14,Afternoon,Tuesday,0,Spring,1,4.93,Low,16.6,17.8,1.0
Inwood,Bedford-Stuyvesant,17-05-2016,14:23,14,Afternoon,Tuesday,0,Spring,1,1.92,Low,11.8,9.8,1.0
Harlem,East Harlem,30-04-2016,18:28,18,Evening,Saturday,1,Spring,2,3.95,High,12.9,18.4,1.8
Kensington,Upper West Side,09-06-2016,19:02,19,Evening,Thursday,0,Summer,1,1.58,High,5.7,16.6,1.8
Harlem,West Village,07-04-2016,19:01,19,Evening,Thursday,0,Spring,1,3.44,High,17.8,11.6,1.8
"Bay Terrace, Staten Island",Bayswater,20-06-2016,12:28,12,Afternoon,Monday,0,Summer,2,10.17,Low,33.1,18.4,1.0
Inwood,South Slope,25-02-2016,01:59,1,Night,Thursday,0,Winter,1,2.35,Low,8.4,16.8,1.0
South Slope,Murray Hill,23-03-2016,07:57,7,Morning,Wednesday,0,Spring,1,2.29,Medium,6.5,21.1,1.3
Upper West Side,Harlem,07-05-2016,22:02,22,Evening,Saturday,1,Spring,6,3.13,Low,9.8,19.2,1.0
Bedford-Stuyvesant,Harlem,28-05-2016,01:21,1,Night,Saturday,1,Spring,1,1.49,Low,6.0,14.9,1.0
Harlem,West Village,25-04-2016,19:04,19,Evening,Monday,0,Spring,1,2.13,High,13.5,9.5,1.8
East Harlem,East Harlem,26-01-2016,16:22,16,Afternoon,Tuesday,0,Winter,1,1.92,Medium,9.7,11.9,1.3
Harlem,Upper West Side,30-04-2016,10:55,10,Morning,Saturday,1,Spring,2,5.25,Medium,21.1,14.9,1.3
Park Slope,Harlem,19-02-2016,20:02,20,Evening,Friday,0,Winter,1,5.59,Medium,21.0,16.0,1.3
Harlem,Upper West Side,31-03-2016,09:01,9,Morning,Thursday,0,Spring,1,0.97,High,15.9,3.7,1.8
Clinton Hill,South Slope,11-01-2016,08:13,8,Morning,Monday,0,Winter,2,0.39,High,1.3,18.0,1.8
Upper West Side,Upper West Side,02-01-2016,19:22,19,Evening,Saturday,1,Winter,1,3.75,High,16.6,13.6,1.8
Fort Greene,East Harlem,15-04-2016,14:23,14,Afternoon,Friday,0,Spring,1,4.07,Low,33.2,7.4,1.0
Inwood,West Village,04-02-2016,21:21,21,Evening,Thursday,0,Winter,1,2.5,Low,6.5,23.1,1.0
Inwood,East Harlem,20-02-2016,10:31,10,Morning,Saturday,1,Winter,1,1.46,Medium,13.0,6.7,1.3
Upper West Side,Upper West Side,25-02-2016,17:44,17,Afternoon,Thursday,0,Winter,1,0.88,High,4.7,11.2,1.8
East Harlem,Clinton Hill,30-01-2016,21:42,21,Evening,Saturday,1,Winter,1,1.34,Low,10.5,7.7,1.0
Harlem,East Harlem,16-01-2016,20:55,20,Evening,Saturday,1,Winter,1,6.32,Medium,13.1,28.9,1.3
Harlem,Hell's Kitchen,16-03-2016,13:33,13,Afternoon,Wednesday,0,Spring,1,0.73,Low,14.4,3.0,1.0
Bedford-Stuyvesant,Upper West Side,06-04-2016,10:30,10,Morning,Wednesday,0,Spring,5,5.22,Medium,31.2,10.0,1.3
East Harlem,East Harlem,10-06-2016,11:36,11,Morning,Friday,0,Summer,1,1.59,Low,11.6,8.2,1.0
Upper West Side,West Village,16-04-2016,14:30,14,Afternoon,Saturday,1,Spring,1,3.07,Low,17.5,10.5,1.0
East Harlem,Inwood,13-01-2016,19:35,19,Evening,Wednesday,0,Winter,1,1.1,High,9.8,6.7,1.8
Chelsea,Harlem,10-01-2016,09:52,9,Morning,Sunday,1,Winter,2,2.78,High,8.6,19.4,1.8
Upper West Side,Windsor Terrace,28-06-2016,20:10,20,Evening,Tuesday,0,Summer,1,1.5,Medium,9.8,9.2,1.3
Bedford-Stuyvesant,East Harlem,21-06-2016,14:57,14,Afternoon,Tuesday,0,Summer,1,2.73,Low,21.1,7.8,1.0
Great Kills,Tottenville,19-01-2016,05:13,5,Night,Tuesday,0,Winter,3,25.61,Low,36.4,42.2,1.0
Harlem,Upper West Side,05-02-2016,08:48,8,Morning,Friday,0,Winter,1,1.28,High,8.4,9.1,1.8
Hell's Kitchen,Hell's Kitchen,05-05-2016,09:26,9,Morning,Thursday,0,Spring,1,2.94,High,13.6,13.0,1.8
Upper West Side,East Harlem,09-06-2016,10:48,10,Morning,Thursday,0,Summer,1,1.2,Medium,11.5,6.3,1.3
Bedford-Stuyvesant,Bedford-Stuyvesant,04-04-2016,18:39,18,Evening,Monday,0,Spring,1,1.97,High,7.0,16.9,1.8
Crown Heights,Fort Greene,22-05-2016,02:15,2,Night,Sunday,1,Spring,1,5.75,Low,22.8,15.1,1.0
Hell's Kitchen,Harlem,28-05-2016,02:58,2,Night,Saturday,1,Spring,1,3.24,Low,4.0,48.6,1.0
Upper West Side,Upper West Side,27-06-2016,17:21,17,Afternoon,Monday,0,Summer,1,1.29,High,5.3,14.6,1.8
Upper West Side,Bedford-Stuyvesant,04-02-2016,22:19,22,Evening,Thursday,0,Winter,1,2.63,Low,8.3,19.0,1.0
Park Slope,Clinton Hill,28-03-2016,06:08,6,Morning,Monday,0,Spring,1,0.84,Low,3.1,16.3,1.0
Kensington,Upper West Side,28-04-2016,21:27,21,Evening,Thursday,0,Spring,1,1.89,Low,4.2,27.0,1.0
Harlem,Inwood,10-06-2016,21:58,21,Evening,Friday,0,Summer,2,1.33,Low,5.6,14.3,1.0
Upper West Side,Fort Greene,08-05-2016,12:29,12,Afternoon,Sunday,1,Spring,6,0.98,Low,1.3,45.2,1.0
Upper West Side,Upper West Side,24-05-2016,19:39,19,Evening,Tuesday,0,Spring,1,5.39,High,20.8,15.5,1.8
Harlem,Hell's Kitchen,03-04-2016,17:18,17,Afternoon,Sunday,1,Spring,1,5.41,High,15.1,21.5,1.8
Upper West Side,Upper West Side,01-05-2016,01:11,1,Night,Sunday,1,Spring,4,1.19,Low,5.6,12.8,1.0
Clinton Hill,East Harlem,28-04-2016,20:19,20,Evening,Thursday,0,Spring,5,2.84,Medium,11.6,14.7,1.3
East Harlem,Fort Greene,13-02-2016,19:39,19,Evening,Saturday,1,Winter,1,1.51,High,11.3,8.0,1.8
Bedford-Stuyvesant,East Harlem,12-06-2016,20:54,20,Evening,Sunday,1,Summer,1,3.05,Medium,12.4,14.8,1.3
Emerson Hill,Midwood,30-03-2016,15:24,15,Afternoon,Wednesday,0,Spring,1,3.44,Low,10.9,18.9,1.0
Williamsburg,Midtown,13-05-2016,09:13,9,Morning,Friday,0,Spring,1,2.97,High,14.9,12.0,1.8
East Harlem,Upper West Side,22-01-2016,00:28,0,Night,Friday,0,Winter,4,0.76,Low,3.8,12.0,1.0
East Harlem,Harlem,18-04-2016,18:18,18,Evening,Monday,0,Spring,1,1.2,High,5.0,14.4,1.8
South Slope,Williamsburg,02-06-2016,22:39,22,Evening,Thursday,0,Summer,1,0.78,Low,4.0,11.7,1.0
Inwood,Bedford-Stuyvesant,07-01-2016,13:24,13,Afternoon,Thursday,0,Winter,1,2.98,Low,11.7,15.3,1.0
Bedford-Stuyvesant,Fort Greene,08-03-2016,22:13,22,Evening,Tuesday,0,Spring,1,1.01,Low,4.6,13.2,1.0
Harlem,Midtown,08-01-2016,08:30,8,Morning,Friday,0,Winter,1,0.37,High,2.3,9.7,1.8
Upper West Side,Upper West Side,05-05-2016,21:56,21,Evening,Thursday,0,Spring,1,3.13,Low,13.3,14.1,1.0
Park Slope,East Harlem,19-06-2016,06:00,6,Morning,Sunday,1,Summer,1,4.97,Low,9.5,31.4,1.0
Harlem,Harlem,21-01-2016,14:29,14,Afternoon,Thursday,0,Winter,1,1.75,Low,9.0,11.7,1.0
Murray Hill,Kensington,29-02-2016,19:22,19,Evening,Monday,0,Winter,1,3.27,High,14.3,13.7,1.8
Fort Hamilton,New Springville,28-04-2016,09:53,9,Morning,Thursday,0,Spring,1,1.57,High,24.4,3.9,1.8
Arverne,Fort Hamilton,21-04-2016,15:38,15,Afternoon,Thursday,0,Spring,2,1.5,Low,7.0,12.9,1.0
Bedford-Stuyvesant,Bedford-Stuyvesant,17-04-2016,00:49,0,Night,Sunday,1,Spring,2,3.07,Low,9.4,19.6,1.0
Bensonhurst,Gravesend,15-01-2016,14:00,14,Afternoon,Friday,0,Winter,1,3.3,Low,16.0,12.4,1.0
East Harlem,East Harlem,29-05-2016,00:49,0,Night,Sunday,1,Spring,1,1.25,Low,4.4,17.0,1.0
West Village,West Village,19-03-2016,13:23,13,Afternoon,Saturday,1,Spring,1,0.84,Low,1.8,28.0,1.0
Bedford-Stuyvesant,Kensington,05-04-2016,23:06,23,Evening,Tuesday,0,Spring,1,10.73,Low,24.2,26.6,1.0
Harlem,Harlem,10-05-2016,14:37,14,Afternoon,Tuesday,0,Spring,1,1.76,Low,12.6,8.4,1.0
Hell's Kitchen,Crown Heights,30-06-2016,12:17,12,Afternoon,Thursday,0,Summer,1,1.37,Low,11.0,7.5,1.0
East Harlem,Crown Heights,23-03-2016,16:56,16,Afternoon,Wednesday,0,Spring,1,0.66,Medium,5.2,7.6,1.3
Hell's Kitchen,Clinton Hill,22-06-2016,18:47,18,Evening,Wednesday,0,Summer,3,0.65,High,4.1,9.5,1.8
Bedford-Stuyvesant,Hell's Kitchen,15-01-2016,10:50,10,Morning,Friday,0,Winter,1,2.08,Medium,12.1,10.3,1.3
Upper West Side,East Harlem,30-03-2016,10:30,10,Morning,Wednesday,0,Spring,2,1.71,Medium,11.0,9.3,1.3
South Slope,South Slope,08-06-2016,18:16,18,Evening,Wednesday,0,Summer,1,2.78,High,8.0,20.8,1.8
Williamsburg,Park Slope,18-03-2016,00:59,0,Night,Friday,0,Spring,5,0.03,Low,0.7,2.6,1.0
Upper West Side,Park Slope,04-05-2016,23:59,23,Evening,Wednesday,0,Spring,4,5.42,Low,13.4,24.3,1.0
Hell's Kitchen,Upper West Side,14-02-2016,04:01,4,Night,Sunday,1,Winter,1,0.48,Low,0.9,32.0,1.0
Prince's Bay,Tottenville,29-01-2016,10:59,10,Morning,Friday,0,Winter,1,23.37,Medium,25.0,56.1,1.3
Bedford-Stuyvesant,East Harlem,11-04-2016,10:43,10,Morning,Monday,0,Spring,1,1.16,Medium,10.3,6.8,1.3
Bedford-Stuyvesant,South Slope,14-03-2016,17:01,17,Afternoon,Monday,0,Spring,1,2.4,High,12.7,11.3,1.8
Murray Hill,Murray Hill,14-02-2016,09:56,9,Morning,Sunday,1,Winter,2,4.13,High,16.6,14.9,1.8
Clinton Hill,Clinton Hill,07-04-2016,21:10,21,Evening,Thursday,0,Spring,1,2.2,Low,12.3,10.7,1.0
Upper West Side,Kensington,20-01-2016,08:03,8,Morning,Wednesday,0,Winter,1,6.22,High,23.8,15.7,1.8
Upper West Side,Crown Heights,26-02-2016,19:05,19,Evening,Friday,0,Winter,1,1.11,High,6.0,11.1,1.8
Kensington,Upper West Side,03-04-2016,00:08,0,Night,Sunday,1,Spring,1,3.88,Low,15.4,15.1,1.0
South Slope,East Harlem,15-06-2016,22:26,22,Evening,Wednesday,0,Summer,5,0.77,Low,2.6,17.8,1.0
Edgemere,Borough Park,23-02-2016,21:03,21,Evening,Tuesday,0,Winter,2,2.95,Low,11.4,15.5,1.0
East Harlem,Clinton Hill,18-03-2016,20:25,20,Evening,Friday,0,Spring,6,1.01,Medium,7.0,8.7,1.3
Tompkinsville,Shore Acres,27-06-2016,05:03,5,Night,Monday,0,Summer,1,1.6,Low,5.4,17.8,1.0
Harlem,Inwood,19-03-2016,01:45,1,Night,Saturday,1,Spring,3,1.04,Low,4.1,15.2,1.0
East Harlem,Upper West Side,02-04-2016,17:21,17,Afternoon,Saturday,1,Spring,2,2.77,High,9.8,17.0,1.8
Great Kills,Bay Ridge,12-06-2016,20:01,20,Evening,Sunday,1,Summer,1,13.94,Medium,26.1,32.0,1.3
Fort Greene,East Harlem,18-06-2016,04:10,4,Night,Saturday,1,Summer,1,5.63,Low,21.9,15.4,1.0
Murray Hill,Flatbush,26-04-2016,08:21,8,Morning,Tuesday,0,Spring,5,0.81,High,2.9,16.8,1.8
Fort Hamilton,Far Rockaway,25-04-2016,09:10,9,Morning,Monday,0,Spring,5,6.96,High,16.8,24.9,1.8
Fort Greene,Upper West Side,18-02-2016,19:52,19,Evening,Thursday,0,Winter,1,1.26,High,4.0,18.9,1.8
Harlem,South Slope,31-01-2016,00:26,0,Night,Sunday,1,Winter,1,2.83,Low,12.6,13.5,1.0
Harlem,Park Slope,04-04-2016,04:42,4,Night,Monday,0,Spring,1,1.53,Low,8.7,10.6,1.0
Arrochar,Gravesend,28-04-2016,11:22,11,Morning,Thursday,0,Spring,6,0.79,Low,3.4,13.9,1.0
Upper West Side,Kensington,29-06-2016,19:33,19,Evening,Wednesday,0,Summer,1,3.25,High,14.1,13.8,1.8
Clinton Hill,Upper West Side,22-01-2016,16:18,16,Afternoon,Friday,0,Winter,2,1.4,Medium,10.1,8.3,1.3
Clinton Hill,Chelsea,26-03-2016,17:56,17,Afternoon,Saturday,1,Spring,2,5.59,High,26.0,12.9,1.8
Kensington,Williamsburg,28-04-2016,22:48,22,Evening,Thursday,0,Spring,1,6.96,Low,19.4,21.5,1.0
Hell's Kitchen,Upper West Side,27-01-2016,16:48,16,Afternoon,Wednesday,0,Winter,1,0.91,Medium,3.0,18.2,1.3
South Slope,Williamsburg,21-01-2016,10:08,10,Morning,Thursday,0,Winter,1,4.17,Medium,30.0,8.3,1.3
Bedford-Stuyvesant,Bedford-Stuyvesant,20-01-2016,06:28,6,Morning,Wednesday,0,Winter,1,3.8,Low,9.0,25.3,1.0
Harlem,Crown Heights,09-04-2016,22:01,22,Evening,Saturday,1,Spring,1,1.53,Low,2.0,45.9,1.0
Clinton Hill,Bedford-Stuyvesant,19-03-2016,13:21,13,Afternoon,Saturday,1,Spring,1,2.69,Low,19.4,8.3,1.0
Harlem,Park Slope,05-05-2016,12:25,12,Afternoon,Thursday,0,Spring,1,6.29,Low,21.0,18.0,1.0
Harlem,Upper West Side,13-04-2016,22:12,22,Evening,Wednesday,0,Spring,1,3.19,Low,25.0,7.7,1.0
Arverne,Sheepshead Bay,10-05-2016,07:49,7,Morning,Tuesday,0,Spring,1,1.75,Medium,6.7,15.7,1.3
East Harlem,Upper West Side,09-02-2016,23:05,23,Evening,Tuesday,0,Winter,1,8.39,Low,12.6,40.0,1.0
Bedford-Stuyvesant,Upper West Side,18-04-2016,08:33,8,Morning,Monday,0,Spring,1,2.35,High,11.7,12.1,1.8
Clinton Hill,Bedford-Stuyvesant,24-06-2016,21:19,21,Evening,Friday,0,Summer,1,1.59,Low,11.8,8.1,1.0
East Harlem,Upper West Side,06-06-2016,11:02,11,Morning,Monday,0,Summer,1,1.35,Low,3.8,21.3,1.0
Upper West Side,Bedford-Stuyvesant,12-04-2016,21:18,21,Evening,Tuesday,0,Spring,2,1.05,Low,8.4,7.5,1.0
Prince's Bay,Tottenville,25-01-2016,17:19,17,Afternoon,Monday,0,Winter,1,0.03,High,8.4,0.2,1.8
Bedford-Stuyvesant,Williamsburg,15-05-2016,02:46,2,Night,Sunday,1,Spring,1,1.57,Low,7.5,12.6,1.0
Murray Hill,Chinatown,06-01-2016,12:50,12,Afternoon,Wednesday,0,Winter,1,1.8,Low,13.8,7.8,1.0
Fort Greene,South Slope,18-04-2016,12:44,12,Afternoon,Monday,0,Spring,1,0.72,Low,2.5,17.3,1.0
Williamsburg,Bedford-Stuyvesant,23-05-2016,13:34,13,Afternoon,Monday,0,Spring,6,0.72,Low,6.0,7.2,1.0
Murray Hill,Bedford-Stuyvesant,26-01-2016,20:45,20,Evening,Tuesday,0,Winter,1,6.77,Medium,24.1,16.9,1.3
Greenpoint,Crown Heights,26-01-2016,22:36,22,Evening,Tuesday,0,Winter,1,7.95,Low,22.3,21.4,1.0
Tottenville,Huguenot,05-04-2016,19:03,19,Evening,Tuesday,0,Spring,1,20.63,High,25.6,48.4,1.8
"Bay Terrace, Staten Island",Tottenville,20-05-2016,14:07,14,Afternoon,Friday,0,Spring,5,26.22,Low,75.5,20.8,1.0
Murray Hill,Bedford-Stuyvesant,07-05-2016,11:03,11,Morning,Saturday,1,Spring,1,1.37,Low,2.4,34.2,1.0
East Harlem,Williamsburg,28-04-2016,22:50,22,Evening,Thursday,0,Spring,2,2.35,Low,6.2,22.7,1.0
West Village,Williamsburg,16-06-2016,22:28,22,Evening,Thursday,0,Summer,5,1.55,Low,8.9,10.4,1.0
Bensonhurst,Great Kills,16-03-2016,05:27,5,Night,Wednesday,0,Spring,1,12.98,Low,20.1,38.7,1.0
Harlem,Chelsea,25-05-2016,14:14,14,Afternoon,Wednesday,0,Spring,1,1.44,Low,5.8,14.9,1.0
Bedford-Stuyvesant,Harlem,20-04-2016,12:28,12,Afternoon,Wednesday,0,Spring,1,4.17,Low,33.3,7.5,1.0
Tottenville,Eltingville,22-02-2016,08:01,8,Morning,Monday,0,Winter,6,18.61,High,41.5,26.9,1.8
East Harlem,East Harlem,15-01-2016,07:55,7,Morning,Friday,0,Winter,1,2.09,Medium,6.8,18.4,1.3
Harlem,East Harlem,03-05-2016,00:53,0,Night,Tuesday,0,Spring,2,6.66,Low,14.7,27.2,1.0
South Slope,South Slope,05-05-2016,10:50,10,Morning,Thursday,0,Spring,1,3.79,Medium,14.8,15.4,1.3
East Harlem,Hell's Kitchen,21-06-2016,15:12,15,Afternoon,Tuesday,0,Summer,2,1.64,Low,9.4,10.5,1.0
Oakwood,Kensington,21-05-2016,15:35,15,Afternoon,Saturday,1,Spring,1,15.01,Low,31.2,28.9,1.0
Chelsea,Harlem,24-03-2016,23:07,23,Evening,Thursday,0,Spring,1,0.82,Low,8.6,5.7,1.0
Bath Beach,Midwood,05-05-2016,11:33,11,Morning,Thursday,0,Spring,1,2.72,Low,23.3,7.0,1.0
Hell's Kitchen,Upper West Side,30-01-2016,13:07,13,Afternoon,Saturday,1,Winter,1,2.12,Low,6.5,19.6,1.0
Eltingville,Tottenville,24-03-2016,16:40,16,Afternoon,Thursday,0,Spring,1,26.86,Medium,102.0,15.8,1.3
Harlem,Upper West Side,12-01-2016,18:45,18,Evening,Tuesday,0,Winter,1,5.69,High,24.3,14.0,1.8
Upper West Side,Chinatown,05-05-2016,19:33,19,Evening,Thursday,0,Spring,1,3.88,High,13.8,16.9,1.8
East Harlem,Fort Greene,04-05-2016,15:29,15,Afternoon,Wednesday,0,Spring,1,0.75,Low,4.0,11.2,1.0
Murray Hill,Clinton Hill,26-03-2016,18:02,18,Evening,Saturday,1,Spring,1,2.3,High,9.0,15.3,1.8
Park Slope,South Slope,08-02-2016,06:47,6,Morning,Monday,0,Winter,1,4.54,Low,9.4,29.0,1.0
East Harlem,Upper West Side,13-06-2016,16:10,16,Afternoon,Monday,0,Summer,1,2.48,Medium,8.0,18.6,1.3
Bayswater,"Bay Terrace, Staten Island",10-03-2016,07:30,7,Morning,Thursday,0,Spring,1,9.22,Medium,23.8,23.2,1.3
West Village,East Harlem,13-02-2016,12:42,12,Afternoon,Saturday,1,Winter,1,1.47,Low,5.4,16.3,1.0
Eltingville,Tottenville,07-02-2016,18:23,18,Evening,Sunday,1,Winter,2,26.65,High,44.2,36.2,1.8
Flatbush,Clinton Hill,24-02-2016,19:25,19,Evening,Wednesday,0,Winter,1,1.07,High,9.0,7.1,1.8
Harlem,Inwood,22-06-2016,22:26,22,Evening,Wednesday,0,Summer,1,5.16,Low,11.2,27.6,1.0
Bensonhurst,Gravesend,10-05-2016,00:17,0,Night,Tuesday,0,Spring,2,7.32,Low,17.4,25.2,1.0
Upper West Side,Upper West Side,25-04-2016,04:29,4,Night,Monday,0,Spring,4,0.78,Low,1.2,39.0,1.0
South Slope,Fort Greene,02-01-2016,20:32,20,Evening,Saturday,1,Winter,1,1.12,Medium,3.6,18.7,1.3
Harlem,South Slope,28-05-2016,16:52,16,Afternoon,Saturday,1,Spring,5,1.49,Medium,7.4,12.1,1.3
Harlem,Upper West Side,22-06-2016,22:04,22,Evening,Wednesday,0,Summer,1,5.36,Low,15.2,21.2,1.0
Upper West Side,Harlem,26-05-2016,01:48,1,Night,Thursday,0,Spring,2,8.94,Low,23.6,22.7,1.0
Flatbush,Kensington,26-06-2016,02:21,2,Night,Sunday,1,Summer,2,3.16,Low,20.4,9.3,1.0
East Harlem,Chinatown,05-05-2016,16:47,16,Afternoon,Thursday,0,Spring,1,1.26,Medium,3.1,24.4,1.3
Harlem,Fort Greene,23-05-2016,17:45,17,Afternoon,Monday,0,Spring,1,1.41,High,3.4,24.9,1.8
Gowanus,Oakwood,07-05-2016,15:11,15,Afternoon,Saturday,1,Spring,1,34.11,Low,52.0,39.4,1.0
Borough Park,Sheepshead Bay,27-01-2016,11:39,11,Morning,Wednesday,0,Winter,1,1.81,Low,7.6,14.3,1.0
Park Slope,Upper West Side,01-02-2016,03:18,3,Night,Monday,0,Winter,2,4.8,Low,20.9,13.8,1.0
Upper West Side,Fort Greene,21-05-2016,22:58,22,Evening,Saturday,1,Spring,1,5.13,Low,10.5,29.3,1.0
Upper West Side,Harlem,16-06-2016,17:33,17,Afternoon,Thursday,0,Summer,5,1.52,High,8.3,11.0,1.8
Crown Heights,Harlem,09-04-2016,10:23,10,Morning,Saturday,1,Spring,2,3.35,Medium,12.7,15.8,1.3
Midtown,Upper West Side,08-03-2016,21:15,21,Evening,Tuesday,0,Spring,5,6.56,Low,14.3,27.5,1.0
East Harlem,South Slope,13-01-2016,05:25,5,Night,Wednesday,0,Winter,1,2.1,Low,6.4,19.7,1.0
Upper West Side,Inwood,15-05-2016,03:36,3,Night,Sunday,1,Spring,2,1.75,Low,6.6,15.9,1.0
Oakwood,Stapleton,13-06-2016,19:00,19,Evening,Monday,0,Summer,1,14.3,High,21.4,40.1,1.8
Bedford-Stuyvesant,Upper West Side,21-02-2016,02:51,2,Night,Sunday,1,Winter,2,1.71,Low,3.6,28.5,1.0
Bushwick,Upper West Side,02-01-2016,15:45,15,Afternoon,Saturday,1,Winter,2,1.13,Low,5.8,11.7,1.0
South Slope,East Harlem,21-04-2016,16:59,16,Afternoon,Thursday,0,Spring,1,1.72,Medium,10.2,10.1,1.3
East Harlem,Kensington,19-01-2016,18:48,18,Evening,Tuesday,0,Winter,1,2.94,High,8.8,20.0,1.8
East Harlem,Clinton Hill,13-02-2016,19:52,19,Evening,Saturday,1,Winter,2,2.15,High,10.2,12.6,1.8
Arrochar,Midland Beach,24-04-2016,20:12,20,Evening,Sunday,1,Spring,1,3.69,Medium,11.6,19.1,1.3
Westerleigh,Bull's Head,08-03-2016,15:35,15,Afternoon,Tuesday,0,Spring,1,1.28,Low,5.2,14.8,1.0
Hell's Kitchen,Chinatown,19-06-2016,01:27,1,Night,Sunday,1,Summer,5,2.88,Low,11.8,14.6,1.0
Hell's Kitchen,Murray Hill,15-02-2016,10:11,10,Morning,Monday,0,Winter,5,4.12,Medium,13.3,18.6,1.3
Bedford-Stuyvesant,Harlem,08-03-2016,23:32,23,Evening,Tuesday,0,Spring,5,7.39,Low,15.4,28.8,1.0
Midtown,Midtown,28-02-2016,05:57,5,Night,Sunday,1,Winter,1,1.9,Low,4.6,24.8,1.0
Midwood,Gravesend,11-05-2016,18:53,18,Evening,Wednesday,0,Spring,1,2.9,High,15.4,11.3,1.8
Park Slope,Chelsea,17-01-2016,02:21,2,Night,Sunday,1,Winter,2,5.96,Low,19.2,18.6,1.0
Oakwood,Breezy Point,03-04-2016,10:29,10,Morning,Sunday,1,Spring,5,18.11,Medium,37.0,29.4,1.3
Midwood,Tompkinsville,17-05-2016,16:16,16,Afternoon,Tuesday,0,Spring,1,2.83,Medium,12.7,13.4,1.3
Kensington,Upper West Side,08-05-2016,16:15,16,Afternoon,Sunday,1,Spring,2,1.03,Medium,4.3,14.4,1.3
Upper West Side,Upper West Side,21-01-2016,23:09,23,Evening,Thursday,0,Winter,1,6.79,Low,19.4,21.0,1.0
Harlem,Harlem,27-04-2016,00:00,0,Night,Wednesday,0,Spring,1,11.02,Low,18.0,36.7,1.0
Chinatown,East Harlem,03-01-2016,20:05,20,Evening,Sunday,1,Winter,1,2.02,Medium,5.9,20.5,1.3
Bedford-Stuyvesant,Crown Heights,05-02-2016,23:37,23,Evening,Friday,0,Winter,1,1.46,Low,8.2,10.7,1.0
Harlem,Chinatown,28-05-2016,14:38,14,Afternoon,Saturday,1,Spring,3,2.78,Low,15.2,11.0,1.0
Great Kills,Great Kills,29-04-2016,09:22,9,Morning,Friday,0,Spring,1,17.94,High,33.2,32.4,1.8
Bensonhurst,"Bay Terrace, Staten Island",14-01-2016,13:59,13,Afternoon,Thursday,0,Winter,1,11.4,Low,22.2,30.8,1.0
West Village,Harlem,06-05-2016,21:22,21,Evening,Friday,0,Spring,1,2.21,Low,11.1,11.9,1.0
East Harlem,Upper West Side,21-06-2016,12:49,12,Afternoon,Tuesday,0,Summer,1,2.48,Low,19.8,7.5,1.0
Crown Heights,South Slope,16-05-2016,22:44,22,Evening,Monday,0,Spring,1,1.83,Low,4.2,26.1,1.0
Bedford-Stuyvesant,Lower East Side,06-04-2016,22:21,22,Evening,Wednesday,0,Spring,1,3.95,Low,15.5,15.3,1.0
Kensington,Kensington,04-02-2016,20:30,20,Evening,Thursday,0,Winter,1,2.69,Medium,6.4,25.2,1.3
Upper West Side,Williamsburg,17-02-2016,20:48,20,Evening,Wednesday,0,Winter,1,0.77,Medium,3.4,13.6,1.3
South Slope,Murray Hill,06-01-2016,17:21,17,Afternoon,Wednesday,0,Winter,1,3.48,High,16.9,12.4,1.8
Chinatown,Williamsburg,06-05-2016,00:40,0,Night,Friday,0,Spring,1,3.73,Low,17.2,13.0,1.0
Chinatown,Kensington,23-05-2016,09:57,9,Morning,Monday,0,Spring,1,0.88,High,5.8,9.1,1.8
Crown Heights,Harlem,03-03-2016,06:38,6,Morning,Thursday,0,Spring,1,1.52,Low,3.5,26.1,1.0
East Harlem,Chelsea,01-04-2016,00:48,0,Night,Friday,0,Spring,1,2.06,Low,7.4,16.7,1.0
Woodrow,Tottenville,20-02-2016,11:00,11,Morning,Saturday,1,Winter,1,25.09,Low,48.0,31.4,1.0
Clinton Hill,Fort Greene,03-03-2016,11:04,11,Morning,Thursday,0,Spring,1,1.78,Low,15.0,7.1,1.0
Grymes Hill,Sheepshead Bay,02-05-2016,22:42,22,Evening,Monday,0,Spring,1,3.24,Low,8.9,21.8,1.0
West Village,East Harlem,05-06-2016,09:43,9,Morning,Sunday,1,Summer,1,11.32,High,20.2,33.6,1.8
East Harlem,Inwood,25-03-2016,07:11,7,Morning,Friday,0,Spring,1,2.61,Medium,9.6,16.3,1.3
Hell's Kitchen,Crown Heights,17-04-2016,22:46,22,Evening,Sunday,1,Spring,1,3.21,Low,7.5,25.7,1.0
Harlem,Harlem,21-03-2016,16:09,16,Afternoon,Monday,0,Spring,5,2.36,Medium,8.0,17.7,1.3
Upper West Side,Bedford-Stuyvesant,31-03-2016,19:15,19,Evening,Thursday,0,Spring,1,1.95,High,15.2,7.7,1.8
Bedford-Stuyvesant,South Slope,15-03-2016,19:51,19,Evening,Tuesday,0,Spring,2,2.74,High,8.0,20.6,1.8
Midtown,South Slope,26-03-2016,18:14,18,Evening,Saturday,1,Spring,2,0.86,High,3.1,16.6,1.8
Williamsburg,East Harlem,12-01-2016,02:09,2,Night,Tuesday,0,Winter,1,0.88,Low,4.1,12.9,1.0
South Slope,Bedford-Stuyvesant,10-06-2016,07:08,7,Morning,Friday,0,Summer,3,3.25,Medium,9.2,21.2,1.3
East Harlem,East Harlem,10-01-2016,19:47,19,Evening,Sunday,1,Winter,4,1.64,High,7.7,12.8,1.8
East Harlem,Bedford-Stuyvesant,08-05-2016,11:43,11,Morning,Sunday,1,Spring,1,2.44,Low,10.5,13.9,1.0
Upper West Side,Upper West Side,19-06-2016,02:41,2,Night,Sunday,1,Summer,1,1.23,Low,3.5,21.1,1.0
Bensonhurst,South Beach,24-05-2016,09:55,9,Morning,Tuesday,0,Spring,1,0.99,High,3.0,19.8,1.8
East Harlem,Kensington,10-05-2016,09:58,9,Morning,Tuesday,0,Spring,1,2.71,High,23.7,6.9,1.8
Bensonhurst,Arden Heights,13-03-2016,09:42,9,Morning,Sunday,1,Spring,1,14.14,High,30.8,27.5,1.8
Chinatown,East Harlem,08-05-2016,17:32,17,Afternoon,Sunday,1,Spring,2,2.42,High,5.0,29.0,1.8
Williamsburg,East Harlem,24-04-2016,09:07,9,Morning,Sunday,1,Spring,1,2.96,High,9.9,17.9,1.8
South Slope,Murray Hill,04-05-2016,12:32,12,Afternoon,Wednesday,0,Spring,1,4.8,Low,30.8,9.4,1.0
East Harlem,Chelsea,26-02-2016,22:06,22,Evening,Friday,0,Winter,2,6.0,Low,16.9,21.3,1.0
Harlem,Midtown,14-05-2016,08:50,8,Morning,Saturday,1,Spring,1,3.18,High,8.8,21.7,1.8
Harlem,Bedford-Stuyvesant,10-03-2016,11:41,11,Morning,Thursday,0,Spring,1,1.97,Low,11.7,10.1,1.0
Fort Greene,Bedford-Stuyvesant,30-04-2016,23:20,23,Evening,Saturday,1,Spring,1,2.85,Low,8.9,19.2,1.0
Williamsburg,East Harlem,11-02-2016,22:27,22,Evening,Thursday,0,Winter,1,1.88,Low,4.1,27.5,1.0
"Bay Terrace, Staten Island",Rossville,23-02-2016,20:38,20,Evening,Tuesday,0,Winter,1,44.07,Medium,40.6,65.1,1.3
Chelsea,Clinton Hill,09-06-2016,08:25,8,Morning,Thursday,0,Summer,1,1.11,High,13.4,5.0,1.8
Fort Greene,Midtown,12-02-2016,10:05,10,Morning,Friday,0,Winter,5,1.88,Medium,15.2,7.4,1.3
Upper West Side,Bedford-Stuyvesant,24-01-2016,18:41,18,Evening,Sunday,1,Winter,1,1.08,High,8.6,7.5,1.8
Upper West Side,Midtown,13-04-2016,12:38,12,Afternoon,Wednesday,0,Spring,1,1.87,Low,13.7,8.2,1.0
South Slope,East Harlem,17-01-2016,17:16,17,Afternoon,Sunday,1,Winter,1,3.49,High,18.8,11.1,1.8
Sheepshead Bay,Canarsie,09-05-2016,00:05,0,Night,Monday,0,Spring,1,7.22,Low,16.1,26.9,1.0
Windsor Terrace,Upper West Side,25-03-2016,08:29,8,Morning,Friday,0,Spring,6,1.44,High,7.9,10.9,1.8
Grymes Hill,Arden Heights,18-01-2016,06:26,6,Morning,Monday,0,Winter,1,11.75,Low,24.6,28.7,1.0
South Slope,Bedford-Stuyvesant,18-03-2016,23:43,23,Evening,Friday,0,Spring,3,0.42,Low,4.1,6.1,1.0
Fort Hamilton,Far Rockaway,11-06-2016,22:12,22,Evening,Saturday,1,Summer,1,8.17,Low,23.4,20.9,1.0
Bedford-Stuyvesant,Clinton Hill,15-06-2016,07:11,7,Morning,Wednesday,0,Summer,1,2.59,Medium,5.1,30.5,1.3
Harlem,Fort Greene,20-05-2016,06:37,6,Morning,Friday,0,Spring,2,6.49,Low,10.9,35.7,1.0
Crown Heights,East Harlem,16-05-2016,09:26,9,Morning,Monday,0,Spring,1,1.41,High,11.4,7.4,1.8
Upper West Side,Chinatown,19-02-2016,17:30,17,Afternoon,Friday,0,Winter,1,7.25,High,38.5,11.3,1.8
Bedford-Stuyvesant,Williamsburg,25-03-2016,12:14,12,Afternoon,Friday,0,Spring,3,0.87,Low,5.8,9.0,1.0
Bensonhurst,Sheepshead Bay,20-05-2016,00:42,0,Night,Friday,0,Spring,5,2.53,Low,5.8,26.2,1.0
Bedford-Stuyvesant,Chinatown,22-06-2016,21:07,21,Evening,Wednesday,0,Summer,1,6.76,Low,17.3,23.4,1.0
Coney Island,Brighton Beach,26-06-2016,04:17,4,Night,Sunday,1,Summer,1,0.22,Low,1.3,10.2,1.0
Harlem,Chelsea,23-01-2016,01:42,1,Night,Saturday,1,Winter,1,10.05,Low,36.6,16.5,1.0
East Harlem,Harlem,13-05-2016,13:47,13,Afternoon,Friday,0,Spring,1,0.14,Low,1.1,7.6,1.0
Harlem,Harlem,11-04-2016,11:07,11,Morning,Monday,0,Spring,5,3.23,Low,11.0,17.6,1.0
Edgemere,Bay Ridge,28-01-2016,18:20,18,Evening,Thursday,0,Winter,1,3.79,High,21.9,10.4,1.8
Murray Hill,Upper West Side,20-06-2016,12:10,12,Afternoon,Monday,0,Summer,1,4.82,Low,13.9,20.8,1.0
Bedford-Stuyvesant,South Slope,30-04-2016,17:21,17,Afternoon,Saturday,1,Spring,1,1.72,High,9.0,11.5,1.8
Williamsburg,East Harlem,02-03-2016,08:11,8,Morning,Wednesday,0,Spring,6,0.85,High,3.9,13.1,1.8
Hell's Kitchen,Chinatown,25-01-2016,09:49,9,Morning,Monday,0,Winter,1,0.58,High,9.6,3.6,1.8
South Slope,Harlem,20-02-2016,09:47,9,Morning,Saturday,1,Winter,1,2.73,High,9.6,17.1,1.8
Upper West Side,Upper West Side,07-02-2016,02:31,2,Night,Sunday,1,Winter,1,2.88,Low,6.5,26.6,1.0
Harlem,Lower East Side,13-05-2016,20:00,20,Evening,Friday,0,Spring,1,4.67,Medium,18.2,15.4,1.3
Arden Heights,Bensonhurst,11-03-2016,17:53,17,Afternoon,Friday,0,Spring,1,11.21,High,28.6,23.5,1.8
Bedford-Stuyvesant,Midtown,26-02-2016,13:50,13,Afternoon,Friday,0,Winter,1,1.41,Low,8.9,9.5,1.0
Sheepshead Bay,Arverne,09-02-2016,09:27,9,Morning,Tuesday,0,Winter,1,0.94,High,6.0,9.4,1.8
Fort Greene,Chinatown,14-03-2016,08:11,8,Morning,Monday,0,Spring,1,2.19,High,7.3,18.0,1.8
Hell's Kitchen,Hell's Kitchen,27-01-2016,10:12,10,Morning,Wednesday,0,Winter,1,3.81,Medium,29.9,7.6,1.3
Bedford-Stuyvesant,Harlem,11-06-2016,09:21,9,Morning,Saturday,1,Summer,1,3.28,High,13.6,14.5,1.8
Fort Greene,Midtown,19-04-2016,20:05,20,Evening,Tuesday,0,Spring,1,2.24,Medium,7.0,19.2,1.3
West Village,West Village,19-01-2016,11:55,11,Morning,Tuesday,0,Winter,1,0.59,Low,4.9,7.2,1.0
Upper West Side,Harlem,24-06-2016,11:35,11,Morning,Friday,0,Summer,5,0.63,Low,4.1,9.2,1.0
Harlem,West Village,27-06-2016,20:55,20,Evening,Monday,0,Summer,3,1.91,Medium,7.8,14.7,1.3
Upper West Side,South Slope,29-05-2016,13:06,13,Afternoon,Sunday,1,Spring,5,2.32,Low,16.0,8.7,1.0
Midtown,South Slope,06-02-2016,09:10,9,Morning,Saturday,1,Winter,1,1.1,High,4.0,16.5,1.8
Williamsburg,Greenpoint,03-06-2016,12:59,12,Afternoon,Friday,0,Summer,4,1.48,Low,21.5,4.1,1.0
Upper West Side,Upper West Side,17-02-2016,08:52,8,Morning,Wednesday,0,Winter,1,1.5,High,5.2,17.3,1.8
Harlem,Hell's Kitchen,03-05-2016,12:47,12,Afternoon,Tuesday,0,Spring,1,1.91,Low,20.6,5.6,1.0
Murray Hill,South Slope,16-03-2016,20:36,20,Evening,Wednesday,0,Spring,1,2.5,Medium,11.2,13.4,1.3
Great Kills,Bayswater,26-06-2016,23:06,23,Evening,Sunday,1,Summer,5,9.77,Low,17.4,33.7,1.0
South Slope,Bedford-Stuyvesant,06-01-2016,06:56,6,Morning,Wednesday,0,Winter,1,3.23,Low,8.6,22.5,1.0
Hell's Kitchen,Crown Heights,20-05-2016,17:23,17,Afternoon,Friday,0,Spring,5,1.26,High,5.1,14.8,1.8
Inwood,Bedford-Stuyvesant,16-02-2016,11:52,11,Morning,Tuesday,0,Winter,1,1.13,Low,9.2,7.4,1.0
Park Slope,Park Slope,11-06-2016,10:49,10,Morning,Saturday,1,Summer,1,2.3,Medium,13.9,9.9,1.3
East Harlem,West Village,02-05-2016,17:21,17,Afternoon,Monday,0,Spring,1,4.83,High,15.4,18.8,1.8
Upper West Side,East Harlem,29-04-2016,19:35,19,Evening,Friday,0,Spring,1,1.6,High,13.2,7.3,1.8
South Slope,Inwood,26-04-2016,23:17,23,Evening,Tuesday,0,Spring,1,1.07,Low,4.4,14.6,1.0
Bergen Beach,Arrochar,29-03-2016,10:40,10,Morning,Tuesday,0,Spring,1,1.32,Medium,4.9,16.2,1.3
Clinton Hill,Harlem,11-06-2016,16:39,16,Afternoon,Saturday,1,Summer,1,1.6,Medium,5.3,18.1,1.3
Crown Heights,Hell's Kitchen,01-06-2016,19:07,19,Evening,Wednesday,0,Summer,1,0.53,High,3.8,8.4,1.8
Richmondtown,Belle Harbor,12-02-2016,08:14,8,Morning,Friday,0,Winter,1,0.89,High,3.4,15.7,1.8
Harlem,Williamsburg,20-06-2016,19:59,19,Evening,Monday,0,Summer,1,3.52,High,17.6,12.0,1.8
West Village,Kensington,02-04-2016,10:01,10,Morning,Saturday,1,Spring,1,4.0,Medium,15.2,15.8,1.3
Fort Greene,Midtown,06-01-2016,09:57,9,Morning,Wednesday,0,Winter,6,1.7,High,12.5,8.2,1.8
East Harlem,Harlem,14-04-2016,13:57,13,Afternoon,Thursday,0,Spring,1,1.97,Low,6.1,19.4,1.0
Harlem,Bedford-Stuyvesant,18-03-2016,21:24,21,Evening,Friday,0,Spring,3,1.52,Low,12.0,7.6,1.0
Park Slope,East Harlem,17-04-2016,13:15,13,Afternoon,Sunday,1,Spring,1,3.14,Low,14.6,12.9,1.0
East Harlem,Park Slope,23-05-2016,14:27,14,Afternoon,Monday,0,Spring,6,1.15,Low,3.6,19.2,1.0
Upper West Side,South Slope,03-06-2016,12:11,12,Afternoon,Friday,0,Summer,1,1.74,Low,11.0,9.5,1.0
Upper West Side,East Harlem,13-01-2016,14:13,14,Afternoon,Wednesday,0,Winter,2,5.46,Low,24.4,13.4,1.0
East Harlem,Bedford-Stuyvesant,21-04-2016,20:19,20,Evening,Thursday,0,Spring,6,2.2,Medium,10.8,12.2,1.3
Clinton Hill,Hell's Kitchen,18-04-2016,12:29,12,Afternoon,Monday,0,Spring,1,2.78,Low,15.8,10.6,1.0
Bedford-Stuyvesant,South Slope,09-04-2016,20:02,20,Evening,Saturday,1,Spring,2,2.87,Medium,10.6,16.2,1.3
South Slope,Midtown,13-03-2016,14:30,14,Afternoon,Sunday,1,Spring,1,4.94,Low,18.0,16.5,1.0
Harlem,East Harlem,19-03-2016,16:25,16,Afternoon,Saturday,1,Spring,2,2.37,Medium,11.5,12.4,1.3
Harlem,Harlem,09-04-2016,19:57,19,Evening,Saturday,1,Spring,3,3.13,High,9.2,20.4,1.8
Tottenville,Great Kills,18-03-2016,20:59,20,Evening,Friday,0,Spring,1,25.14,Medium,44.6,33.8,1.3
Bedford-Stuyvesant,Upper West Side,15-01-2016,07:01,7,Morning,Friday,0,Winter,2,2.55,Medium,8.4,18.2,1.3
Midwood,New Dorp,10-02-2016,21:31,21,Evening,Wednesday,0,Winter,1,15.57,Low,41.3,22.6,1.0
Upper West Side,East Harlem,01-01-2016,19:35,19,Evening,Friday,0,Winter,1,3.99,High,13.1,18.3,1.8
Harlem,Hell's Kitchen,02-01-2016,11:51,11,Morning,Saturday,1,Winter,2,2.4,Low,10.4,13.8,1.0
Kensington,Chelsea,28-01-2016,15:08,15,Afternoon,Thursday,0,Winter,1,1.09,Low,9.7,6.7,1.0
East Harlem,Fort Greene,10-02-2016,13:16,13,Afternoon,Wednesday,0,Winter,1,4.88,Low,21.1,13.9,1.0
Upper West Side,Upper West Side,23-02-2016,15:16,15,Afternoon,Tuesday,0,Winter,1,0.31,Low,4.2,4.4,1.0
East Harlem,West Village,28-03-2016,08:14,8,Morning,Monday,0,Spring,1,2.77,High,12.4,13.4,1.8
East Harlem,Harlem,06-02-2016,14:54,14,Afternoon,Saturday,1,Winter,1,3.96,Low,14.6,16.3,1.0
Upper West Side,West Village,11-06-2016,10:54,10,Morning,Saturday,1,Summer,1,0.81,Medium,7.4,6.6,1.3
Oakwood,Tottenville,01-05-2016,05:15,5,Night,Sunday,1,Spring,2,24.57,Low,24.6,59.9,1.0
Williamsburg,Upper West Side,23-04-2016,16:38,16,Afternoon,Saturday,1,Spring,1,3.15,Medium,11.9,15.9,1.3
Chinatown,Harlem,07-03-2016,09:40,9,Morning,Monday,0,Spring,2,3.04,High,16.7,10.9,1.8
Williamsburg,Upper West Side,29-02-2016,19:09,19,Evening,Monday,0,Winter,1,1.73,High,14.9,7.0,1.8
East Harlem,Hell's Kitchen,24-05-2016,08:47,8,Morning,Tuesday,0,Spring,1,1.75,High,5.4,19.4,1.8
East Harlem,Crown Heights,27-02-2016,14:35,14,Afternoon,Saturday,1,Winter,1,1.59,Low,11.8,8.1,1.0
Upper West Side,Harlem,21-05-2016,21:38,21,Evening,Saturday,1,Spring,3,7.97,Low,20.7,23.1,1.0
West Village,Harlem,10-02-2016,22:22,22,Evening,Wednesday,0,Winter,1,4.72,Low,16.6,17.1,1.0
Fort Greene,Crown Heights,18-06-2016,03:59,3,Night,Saturday,1,Summer,1,5.63,Low,26.2,12.9,1.0
Bedford-Stuyvesant,Clinton Hill,11-02-2016,18:53,18,Evening,Thursday,0,Winter,2,1.46,High,7.4,11.8,1.8
Clinton Hill,East Harlem,16-04-2016,19:10,19,Evening,Saturday,1,Spring,1,1.43,High,16.7,5.1,1.8
Harlem,Upper West Side,20-05-2016,23:20,23,Evening,Friday,0,Spring,2,1.0,Low,3.8,15.8,1.0
Park Slope,Upper West Side,27-05-2016,08:19,8,Morning,Friday,0,Spring,1,2.04,High,9.1,13.5,1.8
Tottenville,Great Kills,07-05-2016,22:58,22,Evening,Saturday,1,Spring,1,23.29,Low,27.2,51.4,1.0
South Slope,Crown Heights,01-05-2016,08:53,8,Morning,Sunday,1,Spring,6,0.88,High,5.2,10.2,1.8
Fort Greene,Upper West Side,10-05-2016,22:31,22,Evening,Tuesday,0,Spring,1,2.66,Low,6.6,24.2,1.0
East Harlem,Upper West Side,27-04-2016,21:57,21,Evening,Wednesday,0,Spring,3,8.32,Low,20.4,24.5,1.0
Upper West Side,Upper West Side,20-05-2016,11:44,11,Morning,Friday,0,Spring,1,5.5,Low,15.9,20.8,1.0
Upper West Side,West Village,27-04-2016,19:57,19,Evening,Wednesday,0,Spring,2,0.32,High,4.0,4.8,1.8
Upper West Side,East Harlem,26-06-2016,19:44,19,Evening,Sunday,1,Summer,1,1.51,High,5.4,16.8,1.8
Bedford-Stuyvesant,Bedford-Stuyvesant,23-05-2016,06:51,6,Morning,Monday,0,Spring,1,1.69,Low,5.0,20.3,1.0
Bedford-Stuyvesant,West Village,13-01-2016,15:10,15,Afternoon,Wednesday,0,Winter,1,2.76,Low,11.9,13.9,1.0
Bedford-Stuyvesant,Harlem,26-05-2016,11:26,11,Morning,Thursday,0,Spring,2,2.18,Low,8.2,16.0,1.0
Williamsburg,Fort Greene,23-03-2016,03:35,3,Night,Wednesday,0,Spring,2,3.85,Low,5.3,43.6,1.0
Harlem,Chinatown,06-02-2016,15:41,15,Afternoon,Saturday,1,Winter,5,2.46,Low,17.2,8.6,1.0
Upper West Side,Harlem,09-05-2016,08:04,8,Morning,Monday,0,Spring,1,1.39,High,4.9,17.0,1.8
Harlem,East Harlem,31-03-2016,07:39,7,Morning,Thursday,0,Spring,2,2.92,Medium,19.5,9.0,1.3
Sheepshead Bay,Sheepshead Bay,21-06-2016,07:55,7,Morning,Tuesday,0,Summer,1,1.39,Medium,8.1,10.3,1.3
Bedford-Stuyvesant,Bedford-Stuyvesant,02-06-2016,01:07,1,Night,Thursday,0,Summer,1,4.21,Low,13.0,19.4,1.0
East Harlem,Harlem,07-03-2016,19:31,19,Evening,Monday,0,Spring,2,3.77,High,13.5,16.8,1.8
Upper West Side,East Harlem,18-01-2016,08:32,8,Morning,Monday,0,Winter,1,2.58,High,5.7,27.2,1.8
Inwood,Kensington,14-01-2016,19:44,19,Evening,Thursday,0,Winter,1,1.29,High,5.4,14.3,1.8
Harlem,Upper West Side,13-01-2016,12:18,12,Afternoon,Wednesday,0,Winter,2,8.02,Low,18.1,26.6,1.0
Harlem,Midtown,23-02-2016,08:34,8,Morning,Tuesday,0,Winter,1,1.83,High,12.1,9.1,1.8
Murray Hill,Midtown,02-02-2016,07:15,7,Morning,Tuesday,0,Winter,1,2.14,Medium,11.9,10.8,1.3
Upper West Side,East Harlem,17-04-2016,00:52,0,Night,Sunday,1,Spring,1,1.47,Low,8.4,10.5,1.0
Fort Hamilton,Arrochar,11-03-2016,14:18,14,Afternoon,Friday,0,Spring,1,2.02,Low,13.9,8.7,1.0
Upper West Side,Lower East Side,26-02-2016,17:09,17,Afternoon,Friday,0,Winter,1,2.96,High,14.2,12.5,1.8
Williamsburg,West Village,25-06-2016,17:50,17,Afternoon,Saturday,1,Summer,2,1.93,High,15.5,7.5,1.8
East Harlem,Chinatown,05-03-2016,20:21,20,Evening,Saturday,1,Spring,2,4.88,Medium,26.1,11.2,1.3
Upper West Side,South Slope,12-03-2016,09:41,9,Morning,Saturday,1,Spring,1,0.06,High,1.4,2.6,1.8
Clinton Hill,Bedford-Stuyvesant,28-04-2016,21:10,21,Evening,Thursday,0,Spring,1,2.01,Low,9.8,12.3,1.0
West Village,Inwood,02-06-2016,22:56,22,Evening,Thursday,0,Summer,1,2.8,Low,12.6,13.3,1.0
Prince's Bay,Eltingville,10-04-2016,12:23,12,Afternoon,Sunday,1,Spring,2,22.24,Low,56.3,23.7,1.0
Fort Greene,Bedford-Stuyvesant,07-02-2016,22:29,22,Evening,Sunday,1,Winter,1,6.17,Low,18.2,20.3,1.0
Upper West Side,Upper West Side,20-03-2016,02:18,2,Night,Sunday,1,Spring,1,1.1,Low,2.5,26.4,1.0
West Village,Harlem,20-05-2016,06:42,6,Morning,Friday,0,Spring,1,1.78,Low,6.0,17.8,1.0
Bedford-Stuyvesant,Chinatown,18-03-2016,18:04,18,Evening,Friday,0,Spring,1,1.67,High,3.8,26.4,1.8
East Harlem,Clinton Hill,19-06-2016,13:33,13,Afternoon,Sunday,1,Summer,1,0.03,Low,27.1,0.1,1.0
South Slope,Murray Hill,26-04-2016,14:35,14,Afternoon,Tuesday,0,Spring,1,0.64,Low,2.6,14.8,1.0
Hell's Kitchen,Harlem,24-06-2016,12:55,12,Afternoon,Friday,0,Summer,1,2.81,Low,19.6,8.6,1.0
Crown Heights,Bedford-Stuyvesant,11-04-2016,22:29,22,Evening,Monday,0,Spring,1,0.58,Low,6.0,5.8,1.0
Rossville,Clifton,03-06-2016,13:56,13,Afternoon,Friday,0,Summer,1,21.8,Low,79.7,16.4,1.0
Park Slope,Upper West Side,05-04-2016,08:29,8,Morning,Tuesday,0,Spring,5,1.84,High,7.9,14.0,1.8
East Village,East Harlem,21-05-2016,00:22,0,Night,Saturday,1,Spring,1,2.31,Low,10.8,12.8,1.0
Tottenville,Prince's Bay,25-02-2016,20:41,20,Evening,Thursday,0,Winter,3,26.74,Medium,40.5,39.6,1.3
East Harlem,East Harlem,11-03-2016,06:15,6,Morning,Friday,0,Spring,1,2.1,Low,5.6,22.5,1.0
Bushwick,Harlem,24-01-2016,11:59,11,Morning,Sunday,1,Winter,3,2.42,Low,9.4,15.4,1.0
Harlem,Harlem,04-04-2016,17:15,17,Afternoon,Monday,0,Spring,1,5.5,High,20.5,16.1,1.8
East Harlem,Harlem,26-02-2016,07:54,7,Morning,Friday,0,Winter,1,0.66,Medium,4.4,9.0,1.3
Bedford-Stuyvesant,East Harlem,01-05-2016,03:01,3,Night,Sunday,1,Spring,1,12.1,Low,23.1,31.4,1.0
Bedford-Stuyvesant,Harlem,10-02-2016,13:06,13,Afternoon,Wednesday,0,Winter,6,2.75,Low,8.0,20.6,1.0
Hell's Kitchen,Clinton Hill,15-04-2016,20:39,20,Evening,Friday,0,Spring,1,1.74,Medium,5.7,18.3,1.3
West Village,South Slope,20-03-2016,13:45,13,Afternoon,Sunday,1,Spring,1,0.87,Low,5.2,10.0,1.0
East Harlem,Bedford-Stuyvesant,15-03-2016,19:04,19,Evening,Tuesday,0,Spring,3,1.05,High,3.2,19.7,1.8
Huguenot,Tottenville,01-02-2016,20:18,20,Evening,Monday,0,Winter,5,24.23,Medium,35.2,41.3,1.3
East Harlem,Windsor Terrace,15-06-2016,18:30,18,Evening,Wednesday,0,Summer,2,4.18,High,15.5,16.2,1.8
Bedford-Stuyvesant,Upper West Side,26-02-2016,18:20,18,Evening,Friday,0,Winter,1,1.49,High,15.5,5.8,1.8
Tottenville,"Bay Terrace, Staten Island",19-06-2016,22:40,22,Evening,Sunday,1,Summer,1,24.41,Low,47.1,31.1,1.0
Bay Ridge,Sheepshead Bay,14-02-2016,09:27,9,Morning,Sunday,1,Winter,1,0.93,High,4.4,12.7,1.8
Williamsburg,Flatbush,27-05-2016,19:19,19,Evening,Friday,0,Spring,1,2.42,High,23.2,6.3,1.8
Flatbush,Harlem,17-04-2016,04:02,4,Night,Sunday,1,Spring,5,7.98,Low,21.0,22.8,1.0
West Village,Hell's Kitchen,02-03-2016,12:45,12,Afternoon,Wednesday,0,Spring,1,0.74,Low,5.9,7.5,1.0
West Village,Upper West Side,06-02-2016,15:02,15,Afternoon,Saturday,1,Winter,2,2.35,Low,7.8,18.1,1.0
Bedford-Stuyvesant,West Village,19-04-2016,09:35,9,Morning,Tuesday,0,Spring,1,2.38,High,6.7,21.3,1.8
Midtown,Midtown,02-06-2016,12:37,12,Afternoon,Thursday,0,Summer,2,7.53,Low,32.6,13.9,1.0
Oakwood,Gravesend,01-06-2016,17:11,17,Afternoon,Wednesday,0,Summer,1,11.76,High,56.1,12.6,1.8
Kensington,South Slope,13-02-2016,16:55,16,Afternoon,Saturday,1,Winter,1,3.87,Medium,11.4,20.4,1.3
Fort Greene,Upper West Side,14-01-2016,02:16,2,Night,Thursday,0,Winter,1,3.58,Low,6.6,32.5,1.0
Upper West Side,Upper West Side,27-06-2016,07:16,7,Morning,Monday,0,Summer,1,2.48,Medium,3.9,38.2,1.3
Crown Heights,South Slope,24-05-2016,09:58,9,Morning,Tuesday,0,Spring,2,3.21,High,19.0,10.1,1.8
Bedford-Stuyvesant,Harlem,04-03-2016,13:59,13,Afternoon,Friday,0,Spring,1,2.84,Low,24.6,6.9,1.0
Bedford-Stuyvesant,Clinton Hill,24-04-2016,13:15,13,Afternoon,Sunday,1,Spring,2,3.12,Low,10.1,18.5,1.0
East Harlem,Upper West Side,12-05-2016,19:57,19,Evening,Thursday,0,Spring,1,3.24,High,12.4,15.7,1.8
Williamsburg,South Slope,29-05-2016,15:43,15,Afternoon,Sunday,1,Spring,1,2.6,Low,10.7,14.6,1.0
Hell's Kitchen,Upper West Side,12-05-2016,22:48,22,Evening,Thursday,0,Spring,1,0.8,Low,3.2,15.0,1.0
Bedford-Stuyvesant,South Slope,17-03-2016,21:13,21,Evening,Thursday,0,Spring,1,3.34,Low,8.2,24.4,1.0
East Harlem,South Slope,05-02-2016,18:11,18,Evening,Friday,0,Winter,2,2.82,High,7.2,23.5,1.8
Williamsburg,Long Island City,08-01-2016,04:16,4,Night,Friday,0,Winter,6,2.75,Low,4.2,39.3,1.0
Inwood,Williamsburg,30-03-2016,08:46,8,Morning,Wednesday,0,Spring,3,2.55,High,13.8,11.1,1.8
East Harlem,Bedford-Stuyvesant,11-04-2016,17:16,17,Afternoon,Monday,0,Spring,1,1.8,High,12.4,8.7,1.8
Clinton Hill,Murray Hill,06-05-2016,23:07,23,Evening,Friday,0,Spring,1,5.76,Low,25.5,13.6,1.0
Crown Heights,Upper West Side,20-06-2016,21:36,21,Evening,Monday,0,Summer,1,3.97,Low,13.0,18.3,1.0
Park Slope,Crown Heights,17-03-2016,00:39,0,Night,Thursday,0,Spring,3,5.58,Low,22.0,15.2,1.0
South Slope,Upper West Side,06-02-2016,13:09,13,Afternoon,Saturday,1,Winter,1,0.49,Low,1.4,21.0,1.0
South Slope,South Slope,09-04-2016,19:22,19,Evening,Saturday,1,Spring,1,2.14,High,12.0,10.7,1.8
Midtown,Crown Heights,21-06-2016,11:37,11,Morning,Tuesday,0,Summer,5,3.09,Low,19.3,9.6,1.0
Crown Heights,Clinton Hill,19-04-2016,11:34,11,Morning,Tuesday,0,Spring,1,1.25,Low,10.4,7.2,1.0
Clinton Hill,Chinatown,21-04-2016,08:04,8,Morning,Thursday,0,Spring,5,10.1,High,37.0,16.4,1.8
Chinatown,Murray Hill,11-02-2016,22:58,22,Evening,Thursday,0,Winter,1,2.76,Low,10.8,15.3,1.0
Harlem,Bedford-Stuyvesant,29-04-2016,23:24,23,Evening,Friday,0,Spring,2,0.52,Low,4.1,7.6,1.0
Harlem,Williamsburg,05-06-2016,22:12,22,Evening,Sunday,1,Summer,1,1.79,Low,4.0,26.8,1.0
East Harlem,Upper West Side,01-05-2016,22:07,22,Evening,Sunday,1,Spring,5,4.87,Low,17.5,16.7,1.0
Upper West Side,Upper West Side,02-06-2016,17:29,17,Afternoon,Thursday,0,Summer,1,0.89,High,6.7,8.0,1.8
West Village,Williamsburg,04-03-2016,23:47,23,Evening,Friday,0,Spring,1,1.5,Low,6.4,14.1,1.0
Harlem,Harlem,04-06-2016,09:46,9,Morning,Saturday,1,Summer,2,2.64,High,7.8,20.3,1.8
Emerson Hill,Flatbush,30-03-2016,14:33,14,Afternoon,Wednesday,0,Spring,1,1.88,Low,10.4,10.8,1.0
East Harlem,Harlem,11-06-2016,23:41,23,Evening,Saturday,1,Summer,1,4.11,Low,15.3,16.1,1.0
Upper West Side,Upper West Side,10-04-2016,22:23,22,Evening,Sunday,1,Spring,1,7.67,Low,16.5,27.9,1.0
West Village,Harlem,11-04-2016,22:08,22,Evening,Monday,0,Spring,1,14.43,Low,24.2,35.8,1.0
Clinton Hill,Kensington,07-04-2016,10:40,10,Morning,Thursday,0,Spring,1,7.49,Medium,18.2,24.7,1.3
Tottenville,Eltingville,29-02-2016,18:22,18,Evening,Monday,0,Winter,1,24.69,High,49.0,30.2,1.8
Bedford-Stuyvesant,Kensington,16-01-2016,14:53,14,Afternoon,Saturday,1,Winter,1,4.46,Low,16.7,16.0,1.0
Harlem,Harlem,13-03-2016,04:41,4,Night,Sunday,1,Spring,1,2.64,Low,9.9,16.0,1.0
Rossville,Tottenville,29-04-2016,13:31,13,Afternoon,Friday,0,Spring,3,24.92,Low,36.1,41.4,1.0
Midwood,Oakwood,20-03-2016,08:10,8,Morning,Sunday,1,Spring,1,11.75,High,29.1,24.2,1.8
Crown Heights,Bedford-Stuyvesant,18-04-2016,19:52,19,Evening,Monday,0,Spring,1,2.04,High,8.3,14.7,1.8
Fort Greene,West Village,13-01-2016,14:10,14,Afternoon,Wednesday,0,Winter,1,1.24,Low,5.3,14.0,1.0
Upper West Side,Flatbush,25-02-2016,16:51,16,Afternoon,Thursday,0,Winter,1,3.98,Medium,28.2,8.5,1.3
Williamsburg,Hell's Kitchen,25-03-2016,07:48,7,Morning,Friday,0,Spring,1,2.59,Medium,7.6,20.4,1.3
Bath Beach,Arden Heights,20-05-2016,14:48,14,Afternoon,Friday,0,Spring,1,9.69,Low,61.0,9.5,1.0
Harlem,East Harlem,27-04-2016,10:48,10,Morning,Wednesday,0,Spring,1,0.96,Medium,4.8,12.0,1.3
Bedford-Stuyvesant,Hell's Kitchen,18-04-2016,17:59,17,Afternoon,Monday,0,Spring,1,2.45,High,11.9,12.4,1.8
Bedford-Stuyvesant,Inwood,17-01-2016,00:02,0,Night,Sunday,1,Winter,1,1.76,Low,14.0,7.5,1.0
Prince's Bay,Prince's Bay,20-05-2016,13:28,13,Afternoon,Friday,0,Spring,1,23.43,Low,46.4,30.3,1.0
Clinton Hill,Harlem,07-02-2016,09:32,9,Morning,Sunday,1,Winter,2,0.76,High,2.7,16.9,1.8
East Harlem,Fort Greene,06-04-2016,06:29,6,Morning,Wednesday,0,Spring,1,0.73,Low,2.5,17.5,1.0
South Slope,Midtown,05-05-2016,06:54,6,Morning,Thursday,0,Spring,1,4.41,Low,15.6,17.0,1.0
Oakwood,Arrochar,19-03-2016,23:31,23,Evening,Saturday,1,Spring,1,6.38,Low,12.6,30.4,1.0
Rossville,Great Kills,30-05-2016,12:08,12,Afternoon,Monday,0,Spring,1,23.46,Low,34.6,40.7,1.0
"Bay Terrace, Staten Island",Sheepshead Bay,26-01-2016,14:17,14,Afternoon,Tuesday,0,Winter,1,13.8,Low,37.2,22.3,1.0
Upper West Side,Upper West Side,23-03-2016,14:29,14,Afternoon,Wednesday,0,Spring,5,3.79,Low,24.4,9.3,1.0
Upper West Side,Upper West Side,21-05-2016,18:09,18,Evening,Saturday,1,Spring,1,2.1,High,9.6,13.1,1.8
Harlem,Lower East Side,17-05-2016,08:32,8,Morning,Tuesday,0,Spring,1,1.97,High,14.5,8.2,1.8
Chinatown,Park Slope,21-06-2016,14:33,14,Afternoon,Tuesday,0,Summer,1,0.72,Low,3.2,13.5,1.0
Rockaway Beach,Far Rockaway,19-02-2016,20:38,20,Evening,Friday,0,Winter,2,7.05,Medium,27.9,15.2,1.3
Harlem,Upper West Side,09-03-2016,21:41,21,Evening,Wednesday,0,Spring,1,9.4,Low,29.0,19.4,1.0
Gravesend,Arverne,06-05-2016,09:22,9,Morning,Friday,0,Spring,1,0.67,High,3.3,12.2,1.8
East Harlem,Inwood,19-04-2016,14:12,14,Afternoon,Tuesday,0,Spring,1,1.98,Low,26.3,4.5,1.0
Midtown,Hell's Kitchen,07-05-2016,12:31,12,Afternoon,Saturday,1,Spring,1,5.62,Low,17.8,18.9,1.0
Williamsburg,East Harlem,11-06-2016,14:34,14,Afternoon,Saturday,1,Summer,1,2.59,Low,24.1,6.4,1.0
Harlem,Kensington,22-02-2016,09:50,9,Morning,Monday,0,Winter,1,1.29,High,10.3,7.5,1.8
Upper West Side,Harlem,06-03-2016,14:20,14,Afternoon,Sunday,1,Spring,1,1.38,Low,6.5,12.7,1.0
Fort Greene,Clinton Hill,21-04-2016,18:51,18,Evening,Thursday,0,Spring,6,1.31,High,10.3,7.6,1.8
Flatlands,Coney Island,03-04-2016,11:10,11,Morning,Sunday,1,Spring,3,7.42,Low,16.8,26.5,1.0
Bedford-Stuyvesant,Park Slope,14-04-2016,00:02,0,Night,Thursday,0,Spring,1,0.97,Low,12.0,4.8,1.0
Arden Heights,Bay Ridge,18-05-2016,21:52,21,Evening,Wednesday,0,Spring,2,12.56,Low,35.9,21.0,1.0
Bedford-Stuyvesant,Murray Hill,27-01-2016,15:20,15,Afternoon,Wednesday,0,Winter,2,1.1,Low,8.6,7.7,1.0
Hell's Kitchen,Hell's Kitchen,06-01-2016,11:31,11,Morning,Wednesday,0,Winter,1,0.69,Low,5.0,8.3,1.0
Bedford-Stuyvesant,South Slope,09-04-2016,12:22,12,Afternoon,Saturday,1,Spring,1,1.26,Low,7.2,10.5,1.0
East Harlem,Flatbush,06-04-2016,14:24,14,Afternoon,Wednesday,0,Spring,1,4.08,Low,30.0,8.2,1.0
Upper West Side,East Harlem,10-02-2016,14:54,14,Afternoon,Wednesday,0,Winter,3,2.0,Low,17.4,6.9,1.0
Chinatown,Upper West Side,25-02-2016,16:58,16,Afternoon,Thursday,0,Winter,2,2.37,Medium,9.5,15.0,1.3
Sheepshead Bay,Oakwood,27-03-2016,03:06,3,Night,Sunday,1,Spring,1,15.7,Low,21.6,43.6,1.0
East Harlem,Bedford-Stuyvesant,09-01-2016,11:48,11,Morning,Saturday,1,Winter,2,4.99,Low,23.2,12.9,1.0
Inwood,East Harlem,08-06-2016,20:46,20,Evening,Wednesday,0,Summer,1,1.64,Medium,3.3,29.8,1.3
Clinton Hill,Kensington,24-06-2016,11:29,11,Morning,Friday,0,Summer,1,3.09,Low,17.9,10.4,1.0
Bedford-Stuyvesant,Bedford-Stuyvesant,01-05-2016,09:47,9,Morning,Sunday,1,Spring,1,0.73,High,21.7,2.0,1.8
Clinton Hill,East Harlem,06-03-2016,05:32,5,Night,Sunday,1,Spring,1,0.93,Low,3.8,14.7,1.0
Kensington,Harlem,15-04-2016,19:56,19,Evening,Friday,0,Spring,2,5.88,High,25.1,14.1,1.8
Harlem,Harlem,06-02-2016,12:07,12,Afternoon,Saturday,1,Winter,5,2.5,Low,11.4,13.2,1.0
East Harlem,South Slope,20-02-2016,23:59,23,Evening,Saturday,1,Winter,1,1.82,Low,23.1,4.7,1.0
Greenpoint,Upper West Side,14-04-2016,18:56,18,Evening,Thursday,0,Spring,1,3.17,High,11.3,16.8,1.8
Chelsea,Midtown,17-01-2016,13:27,13,Afternoon,Sunday,1,Winter,1,2.18,Low,15.9,8.2,1.0
Inwood,South Slope,04-03-2016,20:31,20,Evening,Friday,0,Spring,5,2.84,Medium,10.3,16.5,1.3
East Harlem,Harlem,06-05-2016,12:27,12,Afternoon,Friday,0,Spring,3,5.24,Low,26.9,11.7,1.0
Upper West Side,East Harlem,10-06-2016,23:45,23,Evening,Friday,0,Summer,1,2.23,Low,7.0,19.1,1.0
East Harlem,Midtown,16-03-2016,15:13,15,Afternoon,Wednesday,0,Spring,2,1.52,Low,9.4,9.7,1.0
Crown Heights,West Village,11-06-2016,18:15,18,Evening,Saturday,1,Summer,3,2.16,High,36.7,3.5,1.8
Williamsburg,Midtown,19-01-2016,09:27,9,Morning,Tuesday,0,Winter,2,1.23,High,15.2,4.9,1.8
East Harlem,Bedford-Stuyvesant,27-06-2016,22:12,22,Evening,Monday,0,Summer,3,0.79,Low,4.9,9.7,1.0
Flatlands,Fort Hamilton,04-02-2016,07:08,7,Morning,Thursday,0,Winter,1,1.59,Medium,5.3,18.0,1.3
Hell's Kitchen,East Harlem,11-06-2016,13:46,13,Afternoon,Saturday,1,Summer,1,1.73,Low,9.4,11.0,1.0
Hell's Kitchen,Bedford-Stuyvesant,12-04-2016,13:30,13,Afternoon,Tuesday,0,Spring,1,1.46,Low,13.3,6.6,1.0
Upper West Side,Upper West Side,02-01-2016,16:11,16,Afternoon,Saturday,1,Winter,1,1.27,Medium,4.7,16.2,1.3
Williamsburg,Upper West Side,18-06-2016,08:07,8,Morning,Saturday,1,Summer,2,2.01,High,5.0,24.1,1.8
South Slope,Harlem,12-06-2016,02:48,2,Night,Sunday,1,Summer,1,1.48,Low,7.5,11.8,1.0
Bedford-Stuyvesant,Park Slope,19-06-2016,01:18,1,Night,Sunday,1,Summer,1,0.7,Low,3.2,13.1,1.0
East Harlem,Upper West Side,26-01-2016,23:06,23,Evening,Tuesday,0,Winter,1,6.04,Low,19.6,18.5,1.0
Harlem,Murray Hill,24-02-2016,20:00,20,Evening,Wednesday,0,Winter,1,2.24,Medium,15.6,8.6,1.3
Fort Greene,Upper West Side,21-02-2016,14:17,14,Afternoon,Sunday,1,Winter,6,0.39,Low,2.0,11.7,1.0
South Slope,Fort Greene,27-04-2016,17:32,17,Afternoon,Wednesday,0,Spring,5,1.34,High,16.6,4.8,1.8
East Harlem,East Harlem,16-06-2016,16:02,16,Afternoon,Thursday,0,Summer,5,0.72,Medium,15.7,2.8,1.3
Fort Hamilton,South Beach,26-05-2016,09:35,9,Morning,Thursday,0,Spring,2,5.76,High,31.2,11.1,1.8
Murray Hill,Upper West Side,21-05-2016,00:11,0,Night,Saturday,1,Spring,1,3.62,Low,9.4,23.1,1.0
East Harlem,Upper West Side,11-05-2016,21:47,21,Evening,Wednesday,0,Spring,1,0.8,Low,3.0,16.0,1.0
East Harlem,Williamsburg,22-02-2016,18:50,18,Evening,Monday,0,Winter,3,1.36,High,3.8,21.5,1.8
Hell's Kitchen,Clinton Hill,01-03-2016,22:14,22,Evening,Tuesday,0,Spring,1,4.6,Low,12.7,21.7,1.0
West Village,Park Slope,17-04-2016,19:49,19,Evening,Sunday,1,Spring,1,0.72,High,3.0,14.4,1.8
Upper West Side,Clinton Hill,05-02-2016,20:09,20,Evening,Friday,0,Winter,1,0.4,Medium,1.7,14.1,1.3
Tottenville,Great Kills,04-01-2016,22:32,22,Evening,Monday,0,Winter,3,21.19,Low,26.9,47.3,1.0
Upper West Side,Bedford-Stuyvesant,30-03-2016,09:45,9,Morning,Wednesday,0,Spring,1,0.76,High,3.0,15.2,1.8
Harlem,Midtown,19-05-2016,08:58,8,Morning,Thursday,0,Spring,1,1.37,High,21.4,3.8,1.8
Sheepshead Bay,Todt Hill,13-01-2016,04:36,4,Night,Wednesday,0,Winter,1,4.84,Low,6.4,45.4,1.0
Bedford-Stuyvesant,Upper West Side,10-03-2016,20:34,20,Evening,Thursday,0,Spring,1,2.29,Medium,10.2,13.5,1.3
Clinton Hill,Park Slope,13-05-2016,12:55,12,Afternoon,Friday,0,Spring,2,2.33,Low,39.2,3.6,1.0
East Harlem,Upper West Side,20-05-2016,16:31,16,Afternoon,Friday,0,Spring,1,1.45,Medium,6.9,12.6,1.3
Harlem,Kensington,14-03-2016,10:48,10,Morning,Monday,0,Spring,1,2.22,Medium,8.6,15.5,1.3
Concord,Far Rockaway,02-04-2016,11:55,11,Morning,Saturday,1,Spring,1,7.29,Low,23.9,18.3,1.0
Chinatown,Upper West Side,11-03-2016,14:51,14,Afternoon,Friday,0,Spring,1,2.64,Low,14.6,10.8,1.0
Upper West Side,South Slope,21-04-2016,23:09,23,Evening,Thursday,0,Spring,1,5.62,Low,13.0,25.9,1.0
Williamsburg,Inwood,05-05-2016,03:56,3,Night,Thursday,0,Spring,1,0.66,Low,2.8,14.1,1.0
Arverne,Bensonhurst,24-01-2016,17:18,17,Afternoon,Sunday,1,Winter,2,5.84,High,28.4,12.3,1.8
East Harlem,Park Slope,14-05-2016,12:57,12,Afternoon,Saturday,1,Spring,1,0.59,Low,5.5,6.4,1.0
Upper West Side,Hell's Kitchen,12-01-2016,00:27,0,Night,Tuesday,0,Winter,1,0.89,Low,3.2,16.7,1.0
Williamsburg,Bedford-Stuyvesant,13-03-2016,12:42,12,Afternoon,Sunday,1,Spring,1,1.91,Low,5.4,21.2,1.0
Harlem,West Village,22-03-2016,16:54,16,Afternoon,Tuesday,0,Spring,1,0.9,Medium,7.8,6.9,1.3
East Harlem,Upper West Side,17-03-2016,18:37,18,Evening,Thursday,0,Spring,2,1.89,High,14.5,7.8,1.8
Clinton Hill,West Village,02-06-2016,14:46,14,Afternoon,Thursday,0,Summer,1,1.17,Low,6.8,10.3,1.0
West Village,Upper West Side,24-04-2016,19:36,19,Evening,Sunday,1,Spring,1,3.13,High,5.1,36.8,1.8
South Slope,Upper West Side,05-04-2016,20:04,20,Evening,Tuesday,0,Spring,1,1.33,Medium,5.4,14.8,1.3
Fort Greene,Crown Heights,14-01-2016,09:00,9,Morning,Thursday,0,Winter,1,2.24,High,9.2,14.6,1.8
Bedford-Stuyvesant,Fort Greene,24-05-2016,22:20,22,Evening,Tuesday,0,Spring,1,13.73,Low,17.1,48.2,1.0
Fort Greene,Bedford-Stuyvesant,27-06-2016,15:48,15,Afternoon,Monday,0,Summer,1,2.58,Low,14.5,10.7,1.0
Harlem,Park Slope,08-04-2016,18:47,18,Evening,Friday,0,Spring,6,1.48,High,5.7,15.6,1.8
Inwood,Clinton Hill,30-06-2016,10:38,10,Morning,Thursday,0,Summer,1,3.07,Medium,24.5,7.5,1.3
Far Rockaway,Arden Heights,14-05-2016,14:34,14,Afternoon,Saturday,1,Spring,1,12.72,Low,28.1,27.2,1.0
Williamsburg,Fort Greene,20-03-2016,02:22,2,Night,Sunday,1,Spring,1,4.34,Low,10.6,24.6,1.0
South Slope,East Harlem,14-05-2016,18:54,18,Evening,Saturday,1,Spring,1,1.17,High,3.2,21.9,1.8
Midtown,Upper West Side,18-04-2016,14:42,14,Afternoon,Monday,0,Spring,1,1.66,Low,7.0,14.2,1.0
East Harlem,Hell's Kitchen,30-01-2016,21:39,21,Evening,Saturday,1,Winter,1,5.53,Low,22.4,14.8,1.0
South Slope,Upper West Side,13-05-2016,22:32,22,Evening,Friday,0,Spring,2,5.64,Low,32.6,10.4,1.0
Crown Heights,Bedford-Stuyvesant,11-03-2016,17:02,17,Afternoon,Friday,0,Spring,4,2.19,High,7.8,16.8,1.8
Flatlands,Coney Island,31-05-2016,09:17,9,Morning,Tuesday,0,Spring,3,9.19,High,23.2,23.8,1.8
South Slope,Upper West Side,21-06-2016,12:57,12,Afternoon,Tuesday,0,Summer,1,1.21,Low,4.2,17.3,1.0
Murray Hill,Hell's Kitchen,09-02-2016,23:32,23,Evening,Tuesday,0,Winter,2,2.86,Low,6.4,26.8,1.0
Harlem,Windsor Terrace,26-03-2016,19:53,19,Evening,Saturday,1,Spring,1,5.57,High,26.3,12.7,1.8
East Harlem,East Harlem,28-03-2016,19:19,19,Evening,Monday,0,Spring,2,1.77,High,9.4,11.3,1.8
Flatbush,Harlem,22-02-2016,03:53,3,Night,Monday,0,Winter,2,3.01,Low,8.6,21.0,1.0
Harlem,Bedford-Stuyvesant,07-02-2016,02:34,2,Night,Sunday,1,Winter,1,1.64,Low,4.6,21.4,1.0
Canarsie,Sheepshead Bay,17-05-2016,10:53,10,Morning,Tuesday,0,Spring,1,3.71,Medium,23.2,9.6,1.3
South Slope,Clinton Hill,11-01-2016,15:59,15,Afternoon,Monday,0,Winter,1,2.37,Low,8.1,17.6,1.0
Hell's Kitchen,Park Slope,03-05-2016,13:29,13,Afternoon,Tuesday,0,Spring,1,1.44,Low,8.4,10.3,1.0
Inwood,East Harlem,14-05-2016,22:35,22,Evening,Saturday,1,Spring,1,2.34,Low,6.7,21.0,1.0
Upper West Side,Fort Greene,12-03-2016,02:47,2,Night,Saturday,1,Spring,1,2.93,Low,14.6,12.0,1.0
Upper West Side,Bedford-Stuyvesant,31-03-2016,07:38,7,Morning,Thursday,0,Spring,2,11.03,Medium,32.7,20.2,1.3
West Village,Greenpoint,12-01-2016,10:22,10,Morning,Tuesday,0,Winter,1,2.5,Medium,17.8,8.4,1.3
Upper West Side,Bedford-Stuyvesant,19-01-2016,07:23,7,Morning,Tuesday,0,Winter,1,2.1,Medium,8.7,14.5,1.3
West Village,Upper West Side,15-05-2016,06:56,6,Morning,Sunday,1,Spring,1,2.99,Low,4.4,40.8,1.0
Clinton Hill,East Harlem,14-05-2016,23:43,23,Evening,Saturday,1,Spring,2,1.4,Low,9.0,9.3,1.0
Chinatown,Harlem,28-04-2016,23:47,23,Evening,Thursday,0,Spring,1,1.68,Low,7.1,14.2,1.0
Murray Hill,Clinton Hill,23-02-2016,15:26,15,Afternoon,Tuesday,0,Winter,1,6.31,Low,20.5,18.5,1.0
Clinton Hill,Harlem,15-04-2016,09:11,9,Morning,Friday,0,Spring,1,2.23,High,15.2,8.8,1.8
Upper West Side,Harlem,06-06-2016,22:47,22,Evening,Monday,0,Summer,1,3.58,Low,13.4,16.0,1.0
South Slope,Chelsea,28-01-2016,22:38,22,Evening,Thursday,0,Winter,2,2.1,Low,9.2,13.7,1.0
Fort Greene,Harlem,18-05-2016,14:57,14,Afternoon,Wednesday,0,Spring,2,1.04,Low,5.1,12.2,1.0
West Village,Harlem,26-06-2016,20:30,20,Evening,Sunday,1,Summer,1,1.75,Medium,10.3,10.2,1.3
Williamsburg,Park Slope,01-06-2016,19:03,19,Evening,Wednesday,0,Summer,1,1.05,High,11.0,5.7,1.8
Upper West Side,Harlem,17-01-2016,07:14,7,Morning,Sunday,1,Winter,1,3.4,Medium,8.5,24.0,1.3
Windsor Terrace,South Slope,07-05-2016,23:24,23,Evening,Saturday,1,Spring,1,5.84,Low,19.7,17.8,1.0
Kensington,Harlem,03-02-2016,16:17,16,Afternoon,Wednesday,0,Winter,1,6.28,Medium,32.0,11.8,1.3
East Harlem,Park Slope,13-01-2016,00:11,0,Night,Wednesday,0,Winter,1,2.06,Low,7.7,16.1,1.0
Prince's Bay,Tottenville,30-01-2016,12:23,12,Afternoon,Saturday,1,Winter,6,26.96,Low,41.2,39.3,1.0
Bedford-Stuyvesant,Midtown,19-01-2016,07:46,7,Morning,Tuesday,0,Winter,1,1.43,Medium,4.3,20.0,1.3
Kensington,Midtown,28-01-2016,12:44,12,Afternoon,Thursday,0,Winter,1,1.53,Low,16.5,5.6,1.0
Upper West Side,Bedford-Stuyvesant,06-01-2016,21:09,21,Evening,Wednesday,0,Winter,1,2.6,Low,4.2,37.1,1.0
Chelsea,Bedford-Stuyvesant,07-02-2016,17:45,17,Afternoon,Sunday,1,Winter,4,4.38,High,13.8,19.0,1.8
Far Rockaway,Rossville,04-03-2016,10:00,10,Morning,Friday,0,Spring,1,9.69,Medium,27.0,21.5,1.3
Flatlands,"Bay Terrace, Staten Island",19-02-2016,15:12,15,Afternoon,Friday,0,Winter,1,13.13,Low,29.2,27.0,1.0
Chinatown,Upper West Side,25-03-2016,22:33,22,Evening,Friday,0,Spring,1,2.99,Low,13.9,12.9,1.0
Kensington,Bedford-Stuyvesant,05-06-2016,21:54,21,Evening,Sunday,1,Summer,1,2.08,Low,8.6,14.5,1.0
Murray Hill,East Harlem,29-02-2016,22:11,22,Evening,Monday,0,Winter,1,14.09,Low,30.1,28.1,1.0
Bedford-Stuyvesant,East Village,19-06-2016,13:28,13,Afternoon,Sunday,1,Summer,1,0.92,Low,7.6,7.3,1.0
South Slope,Harlem,13-06-2016,15:00,15,Afternoon,Monday,0,Summer,1,1.99,Low,9.6,12.4,1.0
Great Kills,Great Kills,18-06-2016,00:21,0,Night,Saturday,1,Summer,1,0.01,Low,52.3,0.0,1.0
East Harlem,Bedford-Stuyvesant,14-02-2016,22:12,22,Evening,Sunday,1,Winter,1,6.2,Low,21.5,17.3,1.0
Fort Greene,South Slope,09-02-2016,16:53,16,Afternoon,Tuesday,0,Winter,1,2.85,Medium,12.2,14.0,1.3
South Slope,Clinton Hill,24-03-2016,01:28,1,Night,Thursday,0,Spring,1,2.67,Low,7.2,22.2,1.0
Upper West Side,Midtown,11-03-2016,21:27,21,Evening,Friday,0,Spring,2,2.31,Low,16.3,8.5,1.0
Midtown,Murray Hill,13-03-2016,12:39,12,Afternoon,Sunday,1,Spring,1,1.01,Low,4.3,14.1,1.0
Murray Hill,Greenpoint,28-01-2016,08:58,8,Morning,Thursday,0,Winter,1,1.87,High,20.3,5.5,1.8
Fort Greene,Kensington,23-03-2016,23:49,23,Evening,Wednesday,0,Spring,1,1.31,Low,4.6,17.1,1.0
Kensington,East Harlem,26-06-2016,12:07,12,Afternoon,Sunday,1,Summer,3,0.69,Low,13.4,3.1,1.0
Williamsburg,Chinatown,13-06-2016,20:55,20,Evening,Monday,0,Summer,1,2.99,Medium,12.8,14.0,1.3
Borough Park,Flatlands,10-01-2016,15:05,15,Afternoon,Sunday,1,Winter,1,3.86,Low,18.0,12.9,1.0
South Slope,Murray Hill,19-04-2016,15:45,15,Afternoon,Tuesday,0,Spring,1,0.53,Low,1.7,18.7,1.0
Bedford-Stuyvesant,Harlem,19-03-2016,18:48,18,Evening,Saturday,1,Spring,1,2.48,High,9.5,15.7,1.8
Harlem,Harlem,21-05-2016,12:42,12,Afternoon,Saturday,1,Spring,1,1.61,Low,6.9,14.0,1.0
Prospect-Lefferts Gardens,Fort Greene,25-01-2016,20:12,20,Evening,Monday,0,Winter,1,0.47,Medium,1.9,14.8,1.3
Harlem,Harlem,18-03-2016,14:11,14,Afternoon,Friday,0,Spring,1,2.25,Low,7.6,17.8,1.0
Bedford-Stuyvesant,West Village,04-06-2016,17:52,17,Afternoon,Saturday,1,Summer,2,11.2,High,36.6,18.4,1.8
Arverne,Dyker Heights,17-05-2016,07:26,7,Morning,Tuesday,0,Spring,1,6.67,Medium,21.6,18.5,1.3
Clinton Hill,Upper West Side,26-05-2016,18:12,18,Evening,Thursday,0,Spring,1,2.01,High,14.5,8.3,1.8
West Village,Williamsburg,22-04-2016,10:53,10,Morning,Friday,0,Spring,1,3.14,Medium,23.2,8.1,1.3
Hell's Kitchen,Clinton Hill,29-04-2016,17:03,17,Afternoon,Friday,0,Spring,5,0.91,High,6.6,8.3,1.8
Upper West Side,South Slope,18-02-2016,00:46,0,Night,Thursday,0,Winter,1,1.06,Low,2.4,26.5,1.0
Hell's Kitchen,West Village,24-02-2016,18:37,18,Evening,Wednesday,0,Winter,1,1.43,High,8.6,10.0,1.8
Fort Hamilton,New Springville,19-06-2016,11:43,11,Morning,Sunday,1,Summer,5,2.84,Low,11.3,15.1,1.0
Chelsea,Upper West Side,03-04-2016,17:34,17,Afternoon,Sunday,1,Spring,1,1.53,High,10.6,8.7,1.8
Concord,Borough Park,13-02-2016,01:08,1,Night,Saturday,1,Winter,2,1.25,Low,4.8,15.6,1.0
Harlem,Harlem,24-02-2016,19:20,19,Evening,Wednesday,0,Winter,1,3.98,High,15.5,15.4,1.8
Kensington,Harlem,19-05-2016,22:44,22,Evening,Thursday,0,Spring,2,3.15,Low,5.1,37.1,1.0
Arden Heights,Mill Basin,22-01-2016,09:59,9,Morning,Friday,0,Winter,1,11.28,High,31.1,21.8,1.8
Chinatown,Clinton Hill,10-02-2016,06:40,6,Morning,Wednesday,0,Winter,1,4.21,Low,13.0,19.4,1.0
Crown Heights,Park Slope,19-02-2016,20:41,20,Evening,Friday,0,Winter,1,2.31,Medium,14.6,9.5,1.3
East Harlem,Bedford-Stuyvesant,28-03-2016,14:41,14,Afternoon,Monday,0,Spring,1,1.09,Low,13.5,4.8,1.0
Tottenville,Prince's Bay,28-04-2016,05:15,5,Night,Thursday,0,Spring,2,24.8,Low,25.2,59.0,1.0
Crown Heights,East Harlem,09-06-2016,09:35,9,Morning,Thursday,0,Summer,1,4.59,High,17.8,15.5,1.8
Long Island City,Park Slope,27-05-2016,00:16,0,Night,Friday,0,Spring,1,2.91,Low,12.9,13.5,1.0
Upper West Side,Upper West Side,02-02-2016,11:04,11,Morning,Tuesday,0,Winter,1,0.67,Low,2.3,17.5,1.0
Upper West Side,Park Slope,08-01-2016,19:58,19,Evening,Friday,0,Winter,2,0.98,High,5.3,11.1,1.8
East Harlem,Kensington,24-02-2016,08:29,8,Morning,Wednesday,0,Winter,2,4.92,High,18.1,16.3,1.8
South Slope,Fort Greene,22-05-2016,19:37,19,Evening,Sunday,1,Spring,4,1.39,High,5.7,14.6,1.8
Upper West Side,South Slope,04-01-2016,12:34,12,Afternoon,Monday,0,Winter,1,0.73,Low,60.6,0.7,1.0
East Harlem,South Slope,09-02-2016,13:20,13,Afternoon,Tuesday,0,Winter,1,1.73,Low,11.9,8.7,1.0
East Harlem,Upper West Side,04-02-2016,20:42,20,Evening,Thursday,0,Winter,1,2.37,Medium,9.0,15.8,1.3
East Harlem,Harlem,03-02-2016,11:27,11,Morning,Wednesday,0,Winter,2,1.13,Low,14.6,4.6,1.0
Tottenville,Prince's Bay,10-04-2016,08:06,8,Morning,Sunday,1,Spring,6,24.49,High,25.1,58.5,1.8
Great Kills,Tottenville,28-04-2016,16:07,16,Afternoon,Thursday,0,Spring,1,24.2,Medium,71.8,20.2,1.3
East Harlem,Midtown,17-04-2016,11:54,11,Morning,Sunday,1,Spring,1,1.44,Low,9.7,8.9,1.0
Bedford-Stuyvesant,Upper West Side,24-03-2016,16:20,16,Afternoon,Thursday,0,Spring,1,2.04,Medium,6.8,18.0,1.3
Harlem,West Village,03-01-2016,09:02,9,Morning,Sunday,1,Winter,5,2.79,High,9.0,18.6,1.8
Hell's Kitchen,Hell's Kitchen,16-01-2016,18:12,18,Evening,Saturday,1,Winter,1,0.86,High,8.7,5.9,1.8
East Harlem,Crown Heights,16-02-2016,04:25,4,Night,Tuesday,0,Winter,1,1.05,Low,3.7,17.0,1.0
Upper West Side,Upper West Side,26-05-2016,00:11,0,Night,Thursday,0,Spring,1,0.51,Low,3.0,10.2,1.0
East Harlem,Chinatown,04-06-2016,17:06,17,Afternoon,Saturday,1,Summer,2,3.15,High,13.9,13.6,1.8
East Harlem,Harlem,25-02-2016,19:03,19,Evening,Thursday,0,Winter,2,2.52,High,13.5,11.2,1.8
South Slope,South Slope,05-03-2016,18:54,18,Evening,Saturday,1,Spring,1,3.69,High,12.5,17.7,1.8
Harlem,Long Island City,02-04-2016,22:23,22,Evening,Saturday,1,Spring,1,3.44,Low,21.3,9.7,1.0
West Village,West Village,13-04-2016,19:43,19,Evening,Wednesday,0,Spring,6,1.72,High,5.4,19.1,1.8
Hell's Kitchen,East Harlem,04-06-2016,21:46,21,Evening,Saturday,1,Summer,2,4.65,Low,13.4,20.8,1.0
Hell's Kitchen,Clinton Hill,05-03-2016,20:48,20,Evening,Saturday,1,Spring,2,3.67,Medium,11.1,19.8,1.3
Kensington,West Village,25-02-2016,01:16,1,Night,Thursday,0,Winter,2,0.64,Low,4.6,8.3,1.0
Bedford-Stuyvesant,Upper West Side,11-03-2016,10:50,10,Morning,Friday,0,Spring,1,1.31,Medium,8.2,9.6,1.3
Bensonhurst,Sheepshead Bay,12-01-2016,18:04,18,Evening,Tuesday,0,Winter,3,6.55,High,24.1,16.3,1.8
Bensonhurst,Edgemere,04-01-2016,22:49,22,Evening,Monday,0,Winter,1,6.08,Low,15.6,23.4,1.0
East Harlem,Crown Heights,24-01-2016,19:36,19,Evening,Sunday,1,Winter,1,2.81,High,10.9,15.5,1.8
Clinton Hill,South Slope,10-04-2016,00:04,0,Night,Sunday,1,Spring,1,1.46,Low,9.3,9.4,1.0
Upper West Side,Inwood,24-02-2016,06:45,6,Morning,Wednesday,0,Winter,6,1.43,Low,8.3,10.3,1.0
Arverne,Huguenot,22-04-2016,15:35,15,Afternoon,Friday,0,Spring,1,25.51,Low,56.3,27.2,1.0
Midtown,Inwood,04-05-2016,07:21,7,Morning,Wednesday,0,Spring,1,2.74,Medium,9.2,17.9,1.3
Great Kills,Brighton Beach,23-02-2016,08:54,8,Morning,Tuesday,0,Winter,6,4.53,High,15.1,18.0,1.8
Harlem,Clinton Hill,27-01-2016,12:55,12,Afternoon,Wednesday,0,Winter,1,3.05,Low,32.8,5.6,1.0
Park Slope,Midtown,29-02-2016,02:40,2,Night,Monday,0,Winter,1,29.86,Low,33.5,53.5,1.0
West Village,Inwood,16-03-2016,11:30,11,Morning,Wednesday,0,Spring,2,2.01,Low,8.6,14.0,1.0
Upper West Side,Upper West Side,02-05-2016,16:13,16,Afternoon,Monday,0,Spring,1,1.49,Medium,12.0,7.4,1.3
East Harlem,East Harlem,04-03-2016,21:32,21,Evening,Friday,0,Spring,5,1.99,Low,7.9,15.1,1.0
Crown Heights,Bedford-Stuyvesant,14-01-2016,11:12,11,Morning,Thursday,0,Winter,1,1.46,Low,10.5,8.3,1.0
Upper West Side,Clinton Hill,02-03-2016,00:43,0,Night,Wednesday,0,Spring,1,3.74,Low,12.5,18.0,1.0
Flatbush,Huguenot,15-01-2016,13:45,13,Afternoon,Friday,0,Winter,5,22.82,Low,54.0,25.4,1.0
Bedford-Stuyvesant,West Village,19-03-2016,01:39,1,Night,Saturday,1,Spring,1,9.3,Low,16.2,34.4,1.0
Bedford-Stuyvesant,Harlem,27-03-2016,01:21,1,Night,Sunday,1,Spring,2,4.81,Low,15.5,18.6,1.0
Windsor Terrace,Harlem,13-06-2016,10:33,10,Morning,Monday,0,Summer,1,0.99,Medium,6.2,9.6,1.3
Flatlands,Arverne,25-03-2016,15:57,15,Afternoon,Friday,0,Spring,1,1.19,Low,4.9,14.6,1.0
Harlem,East Harlem,12-03-2016,11:49,11,Morning,Saturday,1,Spring,1,2.46,Low,10.3,14.3,1.0
