pickup_location,drop_location,pickup_hour,weekday,is_weekend,season,trip_distance_km,traffic_level,passenger_count,surge_multiplier
Bedford-Stuyvesant,Harlem,17,Monday,0,Spring,1.96,High,1,1.8
Chelsea,South Slope,0,Sunday,1,Summer,2.27,Low,1,1.0
Upper West Side,East Harlem,11,Tuesday,0,Winter,6.65,Low,1,1.0
East Harlem,Bedford-Stuyvesant,19,Wednesday,0,Spring,1.49,High,1,1.8
South Slope,East Harlem,13,Saturday,1,Spring,1.19,Low,1,1.0
West Village,East Harlem,22,Saturday,1,Winter,1.28,Low,6,1.0
Hell's Kitchen,Upper West Side,22,Friday,0,Summer,1.57,Low,4,1.0
Upper West Side,Bedford-Stuyvesant,7,Saturday,1,Spring,6.64,Medium,1,1.3
South Slope,East Harlem,23,Friday,0,Spring,1.64,Low,1,1.0
Fort Greene,Upper West Side,21,Thursday,0,Spring,5.15,Low,1,1.0
Fort Greene,Williamsburg,22,Tuesday,0,Spring,4.06,Low,1,1.0
Murray Hill,Chelsea,11,Sunday,1,Spring,4.54,Low,4,1.0
Bedford-Stuyvesant,South Slope,9,Friday,0,Winter,2.42,High,2,1.8
West Village,Upper West Side,20,Wednesday,0,Summer,1.22,Medium,1,1.3
Upper West Side,Upper West Side,0,Friday,0,Spring,6.5,Low,1,1.0
West Village,South Slope,15,Monday,0,Spring,0.82,Low,1,1.0
Bedford-Stuyvesant,Hell's Kitchen,17,Monday,0,Spring,3.47,High,1,1.8
East Harlem,Upper West Side,8,Thursday,0,Spring,2.56,High,1,1.8
Harlem,Upper West Side,9,Monday,0,Summer,4.94,High,1,1.8
West Village,South Slope,13,Sunday,1,Summer,1.4,Low,1,1.0
Park Slope,South Slope,2,Sunday,1,Winter,2.81,Low,1,1.0
Kensington,Upper West Side,12,Friday,0,Spring,2.06,Low,1,1.0
Upper West Side,Harlem,3,Saturday,1,Spring,2.07,Low,1,1.0
Bedford-Stuyvesant,West Village,10,Saturday,1,Summer,4.95,Medium,1,1.3
Eltingville,Tottenville,8,Friday,0,Summer,23.84,High,1,1.8
Williamsburg,Kensington,13,Sunday,1,Winter,4.74,Low,1,1.0
Upper West Side,Chinatown,21,Saturday,1,Winter,6.31,Low,1,1.0
Inwood,Upper West Side,23,Monday,0,Summer,3.79,Low,1,1.0
South Slope,Harlem,21,Monday,0,Summer,2.65,Low,1,1.0
Randall Manor,Oakwood,14,Wednesday,0,Spring,13.02,Low,1,1.0
Clinton Hill,Clinton Hill,10,Tuesday,0,Spring,4.91,Medium,1,1.3
Port Richmond,Neponsit,13,Saturday,1,Spring,5.48,Low,1,1.0
Hell's Kitchen,Upper West Side,19,Tuesday,0,Spring,4.71,High,2,1.8
East Flatbush,Arden Heights,14,Sunday,1,Spring,13.39,Low,1,1.0
Murray Hill,Upper West Side,12,Saturday,1,Winter,1.62,Low,1,1.0
South Slope,Harlem,7,Friday,0,Spring,1.89,Medium,1,1.3
South Slope,East Harlem,15,Tuesday,0,Winter,1.24,Low,3,1.0
Harlem,Hell's Kitchen,23,Thursday,0,Summer,1.09,Low,1,1.0
Midtown,East Harlem,14,Friday,0,Spring,3.46,Low,2,1.0
Harlem,Upper West Side,16,Tuesday,0,Spring,3.41,Medium,1,1.3
East Harlem,Bedford-Stuyvesant,21,Thursday,0,Spring,5.62,Low,2,1.0
East Harlem,Kensington,13,Thursday,0,Spring,2.67,Low,2,1.0
Todt Hill,Bayswater,14,Monday,0,Spring,2.53,Low,1,1.0
Harlem,Inwood,1,Saturday,1,Spring,1.18,Low,1,1.0
Park Slope,Inwood,7,Friday,0,Winter,2.45,Medium,1,1.3
South Slope,East Harlem,15,Monday,0,Summer,8.53,Low,1,1.0
Crown Heights,Inwood,16,Sunday,1,Winter,1.35,Medium,1,1.3
Hell's Kitchen,East Harlem,8,Friday,0,Winter,1.97,High,1,1.8
Midtown,Upper West Side,21,Wednesday,0,Spring,5.4,Low,3,1.0
Clinton Hill,Upper West Side,19,Sunday,1,Spring,3.49,High,1,1.8
Fort Hamilton,Tottenville,23,Tuesday,0,Winter,22.02,Low,1,1.0
Kensington,Hell's Kitchen,13,Saturday,1,Spring,4.83,Low,1,1.0
Fort Hamilton,Far Rockaway,9,Monday,0,Winter,2.66,High,6,1.8
Murray Hill,Harlem,14,Wednesday,0,Spring,1.3,Low,1,1.0
Kensington,Bedford-Stuyvesant,9,Sunday,1,Spring,10.21,High,1,1.8
Tottenville,Huguenot,11,Tuesday,0,Spring,4.02,Low,3,1.0
Upper West Side,West Village,15,Saturday,1,Winter,1.56,Low,2,1.0
Crown Heights,East Harlem,11,Friday,0,Spring,4.63,Low,1,1.0
Bedford-Stuyvesant,Upper West Side,15,Monday,0,Spring,2.53,Low,1,1.0
West Village,Fort Greene,17,Saturday,1,Spring,4.46,High,1,1.8
South Slope,Bedford-Stuyvesant,2,Monday,0,Winter,3.33,Low,1,1.0
Harlem,Harlem,17,Thursday,0,Winter,2.69,High,4,1.8
Harlem,Harlem,12,Friday,0,Spring,1.73,Low,1,1.0
Inwood,Clinton Hill,12,Tuesday,0,Spring,3.46,Low,1,1.0
Fort Greene,Fort Greene,16,Sunday,1,Spring,1.3,Medium,1,1.3
South Slope,Crown Heights,17,Saturday,1,Spring,1.34,High,1,1.8
West Village,South Slope,11,Monday,0,Winter,2.71,Low,1,1.0
Harlem,Harlem,22,Saturday,1,Summer,14.22,Low,2,1.0
Upper West Side,Bedford-Stuyvesant,20,Friday,0,Spring,0.63,Medium,1,1.3
Bensonhurst,Sheepshead Bay,16,Wednesday,0,Winter,2.93,Medium,5,1.3
Great Kills,Arden Heights,22,Tuesday,0,Summer,6.12,Low,1,1.0
Bedford-Stuyvesant,Park Slope,20,Wednesday,0,Spring,1.36,Medium,1,1.3
Upper West Side,Upper West Side,21,Saturday,1,Winter,0.4,Low,1,1.0
East Harlem,Upper West Side,18,Saturday,1,Winter,1.38,High,2,1.8
Kensington,"Bay Terrace, Staten Island",17,Thursday,0,Spring,14.16,High,1,1.8
Upper West Side,Williamsburg,23,Sunday,1,Spring,3.71,Low,1,1.0
Bedford-Stuyvesant,West Village,13,Monday,0,Spring,5.55,Low,3,1.0
Upper West Side,Bedford-Stuyvesant,17,Friday,0,Summer,5.95,High,1,1.8
Midtown,Bedford-Stuyvesant,0,Wednesday,0,Spring,4.23,Low,1,1.0
Harlem,Harlem,21,Tuesday,0,Spring,6.82,Low,1,1.0
West Village,South Slope,12,Saturday,1,Summer,6.27,Low,1,1.0
Park Slope,Midtown,14,Thursday,0,Winter,1.59,Low,1,1.0
Bedford-Stuyvesant,Williamsburg,19,Thursday,0,Winter,1.59,High,1,1.8
South Slope,Kensington,18,Sunday,1,Summer,1.1,High,1,1.8
Bedford-Stuyvesant,Harlem,7,Monday,0,Summer,1.0,Medium,1,1.3
Bedford-Stuyvesant,East Harlem,21,Saturday,1,Winter,5.28,Low,1,1.0
Tottenville,Great Kills,23,Wednesday,0,Spring,23.62,Low,1,1.0
Concord,Flatlands,20,Friday,0,Spring,1.91,Medium,2,1.3
Upper West Side,South Slope,11,Thursday,0,Winter,0.95,Low,1,1.0
Chelsea,Clinton Hill,14,Friday,0,Summer,1.75,Low,1,1.0
Midtown,East Harlem,16,Friday,0,Spring,1.76,Medium,1,1.3
Clinton Hill,Midtown,15,Sunday,1,Spring,1.51,Low,1,1.0
Arverne,Brighton Beach,19,Wednesday,0,Spring,12.51,High,1,1.8
Great Kills,Flatlands,11,Thursday,0,Spring,13.53,Low,3,1.0
Fort Hamilton,Rockaway Beach,13,Saturday,1,Winter,1.85,Low,1,1.0
Fort Greene,Park Slope,19,Wednesday,0,Winter,2.73,High,1,1.8
East Harlem,South Slope,23,Thursday,0,Summer,1.44,Low,1,1.0
East Harlem,Kensington,13,Thursday,0,Winter,3.1,Low,1,1.0
Tottenville,Great Kills,16,Wednesday,0,Spring,20.65,Medium,1,1.3
Fort Hamilton,Fort Hamilton,10,Friday,0,Spring,1.66,Medium,2,1.3
Chinatown,East Harlem,11,Wednesday,0,Summer,3.67,Low,1,1.0
Clinton Hill,Hell's Kitchen,21,Wednesday,0,Spring,1.21,Low,1,1.0
Prince's Bay,Prince's Bay,20,Friday,0,Winter,24.09,Medium,3,1.3
Kensington,South Slope,21,Tuesday,0,Spring,3.49,Low,1,1.0
Tottenville,Eltingville,20,Monday,0,Summer,23.64,Medium,6,1.3
South Slope,East Harlem,8,Wednesday,0,Winter,2.51,High,1,1.8
East Harlem,Bedford-Stuyvesant,15,Saturday,1,Spring,2.7,Low,1,1.0
Murray Hill,Clinton Hill,11,Friday,0,Spring,1.47,Low,4,1.0
Hell's Kitchen,East Harlem,10,Tuesday,0,Spring,1.04,Medium,1,1.3
East Harlem,Kensington,8,Sunday,1,Winter,1.57,High,2,1.8
East Harlem,Upper West Side,17,Thursday,0,Winter,1.18,High,2,1.8
"Bay Terrace, Staten Island",Arverne,17,Sunday,1,Spring,17.48,High,1,1.8
Gravesend,Bensonhurst,20,Saturday,1,Spring,4.51,Medium,1,1.3
Hell's Kitchen,Fort Greene,23,Tuesday,0,Winter,5.57,Low,1,1.0
Kensington,Crown Heights,15,Saturday,1,Winter,3.78,Low,2,1.0
Williamsburg,Tottenville,0,Monday,0,Summer,27.13,Low,1,1.0
South Slope,Clinton Hill,6,Monday,0,Spring,2.95,Low,1,1.0
South Slope,Midtown,14,Monday,0,Spring,1.09,Low,1,1.0
East Harlem,Upper West Side,14,Thursday,0,Winter,1.81,Low,1,1.0
Harlem,South Slope,15,Tuesday,0,Winter,1.63,Low,1,1.0
Williamsburg,Crown Heights,20,Wednesday,0,Spring,2.39,Medium,1,1.3
East Harlem,Crown Heights,11,Monday,0,Winter,1.16,Low,1,1.0
Clinton Hill,Harlem,23,Thursday,0,Winter,0.95,Low,1,1.0
West Village,South Slope,22,Friday,0,Summer,6.85,Low,1,1.0
Chelsea,West Village,22,Thursday,0,Summer,0.7,Low,1,1.0
Park Slope,Upper West Side,18,Sunday,1,Winter,2.68,High,1,1.8
Kensington,Midtown,20,Wednesday,0,Spring,5.19,Medium,1,1.3
Bedford-Stuyvesant,Harlem,22,Wednesday,0,Winter,0.38,Low,1,1.0
Fort Greene,Kensington,12,Wednesday,0,Spring,1.89,Low,1,1.0
Murray Hill,West Village,10,Friday,0,Summer,2.95,Medium,1,1.3
Chinatown,Williamsburg,20,Thursday,0,Summer,2.19,Medium,1,1.3
East Harlem,Hell's Kitchen,23,Wednesday,0,Spring,1.42,Low,1,1.0
Kensington,Harlem,17,Tuesday,0,Winter,1.38,High,1,1.8
East Harlem,Crown Heights,19,Saturday,1,Spring,1.27,High,3,1.8
Park Slope,Murray Hill,17,Friday,0,Winter,1.36,High,3,1.8
Williamsburg,West Village,19,Wednesday,0,Spring,1.8,High,1,1.8
Kensington,Kensington,13,Wednesday,0,Spring,2.41,Low,5,1.0
East Harlem,Clinton Hill,13,Saturday,1,Spring,10.66,Low,1,1.0
Upper West Side,Bedford-Stuyvesant,22,Tuesday,0,Winter,3.21,Low,2,1.0
West Village,Crown Heights,0,Sunday,1,Spring,3.77,Low,1,1.0
Bedford-Stuyvesant,Williamsburg,21,Wednesday,0,Winter,0.85,Low,2,1.0
Chelsea,Hell's Kitchen,20,Friday,0,Winter,4.62,Medium,2,1.3
Kensington,Harlem,13,Wednesday,0,Spring,0.73,Low,2,1.0
Fort Greene,South Slope,10,Monday,0,Spring,2.81,Medium,6,1.3
Upper West Side,Hell's Kitchen,6,Tuesday,0,Winter,3.7,Low,1,1.0
Kensington,West Village,22,Thursday,0,Spring,2.23,Low,2,1.0
South Slope,Harlem,14,Saturday,1,Spring,1.3,Low,1,1.0
Clinton Hill,Hell's Kitchen,18,Sunday,1,Spring,2.42,High,1,1.8
Bedford-Stuyvesant,Harlem,22,Saturday,1,Spring,2.32,Low,1,1.0
Upper West Side,Clinton Hill,5,Wednesday,0,Spring,1.71,Low,2,1.0
Midtown,Harlem,17,Saturday,1,Spring,4.7,High,1,1.8
East Harlem,Park Slope,13,Monday,0,Summer,1.61,Low,2,1.0
Upper West Side,Harlem,15,Monday,0,Spring,1.28,Low,1,1.0
Harlem,South Slope,15,Saturday,1,Winter,2.63,Low,1,1.0
Inwood,East Harlem,6,Thursday,0,Spring,5.18,Low,4,1.0
Inwood,East Harlem,22,Sunday,1,Spring,1.49,Low,1,1.0
Bedford-Stuyvesant,Bedford-Stuyvesant,9,Tuesday,0,Spring,2.09,High,6,1.8
Kensington,Harlem,7,Friday,0,Spring,1.71,Medium,1,1.3
Upper West Side,Bedford-Stuyvesant,18,Monday,0,Winter,1.66,High,1,1.8
Sheepshead Bay,Gravesend,7,Wednesday,0,Spring,9.03,Medium,1,1.3
Sheepshead Bay,Midwood,9,Tuesday,0,Spring,1.23,High,1,1.8
Crown Heights,Chelsea,18,Sunday,1,Summer,1.97,High,1,1.8
Bayswater,Sheepshead Bay,8,Thursday,0,Spring,0.62,High,1,1.8
South Slope,Williamsburg,8,Thursday,0,Spring,1.39,High,1,1.8
East Harlem,Clinton Hill,10,Friday,0,Winter,1.76,Medium,1,1.3
Midtown,Upper West Side,16,Monday,0,Winter,7.38,Medium,2,1.3
East Harlem,Inwood,18,Thursday,0,Summer,2.21,High,1,1.8
Bensonhurst,Coney Island,8,Tuesday,0,Spring,13.38,High,2,1.8
Upper West Side,Harlem,22,Friday,0,Summer,9.41,Low,1,1.0
Crown Heights,Clinton Hill,4,Monday,0,Spring,3.8,Low,3,1.0
Midwood,Great Kills,8,Wednesday,0,Spring,11.26,High,1,1.8
West Village,Kensington,14,Saturday,1,Spring,7.12,Low,2,1.0
Midwood,Grymes Hill,12,Wednesday,0,Spring,1.72,Low,2,1.0
Murray Hill,Kensington,20,Tuesday,0,Spring,0.57,Medium,1,1.3
Chinatown,Bedford-Stuyvesant,8,Wednesday,0,Winter,0.94,High,1,1.8
Upper West Side,Bedford-Stuyvesant,16,Friday,0,Winter,2.01,Medium,1,1.3
Williamsburg,Harlem,12,Thursday,0,Winter,2.59,Low,3,1.0
Hell's Kitchen,East Harlem,11,Friday,0,Spring,1.61,Low,2,1.0
West Village,Inwood,23,Sunday,1,Winter,2.01,Low,1,1.0
Sheepshead Bay,Far Rockaway,14,Friday,0,Spring,1.43,Low,1,1.0
Harlem,Bedford-Stuyvesant,20,Sunday,1,Summer,1.85,Medium,1,1.3
Castleton Corners,Fort Hamilton,19,Friday,0,Winter,1.48,High,1,1.8
Bath Beach,Sheepshead Bay,9,Thursday,0,Winter,8.14,High,5,1.8
Murray Hill,Williamsburg,13,Sunday,1,Winter,3.37,Low,1,1.0
Harlem,Crown Heights,15,Thursday,0,Winter,1.68,Low,2,1.0
Bedford-Stuyvesant,Upper West Side,3,Sunday,1,Summer,6.35,Low,1,1.0
Murray Hill,Upper West Side,19,Tuesday,0,Spring,2.39,High,2,1.8
East Harlem,Upper West Side,21,Tuesday,0,Summer,2.49,Low,2,1.0
Gravesend,Sheepshead Bay,13,Tuesday,0,Winter,2.33,Low,1,1.0
East Harlem,East Village,21,Thursday,0,Summer,2.11,Low,1,1.0
Midtown,Upper West Side,17,Monday,0,Winter,4.13,High,5,1.8
Williamsburg,Bedford-Stuyvesant,22,Thursday,0,Spring,3.52,Low,2,1.0
Williamsburg,Hell's Kitchen,11,Friday,0,Winter,1.58,Low,1,1.0
Crown Heights,Harlem,20,Wednesday,0,Summer,2.13,Medium,5,1.3
South Slope,Bedford-Stuyvesant,9,Saturday,1,Spring,6.3,High,1,1.8
Harlem,Fort Greene,2,Sunday,1,Winter,2.71,Low,1,1.0
Midwood,Bensonhurst,8,Thursday,0,Spring,4.66,High,1,1.8
Harlem,South Slope,20,Saturday,1,Winter,3.87,Medium,6,1.3
Great Kills,Midwood,14,Friday,0,Spring,13.88,Low,4,1.0
Hell's Kitchen,Hell's Kitchen,6,Tuesday,0,Spring,0.93,Low,5,1.0
Fort Greene,South Slope,1,Saturday,1,Winter,0.92,Low,1,1.0
Arverne,Arverne,17,Friday,0,Winter,0.99,High,1,1.8
Chinatown,Bedford-Stuyvesant,13,Sunday,1,Spring,2.3,Low,1,1.0
South Slope,Upper West Side,21,Saturday,1,Spring,2.44,Low,1,1.0
South Slope,Midtown,10,Sunday,1,Spring,1.01,Medium,1,1.3
Upper West Side,Clinton Hill,19,Tuesday,0,Spring,1.76,High,1,1.8
"Bay Terrace, Staten Island",Brighton Beach,18,Tuesday,0,Spring,1.16,High,4,1.8
Eltingville,Arden Heights,9,Sunday,1,Spring,23.57,High,1,1.8
Harlem,Upper West Side,9,Friday,0,Spring,2.59,High,1,1.8
Arden Heights,Fort Hamilton,13,Monday,0,Spring,11.75,Low,3,1.0
Harlem,Upper West Side,16,Monday,0,Winter,1.16,Medium,2,1.3
Bedford-Stuyvesant,Chinatown,0,Friday,0,Winter,3.89,Low,2,1.0
Far Rockaway,Sheepshead Bay,18,Thursday,0,Spring,1.65,High,1,1.8
Oakwood,Eltingville,14,Monday,0,Winter,9.01,Low,1,1.0
Bensonhurst,Great Kills,9,Tuesday,0,Spring,10.45,High,1,1.8
South Slope,Clinton Hill,10,Wednesday,0,Summer,4.61,Medium,2,1.3
Upper West Side,Park Slope,7,Friday,0,Spring,1.78,Medium,1,1.3
Bedford-Stuyvesant,Murray Hill,14,Tuesday,0,Spring,1.94,Low,1,1.0
Kensington,Clinton Hill,18,Monday,0,Spring,2.61,High,6,1.8
Harlem,Park Slope,10,Tuesday,0,Spring,3.12,Medium,1,1.3
Upper West Side,Upper West Side,21,Monday,0,Summer,9.61,Low,1,1.0
South Slope,Hell's Kitchen,21,Sunday,1,Spring,1.29,Low,2,1.0
Williamsburg,Harlem,19,Thursday,0,Winter,1.62,High,2,1.8
Arverne,Midwood,8,Tuesday,0,Winter,3.26,High,3,1.8
Williamsburg,South Slope,20,Tuesday,0,Spring,1.06,Medium,1,1.3
Clinton Hill,Upper West Side,15,Thursday,0,Winter,1.07,Low,1,1.0
Midtown,Williamsburg,8,Saturday,1,Winter,0.94,High,3,1.8
Kensington,Bedford-Stuyvesant,20,Monday,0,Spring,1.71,Medium,1,1.3
Harlem,Midtown,2,Tuesday,0,Spring,17.07,Low,1,1.0
Bedford-Stuyvesant,Midtown,6,Monday,0,Winter,0.86,Low,1,1.0
Harlem,Harlem,15,Sunday,1,Summer,4.1,Low,1,1.0
Tottenville,Eltingville,0,Saturday,1,Summer,24.16,Low,1,1.0
East Harlem,Bedford-Stuyvesant,19,Sunday,1,Winter,0.7,High,3,1.8
East Harlem,Harlem,0,Friday,0,Spring,6.46,Low,1,1.0
Park Slope,South Slope,19,Monday,0,Spring,1.41,High,1,1.8
Fort Hamilton,Clifton,13,Wednesday,0,Spring,1.99,Low,1,1.0
Hell's Kitchen,Bedford-Stuyvesant,3,Sunday,1,Spring,7.77,Low,1,1.0
Inwood,Bedford-Stuyvesant,8,Friday,0,Summer,2.08,High,1,1.8
Upper West Side,Bedford-Stuyvesant,7,Saturday,1,Summer,11.65,Medium,2,1.3
Emerson Hill,Flatlands,16,Saturday,1,Winter,2.78,Medium,3,1.3
Canarsie,Sheepshead Bay,9,Tuesday,0,Summer,1.61,High,1,1.8
Inwood,Hell's Kitchen,10,Saturday,1,Spring,6.04,Medium,1,1.3
Harlem,Williamsburg,23,Wednesday,0,Summer,8.88,Low,3,1.0
West Village,Bedford-Stuyvesant,18,Tuesday,0,Winter,5.61,High,1,1.8
Harlem,Bedford-Stuyvesant,12,Friday,0,Spring,0.98,Low,1,1.0
Tompkinsville,Eltingville,3,Sunday,1,Winter,11.21,Low,1,1.0
Clinton Hill,Clinton Hill,18,Monday,0,Winter,0.0,High,1,1.8
East Harlem,South Slope,6,Saturday,1,Summer,3.08,Low,1,1.0
Murray Hill,East Harlem,19,Monday,0,Spring,1.85,High,5,1.8
East Harlem,Hell's Kitchen,19,Sunday,1,Spring,0.81,High,4,1.8
Hell's Kitchen,Upper West Side,13,Saturday,1,Winter,2.83,Low,1,1.0
South Slope,Upper West Side,6,Wednesday,0,Spring,0.05,Low,1,1.0
Upper West Side,Hell's Kitchen,18,Friday,0,Winter,3.27,High,1,1.8
Bedford-Stuyvesant,Park Slope,14,Saturday,1,Summer,2.74,Low,1,1.0
Upper West Side,Harlem,20,Thursday,0,Spring,4.0,Medium,1,1.3
Greenpoint,West Village,4,Friday,0,Spring,4.54,Low,1,1.0
Midtown,East Harlem,23,Tuesday,0,Spring,7.79,Low,2,1.0
Crown Heights,Bedford-Stuyvesant,3,Saturday,1,Spring,9.16,Low,1,1.0
Crown Heights,Williamsburg,3,Saturday,1,Summer,4.39,Low,1,1.0
Fort Greene,Clinton Hill,17,Wednesday,0,Winter,2.98,High,1,1.8
East Harlem,South Slope,23,Monday,0,Spring,4.16,Low,1,1.0
Park Slope,Upper West Side,7,Saturday,1,Spring,2.31,Medium,1,1.3
Chinatown,Upper West Side,18,Thursday,0,Spring,4.13,High,1,1.8
South Slope,Bedford-Stuyvesant,17,Monday,0,Spring,1.6,High,1,1.8
Harlem,Fort Greene,23,Monday,0,Winter,1.74,Low,1,1.0
Midwood,Gravesend,18,Monday,0,Spring,2.98,High,2,1.8
Bedford-Stuyvesant,Chinatown,23,Saturday,1,Spring,5.44,Low,2,1.0
Bedford-Stuyvesant,Upper West Side,7,Thursday,0,Summer,1.65,Medium,1,1.3
Tottenville,Woodrow,17,Monday,0,Spring,24.54,High,1,1.8
Upper West Side,Upper West Side,3,Sunday,1,Winter,0.32,Low,1,1.0
Upper West Side,Bedford-Stuyvesant,13,Thursday,0,Spring,1.99,Low,1,1.0
Bedford-Stuyvesant,Upper West Side,9,Monday,0,Spring,4.93,High,1,1.8
"Bay Terrace, Staten Island",Sheepshead Bay,11,Wednesday,0,Winter,9.23,Low,1,1.0
Bedford-Stuyvesant,Kensington,18,Monday,0,Winter,0.99,High,1,1.8
Clinton Hill,Upper West Side,18,Tuesday,0,Summer,1.13,High,1,1.8
East Harlem,Upper West Side,15,Wednesday,0,Winter,1.84,Low,1,1.0
Great Kills,Far Rockaway,13,Friday,0,Spring,11.28,Low,1,1.0
Harlem,East Harlem,11,Sunday,1,Spring,3.51,Low,5,1.0
Upper West Side,South Slope,20,Friday,0,Spring,1.14,Medium,2,1.3
Harlem,Murray Hill,17,Friday,0,Spring,3.06,High,1,1.8
East Harlem,Hell's Kitchen,15,Saturday,1,Spring,2.2,Low,1,1.0
Upper West Side,Murray Hill,12,Thursday,0,Spring,1.08,Low,6,1.0
Murray Hill,Upper West Side,12,Thursday,0,Summer,3.31,Low,3,1.0
Upper West Side,Murray Hill,13,Wednesday,0,Winter,2.9,Low,1,1.0
Bedford-Stuyvesant,Upper West Side,13,Thursday,0,Winter,1.63,Low,1,1.0
Bedford-Stuyvesant,East Harlem,15,Saturday,1,Spring,7.88,Low,1,1.0
Upper West Side,Bedford-Stuyvesant,17,Saturday,1,Winter,1.17,High,1,1.8
Flatlands,Gravesend,17,Wednesday,0,Spring,5.78,High,1,1.8
Harlem,Midtown,3,Saturday,1,Spring,2.28,Low,1,1.0
East Harlem,Harlem,5,Wednesday,0,Summer,1.94,Low,1,1.0
Williamsburg,Upper West Side,2,Sunday,1,Spring,4.27,Low,1,1.0
Harlem,Harlem,18,Tuesday,0,Spring,0.0,High,2,1.8
Midwood,Midwood,11,Sunday,1,Spring,2.01,Low,1,1.0
West Village,Harlem,19,Wednesday,0,Spring,3.31,High,1,1.8
Upper West Side,West Village,18,Thursday,0,Spring,0.8,High,1,1.8
Arden Heights,Bensonhurst,18,Wednesday,0,Spring,6.86,High,1,1.8
Harlem,Upper West Side,11,Thursday,0,Winter,1.28,Low,1,1.0
Harlem,Clinton Hill,0,Wednesday,0,Spring,2.2,Low,1,1.0
East Harlem,Harlem,7,Friday,0,Spring,1.65,Medium,3,1.3
Harlem,Kensington,8,Tuesday,0,Spring,1.88,High,1,1.8
Bedford-Stuyvesant,Harlem,6,Tuesday,0,Spring,6.7,Low,5,1.0
Harlem,East Harlem,4,Tuesday,0,Spring,4.25,Low,2,1.0
Harlem,Harlem,7,Wednesday,0,Winter,1.5,Medium,1,1.3
Harlem,Bedford-Stuyvesant,9,Wednesday,0,Spring,1.22,High,1,1.8
Chinatown,Midtown,11,Friday,0,Summer,2.96,Low,1,1.0
Harlem,Upper West Side,11,Friday,0,Summer,2.35,Low,1,1.0
Harlem,Harlem,11,Sunday,1,Summer,4.05,Low,1,1.0
Midtown,Upper West Side,21,Tuesday,0,Spring,2.11,Low,3,1.0
Kensington,Harlem,13,Saturday,1,Summer,1.53,Low,1,1.0
Harlem,Bedford-Stuyvesant,22,Monday,0,Summer,1.47,Low,1,1.0
West Village,Greenpoint,8,Saturday,1,Winter,1.12,High,1,1.8
Bedford-Stuyvesant,Chinatown,17,Sunday,1,Spring,0.97,High,1,1.8
Hell's Kitchen,Bedford-Stuyvesant,14,Saturday,1,Spring,3.58,Low,1,1.0
East Village,West Village,4,Saturday,1,Spring,8.1,Low,1,1.0
Upper West Side,East Harlem,11,Wednesday,0,Spring,1.56,Low,1,1.0
Chinatown,Park Slope,16,Saturday,1,Spring,2.27,Medium,1,1.3
Midtown,Bedford-Stuyvesant,9,Tuesday,0,Winter,1.06,High,1,1.8
East Harlem,East Harlem,11,Monday,0,Spring,0.48,Low,1,1.0
East Harlem,Upper West Side,16,Thursday,0,Spring,1.64,Medium,1,1.3
Tottenville,Eltingville,22,Saturday,1,Winter,24.8,Low,5,1.0
Flatlands,Arden Heights,7,Wednesday,0,Spring,13.35,Medium,1,1.3
South Slope,South Slope,22,Monday,0,Winter,0.68,Low,1,1.0
Windsor Terrace,Greenpoint,2,Friday,0,Spring,0.87,Low,1,1.0
Kensington,Kensington,11,Monday,0,Summer,0.0,Low,1,1.0
South Slope,South Slope,22,Saturday,1,Spring,2.57,Low,2,1.0
Williamsburg,Bedford-Stuyvesant,17,Saturday,1,Summer,4.0,High,2,1.8
Fort Greene,Williamsburg,10,Thursday,0,Spring,1.55,Medium,1,1.3
Bedford-Stuyvesant,Upper West Side,19,Saturday,1,Spring,4.21,High,1,1.8
Kensington,Murray Hill,16,Monday,0,Winter,7.14,Medium,1,1.3
Williamsburg,Hell's Kitchen,6,Saturday,1,Winter,1.45,Low,1,1.0
Midtown,Park Slope,1,Thursday,0,Winter,3.9,Low,2,1.0
Upper West Side,Chinatown,7,Thursday,0,Summer,1.61,Medium,1,1.3
East Harlem,Park Slope,8,Sunday,1,Winter,5.67,High,1,1.8
Harlem,West Village,20,Friday,0,Spring,10.67,Medium,1,1.3
East Harlem,Harlem,10,Thursday,0,Summer,2.72,Medium,1,1.3
Windsor Terrace,South Slope,2,Sunday,1,Spring,1.34,Low,2,1.0
Bensonhurst,Bay Ridge,19,Saturday,1,Winter,1.68,High,5,1.8
Kensington,Midtown,14,Friday,0,Spring,0.06,Low,1,1.0
Harlem,Clinton Hill,12,Wednesday,0,Winter,1.83,Low,1,1.0
Bedford-Stuyvesant,Upper West Side,8,Monday,0,Winter,1.6,High,3,1.8
Hell's Kitchen,Harlem,12,Friday,0,Spring,2.06,Low,1,1.0
Crown Heights,Hell's Kitchen,6,Wednesday,0,Winter,1.96,Low,1,1.0
Harlem,Bedford-Stuyvesant,13,Sunday,1,Winter,1.64,Low,2,1.0
Flatbush,Great Kills,19,Sunday,1,Winter,12.86,High,1,1.8
East Harlem,Upper West Side,18,Wednesday,0,Winter,2.78,High,1,1.8
Upper West Side,Bedford-Stuyvesant,8,Tuesday,0,Spring,0.44,High,1,1.8
Upper West Side,Upper West Side,13,Monday,0,Winter,2.92,Low,1,1.0
Upper West Side,Upper West Side,9,Wednesday,0,Summer,2.09,High,1,1.8
Mill Basin,Sheepshead Bay,14,Monday,0,Summer,3.16,Low,1,1.0
Midtown,East Harlem,7,Tuesday,0,Summer,0.97,Medium,1,1.3
Upper West Side,Bedford-Stuyvesant,16,Sunday,1,Spring,3.65,Medium,3,1.3
"Bay Terrace, Staten Island",Midland Beach,17,Wednesday,0,Winter,12.71,High,1,1.8
South Slope,Harlem,10,Friday,0,Spring,13.83,Medium,2,1.3
West Village,Chinatown,23,Friday,0,Spring,1.22,Low,1,1.0
Prince's Bay,Great Kills,15,Thursday,0,Summer,26.01,Low,1,1.0
East Harlem,South Slope,0,Monday,0,Spring,2.13,Low,1,1.0
Midwood,"Bay Terrace, Staten Island",11,Wednesday,0,Spring,15.88,Low,2,1.0
Clinton Hill,Clinton Hill,23,Saturday,1,Winter,0.87,Low,1,1.0
Crown Heights,East Harlem,13,Monday,0,Summer,0.71,Low,3,1.0
Harlem,Kensington,19,Monday,0,Winter,2.33,High,1,1.8
Kensington,Murray Hill,14,Wednesday,0,Spring,5.98,Low,1,1.0
Fort Greene,Hell's Kitchen,23,Saturday,1,Spring,2.19,Low,1,1.0
Chelsea,South Slope,18,Friday,0,Winter,1.0,High,1,1.8
Williamsburg,Upper West Side,18,Saturday,1,Spring,2.57,High,1,1.8
Midtown,Midtown,18,Saturday,1,Spring,1.82,High,2,1.8
Clinton Hill,Williamsburg,20,Friday,0,Spring,1.42,Medium,3,1.3
South Slope,Crown Heights,0,Sunday,1,Summer,3.36,Low,2,1.0
Harlem,Harlem,0,Wednesday,0,Winter,6.78,Low,1,1.0
Midtown,Bushwick,1,Friday,0,Summer,2.97,Low,1,1.0
East Harlem,Harlem,10,Friday,0,Spring,1.56,Medium,1,1.3
Prince's Bay,Great Kills,22,Sunday,1,Spring,12.21,Low,1,1.0
Bensonhurst,Fort Hamilton,13,Thursday,0,Spring,1.09,Low,1,1.0
Upper West Side,East Harlem,18,Tuesday,0,Winter,0.74,High,1,1.8
Fort Greene,Midtown,6,Thursday,0,Summer,3.11,Low,3,1.0
Bedford-Stuyvesant,Harlem,14,Monday,0,Spring,2.9,Low,1,1.0
Sheepshead Bay,Arden Heights,5,Saturday,1,Spring,11.89,Low,1,1.0
Fort Greene,South Slope,9,Tuesday,0,Winter,0.71,High,1,1.8
Bedford-Stuyvesant,East Harlem,19,Saturday,1,Winter,2.3,High,2,1.8
Harlem,Upper West Side,14,Friday,0,Summer,0.88,Low,1,1.0
Oakwood,Eltingville,2,Thursday,0,Winter,6.27,Low,1,1.0
Park Slope,Upper West Side,15,Thursday,0,Winter,2.01,Low,1,1.0
Upper West Side,Hell's Kitchen,8,Thursday,0,Summer,0.62,High,1,1.8
Sheepshead Bay,Sheepshead Bay,10,Sunday,1,Winter,1.13,Medium,6,1.3
Upper West Side,Upper West Side,16,Thursday,0,Winter,5.9,Medium,1,1.3
Kensington,Midtown,15,Friday,0,Spring,2.56,Low,1,1.0
South Slope,East Harlem,7,Wednesday,0,Winter,3.68,Medium,1,1.3
Great Kills,Far Rockaway,15,Thursday,0,Winter,10.63,Low,1,1.0
Bedford-Stuyvesant,Kensington,10,Thursday,0,Summer,2.8,Medium,1,1.3
Bedford-Stuyvesant,East Harlem,1,Wednesday,0,Spring,4.16,Low,1,1.0
Bedford-Stuyvesant,Bedford-Stuyvesant,18,Tuesday,0,Spring,8.14,High,1,1.8
Hell's Kitchen,Inwood,19,Monday,0,Spring,3.2,High,2,1.8
Mill Basin,Bensonhurst,9,Friday,0,Winter,0.6,High,1,1.8
Harlem,Park Slope,10,Saturday,1,Winter,0.68,Medium,1,1.3
Harlem,Harlem,15,Thursday,0,Winter,3.63,Low,1,1.0
Hell's Kitchen,Chinatown,22,Monday,0,Winter,3.63,Low,1,1.0
Sheepshead Bay,Bensonhurst,21,Thursday,0,Winter,5.67,Low,2,1.0
Midwood,Arverne,6,Saturday,1,Winter,2.58,Low,1,1.0
Bedford-Stuyvesant,South Slope,13,Wednesday,0,Spring,1.27,Low,2,1.0
South Slope,Murray Hill,15,Saturday,1,Spring,6.32,Low,1,1.0
Great Kills,Bayswater,20,Wednesday,0,Summer,11.72,Medium,1,1.3
Upper West Side,Upper West Side,16,Saturday,1,Summer,6.41,Medium,1,1.3
East Harlem,East Harlem,10,Sunday,1,Winter,2.65,Medium,1,1.3
Kensington,Upper West Side,22,Saturday,1,Winter,7.36,Low,1,1.0
Tottenville,Eltingville,8,Friday,0,Spring,26.33,High,1,1.8
Inwood,East Harlem,1,Sunday,1,Winter,7.64,Low,1,1.0
Greenpoint,Upper West Side,19,Sunday,1,Winter,4.19,High,6,1.8
Bedford-Stuyvesant,Harlem,11,Tuesday,0,Summer,0.42,Low,1,1.0
Huguenot,Huguenot,23,Monday,0,Spring,0.0,Low,6,1.0
Upper West Side,Murray Hill,20,Monday,0,Spring,3.16,Medium,1,1.3
Upper West Side,Bedford-Stuyvesant,14,Friday,0,Winter,2.73,Low,1,1.0
East Harlem,Midtown,11,Tuesday,0,Spring,1.06,Low,1,1.0
Upper West Side,Midtown,20,Wednesday,0,Winter,4.38,Medium,2,1.3
Upper West Side,Clinton Hill,16,Saturday,1,Spring,2.4,Medium,1,1.3
Williamsburg,Upper West Side,20,Sunday,1,Winter,4.75,Medium,1,1.3
Upper West Side,Hell's Kitchen,18,Wednesday,0,Spring,2.59,High,1,1.8
Tottenville,Woodrow,5,Wednesday,0,Winter,10.56,Low,3,1.0
Bedford-Stuyvesant,Midtown,19,Thursday,0,Summer,5.38,High,5,1.8
Harlem,East Harlem,0,Wednesday,0,Summer,2.47,Low,1,1.0
Bensonhurst,Tompkinsville,18,Tuesday,0,Winter,1.05,High,2,1.8
Upper West Side,Bedford-Stuyvesant,12,Thursday,0,Winter,0.87,Low,2,1.0
Harlem,Harlem,16,Tuesday,0,Winter,3.86,Medium,1,1.3
East Harlem,Kensington,19,Wednesday,0,Spring,1.58,High,1,1.8
Sheepshead Bay,Huguenot,9,Thursday,0,Winter,25.63,High,1,1.8
Inwood,Murray Hill,4,Wednesday,0,Spring,7.97,Low,1,1.0
Bedford-Stuyvesant,Harlem,11,Saturday,1,Winter,0.57,Low,6,1.0
Flatlands,Dyker Heights,13,Tuesday,0,Spring,1.74,Low,1,1.0
Midwood,Concord,17,Saturday,1,Spring,8.23,High,1,1.8
Clinton Hill,East Harlem,21,Monday,0,Winter,3.79,Low,2,1.0
Flatbush,Bedford-Stuyvesant,22,Thursday,0,Winter,2.67,Low,1,1.0
South Slope,Inwood,14,Sunday,1,Winter,2.05,Low,4,1.0
Harlem,Upper West Side,21,Tuesday,0,Winter,1.61,Low,1,1.0
Bedford-Stuyvesant,Kensington,11,Thursday,0,Winter,3.42,Low,1,1.0
Williamsburg,Murray Hill,12,Saturday,1,Spring,1.18,Low,2,1.0
South Slope,Upper West Side,20,Friday,0,Spring,0.85,Medium,3,1.3
Park Slope,West Village,8,Friday,0,Spring,1.86,High,1,1.8
Fort Greene,Bedford-Stuyvesant,8,Wednesday,0,Spring,1.38,High,6,1.8
Fort Greene,Hell's Kitchen,8,Monday,0,Spring,1.65,High,3,1.8
Harlem,East Harlem,17,Wednesday,0,Winter,0.63,High,5,1.8
Harlem,South Slope,7,Sunday,1,Spring,3.88,Medium,1,1.3
Upper West Side,East Harlem,22,Friday,0,Spring,1.87,Low,1,1.0
East Harlem,Kensington,15,Friday,0,Winter,1.19,Low,5,1.0
Chinatown,Windsor Terrace,4,Wednesday,0,Summer,1.41,Low,1,1.0
Murray Hill,Hell's Kitchen,8,Wednesday,0,Spring,2.09,High,1,1.8
Bedford-Stuyvesant,Bedford-Stuyvesant,20,Wednesday,0,Spring,1.45,Medium,1,1.3
East Harlem,Harlem,9,Tuesday,0,Winter,2.27,High,1,1.8
Bedford-Stuyvesant,Hell's Kitchen,6,Thursday,0,Spring,3.68,Low,1,1.0
Harlem,Clinton Hill,7,Monday,0,Spring,2.94,Medium,1,1.3
Inwood,East Harlem,13,Saturday,1,Spring,1.67,Low,1,1.0
Harlem,East Harlem,17,Thursday,0,Spring,1.48,High,1,1.8
East Harlem,West Village,13,Sunday,1,Winter,4.69,Low,2,1.0
Upper West Side,Murray Hill,23,Wednesday,0,Winter,1.87,Low,1,1.0
Hell's Kitchen,Chinatown,20,Saturday,1,Spring,1.09,Medium,1,1.3
Hell's Kitchen,Harlem,14,Tuesday,0,Spring,0.72,Low,1,1.0
Bedford-Stuyvesant,Bedford-Stuyvesant,10,Tuesday,0,Winter,6.47,Medium,1,1.3
Inwood,Harlem,7,Thursday,0,Spring,3.59,Medium,1,1.3
East Harlem,Upper West Side,11,Sunday,1,Winter,2.14,Low,1,1.0
Upper West Side,Bedford-Stuyvesant,19,Thursday,0,Spring,1.25,High,1,1.8
Upper West Side,Park Slope,12,Tuesday,0,Summer,1.8,Low,1,1.0
Fort Greene,Hell's Kitchen,20,Monday,0,Spring,1.15,Medium,1,1.3
Sheepshead Bay,Sheepshead Bay,21,Tuesday,0,Spring,6.65,Low,1,1.0
Park Slope,South Slope,19,Monday,0,Spring,3.13,High,2,1.8
Upper West Side,Upper West Side,2,Saturday,1,Spring,10.78,Low,4,1.0
Canarsie,Great Kills,14,Monday,0,Spring,14.09,Low,1,1.0
Sheepshead Bay,Borough Park,12,Monday,0,Winter,3.02,Low,1,1.0
Clifton,Great Kills,15,Sunday,1,Spring,21.56,Low,1,1.0
West Village,Fort Greene,18,Saturday,1,Spring,1.85,High,1,1.8
Bensonhurst,Sheepshead Bay,21,Monday,0,Spring,11.66,Low,1,1.0
Bedford-Stuyvesant,Inwood,11,Saturday,1,Spring,1.48,Low,1,1.0
Murray Hill,East Harlem,9,Saturday,1,Winter,0.94,High,1,1.8
Clinton Hill,East Harlem,22,Friday,0,Winter,4.18,Low,3,1.0
Clinton Hill,Murray Hill,8,Tuesday,0,Spring,0.87,High,1,1.8
Midwood,Oakwood,1,Sunday,1,Spring,11.76,Low,1,1.0
Bedford-Stuyvesant,West Village,14,Sunday,1,Spring,1.35,Low,5,1.0
Bedford-Stuyvesant,Inwood,4,Saturday,1,Spring,2.78,Low,2,1.0
Harlem,Crown Heights,18,Friday,0,Spring,0.57,High,1,1.8
Inwood,Kensington,17,Friday,0,Spring,2.55,High,1,1.8
Clinton Hill,Bedford-Stuyvesant,20,Tuesday,0,Spring,0.86,Medium,1,1.3
South Slope,Hell's Kitchen,20,Wednesday,0,Winter,1.41,Medium,2,1.3
Upper West Side,West Village,18,Friday,0,Winter,3.32,High,1,1.8
Park Slope,Chelsea,1,Friday,0,Spring,5.75,Low,2,1.0
Harlem,East Harlem,13,Tuesday,0,Summer,0.89,Low,2,1.0
East Harlem,Harlem,20,Sunday,1,Winter,8.36,Medium,1,1.3
West Village,Fort Greene,19,Monday,0,Spring,2.62,High,1,1.8
Upper West Side,Upper West Side,20,Wednesday,0,Spring,0.83,Medium,6,1.3
Hell's Kitchen,Bedford-Stuyvesant,20,Monday,0,Spring,3.27,Medium,2,1.3
Brighton Beach,Brighton Beach,5,Friday,0,Spring,6.3,Low,1,1.0
Kensington,Hell's Kitchen,14,Monday,0,Spring,4.53,Low,1,1.0
Murray Hill,South Slope,13,Wednesday,0,Spring,1.25,Low,1,1.0
Bedford-Stuyvesant,Fort Greene,10,Thursday,0,Summer,3.77,Medium,1,1.3
Bedford-Stuyvesant,Clinton Hill,16,Saturday,1,Summer,5.29,Medium,1,1.3
Hell's Kitchen,South Slope,22,Friday,0,Summer,1.63,Low,1,1.0
Harlem,East Harlem,12,Friday,0,Winter,1.67,Low,1,1.0
East Harlem,West Village,19,Wednesday,0,Summer,5.95,High,1,1.8
Murray Hill,Crown Heights,0,Sunday,1,Spring,4.81,Low,1,1.0
Harlem,Upper West Side,20,Wednesday,0,Summer,3.1,Medium,1,1.3
Great Kills,Far Rockaway,14,Sunday,1,Spring,12.51,Low,4,1.0
Upper West Side,Bedford-Stuyvesant,21,Wednesday,0,Winter,2.66,Low,1,1.0
Clifton,Sheepshead Bay,14,Tuesday,0,Winter,2.43,Low,6,1.0
Murray Hill,Upper West Side,20,Sunday,1,Winter,3.31,Medium,1,1.3
Clinton Hill,West Village,17,Saturday,1,Winter,1.68,High,2,1.8
Clinton Hill,South Slope,14,Tuesday,0,Winter,2.98,Low,2,1.0
Murray Hill,Bedford-Stuyvesant,4,Friday,0,Spring,2.21,Low,2,1.0
Clifton,Far Rockaway,19,Monday,0,Winter,3.33,High,1,1.8
Upper West Side,Park Slope,0,Monday,0,Winter,0.53,Low,2,1.0
Harlem,Upper West Side,20,Friday,0,Summer,2.51,Medium,5,1.3
Harlem,Upper West Side,2,Thursday,0,Spring,0.13,Low,1,1.0
Murray Hill,Park Slope,23,Friday,0,Spring,3.86,Low,1,1.0
East Harlem,Bedford-Stuyvesant,19,Friday,0,Spring,1.16,High,1,1.8
Bensonhurst,Clifton,8,Friday,0,Spring,0.87,High,1,1.8
South Slope,Fort Greene,18,Friday,0,Summer,1.04,High,1,1.8
Greenpoint,East Harlem,23,Monday,0,Spring,6.32,Low,1,1.0
Hell's Kitchen,Kensington,7,Friday,0,Winter,0.72,Medium,1,1.3
Upper West Side,Park Slope,19,Monday,0,Winter,1.36,High,5,1.8
Bedford-Stuyvesant,Clinton Hill,12,Wednesday,0,Winter,1.09,Low,1,1.0
East Harlem,East Harlem,10,Thursday,0,Winter,0.88,Medium,1,1.3
Harlem,Chinatown,3,Saturday,1,Spring,4.02,Low,1,1.0
Bedford-Stuyvesant,Upper West Side,18,Monday,0,Spring,1.2,High,2,1.8
Tottenville,Eltingville,22,Tuesday,0,Spring,23.74,Low,1,1.0
Crown Heights,Bedford-Stuyvesant,7,Wednesday,0,Spring,4.62,Medium,1,1.3
Upper West Side,Murray Hill,8,Friday,0,Summer,2.34,High,1,1.8
Upper West Side,South Slope,13,Wednesday,0,Winter,1.26,Low,1,1.0
Sheepshead Bay,Arverne,7,Tuesday,0,Winter,2.75,Medium,1,1.3
Upper West Side,Harlem,15,Friday,0,Summer,0.68,Low,1,1.0
East Harlem,Harlem,19,Thursday,0,Summer,3.69,High,1,1.8
Great Kills,Brighton Beach,23,Tuesday,0,Summer,3.99,Low,1,1.0
East Harlem,Crown Heights,21,Wednesday,0,Summer,2.21,Low,3,1.0
Murray Hill,Chelsea,19,Thursday,0,Winter,0.78,High,4,1.8
Upper West Side,Harlem,19,Saturday,1,Spring,2.38,High,1,1.8
Bedford-Stuyvesant,Chelsea,8,Saturday,1,Summer,1.82,High,1,1.8
South Slope,Murray Hill,2,Saturday,1,Spring,5.1,Low,2,1.0
Upper West Side,Bedford-Stuyvesant,22,Tuesday,0,Spring,6.76,Low,1,1.0
Gravesend,Sheepshead Bay,4,Saturday,1,Winter,2.99,Low,3,1.0
Midtown,Upper West Side,19,Thursday,0,Spring,3.69,High,1,1.8
West Village,Williamsburg,17,Saturday,1,Winter,1.66,High,2,1.8
Upper West Side,Crown Heights,18,Tuesday,0,Spring,1.48,High,1,1.8
East Harlem,East Harlem,21,Friday,0,Spring,4.59,Low,1,1.0
Harlem,Williamsburg,1,Thursday,0,Spring,1.37,Low,1,1.0
Upper West Side,Williamsburg,8,Saturday,1,Summer,1.4,High,2,1.8
Kensington,Hell's Kitchen,14,Tuesday,0,Winter,3.42,Low,2,1.0
Bedford-Stuyvesant,Upper West Side,17,Monday,0,Winter,1.51,High,2,1.8
Park Slope,Harlem,10,Thursday,0,Summer,2.07,Medium,1,1.3
Harlem,East Harlem,12,Tuesday,0,Spring,3.55,Low,3,1.0
East Harlem,Crown Heights,10,Thursday,0,Summer,6.76,Medium,1,1.3
Hell's Kitchen,Upper West Side,14,Saturday,1,Spring,3.57,Low,1,1.0
Concord,Bath Beach,3,Friday,0,Winter,1.78,Low,2,1.0
Harlem,East Harlem,9,Monday,0,Winter,3.75,High,1,1.8
Midwood,Flatbush,17,Friday,0,Winter,2.58,High,2,1.8
Midtown,Upper West Side,20,Friday,0,Winter,1.5,Medium,1,1.3
East Harlem,East Harlem,14,Sunday,1,Summer,1.7,Low,2,1.0
West Village,Kensington,20,Tuesday,0,Winter,1.01,Medium,2,1.3
Upper West Side,Harlem,10,Tuesday,0,Spring,0.88,Medium,1,1.3
Harlem,Harlem,9,Saturday,1,Spring,6.39,High,1,1.8
Harlem,Harlem,17,Saturday,1,Winter,0.05,High,1,1.8
Concord,Arverne,12,Monday,0,Winter,2.03,Low,1,1.0
Bedford-Stuyvesant,Kensington,8,Thursday,0,Spring,1.87,High,1,1.8
Hell's Kitchen,Clinton Hill,19,Saturday,1,Spring,0.92,High,1,1.8
Murray Hill,Fort Greene,0,Sunday,1,Winter,2.36,Low,2,1.0
Fort Greene,Park Slope,13,Sunday,1,Spring,1.93,Low,2,1.0
East Harlem,Upper West Side,15,Friday,0,Winter,2.3,Low,6,1.0
Bay Ridge,Bensonhurst,3,Monday,0,Winter,2.6,Low,1,1.0
Crown Heights,Chinatown,17,Tuesday,0,Winter,1.94,High,1,1.8
Williamsburg,Harlem,9,Tuesday,0,Summer,2.07,High,1,1.8
Inwood,Inwood,20,Thursday,0,Spring,3.77,Medium,2,1.3
Harlem,Harlem,11,Tuesday,0,Winter,7.18,Low,1,1.0
East Harlem,Harlem,19,Thursday,0,Summer,0.75,High,1,1.8
East Harlem,Harlem,12,Friday,0,Winter,0.54,Low,1,1.0
Clinton Hill,Chinatown,18,Thursday,0,Winter,1.12,High,6,1.8
Kensington,East Harlem,10,Tuesday,0,Spring,4.81,Medium,1,1.3
Park Slope,Harlem,23,Saturday,1,Winter,4.46,Low,2,1.0
Midtown,West Village,17,Tuesday,0,Spring,3.04,High,1,1.8
Harlem,Hell's Kitchen,2,Thursday,0,Spring,2.81,Low,2,1.0
Park Slope,Upper West Side,1,Saturday,1,Spring,0.4,Low,1,1.0
Murray Hill,Hell's Kitchen,17,Saturday,1,Summer,2.29,High,1,1.8
Midtown,Fort Greene,19,Tuesday,0,Spring,1.5,High,1,1.8
Upper West Side,Bedford-Stuyvesant,14,Saturday,1,Spring,0.99,Low,1,1.0
South Slope,East Harlem,18,Friday,0,Winter,1.31,High,1,1.8
Inwood,South Slope,23,Friday,0,Summer,2.48,Low,1,1.0
Upper West Side,Murray Hill,16,Saturday,1,Winter,1.2,Medium,6,1.3
Kensington,Hell's Kitchen,9,Thursday,0,Spring,2.07,High,1,1.8
West Village,Midtown,8,Monday,0,Spring,7.31,High,1,1.8
East Harlem,West Village,14,Saturday,1,Spring,2.89,Low,4,1.0
East Harlem,Midtown,10,Friday,0,Spring,1.33,Medium,2,1.3
West Village,Midtown,10,Thursday,0,Spring,1.91,Medium,1,1.3
East Harlem,Upper West Side,2,Friday,0,Spring,1.48,Low,1,1.0
Crown Heights,Upper West Side,13,Wednesday,0,Spring,4.87,Low,6,1.0
Fort Hamilton,Bensonhurst,11,Wednesday,0,Spring,2.36,Low,1,1.0
Bedford-Stuyvesant,Upper West Side,10,Saturday,1,Winter,1.86,Medium,1,1.3
Harlem,Bedford-Stuyvesant,14,Thursday,0,Winter,2.17,Low,1,1.0
"Bay Terrace, Staten Island",Flatlands,14,Sunday,1,Summer,13.69,Low,1,1.0
Bedford-Stuyvesant,Harlem,7,Monday,0,Spring,2.43,Medium,1,1.3
Oakwood,Oakwood,21,Friday,0,Summer,8.51,Low,2,1.0
East Harlem,East Harlem,23,Friday,0,Spring,0.23,Low,2,1.0
Sheepshead Bay,New Dorp Beach,21,Saturday,1,Summer,6.32,Low,1,1.0
West Village,Hell's Kitchen,0,Saturday,1,Winter,7.08,Low,1,1.0
Williamsburg,Upper West Side,14,Sunday,1,Spring,0.72,Low,2,1.0
Harlem,Kensington,11,Wednesday,0,Spring,1.77,Low,1,1.0
Chinatown,East Harlem,0,Friday,0,Spring,0.83,Low,2,1.0
Upper West Side,Hell's Kitchen,13,Tuesday,0,Winter,1.19,Low,2,1.0
Midtown,Bedford-Stuyvesant,21,Thursday,0,Spring,3.08,Low,1,1.0
East Harlem,Williamsburg,1,Wednesday,0,Winter,1.73,Low,1,1.0
Upper West Side,Chelsea,0,Wednesday,0,Winter,1.02,Low,1,1.0
Park Slope,East Harlem,7,Wednesday,0,Winter,1.76,Medium,1,1.3
East Harlem,East Harlem,19,Tuesday,0,Spring,2.06,High,1,1.8
Harlem,West Village,7,Tuesday,0,Spring,1.12,Medium,6,1.3
Fort Hamilton,Fort Hamilton,17,Saturday,1,Spring,1.52,High,1,1.8
Hell's Kitchen,Fort Greene,15,Sunday,1,Spring,2.52,Low,2,1.0
Park Slope,Upper West Side,21,Thursday,0,Winter,3.59,Low,1,1.0
Tottenville,Tottenville,23,Wednesday,0,Spring,25.55,Low,2,1.0
Bedford-Stuyvesant,Bedford-Stuyvesant,19,Monday,0,Spring,0.7,High,1,1.8
Fort Greene,Harlem,15,Tuesday,0,Winter,2.15,Low,1,1.0
Harlem,Harlem,15,Sunday,1,Spring,3.27,Low,1,1.0
Fort Greene,Williamsburg,14,Monday,0,Spring,3.56,Low,1,1.0
Hell's Kitchen,East Harlem,0,Friday,0,Summer,6.21,Low,1,1.0
Bedford-Stuyvesant,Upper West Side,18,Tuesday,0,Winter,0.9,High,1,1.8
Chinatown,Upper West Side,19,Friday,0,Spring,1.81,High,1,1.8
Bedford-Stuyvesant,East Harlem,23,Sunday,1,Spring,1.78,Low,1,1.0
Upper West Side,Hell's Kitchen,21,Thursday,0,Winter,4.97,Low,1,1.0
Upper West Side,Harlem,11,Friday,0,Winter,4.94,Low,1,1.0
Oakwood,Bath Beach,17,Monday,0,Winter,9.07,High,5,1.8
South Slope,Hell's Kitchen,18,Sunday,1,Summer,3.1,High,5,1.8
Park Slope,Chinatown,22,Wednesday,0,Winter,8.92,Low,3,1.0
Fort Greene,Clinton Hill,10,Tuesday,0,Winter,1.33,Medium,1,1.3
Kensington,Harlem,12,Thursday,0,Winter,0.57,Low,2,1.0
Bedford-Stuyvesant,Hell's Kitchen,10,Monday,0,Spring,3.94,Medium,1,1.3
Crown Heights,Hell's Kitchen,21,Tuesday,0,Winter,1.21,Low,1,1.0
Williamsburg,South Slope,11,Thursday,0,Spring,2.89,Low,1,1.0
South Slope,Clinton Hill,7,Monday,0,Spring,0.95,Medium,1,1.3
Bedford-Stuyvesant,East Harlem,16,Saturday,1,Summer,6.0,Medium,1,1.3
Greenpoint,Williamsburg,21,Sunday,1,Summer,2.05,Low,2,1.0
Bedford-Stuyvesant,Fort Greene,21,Saturday,1,Winter,0.99,Low,5,1.0
East Harlem,Murray Hill,21,Wednesday,0,Summer,6.25,Low,1,1.0
East Harlem,Harlem,10,Sunday,1,Winter,2.88,Medium,1,1.3
Harlem,Harlem,9,Saturday,1,Spring,5.82,High,1,1.8
Williamsburg,East Harlem,16,Tuesday,0,Spring,3.82,Medium,1,1.3
Rockaway Beach,Arverne,21,Monday,0,Summer,1.74,Low,1,1.0
Park Slope,Bedford-Stuyvesant,23,Friday,0,Winter,1.51,Low,2,1.0
Upper West Side,Park Slope,20,Monday,0,Winter,5.36,Medium,1,1.3
Tottenville,Eltingville,20,Monday,0,Summer,12.35,Medium,1,1.3
Midwood,Flatlands,4,Friday,0,Winter,3.16,Low,1,1.0
Crown Heights,Harlem,14,Monday,0,Spring,4.49,Low,1,1.0
Kensington,Clinton Hill,7,Friday,0,Spring,1.41,Medium,1,1.3
Kensington,Upper West Side,7,Wednesday,0,Winter,1.99,Medium,1,1.3
Clifton,Arrochar,22,Sunday,1,Summer,6.6,Low,1,1.0
Hell's Kitchen,Harlem,23,Tuesday,0,Summer,6.02,Low,1,1.0
Sheepshead Bay,Bay Ridge,8,Thursday,0,Summer,5.51,High,1,1.8
East Harlem,South Slope,14,Monday,0,Winter,8.7,Low,1,1.0
Greenpoint,Hell's Kitchen,0,Sunday,1,Winter,6.11,Low,1,1.0
Harlem,Bedford-Stuyvesant,12,Thursday,0,Spring,3.05,Low,1,1.0
Crown Heights,East Harlem,1,Saturday,1,Spring,1.63,Low,2,1.0
Bedford-Stuyvesant,Kensington,8,Wednesday,0,Spring,1.27,High,6,1.8
Upper West Side,Bedford-Stuyvesant,20,Saturday,1,Spring,3.75,Medium,1,1.3
Upper West Side,Murray Hill,11,Tuesday,0,Spring,4.75,Low,1,1.0
East Harlem,Harlem,0,Sunday,1,Spring,1.57,Low,1,1.0
Arverne,Arden Heights,13,Tuesday,0,Spring,9.74,Low,1,1.0
Harlem,Chelsea,18,Thursday,0,Spring,5.06,High,3,1.8
Murray Hill,Upper West Side,19,Wednesday,0,Winter,7.09,High,2,1.8
East Harlem,Park Slope,20,Tuesday,0,Spring,4.42,Medium,1,1.3
South Slope,East Harlem,19,Wednesday,0,Summer,1.88,High,1,1.8
Park Slope,Fort Greene,19,Friday,0,Winter,3.42,High,1,1.8
Kensington,Upper West Side,16,Thursday,0,Summer,4.14,Medium,5,1.3
Midtown,Harlem,18,Thursday,0,Spring,4.45,High,1,1.8
Bedford-Stuyvesant,East Harlem,21,Thursday,0,Spring,1.52,Low,1,1.0
Upper West Side,Clinton Hill,15,Monday,0,Spring,2.08,Low,3,1.0
Upper West Side,Fort Greene,19,Wednesday,0,Summer,5.26,High,1,1.8
East Harlem,Midtown,18,Wednesday,0,Spring,2.53,High,1,1.8
Harlem,Upper West Side,11,Sunday,1,Spring,3.32,Low,1,1.0
Bedford-Stuyvesant,Hell's Kitchen,15,Friday,0,Summer,0.33,Low,1,1.0
Harlem,East Harlem,0,Tuesday,0,Winter,8.41,Low,1,1.0
East Harlem,Upper West Side,10,Wednesday,0,Spring,1.6,Medium,2,1.3
East Harlem,Fort Greene,18,Monday,0,Summer,2.01,High,6,1.8
Chinatown,Kensington,23,Tuesday,0,Winter,6.22,Low,2,1.0
East Harlem,Bedford-Stuyvesant,12,Thursday,0,Winter,0.6,Low,4,1.0
East Harlem,Inwood,13,Sunday,1,Winter,1.19,Low,1,1.0
Inwood,Upper West Side,11,Sunday,1,Spring,5.08,Low,1,1.0
Harlem,Fort Greene,18,Tuesday,0,Winter,2.84,High,3,1.8
Upper West Side,East Harlem,0,Saturday,1,Spring,6.19,Low,2,1.0
Harlem,East Harlem,15,Friday,0,Winter,2.17,Low,1,1.0
"Bay Terrace, Staten Island",Midwood,10,Monday,0,Winter,12.35,Medium,1,1.3
South Slope,Inwood,0,Sunday,1,Spring,8.09,Low,2,1.0
Williamsburg,Chinatown,19,Monday,0,Winter,1.54,High,2,1.8
Rockaway Beach,Shore Acres,11,Wednesday,0,Spring,3.04,Low,1,1.0
Upper West Side,Upper West Side,1,Sunday,1,Summer,2.14,Low,1,1.0
Harlem,West Village,14,Sunday,1,Spring,4.81,Low,4,1.0
West Village,Upper West Side,21,Sunday,1,Spring,5.51,Low,1,1.0
Williamsburg,Upper West Side,11,Thursday,0,Spring,1.22,Low,1,1.0
Upper West Side,Crown Heights,23,Thursday,0,Summer,0.99,Low,1,1.0
Kensington,East Harlem,16,Thursday,0,Spring,3.03,Medium,5,1.3
West Village,Greenpoint,17,Sunday,1,Winter,1.18,High,2,1.8
Tompkinsville,Arrochar,8,Wednesday,0,Spring,2.06,High,6,1.8
Park Slope,Harlem,20,Sunday,1,Spring,0.77,Medium,1,1.3
Upper West Side,Crown Heights,8,Sunday,1,Spring,6.03,High,1,1.8
Harlem,Upper West Side,20,Thursday,0,Summer,3.6,Medium,1,1.3
Harlem,East Harlem,23,Tuesday,0,Winter,1.75,Low,1,1.0
East Village,West Village,16,Friday,0,Spring,0.54,Medium,2,1.3
Inwood,West Village,19,Friday,0,Winter,4.17,High,1,1.8
Hell's Kitchen,Chelsea,21,Sunday,1,Spring,2.81,Low,4,1.0
East Harlem,Harlem,0,Wednesday,0,Spring,4.95,Low,1,1.0
Hell's Kitchen,Upper West Side,20,Monday,0,Summer,7.45,Medium,2,1.3
Hell's Kitchen,Williamsburg,14,Friday,0,Spring,4.35,Low,1,1.0
Upper West Side,Bedford-Stuyvesant,8,Friday,0,Summer,0.58,High,1,1.8
Fort Greene,Harlem,18,Saturday,1,Spring,1.77,High,5,1.8
Hell's Kitchen,South Slope,19,Tuesday,0,Spring,2.37,High,1,1.8
Tottenville,Tottenville,19,Monday,0,Winter,0.0,High,1,1.8
Crown Heights,Harlem,16,Wednesday,0,Summer,0.98,Medium,2,1.3
Sheepshead Bay,Sheepshead Bay,18,Wednesday,0,Spring,4.98,High,1,1.8
Harlem,Murray Hill,16,Thursday,0,Summer,1.94,Medium,2,1.3
Midtown,Bedford-Stuyvesant,8,Sunday,1,Winter,4.38,High,1,1.8
Murray Hill,Harlem,21,Tuesday,0,Spring,1.61,Low,1,1.0
Arverne,Concord,20,Monday,0,Summer,4.43,Medium,1,1.3
East Harlem,Bedford-Stuyvesant,11,Wednesday,0,Spring,1.67,Low,2,1.0
Inwood,East Harlem,0,Thursday,0,Summer,1.88,Low,1,1.0
Woodrow,Prince's Bay,9,Tuesday,0,Summer,26.06,High,1,1.8
East Harlem,South Slope,18,Saturday,1,Spring,3.15,High,2,1.8
Chinatown,East Harlem,13,Wednesday,0,Spring,0.96,Low,1,1.0
Great Kills,Rockaway Beach,12,Tuesday,0,Winter,16.29,Low,2,1.0
Upper West Side,Bedford-Stuyvesant,19,Friday,0,Spring,1.23,High,6,1.8
Murray Hill,Kensington,21,Sunday,1,Spring,1.4,Low,1,1.0
Greenpoint,Bedford-Stuyvesant,17,Wednesday,0,Winter,3.38,High,1,1.8
Midtown,Midtown,8,Wednesday,0,Spring,0.66,High,1,1.8
Upper West Side,Williamsburg,0,Wednesday,0,Spring,1.82,Low,1,1.0
West Village,Bedford-Stuyvesant,16,Tuesday,0,Spring,1.37,Medium,3,1.3
Upper West Side,Hell's Kitchen,18,Friday,0,Winter,1.56,High,1,1.8
South Beach,West Brighton,23,Saturday,1,Spring,5.36,Low,1,1.0
East Harlem,Bedford-Stuyvesant,17,Thursday,0,Spring,0.54,High,1,1.8
East Harlem,Harlem,14,Monday,0,Spring,2.89,Low,1,1.0
Windsor Terrace,South Slope,22,Sunday,1,Winter,1.06,Low,5,1.0
West Village,Murray Hill,18,Saturday,1,Spring,1.31,High,1,1.8
Stapleton,Sheepshead Bay,17,Tuesday,0,Winter,1.68,High,1,1.8
East Harlem,Harlem,10,Tuesday,0,Summer,1.92,Medium,1,1.3
Williamsburg,East Harlem,23,Monday,0,Spring,4.96,Low,1,1.0
Harlem,West Village,19,Saturday,1,Spring,3.92,High,2,1.8
Harlem,Clinton Hill,13,Monday,0,Spring,3.08,Low,2,1.0
Tottenville,Prince's Bay,0,Wednesday,0,Winter,26.29,Low,1,1.0
Williamsburg,Bedford-Stuyvesant,13,Tuesday,0,Spring,1.17,Low,1,1.0
East Harlem,Upper West Side,11,Friday,0,Winter,0.85,Low,1,1.0
Upper West Side,Chinatown,12,Thursday,0,Winter,4.5,Low,1,1.0
Williamsburg,Harlem,21,Wednesday,0,Spring,6.67,Low,1,1.0
Harlem,Williamsburg,17,Saturday,1,Summer,1.67,High,2,1.8
South Slope,Murray Hill,7,Monday,0,Spring,2.32,Medium,1,1.3
Chinatown,Upper West Side,1,Sunday,1,Spring,7.96,Low,2,1.0
Upper West Side,Harlem,8,Tuesday,0,Summer,2.17,High,1,1.8
Bedford-Stuyvesant,East Harlem,6,Tuesday,0,Spring,1.66,Low,5,1.0
East Harlem,Upper West Side,14,Saturday,1,Spring,3.18,Low,1,1.0
Crown Heights,Clinton Hill,2,Sunday,1,Spring,0.98,Low,1,1.0
South Slope,Upper West Side,22,Monday,0,Summer,2.74,Low,1,1.0
Midwood,Rockaway Beach,20,Sunday,1,Spring,6.47,Medium,1,1.3
Fort Greene,Williamsburg,17,Tuesday,0,Spring,1.72,High,1,1.8
South Slope,South Slope,19,Friday,0,Spring,1.89,High,1,1.8
West Village,Williamsburg,7,Monday,0,Spring,3.48,Medium,1,1.3
Hell's Kitchen,Greenpoint,9,Monday,0,Spring,1.81,High,2,1.8
Oakwood,Bensonhurst,14,Monday,0,Summer,11.8,Low,1,1.0
Flatlands,Arden Heights,9,Friday,0,Summer,12.08,High,1,1.8
Crown Heights,Hell's Kitchen,12,Sunday,1,Winter,1.68,Low,1,1.0
Inwood,West Village,22,Friday,0,Winter,3.11,Low,1,1.0
Harlem,Chinatown,16,Friday,0,Summer,1.54,Medium,1,1.3
Harlem,South Slope,9,Friday,0,Spring,5.4,High,1,1.8
Williamsburg,South Slope,18,Wednesday,0,Winter,2.03,High,2,1.8
Inwood,Upper West Side,18,Thursday,0,Spring,1.88,High,1,1.8
Harlem,South Slope,20,Sunday,1,Spring,1.9,Medium,1,1.3
South Slope,West Village,0,Saturday,1,Winter,0.75,Low,1,1.0
Midtown,Upper West Side,18,Saturday,1,Summer,1.17,High,1,1.8
Harlem,Harlem,7,Tuesday,0,Spring,4.83,Medium,1,1.3
Upper West Side,Upper West Side,23,Sunday,1,Spring,4.36,Low,4,1.0
Windsor Terrace,East Harlem,21,Saturday,1,Spring,3.67,Low,4,1.0
Harlem,Clinton Hill,14,Thursday,0,Summer,0.76,Low,6,1.0
Harlem,Clinton Hill,17,Wednesday,0,Winter,4.95,High,2,1.8
Upper West Side,South Slope,17,Monday,0,Winter,7.24,High,1,1.8
Williamsburg,Fort Greene,21,Thursday,0,Summer,3.69,Low,1,1.0
Harlem,Bedford-Stuyvesant,19,Friday,0,Spring,1.09,High,1,1.8
Chelsea,Kensington,1,Saturday,1,Summer,7.3,Low,1,1.0
Upper West Side,Upper West Side,14,Friday,0,Spring,0.91,Low,2,1.0
Far Rockaway,Arden Heights,8,Tuesday,0,Winter,10.14,High,2,1.8
Clinton Hill,Bedford-Stuyvesant,10,Tuesday,0,Winter,0.87,Medium,1,1.3
Hell's Kitchen,West Village,3,Sunday,1,Spring,1.36,Low,1,1.0
South Slope,South Slope,13,Wednesday,0,Winter,3.72,Low,1,1.0
Hell's Kitchen,Kensington,7,Friday,0,Summer,3.77,Medium,5,1.3
Harlem,Crown Heights,21,Tuesday,0,Winter,1.88,Low,1,1.0
Midtown,Murray Hill,14,Sunday,1,Spring,2.89,Low,1,1.0
West Village,Chelsea,21,Sunday,1,Spring,4.3,Low,5,1.0
Clinton Hill,East Harlem,12,Monday,0,Spring,3.2,Low,1,1.0
Far Rockaway,Bay Ridge,20,Thursday,0,Summer,6.3,Medium,1,1.3
Fort Greene,Murray Hill,1,Sunday,1,Winter,4.09,Low,1,1.0
Harlem,East Harlem,23,Saturday,1,Spring,1.93,Low,3,1.0
Hell's Kitchen,Chinatown,20,Tuesday,0,Spring,1.73,Medium,3,1.3
Upper West Side,Inwood,10,Monday,0,Winter,2.5,Medium,1,1.3
East Village,Upper West Side,22,Thursday,0,Spring,7.71,Low,1,1.0
Midtown,Murray Hill,18,Tuesday,0,Summer,2.35,High,1,1.8
East Harlem,Upper West Side,9,Friday,0,Winter,2.0,High,1,1.8
Upper West Side,East Harlem,15,Saturday,1,Winter,1.13,Low,1,1.0
Arden Heights,Mill Basin,14,Saturday,1,Spring,11.18,Low,2,1.0
Williamsburg,South Slope,20,Thursday,0,Winter,5.49,Medium,1,1.3
Harlem,Clinton Hill,22,Monday,0,Spring,2.46,Low,1,1.0
Midtown,Clinton Hill,17,Tuesday,0,Winter,1.81,High,1,1.8
East Harlem,Inwood,8,Saturday,1,Spring,1.86,High,5,1.8
Hell's Kitchen,East Harlem,10,Saturday,1,Winter,1.54,Medium,5,1.3
Chelsea,Upper West Side,14,Wednesday,0,Spring,0.9,Low,1,1.0
Greenpoint,Bedford-Stuyvesant,1,Friday,0,Spring,4.4,Low,2,1.0
East Harlem,Upper West Side,16,Tuesday,0,Winter,5.15,Medium,1,1.3
East Harlem,East Harlem,13,Saturday,1,Spring,2.76,Low,2,1.0
Upper West Side,Chelsea,17,Thursday,0,Summer,1.95,High,2,1.8
Upper West Side,Inwood,23,Saturday,1,Summer,2.12,Low,2,1.0
East Harlem,Hell's Kitchen,19,Thursday,0,Spring,2.18,High,1,1.8
South Slope,Fort Greene,4,Thursday,0,Spring,3.57,Low,1,1.0
Bedford-Stuyvesant,West Village,18,Tuesday,0,Spring,0.78,High,6,1.8
Hell's Kitchen,South Slope,16,Tuesday,0,Spring,1.66,Medium,3,1.3
Upper West Side,Harlem,19,Tuesday,0,Winter,4.1,High,2,1.8
Fort Hamilton,"Bay Terrace, Staten Island",12,Wednesday,0,Summer,13.77,Low,1,1.0
East Harlem,Bedford-Stuyvesant,1,Sunday,1,Spring,1.92,Low,1,1.0
Clinton Hill,Hell's Kitchen,18,Monday,0,Spring,3.96,High,1,1.8
Murray Hill,East Harlem,1,Sunday,1,Summer,3.44,Low,1,1.0
Harlem,Harlem,21,Friday,0,Spring,2.98,Low,2,1.0
Hell's Kitchen,Crown Heights,11,Friday,0,Winter,0.42,Low,3,1.0
Murray Hill,East Harlem,12,Tuesday,0,Spring,1.35,Low,1,1.0
Midwood,Fort Hamilton,15,Sunday,1,Summer,0.84,Low,1,1.0
East Harlem,Fort Greene,18,Wednesday,0,Summer,9.67,High,1,1.8
Fort Greene,Harlem,23,Saturday,1,Spring,4.78,Low,1,1.0
East Harlem,Inwood,19,Saturday,1,Winter,0.68,High,6,1.8
Clinton Hill,Upper West Side,7,Thursday,0,Winter,1.62,Medium,1,1.3
Kensington,South Slope,21,Monday,0,Winter,1.28,Low,1,1.0
Murray Hill,Clinton Hill,18,Monday,0,Summer,1.89,High,1,1.8
Upper West Side,East Harlem,17,Saturday,1,Spring,1.2,High,1,1.8
West Village,Flatbush,11,Sunday,1,Spring,3.91,Low,5,1.0
Williamsburg,Midtown,9,Saturday,1,Winter,8.92,High,1,1.8
Harlem,South Slope,8,Sunday,1,Spring,0.71,High,1,1.8
Concord,Sheepshead Bay,13,Monday,0,Spring,1.24,Low,2,1.0
Clinton Hill,Inwood,23,Saturday,1,Summer,1.52,Low,1,1.0
Crown Heights,Bushwick,14,Monday,0,Winter,2.72,Low,1,1.0
South Slope,Clinton Hill,8,Wednesday,0,Spring,1.13,High,5,1.8
Park Slope,Bedford-Stuyvesant,18,Thursday,0,Summer,2.11,High,6,1.8
Harlem,Bedford-Stuyvesant,18,Wednesday,0,Winter,1.05,High,5,1.8
East Harlem,Inwood,19,Thursday,0,Spring,3.78,High,1,1.8
Midtown,Harlem,14,Friday,0,Winter,0.94,Low,1,1.0
Kensington,Bedford-Stuyvesant,15,Monday,0,Spring,1.8,Low,4,1.0
Upper West Side,Upper West Side,17,Monday,0,Summer,0.83,High,5,1.8
East Harlem,Clinton Hill,15,Wednesday,0,Summer,2.11,Low,1,1.0
East Harlem,Park Slope,18,Thursday,0,Spring,3.43,High,6,1.8
Park Slope,Bedford-Stuyvesant,0,Sunday,1,Winter,3.28,Low,1,1.0
Harlem,Harlem,1,Sunday,1,Spring,13.41,Low,1,1.0
East Harlem,West Village,18,Thursday,0,Summer,2.3,High,2,1.8
Oakwood,Bensonhurst,10,Tuesday,0,Spring,14.51,Medium,2,1.3
Bedford-Stuyvesant,Bedford-Stuyvesant,14,Monday,0,Winter,1.18,Low,1,1.0
Crown Heights,East Harlem,18,Saturday,1,Spring,0.7,High,1,1.8
Tottenville,Tottenville,12,Saturday,1,Spring,0.0,Low,2,1.0
Arden Heights,Bensonhurst,11,Tuesday,0,Summer,8.75,Low,2,1.0
Great Kills,Richmondtown,22,Sunday,1,Spring,8.29,Low,1,1.0
Hell's Kitchen,Harlem,17,Monday,0,Spring,3.49,High,1,1.8
Upper West Side,Bedford-Stuyvesant,21,Saturday,1,Summer,2.0,Low,1,1.0
Kensington,Upper West Side,8,Thursday,0,Spring,0.61,High,2,1.8
East Harlem,East Harlem,17,Saturday,1,Spring,1.98,High,1,1.8
Tottenville,Huguenot,13,Sunday,1,Spring,24.73,Low,1,1.0
West Village,West Village,12,Sunday,1,Winter,0.03,Low,1,1.0
Midtown,Crown Heights,1,Sunday,1,Spring,8.08,Low,5,1.0
West Village,West Village,20,Thursday,0,Summer,8.05,Medium,1,1.3
West Village,Upper West Side,22,Tuesday,0,Spring,0.42,Low,5,1.0
West Village,Bedford-Stuyvesant,11,Sunday,1,Summer,2.25,Low,1,1.0
Upper West Side,Upper West Side,19,Tuesday,0,Winter,4.77,High,1,1.8
Harlem,Chinatown,0,Tuesday,0,Spring,2.11,Low,1,1.0
Upper West Side,East Harlem,3,Saturday,1,Spring,1.6,Low,1,1.0
Canarsie,Gravesend,12,Saturday,1,Spring,2.0,Low,1,1.0
East Harlem,Fort Greene,11,Friday,0,Spring,7.24,Low,1,1.0
Harlem,Harlem,7,Wednesday,0,Spring,2.35,Medium,1,1.3
Arden Heights,Bath Beach,14,Friday,0,Winter,9.41,Low,1,1.0
Harlem,Fort Greene,21,Friday,0,Spring,4.26,Low,2,1.0
Kensington,Upper West Side,11,Friday,0,Summer,2.22,Low,1,1.0
Midtown,Harlem,16,Sunday,1,Summer,6.53,Medium,1,1.3
Upper West Side,Bedford-Stuyvesant,6,Thursday,0,Winter,4.71,Low,1,1.0
West Village,Upper West Side,19,Sunday,1,Winter,2.45,High,1,1.8
East Harlem,Hell's Kitchen,20,Tuesday,0,Winter,1.93,Medium,1,1.3
Arrochar,Bensonhurst,7,Wednesday,0,Spring,6.97,Medium,1,1.3
Upper West Side,Harlem,13,Saturday,1,Spring,2.05,Low,2,1.0
Fort Greene,Bedford-Stuyvesant,0,Friday,0,Spring,4.11,Low,2,1.0
Midtown,Murray Hill,23,Friday,0,Spring,2.51,Low,1,1.0
West Village,South Slope,6,Monday,0,Winter,3.82,Low,1,1.0
Harlem,Williamsburg,21,Tuesday,0,Spring,3.29,Low,1,1.0
Chinatown,South Slope,21,Thursday,0,Winter,2.25,Low,5,1.0
Fort Greene,Bedford-Stuyvesant,15,Wednesday,0,Spring,1.53,Low,1,1.0
East Harlem,Upper West Side,19,Saturday,1,Spring,1.96,High,1,1.8
Clinton Hill,Harlem,8,Friday,0,Spring,3.03,High,4,1.8
Upper West Side,Clinton Hill,1,Sunday,1,Summer,1.98,Low,1,1.0
East Harlem,Williamsburg,15,Monday,0,Spring,1.52,Low,6,1.0
Upper West Side,Chelsea,2,Saturday,1,Winter,1.12,Low,1,1.0
Far Rockaway,Gravesend,12,Wednesday,0,Spring,0.68,Low,1,1.0
Upper West Side,East Harlem,10,Sunday,1,Spring,1.8,Medium,1,1.3
Inwood,West Village,19,Friday,0,Spring,0.67,High,1,1.8
Harlem,Clinton Hill,19,Tuesday,0,Spring,6.84,High,2,1.8
South Slope,East Harlem,20,Wednesday,0,Winter,2.23,Medium,1,1.3
South Slope,Clinton Hill,6,Thursday,0,Spring,2.02,Low,1,1.0
East Harlem,East Harlem,21,Friday,0,Spring,0.54,Low,2,1.0
Bedford-Stuyvesant,West Village,9,Friday,0,Winter,0.8,High,1,1.8
Clinton Hill,South Slope,16,Saturday,1,Winter,2.76,Medium,1,1.3
Park Slope,Clinton Hill,1,Sunday,1,Summer,2.36,Low,1,1.0
Midtown,East Harlem,15,Friday,0,Winter,1.73,Low,2,1.0
Midtown,Upper West Side,10,Wednesday,0,Spring,0.58,Medium,1,1.3
Kensington,Upper West Side,20,Friday,0,Summer,3.97,Medium,1,1.3
South Slope,Harlem,9,Tuesday,0,Winter,5.77,High,1,1.8
Murray Hill,Harlem,8,Monday,0,Spring,3.96,High,1,1.8
Bedford-Stuyvesant,Upper West Side,7,Tuesday,0,Winter,1.58,Medium,1,1.3
Harlem,Murray Hill,22,Thursday,0,Winter,4.63,Low,1,1.0
Midtown,Harlem,12,Friday,0,Winter,0.71,Low,1,1.0
South Slope,Fort Greene,18,Sunday,1,Winter,1.18,High,1,1.8
Bedford-Stuyvesant,South Slope,9,Monday,0,Winter,0.88,High,6,1.8
Hell's Kitchen,Hell's Kitchen,6,Thursday,0,Spring,4.48,Low,2,1.0
Hell's Kitchen,Crown Heights,18,Wednesday,0,Winter,2.99,High,1,1.8
Harlem,Harlem,15,Sunday,1,Spring,2.41,Low,1,1.0
Midwood,Great Kills,14,Thursday,0,Summer,12.86,Low,2,1.0
Harlem,East Harlem,10,Tuesday,0,Spring,1.75,Medium,1,1.3
Upper West Side,Upper West Side,16,Sunday,1,Summer,1.99,Medium,1,1.3
Arrochar,Bayswater,18,Sunday,1,Spring,4.07,High,4,1.8
Upper West Side,Upper West Side,20,Wednesday,0,Summer,4.17,Medium,1,1.3
Bedford-Stuyvesant,Upper West Side,14,Wednesday,0,Spring,1.71,Low,3,1.0
Upper West Side,Murray Hill,5,Wednesday,0,Summer,10.61,Low,6,1.0
Hell's Kitchen,Fort Greene,8,Monday,0,Spring,4.95,High,1,1.8
Bedford-Stuyvesant,West Village,17,Wednesday,0,Winter,1.51,High,1,1.8
Greenpoint,Murray Hill,12,Thursday,0,Summer,0.98,Low,2,1.0
Murray Hill,East Harlem,7,Thursday,0,Spring,2.55,Medium,1,1.3
Inwood,Hell's Kitchen,19,Wednesday,0,Winter,3.8,High,2,1.8
Bedford-Stuyvesant,Harlem,2,Sunday,1,Winter,7.21,Low,1,1.0
Hell's Kitchen,Murray Hill,9,Monday,0,Spring,3.16,High,1,1.8
Harlem,East Harlem,16,Monday,0,Spring,0.57,Medium,1,1.3
Midtown,East Harlem,18,Friday,0,Spring,4.3,High,1,1.8
Park Slope,Kensington,20,Wednesday,0,Spring,3.06,Medium,2,1.3
Clinton Hill,Upper West Side,9,Friday,0,Spring,0.87,High,1,1.8
Fort Greene,Chinatown,11,Monday,0,Winter,1.69,Low,1,1.0
Upper West Side,Inwood,17,Thursday,0,Winter,1.14,High,1,1.8
Williamsburg,Murray Hill,15,Thursday,0,Winter,1.21,Low,1,1.0
Upper West Side,South Slope,11,Wednesday,0,Winter,0.78,Low,2,1.0
West Village,Upper West Side,18,Wednesday,0,Summer,2.1,High,5,1.8
South Slope,South Slope,18,Thursday,0,Spring,1.24,High,1,1.8
Chinatown,East Harlem,8,Tuesday,0,Spring,1.7,High,3,1.8
Murray Hill,Harlem,7,Thursday,0,Spring,1.54,Medium,1,1.3
Williamsburg,Hell's Kitchen,9,Friday,0,Winter,3.18,High,1,1.8
Harlem,Bedford-Stuyvesant,17,Tuesday,0,Summer,5.95,High,1,1.8
Sheepshead Bay,Sheepshead Bay,18,Monday,0,Winter,1.81,High,1,1.8
Harlem,Crown Heights,18,Tuesday,0,Winter,0.92,High,5,1.8
Upper West Side,Murray Hill,23,Sunday,1,Summer,8.85,Low,2,1.0
Midwood,Midwood,10,Thursday,0,Winter,1.38,Medium,1,1.3
Harlem,Upper West Side,20,Friday,0,Spring,4.42,Medium,1,1.3
Bedford-Stuyvesant,Hell's Kitchen,22,Thursday,0,Winter,2.79,Low,2,1.0
Williamsburg,Harlem,6,Wednesday,0,Winter,2.81,Low,1,1.0
Midtown,West Village,22,Sunday,1,Spring,2.6,Low,2,1.0
Sheepshead Bay,New Dorp Beach,18,Friday,0,Spring,14.55,High,2,1.8
Clinton Hill,Upper West Side,18,Sunday,1,Summer,0.81,High,1,1.8
Bedford-Stuyvesant,Park Slope,17,Sunday,1,Winter,1.08,High,1,1.8
Rossville,Eltingville,21,Monday,0,Summer,12.93,Low,4,1.0
Williamsburg,Upper West Side,21,Saturday,1,Spring,3.27,Low,2,1.0
Williamsburg,Fort Greene,0,Sunday,1,Winter,1.32,Low,5,1.0
Upper West Side,Upper West Side,18,Sunday,1,Spring,0.69,High,1,1.8
Park Slope,Kensington,3,Friday,0,Winter,5.78,Low,1,1.0
Harlem,Upper West Side,22,Tuesday,0,Spring,2.4,Low,1,1.0
South Slope,Upper West Side,22,Saturday,1,Spring,0.57,Low,2,1.0
Murray Hill,Upper West Side,21,Wednesday,0,Summer,2.22,Low,1,1.0
East Harlem,Murray Hill,10,Tuesday,0,Spring,1.96,Medium,2,1.3
Chinatown,Bedford-Stuyvesant,9,Wednesday,0,Spring,7.52,High,1,1.8
East Harlem,Fort Greene,21,Monday,0,Winter,2.22,Low,1,1.0
Midtown,Harlem,1,Saturday,1,Spring,6.75,Low,1,1.0
Oakwood,Tompkinsville,1,Friday,0,Summer,11.08,Low,6,1.0
Greenpoint,Williamsburg,16,Thursday,0,Summer,1.4,Medium,1,1.3
Inwood,Bedford-Stuyvesant,2,Sunday,1,Spring,3.27,Low,5,1.0
Harlem,Harlem,18,Monday,0,Winter,1.02,High,1,1.8
Tottenville,Rossville,21,Thursday,0,Spring,16.43,Low,1,1.0
Crown Heights,Bedford-Stuyvesant,6,Tuesday,0,Spring,2.54,Low,3,1.0
Bedford-Stuyvesant,Crown Heights,9,Sunday,1,Summer,1.4,High,2,1.8
Hell's Kitchen,Fort Greene,23,Wednesday,0,Spring,4.84,Low,1,1.0
East Harlem,Fort Greene,19,Friday,0,Spring,2.73,High,1,1.8
West Village,Hell's Kitchen,18,Tuesday,0,Spring,2.65,High,5,1.8
Tottenville,Great Kills,11,Thursday,0,Summer,9.21,Low,1,1.0
Upper West Side,Park Slope,22,Saturday,1,Spring,0.94,Low,1,1.0
South Slope,Chinatown,19,Thursday,0,Spring,3.29,High,1,1.8
Inwood,Bedford-Stuyvesant,22,Tuesday,0,Summer,1.29,Low,1,1.0
East Harlem,Midtown,17,Sunday,1,Winter,5.7,High,1,1.8
East Harlem,Bedford-Stuyvesant,21,Sunday,1,Spring,8.33,Low,1,1.0
Greenpoint,East Harlem,22,Tuesday,0,Spring,0.66,Low,2,1.0
Fort Greene,Upper West Side,21,Saturday,1,Spring,1.97,Low,1,1.0
Hell's Kitchen,Harlem,18,Thursday,0,Spring,0.49,High,2,1.8
East Harlem,Hell's Kitchen,0,Friday,0,Spring,1.68,Low,4,1.0
Tottenville,Eltingville,19,Sunday,1,Spring,25.06,High,1,1.8
Tottenville,Tottenville,21,Monday,0,Winter,26.73,Low,1,1.0
South Slope,South Slope,11,Saturday,1,Summer,2.75,Low,1,1.0
Rosebank,Bull's Head,14,Thursday,0,Summer,0.79,Low,1,1.0
Park Slope,Inwood,5,Friday,0,Winter,2.69,Low,6,1.0
Murray Hill,Hell's Kitchen,20,Thursday,0,Spring,6.83,Medium,2,1.3
Midtown,Midtown,17,Monday,0,Spring,0.88,High,1,1.8
East Harlem,Clinton Hill,12,Friday,0,Winter,2.41,Low,1,1.0
Upper West Side,Williamsburg,19,Sunday,1,Spring,1.91,High,1,1.8
Crown Heights,Harlem,11,Sunday,1,Spring,2.14,Low,2,1.0
Upper West Side,Midtown,15,Monday,0,Winter,2.23,Low,3,1.0
Great Kills,Woodrow,5,Sunday,1,Summer,40.71,Low,1,1.0
East Village,East Village,0,Sunday,1,Spring,0.62,Low,2,1.0
Chinatown,Upper West Side,21,Monday,0,Winter,3.42,Low,1,1.0
South Slope,Murray Hill,7,Friday,0,Spring,5.66,Medium,1,1.3
Bedford-Stuyvesant,South Slope,9,Tuesday,0,Winter,4.86,High,5,1.8
East Village,Crown Heights,0,Wednesday,0,Winter,52.67,Low,3,1.0
South Slope,Chelsea,8,Thursday,0,Summer,1.7,High,1,1.8
West Village,East Harlem,10,Monday,0,Spring,0.95,Medium,1,1.3
Flatlands,Sheepshead Bay,13,Wednesday,0,Spring,5.11,Low,1,1.0
Midtown,Bedford-Stuyvesant,10,Friday,0,Spring,8.21,Medium,2,1.3
Hell's Kitchen,Upper West Side,2,Tuesday,0,Winter,7.55,Low,1,1.0
Bedford-Stuyvesant,East Harlem,11,Thursday,0,Spring,5.14,Low,5,1.0
Chinatown,South Slope,16,Wednesday,0,Winter,0.61,Medium,1,1.3
Murray Hill,Hell's Kitchen,21,Saturday,1,Winter,1.58,Low,4,1.0
Bedford-Stuyvesant,Upper West Side,14,Tuesday,0,Spring,3.54,Low,1,1.0
Kensington,Harlem,8,Tuesday,0,Spring,5.38,High,1,1.8
Arverne,Oakwood,20,Tuesday,0,Winter,19.25,Medium,1,1.3
Bedford-Stuyvesant,Bedford-Stuyvesant,20,Monday,0,Spring,1.83,Medium,1,1.3
Lower East Side,South Slope,0,Saturday,1,Spring,1.99,Low,2,1.0
Bedford-Stuyvesant,Fort Greene,12,Monday,0,Spring,1.45,Low,1,1.0
Tottenville,Prince's Bay,10,Sunday,1,Spring,4.32,Medium,1,1.3
Kensington,Bedford-Stuyvesant,21,Monday,0,Winter,1.61,Low,1,1.0
Tompkinsville,"Bay Terrace, Staten Island",15,Thursday,0,Spring,12.9,Low,1,1.0
Clinton Hill,Upper West Side,3,Friday,0,Winter,12.16,Low,1,1.0
Harlem,East Harlem,23,Thursday,0,Spring,3.99,Low,1,1.0
West Village,Upper West Side,7,Tuesday,0,Summer,0.55,Medium,1,1.3
Bay Ridge,Arden Heights,15,Tuesday,0,Spring,13.48,Low,1,1.0
Upper West Side,Bedford-Stuyvesant,22,Friday,0,Spring,1.07,Low,1,1.0
Midtown,Hell's Kitchen,2,Sunday,1,Spring,10.46,Low,1,1.0
South Slope,Crown Heights,2,Monday,0,Spring,11.58,Low,1,1.0
South Slope,Fort Greene,11,Monday,0,Spring,1.14,Low,1,1.0
Fort Greene,South Slope,15,Sunday,1,Spring,2.38,Low,5,1.0
East Harlem,Bedford-Stuyvesant,19,Monday,0,Winter,0.79,High,1,1.8
West Village,West Village,1,Sunday,1,Spring,1.01,Low,1,1.0
Upper West Side,Midtown,14,Thursday,0,Summer,1.52,Low,1,1.0
Harlem,Fort Greene,14,Tuesday,0,Summer,1.02,Low,1,1.0
South Slope,Upper West Side,23,Friday,0,Spring,3.46,Low,1,1.0
Upper West Side,Harlem,14,Wednesday,0,Winter,1.12,Low,5,1.0
Williamsburg,Kensington,1,Monday,0,Spring,18.42,Low,1,1.0
East Harlem,Harlem,6,Thursday,0,Summer,0.75,Low,1,1.0
Williamsburg,Upper West Side,14,Saturday,1,Spring,1.62,Low,6,1.0
Fort Greene,Midtown,19,Sunday,1,Winter,3.34,High,2,1.8
Upper West Side,Murray Hill,14,Tuesday,0,Winter,1.97,Low,2,1.0
Upper West Side,Upper West Side,21,Wednesday,0,Winter,2.34,Low,1,1.0
Murray Hill,Upper West Side,18,Friday,0,Spring,0.51,High,1,1.8
Tottenville,Prince's Bay,14,Thursday,0,Spring,24.52,Low,1,1.0
South Slope,Midtown,11,Saturday,1,Winter,1.08,Low,1,1.0
Windsor Terrace,South Slope,23,Thursday,0,Winter,1.64,Low,1,1.0
West Village,Hell's Kitchen,11,Wednesday,0,Spring,2.06,Low,3,1.0
Bedford-Stuyvesant,Kensington,21,Tuesday,0,Winter,2.14,Low,1,1.0
Bath Beach,Borough Park,10,Thursday,0,Summer,3.0,Medium,2,1.3
Bedford-Stuyvesant,Harlem,19,Tuesday,0,Summer,3.01,High,1,1.8
Bedford-Stuyvesant,Bedford-Stuyvesant,11,Friday,0,Spring,3.26,Low,1,1.0
Bedford-Stuyvesant,Harlem,10,Monday,0,Summer,4.1,Medium,1,1.3
Hell's Kitchen,Upper West Side,14,Sunday,1,Spring,3.26,Low,1,1.0
Fort Greene,Harlem,15,Friday,0,Winter,2.32,Low,1,1.0
Midwood,Sheepshead Bay,22,Friday,0,Spring,1.93,Low,2,1.0
Upper West Side,Bedford-Stuyvesant,19,Monday,0,Spring,0.8,High,6,1.8
Bedford-Stuyvesant,Fort Greene,17,Saturday,1,Spring,2.87,High,4,1.8
Upper West Side,Bedford-Stuyvesant,7,Wednesday,0,Winter,13.46,Medium,2,1.3
Park Slope,Harlem,9,Wednesday,0,Spring,1.8,High,1,1.8
East Harlem,Harlem,17,Saturday,1,Spring,2.62,High,1,1.8
South Slope,Upper West Side,17,Thursday,0,Winter,1.48,High,1,1.8
Midtown,Clinton Hill,14,Tuesday,0,Spring,1.4,Low,1,1.0
Bedford-Stuyvesant,Upper West Side,19,Tuesday,0,Winter,1.86,High,5,1.8
Fort Greene,Upper West Side,22,Wednesday,0,Spring,1.73,Low,1,1.0
East Harlem,Harlem,12,Thursday,0,Summer,4.5,Low,5,1.0
South Slope,Upper West Side,7,Sunday,1,Spring,2.81,Medium,3,1.3
Upper West Side,Harlem,10,Tuesday,0,Spring,0.38,Medium,6,1.3
Murray Hill,Murray Hill,0,Sunday,1,Spring,4.92,Low,2,1.0
East Harlem,Crown Heights,22,Friday,0,Winter,1.11,Low,2,1.0
Great Kills,Tottenville,14,Tuesday,0,Spring,24.37,Low,1,1.0
Park Slope,Bedford-Stuyvesant,19,Saturday,1,Winter,0.74,High,1,1.8
Murray Hill,Harlem,11,Wednesday,0,Winter,0.81,Low,6,1.0
Williamsburg,Clinton Hill,8,Thursday,0,Summer,3.55,High,1,1.8
Upper West Side,Inwood,23,Sunday,1,Spring,1.07,Low,2,1.0
West Village,Clinton Hill,8,Saturday,1,Summer,0.67,High,1,1.8
Eltingville,"Bay Terrace, Staten Island",13,Thursday,0,Spring,23.36,Low,1,1.0
Clinton Hill,Midtown,15,Friday,0,Summer,2.02,Low,1,1.0
Harlem,East Harlem,21,Saturday,1,Spring,1.08,Low,1,1.0
Upper West Side,Fort Greene,20,Thursday,0,Spring,1.83,Medium,2,1.3
East Harlem,South Slope,12,Thursday,0,Winter,2.96,Low,2,1.0
East Harlem,Chinatown,20,Saturday,1,Spring,2.16,Medium,1,1.3
Bath Beach,Flatlands,14,Sunday,1,Spring,2.29,Low,1,1.0
Bedford-Stuyvesant,Kensington,23,Friday,0,Winter,1.63,Low,1,1.0
Murray Hill,Bedford-Stuyvesant,11,Friday,0,Spring,0.83,Low,2,1.0
Murray Hill,Midtown,20,Monday,0,Spring,1.34,Medium,4,1.3
Harlem,Crown Heights,15,Tuesday,0,Spring,3.52,Low,1,1.0
Upper West Side,Upper West Side,14,Sunday,1,Winter,4.02,Low,1,1.0
Upper West Side,East Harlem,20,Thursday,0,Spring,1.34,Medium,1,1.3
Chelsea,Kensington,4,Thursday,0,Spring,14.76,Low,1,1.0
East Village,Upper West Side,17,Saturday,1,Spring,6.14,High,1,1.8
Crown Heights,East Harlem,4,Monday,0,Summer,3.54,Low,2,1.0
Clinton Hill,South Slope,19,Saturday,1,Spring,0.84,High,5,1.8
Chinatown,West Village,10,Friday,0,Summer,1.85,Medium,1,1.3
Upper West Side,Bedford-Stuyvesant,13,Friday,0,Summer,1.81,Low,1,1.0
Hell's Kitchen,East Harlem,14,Thursday,0,Summer,1.79,Low,1,1.0
South Slope,West Village,22,Tuesday,0,Winter,1.02,Low,1,1.0
Upper West Side,Clinton Hill,1,Sunday,1,Spring,2.11,Low,1,1.0
Windsor Terrace,South Slope,11,Saturday,1,Winter,5.17,Low,1,1.0
Williamsburg,Murray Hill,0,Saturday,1,Spring,3.81,Low,1,1.0
Park Slope,Upper West Side,4,Thursday,0,Spring,4.39,Low,1,1.0
Clinton Hill,South Slope,12,Friday,0,Winter,1.0,Low,2,1.0
Harlem,Inwood,15,Saturday,1,Spring,6.84,Low,1,1.0
Upper West Side,East Harlem,10,Monday,0,Spring,3.45,Medium,1,1.3
Murray Hill,Upper West Side,21,Tuesday,0,Spring,2.43,Low,4,1.0
Prince's Bay,Tottenville,18,Thursday,0,Winter,24.95,High,1,1.8
Inwood,Harlem,13,Saturday,1,Summer,6.09,Low,1,1.0
South Slope,West Village,0,Wednesday,0,Spring,6.33,Low,2,1.0
Chinatown,Harlem,19,Sunday,1,Summer,0.72,High,2,1.8
Upper West Side,Upper West Side,1,Sunday,1,Winter,2.55,Low,5,1.0
Harlem,East Harlem,15,Saturday,1,Spring,6.79,Low,1,1.0
East Village,East Harlem,18,Tuesday,0,Spring,2.3,High,1,1.8
East Harlem,Harlem,14,Friday,0,Spring,3.75,Low,1,1.0
Upper West Side,Upper West Side,18,Sunday,1,Spring,1.1,High,2,1.8
Grant City,Tottenville,22,Monday,0,Winter,36.01,Low,2,1.0
Arden Heights,Bensonhurst,14,Saturday,1,Winter,11.57,Low,1,1.0
South Slope,East Harlem,16,Saturday,1,Summer,4.77,Medium,1,1.3
East Harlem,Chinatown,22,Saturday,1,Spring,0.97,Low,1,1.0
Bedford-Stuyvesant,Harlem,6,Friday,0,Winter,1.4,Low,2,1.0
Murray Hill,West Village,9,Thursday,0,Spring,1.33,High,1,1.8
Great Kills,Neponsit,13,Thursday,0,Summer,0.81,Low,3,1.0
Crown Heights,Bedford-Stuyvesant,22,Tuesday,0,Spring,3.55,Low,1,1.0
Bedford-Stuyvesant,Fort Greene,2,Saturday,1,Spring,1.78,Low,1,1.0
Upper West Side,Midtown,10,Monday,0,Winter,1.14,Medium,1,1.3
South Slope,Crown Heights,10,Friday,0,Winter,5.23,Medium,3,1.3
Bedford-Stuyvesant,Harlem,23,Monday,0,Winter,1.46,Low,1,1.0
Huguenot,Tottenville,17,Thursday,0,Summer,23.56,High,1,1.8
Murray Hill,Upper West Side,2,Saturday,1,Winter,6.35,Low,1,1.0
Kensington,Upper West Side,11,Saturday,1,Spring,1.28,Low,4,1.0
South Slope,Bedford-Stuyvesant,21,Thursday,0,Summer,1.79,Low,5,1.0
South Slope,Williamsburg,13,Monday,0,Winter,1.04,Low,1,1.0
South Slope,Williamsburg,6,Saturday,1,Winter,1.4,Low,1,1.0
Murray Hill,Clinton Hill,0,Saturday,1,Summer,0.81,Low,1,1.0
Bedford-Stuyvesant,Bedford-Stuyvesant,23,Monday,0,Spring,3.05,Low,1,1.0
Arrochar,Rockaway Beach,10,Thursday,0,Spring,3.47,Medium,1,1.3
Upper West Side,Clinton Hill,14,Tuesday,0,Summer,1.13,Low,2,1.0
East Harlem,Midtown,8,Thursday,0,Spring,1.36,High,1,1.8
South Slope,Bedford-Stuyvesant,13,Saturday,1,Winter,3.83,Low,4,1.0
Park Slope,Williamsburg,0,Saturday,1,Spring,4.88,Low,1,1.0
Kensington,Kensington,20,Monday,0,Spring,2.09,Medium,1,1.3
Prince's Bay,Tottenville,21,Monday,0,Winter,25.95,Low,1,1.0
Upper West Side,West Village,17,Monday,0,Summer,2.43,High,1,1.8
Bedford-Stuyvesant,Harlem,11,Sunday,1,Spring,1.87,Low,1,1.0
Fort Greene,Upper West Side,16,Wednesday,0,Spring,1.78,Medium,1,1.3
Concord,Sheepshead Bay,19,Monday,0,Spring,1.92,High,1,1.8
Hell's Kitchen,East Harlem,0,Monday,0,Winter,1.86,Low,1,1.0
Murray Hill,Harlem,21,Wednesday,0,Spring,7.48,Low,1,1.0
Harlem,Hell's Kitchen,18,Saturday,1,Spring,1.55,High,1,1.8
Upper West Side,Upper West Side,18,Tuesday,0,Spring,8.08,High,5,1.8
Bedford-Stuyvesant,Upper West Side,10,Tuesday,0,Spring,2.13,Medium,1,1.3
Upper West Side,Chinatown,11,Sunday,1,Spring,2.28,Low,1,1.0
Midtown,Upper West Side,21,Wednesday,0,Summer,2.13,Low,1,1.0
South Slope,East Harlem,1,Saturday,1,Summer,1.33,Low,1,1.0
Bedford-Stuyvesant,Midtown,5,Friday,0,Spring,19.63,Low,5,1.0
Midtown,Fort Greene,20,Sunday,1,Spring,3.03,Medium,1,1.3
Upper West Side,Harlem,19,Wednesday,0,Spring,0.92,High,1,1.8
Upper West Side,East Harlem,15,Saturday,1,Spring,0.72,Low,1,1.0
Bedford-Stuyvesant,Upper West Side,16,Tuesday,0,Spring,2.19,Medium,2,1.3
Murray Hill,Hell's Kitchen,13,Saturday,1,Winter,4.52,Low,2,1.0
East Harlem,Crown Heights,9,Thursday,0,Summer,1.53,High,2,1.8
Hell's Kitchen,Midtown,5,Tuesday,0,Winter,2.17,Low,1,1.0
East Harlem,Hell's Kitchen,18,Tuesday,0,Spring,0.6,High,1,1.8
Gravesend,Sheepshead Bay,8,Saturday,1,Winter,3.6,High,4,1.8
Upper West Side,Bedford-Stuyvesant,10,Thursday,0,Spring,6.86,Medium,5,1.3
Upper West Side,Murray Hill,13,Wednesday,0,Spring,0.81,Low,1,1.0
Fort Greene,East Harlem,19,Saturday,1,Winter,4.02,High,1,1.8
Kensington,Harlem,16,Monday,0,Spring,0.4,Medium,1,1.3
Clinton Hill,East Harlem,14,Friday,0,Winter,3.44,Low,1,1.0
West Village,Upper West Side,4,Monday,0,Winter,8.34,Low,1,1.0
East Harlem,Fort Greene,20,Friday,0,Spring,3.85,Medium,1,1.3
Tottenville,Huguenot,18,Friday,0,Summer,24.24,High,1,1.8
Bay Ridge,Dyker Heights,23,Wednesday,0,Summer,1.08,Low,1,1.0
Fort Greene,Crown Heights,23,Monday,0,Spring,1.33,Low,2,1.0
Arden Heights,Sheepshead Bay,15,Friday,0,Summer,11.42,Low,3,1.0
Upper West Side,Bedford-Stuyvesant,12,Saturday,1,Winter,0.73,Low,1,1.0
Murray Hill,Flatbush,1,Saturday,1,Winter,3.8,Low,1,1.0
Williamsburg,East Harlem,22,Sunday,1,Winter,1.28,Low,2,1.0
Bedford-Stuyvesant,Bedford-Stuyvesant,22,Wednesday,0,Spring,2.2,Low,1,1.0
East Harlem,Bedford-Stuyvesant,8,Friday,0,Spring,1.8,High,1,1.8
Upper West Side,Fort Greene,21,Tuesday,0,Summer,2.41,Low,1,1.0
Upper West Side,Upper West Side,7,Tuesday,0,Spring,1.67,Medium,2,1.3
Fort Greene,Chinatown,6,Friday,0,Winter,1.29,Low,1,1.0
Park Slope,Harlem,20,Friday,0,Spring,8.53,Medium,1,1.3
Clinton Hill,Hell's Kitchen,14,Tuesday,0,Spring,3.31,Low,1,1.0
Bedford-Stuyvesant,Hell's Kitchen,20,Tuesday,0,Spring,0.74,Medium,2,1.3
Great Kills,Tottenville,18,Wednesday,0,Winter,26.54,High,2,1.8
Oakwood,Rockaway Beach,12,Monday,0,Spring,10.72,Low,2,1.0
Sheepshead Bay,Concord,0,Wednesday,0,Winter,3.32,Low,1,1.0
Upper West Side,Harlem,18,Friday,0,Spring,2.91,High,1,1.8
Upper West Side,Upper West Side,8,Wednesday,0,Winter,2.68,High,1,1.8
Midwood,Bull's Head,20,Monday,0,Summer,3.27,Medium,1,1.3
Midwood,Concord,15,Sunday,1,Winter,2.31,Low,2,1.0
Hell's Kitchen,Crown Heights,23,Monday,0,Spring,0.31,Low,1,1.0
Upper West Side,South Slope,21,Thursday,0,Spring,1.56,Low,1,1.0
Bedford-Stuyvesant,Upper West Side,16,Wednesday,0,Spring,0.87,Medium,1,1.3
East Harlem,Murray Hill,7,Thursday,0,Spring,0.01,Medium,1,1.3
Crown Heights,East Harlem,21,Thursday,0,Spring,3.1,Low,1,1.0
Upper West Side,East Harlem,19,Tuesday,0,Spring,4.94,High,2,1.8
Midtown,East Harlem,7,Friday,0,Spring,0.92,Medium,1,1.3
Gravesend,Arrochar,12,Monday,0,Winter,5.93,Low,2,1.0
Harlem,Kensington,7,Tuesday,0,Winter,1.37,Medium,1,1.3
Bedford-Stuyvesant,West Village,18,Friday,0,Summer,1.29,High,6,1.8
Hell's Kitchen,East Harlem,6,Friday,0,Summer,7.3,Low,1,1.0
Williamsburg,East Harlem,14,Friday,0,Spring,4.54,Low,1,1.0
Harlem,Bedford-Stuyvesant,17,Monday,0,Spring,1.55,High,1,1.8
East Harlem,East Harlem,10,Friday,0,Winter,3.65,Medium,1,1.3
Williamsburg,Chinatown,15,Monday,0,Spring,0.87,Low,2,1.0
Hell's Kitchen,South Slope,9,Thursday,0,Spring,2.53,High,2,1.8
Stapleton,"Bay Terrace, Staten Island",6,Wednesday,0,Spring,13.01,Low,2,1.0
Rockaway Beach,Bayswater,16,Monday,0,Spring,2.18,Medium,1,1.3
Williamsburg,Harlem,20,Thursday,0,Spring,0.72,Medium,1,1.3
Midtown,East Harlem,16,Wednesday,0,Spring,3.18,Medium,1,1.3
Kensington,Harlem,15,Tuesday,0,Spring,1.49,Low,1,1.0
Flatbush,Bedford-Stuyvesant,17,Monday,0,Winter,4.56,High,1,1.8
Upper West Side,Bedford-Stuyvesant,14,Sunday,1,Winter,1.83,Low,1,1.0
Murray Hill,Hell's Kitchen,7,Friday,0,Spring,2.55,Medium,2,1.3
Bedford-Stuyvesant,Fort Greene,2,Monday,0,Spring,2.7,Low,2,1.0
Harlem,Harlem,22,Monday,0,Winter,1.11,Low,2,1.0
Williamsburg,Harlem,4,Saturday,1,Summer,9.56,Low,1,1.0
Williamsburg,East Harlem,21,Saturday,1,Summer,13.54,Low,1,1.0
Murray Hill,Harlem,18,Wednesday,0,Spring,6.29,High,2,1.8
Clifton,Sheepshead Bay,21,Tuesday,0,Spring,3.83,Low,1,1.0
Hell's Kitchen,South Slope,18,Thursday,0,Winter,1.47,High,1,1.8
West Village,Bedford-Stuyvesant,3,Sunday,1,Spring,6.35,Low,1,1.0
Upper West Side,Kensington,6,Tuesday,0,Winter,4.64,Low,1,1.0
East Harlem,West Village,22,Saturday,1,Spring,6.64,Low,1,1.0
Upper West Side,West Village,9,Tuesday,0,Spring,2.14,High,1,1.8
Tottenville,Prince's Bay,19,Wednesday,0,Spring,25.9,High,1,1.8
East Harlem,Inwood,15,Saturday,1,Winter,1.52,Low,1,1.0
East Harlem,East Harlem,18,Friday,0,Winter,1.54,High,3,1.8
Flatlands,Bath Beach,13,Friday,0,Summer,2.6,Low,5,1.0
Lower East Side,East Harlem,21,Wednesday,0,Spring,3.49,Low,1,1.0
West Village,Harlem,7,Monday,0,Spring,2.5,Medium,1,1.3
Bedford-Stuyvesant,Park Slope,0,Saturday,1,Winter,2.07,Low,2,1.0
Bedford-Stuyvesant,East Village,19,Wednesday,0,Summer,2.51,High,6,1.8
Hell's Kitchen,East Harlem,20,Saturday,1,Winter,1.28,Medium,3,1.3
Upper West Side,Fort Greene,21,Saturday,1,Winter,0.95,Low,1,1.0
Bedford-Stuyvesant,East Harlem,13,Friday,0,Spring,1.58,Low,1,1.0
Harlem,Bedford-Stuyvesant,12,Friday,0,Spring,1.75,Low,1,1.0
Park Slope,Hell's Kitchen,21,Thursday,0,Spring,2.26,Low,1,1.0
Bedford-Stuyvesant,South Slope,22,Friday,0,Winter,2.34,Low,1,1.0
Crown Heights,Bedford-Stuyvesant,8,Tuesday,0,Spring,2.48,High,1,1.8
Port Richmond,Midwood,7,Thursday,0,Spring,1.75,Medium,1,1.3
Harlem,East Harlem,23,Friday,0,Spring,4.57,Low,1,1.0
Harlem,Chelsea,19,Wednesday,0,Spring,3.31,High,1,1.8
Bedford-Stuyvesant,East Harlem,9,Thursday,0,Spring,1.5,High,1,1.8
Harlem,Bedford-Stuyvesant,14,Wednesday,0,Winter,3.34,Low,1,1.0
East Harlem,Murray Hill,17,Tuesday,0,Spring,2.48,High,1,1.8
Bensonhurst,Far Rockaway,15,Thursday,0,Spring,7.61,Low,1,1.0
Harlem,West Village,18,Tuesday,0,Spring,3.84,High,1,1.8
Midtown,Harlem,17,Saturday,1,Winter,2.62,High,2,1.8
Upper West Side,Kensington,12,Sunday,1,Spring,15.76,Low,1,1.0
Harlem,Harlem,18,Saturday,1,Spring,1.28,High,1,1.8
Bedford-Stuyvesant,Bedford-Stuyvesant,20,Saturday,1,Spring,2.2,Medium,2,1.3
Bedford-Stuyvesant,Harlem,23,Tuesday,0,Spring,1.79,Low,1,1.0
West Village,Upper West Side,0,Thursday,0,Summer,2.66,Low,2,1.0
East Harlem,Harlem,14,Sunday,1,Winter,0.57,Low,1,1.0
Inwood,Park Slope,19,Thursday,0,Spring,3.85,High,1,1.8
Tottenville,Huguenot,21,Sunday,1,Spring,25.21,Low,1,1.0
Harlem,Chinatown,12,Sunday,1,Spring,3.2,Low,2,1.0
Williamsburg,South Slope,18,Sunday,1,Spring,7.37,High,2,1.8
Tottenville,Huguenot,13,Saturday,1,Spring,26.36,Low,4,1.0
Upper West Side,Harlem,20,Saturday,1,Spring,9.91,Medium,1,1.3
Upper West Side,Harlem,14,Wednesday,0,Spring,2.06,Low,1,1.0
Midtown,Harlem,9,Thursday,0,Summer,1.94,High,1,1.8
Murray Hill,Bedford-Stuyvesant,19,Thursday,0,Winter,1.61,High,1,1.8
Crown Heights,South Slope,8,Saturday,1,Spring,1.77,High,1,1.8
Flatbush,Midwood,11,Tuesday,0,Winter,0.8,Low,6,1.0
Bedford-Stuyvesant,Fort Greene,6,Wednesday,0,Winter,1.26,Low,1,1.0
Harlem,Harlem,8,Monday,0,Summer,3.01,High,1,1.8
Tottenville,Eltingville,6,Thursday,0,Spring,24.34,Low,1,1.0
Bedford-Stuyvesant,Clinton Hill,15,Friday,0,Winter,2.04,Low,1,1.0
Midwood,Gravesend,14,Saturday,1,Winter,1.63,Low,1,1.0
Midtown,Crown Heights,17,Friday,0,Winter,3.57,High,1,1.8
Upper West Side,Upper West Side,14,Saturday,1,Winter,1.43,Low,1,1.0
Murray Hill,East Harlem,19,Saturday,1,Spring,0.38,High,1,1.8
Bedford-Stuyvesant,Upper West Side,19,Sunday,1,Winter,1.78,High,1,1.8
South Slope,Murray Hill,19,Thursday,0,Winter,7.51,High,1,1.8
West Village,South Slope,7,Wednesday,0,Summer,5.18,Medium,1,1.3
Upper West Side,Harlem,20,Tuesday,0,Spring,4.51,Medium,1,1.3
East Harlem,West Village,10,Thursday,0,Spring,2.32,Medium,1,1.3
Bedford-Stuyvesant,East Harlem,15,Wednesday,0,Winter,1.34,Low,2,1.0
East Harlem,South Slope,13,Friday,0,Summer,2.88,Low,1,1.0
South Slope,Bedford-Stuyvesant,20,Wednesday,0,Winter,7.05,Medium,1,1.3
Dyker Heights,Bensonhurst,1,Friday,0,Spring,3.43,Low,1,1.0
South Slope,Harlem,21,Thursday,0,Winter,1.38,Low,2,1.0
South Slope,Upper West Side,15,Saturday,1,Spring,5.17,Low,1,1.0
South Slope,East Harlem,18,Friday,0,Winter,0.81,High,5,1.8
Flatbush,Upper West Side,3,Sunday,1,Spring,7.74,Low,1,1.0
Tottenville,Arden Heights,22,Friday,0,Summer,5.0,Low,1,1.0
Inwood,Upper West Side,13,Saturday,1,Winter,5.23,Low,2,1.0
Upper West Side,Harlem,20,Monday,0,Spring,1.85,Medium,3,1.3
Harlem,West Village,15,Wednesday,0,Spring,1.49,Low,1,1.0
Tottenville,Huguenot,11,Monday,0,Winter,20.37,Low,1,1.0
Fort Hamilton,Great Kills,7,Thursday,0,Winter,13.23,Medium,2,1.3
Upper West Side,East Village,11,Saturday,1,Winter,1.85,Low,6,1.0
Harlem,Clinton Hill,9,Monday,0,Summer,3.07,High,1,1.8
Concord,Flatbush,18,Saturday,1,Spring,5.79,High,1,1.8
East Harlem,Murray Hill,14,Wednesday,0,Summer,1.76,Low,1,1.0
Sheepshead Bay,Rosebank,5,Monday,0,Winter,0.68,Low,1,1.0
Midtown,Midtown,16,Sunday,1,Spring,2.11,Medium,1,1.3
Bedford-Stuyvesant,Hell's Kitchen,20,Tuesday,0,Spring,6.08,Medium,1,1.3
Bedford-Stuyvesant,Fort Greene,19,Wednesday,0,Spring,9.24,High,1,1.8
Harlem,Harlem,9,Tuesday,0,Winter,1.19,High,2,1.8
Williamsburg,Upper West Side,20,Friday,0,Winter,6.97,Medium,1,1.3
Upper West Side,Murray Hill,18,Tuesday,0,Spring,3.07,High,1,1.8
Bedford-Stuyvesant,East Harlem,22,Tuesday,0,Summer,3.16,Low,1,1.0
Upper West Side,Midtown,22,Monday,0,Summer,1.43,Low,2,1.0
East Harlem,Harlem,14,Monday,0,Summer,3.62,Low,1,1.0
Murray Hill,Midtown,1,Tuesday,0,Summer,1.5,Low,3,1.0
Woodrow,Prince's Bay,16,Monday,0,Winter,24.86,Medium,2,1.3
Clifton,Gravesend,17,Tuesday,0,Spring,1.06,High,1,1.8
Clinton Hill,Park Slope,23,Monday,0,Summer,1.41,Low,1,1.0
Sheepshead Bay,Far Rockaway,8,Tuesday,0,Spring,1.59,High,2,1.8
Bedford-Stuyvesant,Upper West Side,0,Thursday,0,Summer,2.84,Low,3,1.0
West Village,Williamsburg,19,Monday,0,Winter,3.31,High,2,1.8
Williamsburg,South Slope,14,Saturday,1,Spring,4.41,Low,1,1.0
Harlem,East Harlem,1,Wednesday,0,Spring,0.93,Low,1,1.0
West Village,Williamsburg,3,Sunday,1,Spring,7.48,Low,1,1.0
Chinatown,Harlem,23,Wednesday,0,Spring,0.8,Low,2,1.0
South Slope,Upper West Side,20,Saturday,1,Winter,0.68,Medium,1,1.3
Williamsburg,South Slope,17,Saturday,1,Winter,2.11,High,1,1.8
Harlem,East Village,0,Saturday,1,Summer,3.69,Low,2,1.0
Harlem,Kensington,12,Friday,0,Spring,0.81,Low,5,1.0
Gravesend,Arverne,16,Saturday,1,Summer,0.97,Medium,1,1.3
Upper West Side,Inwood,3,Sunday,1,Winter,1.71,Low,1,1.0
Fort Greene,Inwood,22,Monday,0,Winter,1.8,Low,2,1.0
Inwood,East Harlem,3,Thursday,0,Spring,5.59,Low,6,1.0
East Harlem,Midtown,11,Tuesday,0,Spring,3.17,Low,5,1.0
South Slope,Fort Greene,21,Thursday,0,Spring,2.69,Low,1,1.0
Bedford-Stuyvesant,Upper West Side,1,Wednesday,0,Winter,2.23,Low,1,1.0
Harlem,Upper West Side,11,Sunday,1,Spring,1.6,Low,1,1.0
Harlem,Harlem,20,Tuesday,0,Spring,2.84,Medium,1,1.3
Upper West Side,Lower East Side,22,Thursday,0,Spring,2.99,Low,5,1.0
East Harlem,Harlem,12,Thursday,0,Spring,1.23,Low,1,1.0
Harlem,Kensington,22,Tuesday,0,Spring,11.22,Low,1,1.0
Harlem,Clinton Hill,19,Monday,0,Spring,1.62,High,2,1.8
Fort Greene,Upper West Side,18,Friday,0,Spring,1.24,High,3,1.8
Woodrow,Tottenville,11,Saturday,1,Spring,11.17,Low,2,1.0
Fort Greene,Upper West Side,23,Tuesday,0,Winter,2.02,Low,1,1.0
Hell's Kitchen,Hell's Kitchen,11,Wednesday,0,Spring,0.71,Low,2,1.0
Inwood,East Harlem,2,Sunday,1,Spring,2.37,Low,1,1.0
Hell's Kitchen,Harlem,10,Sunday,1,Spring,1.15,Medium,2,1.3
Harlem,Fort Greene,3,Sunday,1,Spring,2.08,Low,1,1.0
Great Kills,Tottenville,14,Tuesday,0,Spring,20.82,Low,1,1.0
East Harlem,East Harlem,13,Wednesday,0,Winter,0.95,Low,1,1.0
Tottenville,Rossville,21,Saturday,1,Spring,25.18,Low,5,1.0
West Village,West Village,6,Saturday,1,Spring,0.0,Low,1,1.0
East Harlem,Lower East Side,13,Thursday,0,Winter,1.64,Low,3,1.0
Murray Hill,Inwood,16,Thursday,0,Spring,2.93,Medium,1,1.3
Kensington,East Harlem,8,Wednesday,0,Winter,0.59,High,1,1.8
Harlem,Hell's Kitchen,13,Monday,0,Spring,2.23,Low,1,1.0
Tompkinsville,Bull's Head,14,Tuesday,0,Winter,1.86,Low,5,1.0
Harlem,South Slope,22,Friday,0,Spring,1.66,Low,1,1.0
Clinton Hill,Upper West Side,13,Saturday,1,Winter,2.0,Low,1,1.0
East Harlem,Fort Greene,9,Saturday,1,Spring,3.21,High,2,1.8
Midtown,East Harlem,12,Sunday,1,Spring,2.26,Low,1,1.0
Harlem,Upper West Side,22,Friday,0,Winter,0.57,Low,1,1.0
Clinton Hill,East Harlem,19,Friday,0,Spring,2.32,High,3,1.8
Upper West Side,Clinton Hill,22,Friday,0,Winter,5.87,Low,3,1.0
Upper West Side,Fort Greene,15,Thursday,0,Winter,1.53,Low,1,1.0
Chelsea,West Village,14,Friday,0,Summer,1.73,Low,2,1.0
Arverne,Edgemere,19,Friday,0,Spring,2.07,High,1,1.8
Williamsburg,Murray Hill,9,Wednesday,0,Spring,1.16,High,1,1.8
Park Slope,Clinton Hill,0,Sunday,1,Winter,2.28,Low,1,1.0
Upper West Side,Bedford-Stuyvesant,21,Tuesday,0,Spring,2.42,Low,1,1.0
Clinton Hill,Bedford-Stuyvesant,0,Wednesday,0,Spring,6.05,Low,6,1.0
Midtown,Bedford-Stuyvesant,0,Sunday,1,Spring,4.09,Low,1,1.0
Tottenville,Woodrow,22,Monday,0,Winter,15.15,Low,1,1.0
"Bay Terrace, Staten Island",Arverne,8,Sunday,1,Spring,9.58,High,2,1.8
South Slope,Harlem,22,Saturday,1,Spring,2.44,Low,1,1.0
Flatlands,Fort Hamilton,15,Saturday,1,Winter,1.9,Low,1,1.0
Great Kills,Canarsie,10,Monday,0,Spring,14.45,Medium,1,1.3
Harlem,West Village,18,Saturday,1,Winter,3.7,High,6,1.8
Crown Heights,West Village,14,Sunday,1,Spring,4.46,Low,1,1.0
Upper West Side,Park Slope,17,Wednesday,0,Spring,1.98,High,1,1.8
East Harlem,Bedford-Stuyvesant,21,Wednesday,0,Winter,1.32,Low,1,1.0
Sheepshead Bay,Fort Hamilton,18,Wednesday,0,Summer,1.41,High,1,1.8
Tottenville,Great Kills,5,Saturday,1,Spring,23.93,Low,2,1.0
Bedford-Stuyvesant,East Harlem,13,Thursday,0,Winter,2.74,Low,1,1.0
East Harlem,Harlem,14,Saturday,1,Spring,1.82,Low,1,1.0
Williamsburg,Chelsea,10,Thursday,0,Summer,1.84,Medium,1,1.3
Murray Hill,South Slope,22,Wednesday,0,Winter,5.31,Low,6,1.0
West Village,East Harlem,16,Thursday,0,Spring,0.23,Medium,1,1.3
Far Rockaway,Midwood,18,Saturday,1,Summer,0.63,High,1,1.8
Harlem,East Village,23,Tuesday,0,Spring,3.69,Low,1,1.0
Greenpoint,Harlem,18,Friday,0,Spring,1.32,High,2,1.8
South Slope,Upper West Side,9,Wednesday,0,Winter,0.53,High,4,1.8
Murray Hill,Upper West Side,12,Tuesday,0,Spring,3.34,Low,2,1.0
Upper West Side,Park Slope,23,Thursday,0,Winter,3.68,Low,6,1.0
East Harlem,Harlem,16,Wednesday,0,Spring,1.68,Medium,2,1.3
Kensington,Midtown,17,Sunday,1,Spring,0.05,High,6,1.8
Midtown,Bedford-Stuyvesant,11,Tuesday,0,Winter,1.3,Low,1,1.0
East Harlem,South Slope,20,Thursday,0,Spring,1.13,Medium,2,1.3
East Village,Park Slope,19,Saturday,1,Spring,1.49,High,3,1.8
East Harlem,Kensington,7,Thursday,0,Spring,1.17,Medium,1,1.3
Tottenville,Tottenville,4,Sunday,1,Summer,28.47,Low,1,1.0
Upper West Side,Crown Heights,2,Sunday,1,Spring,8.55,Low,2,1.0
Upper West Side,Upper West Side,5,Saturday,1,Spring,7.55,Low,1,1.0
Upper West Side,Long Island City,6,Friday,0,Spring,2.52,Low,1,1.0
Tottenville,Great Kills,15,Friday,0,Spring,22.83,Low,1,1.0
Bedford-Stuyvesant,Park Slope,17,Monday,0,Spring,0.84,High,1,1.8
Upper West Side,Harlem,7,Wednesday,0,Winter,4.96,Medium,1,1.3
Park Slope,South Slope,20,Tuesday,0,Winter,1.95,Medium,1,1.3
East Harlem,Harlem,14,Wednesday,0,Summer,3.4,Low,4,1.0
Fort Greene,West Village,7,Tuesday,0,Spring,4.32,Medium,1,1.3
Harlem,East Harlem,18,Tuesday,0,Spring,8.35,High,1,1.8
Fort Hamilton,Sheepshead Bay,17,Sunday,1,Winter,2.31,High,1,1.8
Prince's Bay,Prince's Bay,16,Monday,0,Spring,23.34,Medium,1,1.3
East Harlem,West Village,18,Thursday,0,Spring,0.71,High,1,1.8
Crown Heights,Kensington,2,Saturday,1,Spring,10.41,Low,5,1.0
Chinatown,East Village,19,Wednesday,0,Winter,2.2,High,1,1.8
Midwood,Flatbush,15,Thursday,0,Spring,2.85,Low,1,1.0
East Harlem,East Harlem,13,Monday,0,Spring,1.52,Low,1,1.0
Clinton Hill,Harlem,11,Monday,0,Winter,1.84,Low,1,1.0
East Harlem,Upper West Side,15,Monday,0,Spring,2.38,Low,2,1.0
Bedford-Stuyvesant,Bedford-Stuyvesant,23,Sunday,1,Spring,2.81,Low,1,1.0
Bedford-Stuyvesant,East Harlem,0,Monday,0,Spring,1.33,Low,2,1.0
East Harlem,Bedford-Stuyvesant,10,Thursday,0,Winter,0.91,Medium,5,1.3
Harlem,South Slope,22,Thursday,0,Winter,2.61,Low,6,1.0
Bedford-Stuyvesant,Hell's Kitchen,11,Saturday,1,Spring,0.65,Low,5,1.0
Upper West Side,Bedford-Stuyvesant,4,Sunday,1,Winter,0.6,Low,1,1.0
Harlem,Williamsburg,11,Friday,0,Spring,2.06,Low,1,1.0
Bergen Beach,Midwood,6,Wednesday,0,Winter,0.81,Low,1,1.0
East Harlem,Harlem,11,Tuesday,0,Winter,1.6,Low,1,1.0
East Harlem,Harlem,13,Saturday,1,Spring,1.55,Low,3,1.0
Clinton Hill,Crown Heights,13,Wednesday,0,Spring,4.88,Low,1,1.0
Kensington,West Village,0,Saturday,1,Spring,8.67,Low,3,1.0
Williamsburg,Upper West Side,10,Wednesday,0,Spring,2.12,Medium,1,1.3
Midtown,East Harlem,11,Sunday,1,Spring,2.42,Low,2,1.0
Clinton Hill,Harlem,21,Thursday,0,Spring,4.76,Low,1,1.0
Harlem,Harlem,14,Saturday,1,Winter,0.02,Low,2,1.0
Greenpoint,Upper West Side,9,Wednesday,0,Winter,2.61,High,1,1.8
Harlem,Chinatown,12,Thursday,0,Summer,0.94,Low,1,1.0
Harlem,Chelsea,22,Thursday,0,Spring,2.06,Low,1,1.0
Fort Greene,Kensington,19,Monday,0,Winter,0.9,High,1,1.8
East Harlem,Bedford-Stuyvesant,10,Wednesday,0,Spring,1.29,Medium,1,1.3
St. George,Sheepshead Bay,10,Thursday,0,Spring,3.83,Medium,1,1.3
Williamsburg,East Harlem,22,Friday,0,Summer,3.49,Low,1,1.0
Harlem,Harlem,21,Monday,0,Spring,3.88,Low,2,1.0
Harlem,East Harlem,11,Friday,0,Spring,3.16,Low,1,1.0
Williamsburg,Upper West Side,5,Tuesday,0,Spring,7.67,Low,1,1.0
Upper West Side,East Village,1,Thursday,0,Summer,5.27,Low,1,1.0
East Harlem,East Harlem,5,Saturday,1,Winter,2.98,Low,6,1.0
Clinton Hill,Upper West Side,19,Sunday,1,Summer,3.25,High,1,1.8
Park Slope,South Slope,21,Thursday,0,Spring,5.05,Low,1,1.0
Bedford-Stuyvesant,Harlem,5,Friday,0,Summer,10.06,Low,1,1.0
Bedford-Stuyvesant,Murray Hill,15,Saturday,1,Winter,2.11,Low,5,1.0
Chelsea,Crown Heights,5,Wednesday,0,Winter,7.2,Low,1,1.0
Harlem,Fort Greene,15,Tuesday,0,Spring,2.49,Low,1,1.0
Harlem,East Harlem,21,Thursday,0,Summer,2.65,Low,1,1.0
West Village,Park Slope,23,Saturday,1,Summer,2.34,Low,2,1.0
Park Slope,South Slope,18,Friday,0,Winter,4.63,High,1,1.8
Kensington,Upper West Side,18,Sunday,1,Winter,3.84,High,2,1.8
Harlem,Bedford-Stuyvesant,19,Sunday,1,Spring,1.42,High,1,1.8
West Village,South Slope,12,Tuesday,0,Spring,1.55,Low,1,1.0
Greenpoint,East Harlem,10,Saturday,1,Spring,4.6,Medium,1,1.3
Bedford-Stuyvesant,West Village,7,Thursday,0,Spring,1.04,Medium,1,1.3
Bedford-Stuyvesant,Upper West Side,17,Tuesday,0,Winter,2.83,High,2,1.8
Bedford-Stuyvesant,Harlem,2,Sunday,1,Summer,7.23,Low,5,1.0
Tottenville,Eltingville,23,Sunday,1,Spring,21.52,Low,1,1.0
Murray Hill,Upper West Side,17,Tuesday,0,Spring,2.17,High,1,1.8
Eltingville,Tottenville,13,Sunday,1,Summer,24.03,Low,1,1.0
Harlem,Harlem,9,Tuesday,0,Winter,2.54,High,1,1.8
Upper West Side,Harlem,7,Friday,0,Summer,3.6,Medium,1,1.3
Upper West Side,South Slope,9,Thursday,0,Summer,0.54,High,2,1.8
Kensington,Bedford-Stuyvesant,21,Thursday,0,Spring,8.5,Low,1,1.0
East Harlem,Upper West Side,12,Monday,0,Summer,2.47,Low,3,1.0
Fort Greene,Fort Greene,16,Saturday,1,Spring,2.62,Medium,5,1.3
West Village,Bedford-Stuyvesant,10,Thursday,0,Winter,1.63,Medium,2,1.3
Upper West Side,Clinton Hill,16,Friday,0,Winter,1.03,Medium,1,1.3
East Harlem,West Village,8,Monday,0,Winter,0.73,High,1,1.8
Clinton Hill,Harlem,17,Friday,0,Summer,4.98,High,2,1.8
Arrochar,Sheepshead Bay,17,Thursday,0,Spring,1.0,High,1,1.8
Upper West Side,Williamsburg,22,Saturday,1,Spring,4.03,Low,2,1.0
Harlem,Kensington,8,Thursday,0,Summer,4.78,High,1,1.8
Hell's Kitchen,Upper West Side,19,Saturday,1,Spring,2.47,High,1,1.8
Clinton Hill,Midtown,0,Tuesday,0,Winter,2.51,Low,1,1.0
Fort Greene,Clinton Hill,11,Tuesday,0,Winter,1.05,Low,1,1.0
Fort Greene,Bedford-Stuyvesant,7,Friday,0,Spring,1.53,Medium,1,1.3
Great Kills,Great Kills,9,Sunday,1,Winter,1.64,High,1,1.8
Far Rockaway,Emerson Hill,20,Tuesday,0,Spring,5.5,Medium,2,1.3
Bedford-Stuyvesant,Bedford-Stuyvesant,22,Thursday,0,Spring,1.49,Low,1,1.0
Harlem,Upper West Side,21,Wednesday,0,Winter,2.1,Low,1,1.0
Bedford-Stuyvesant,Bedford-Stuyvesant,2,Saturday,1,Spring,4.48,Low,1,1.0
South Slope,West Village,16,Friday,0,Spring,3.17,Medium,1,1.3
Crown Heights,Murray Hill,21,Saturday,1,Winter,1.38,Low,6,1.0
Gravesend,Midwood,6,Tuesday,0,Summer,3.05,Low,1,1.0
Murray Hill,Harlem,19,Monday,0,Spring,2.27,High,1,1.8
Harlem,East Harlem,9,Tuesday,0,Spring,8.71,High,1,1.8
Harlem,Clinton Hill,10,Friday,0,Spring,1.95,Medium,1,1.3
"Bay Terrace, Staten Island",Bensonhurst,9,Friday,0,Spring,12.7,High,1,1.8
Chinatown,Harlem,10,Friday,0,Spring,3.3,Medium,1,1.3
Clinton Hill,Bedford-Stuyvesant,14,Monday,0,Spring,1.24,Low,1,1.0
Great Kills,Far Rockaway,15,Monday,0,Winter,18.03,Low,1,1.0
Harlem,West Village,21,Tuesday,0,Spring,1.23,Low,1,1.0
Upper West Side,Upper West Side,8,Tuesday,0,Spring,0.78,High,1,1.8
East Harlem,Kensington,23,Tuesday,0,Spring,2.86,Low,1,1.0
East Harlem,Fort Greene,22,Friday,0,Spring,2.86,Low,3,1.0
East Harlem,Greenpoint,15,Sunday,1,Spring,2.34,Low,1,1.0
Harlem,Kensington,11,Friday,0,Spring,13.57,Low,1,1.0
East Harlem,Harlem,14,Wednesday,0,Summer,1.56,Low,1,1.0
Inwood,Harlem,4,Monday,0,Spring,5.5,Low,5,1.0
Bedford-Stuyvesant,Windsor Terrace,17,Sunday,1,Spring,0.53,High,2,1.8
Harlem,Bedford-Stuyvesant,20,Friday,0,Spring,2.84,Medium,6,1.3
Tottenville,Tottenville,20,Wednesday,0,Winter,0.2,Medium,1,1.3
West Village,Upper West Side,7,Thursday,0,Spring,2.16,Medium,2,1.3
Bath Beach,Midwood,21,Wednesday,0,Spring,0.98,Low,3,1.0
Midwood,Sheepshead Bay,1,Sunday,1,Spring,2.52,Low,1,1.0
East Harlem,East Harlem,23,Friday,0,Spring,1.61,Low,1,1.0
Bedford-Stuyvesant,Clinton Hill,16,Friday,0,Winter,1.19,Medium,1,1.3
Bedford-Stuyvesant,Upper West Side,15,Thursday,0,Winter,1.31,Low,1,1.0
Bedford-Stuyvesant,Clinton Hill,12,Wednesday,0,Summer,2.14,Low,4,1.0
Hell's Kitchen,Park Slope,11,Monday,0,Spring,1.23,Low,3,1.0
Bedford-Stuyvesant,Clinton Hill,10,Wednesday,0,Winter,3.24,Medium,1,1.3
Inwood,Chelsea,4,Sunday,1,Summer,3.3,Low,1,1.0
West Village,Upper West Side,23,Wednesday,0,Summer,2.55,Low,2,1.0
Upper West Side,Hell's Kitchen,11,Wednesday,0,Winter,0.86,Low,1,1.0
Tottenville,Eltingville,23,Monday,0,Spring,16.76,Low,2,1.0
Harlem,East Village,18,Wednesday,0,Winter,2.36,High,1,1.8
East Harlem,Park Slope,23,Wednesday,0,Spring,1.37,Low,2,1.0
Clinton Hill,South Slope,13,Saturday,1,Spring,2.37,Low,6,1.0
Harlem,Bedford-Stuyvesant,14,Monday,0,Winter,2.02,Low,6,1.0
Williamsburg,West Village,14,Friday,0,Winter,2.16,Low,1,1.0
Bedford-Stuyvesant,Bedford-Stuyvesant,2,Wednesday,0,Summer,1.54,Low,3,1.0
Williamsburg,Upper West Side,12,Thursday,0,Summer,1.11,Low,2,1.0
Kensington,East Harlem,22,Monday,0,Spring,2.94,Low,1,1.0
Harlem,Harlem,14,Saturday,1,Winter,4.22,Low,2,1.0
East Harlem,Harlem,15,Saturday,1,Spring,1.71,Low,1,1.0
Bedford-Stuyvesant,Murray Hill,20,Friday,0,Summer,0.84,Medium,2,1.3
Bedford-Stuyvesant,Upper West Side,23,Sunday,1,Winter,7.97,Low,1,1.0
Inwood,Bedford-Stuyvesant,5,Wednesday,0,Summer,3.55,Low,1,1.0
East Harlem,Williamsburg,14,Sunday,1,Spring,2.99,Low,1,1.0
Harlem,Harlem,12,Monday,0,Winter,0.95,Low,1,1.0
Tottenville,Great Kills,10,Monday,0,Winter,25.64,Medium,1,1.3
Park Slope,East Harlem,21,Wednesday,0,Spring,2.42,Low,3,1.0
East Harlem,Inwood,7,Friday,0,Spring,1.2,Medium,1,1.3
West Village,Harlem,12,Thursday,0,Spring,3.13,Low,1,1.0
Inwood,Hell's Kitchen,20,Sunday,1,Winter,3.19,Medium,1,1.3
Clinton Hill,Upper West Side,8,Friday,0,Spring,1.94,High,1,1.8
Upper West Side,East Harlem,20,Tuesday,0,Spring,0.71,Medium,1,1.3
Midtown,Upper West Side,21,Monday,0,Spring,3.31,Low,2,1.0
Upper West Side,Murray Hill,9,Friday,0,Winter,2.07,High,1,1.8
Bedford-Stuyvesant,Bedford-Stuyvesant,10,Saturday,1,Winter,4.14,Medium,1,1.3
Harlem,South Slope,22,Thursday,0,Spring,9.28,Low,5,1.0
Williamsburg,Upper West Side,21,Wednesday,0,Spring,2.08,Low,2,1.0
Harlem,Chelsea,18,Thursday,0,Spring,2.1,High,1,1.8
Murray Hill,Harlem,14,Monday,0,Spring,1.45,Low,1,1.0
East Harlem,East Harlem,21,Wednesday,0,Spring,3.95,Low,2,1.0
South Slope,Harlem,8,Thursday,0,Spring,4.06,High,2,1.8
Harlem,East Harlem,15,Friday,0,Winter,2.28,Low,1,1.0
Upper West Side,Chelsea,16,Friday,0,Spring,0.4,Medium,1,1.3
Inwood,Clinton Hill,6,Thursday,0,Spring,1.25,Low,1,1.0
Chinatown,West Village,19,Friday,0,Spring,0.84,High,5,1.8
East Harlem,Upper West Side,18,Friday,0,Spring,3.97,High,2,1.8
East Harlem,Harlem,7,Wednesday,0,Spring,4.89,Medium,1,1.3
East Harlem,Park Slope,14,Saturday,1,Winter,5.1,Low,2,1.0
East Village,Harlem,22,Wednesday,0,Spring,2.9,Low,2,1.0
East Harlem,Murray Hill,17,Thursday,0,Summer,1.56,High,1,1.8
Upper West Side,Murray Hill,14,Thursday,0,Spring,1.54,Low,1,1.0
Greenpoint,Windsor Terrace,13,Wednesday,0,Spring,5.63,Low,1,1.0
East Harlem,Park Slope,19,Thursday,0,Spring,1.94,High,5,1.8
Clinton Hill,Upper West Side,11,Sunday,1,Spring,3.94,Low,1,1.0
South Slope,Harlem,17,Friday,0,Spring,6.57,High,2,1.8
Inwood,Fort Greene,23,Saturday,1,Spring,1.55,Low,1,1.0
Hell's Kitchen,Murray Hill,10,Sunday,1,Spring,1.14,Medium,1,1.3
Park Slope,Park Slope,22,Thursday,0,Spring,3.67,Low,1,1.0
Sheepshead Bay,Sheepshead Bay,12,Wednesday,0,Winter,2.54,Low,1,1.0
Murray Hill,Bedford-Stuyvesant,7,Wednesday,0,Spring,7.77,Medium,3,1.3
Bedford-Stuyvesant,Bedford-Stuyvesant,0,Wednesday,0,Spring,2.88,Low,1,1.0
Fort Greene,Fort Greene,14,Saturday,1,Winter,3.48,Low,1,1.0
South Slope,Hell's Kitchen,13,Thursday,0,Spring,0.15,Low,1,1.0
South Slope,East Harlem,11,Friday,0,Summer,3.04,Low,2,1.0
East Harlem,Williamsburg,11,Wednesday,0,Spring,2.2,Low,3,1.0
West Village,Greenpoint,10,Thursday,0,Spring,1.66,Medium,1,1.3
Upper West Side,Upper West Side,20,Friday,0,Summer,1.56,Medium,2,1.3
East Harlem,Upper West Side,9,Thursday,0,Winter,2.01,High,2,1.8
Bedford-Stuyvesant,East Harlem,9,Wednesday,0,Summer,3.43,High,3,1.8
Harlem,Upper West Side,10,Thursday,0,Spring,0.41,Medium,1,1.3
Upper West Side,Harlem,13,Tuesday,0,Winter,0.73,Low,1,1.0
Upper West Side,East Harlem,15,Monday,0,Winter,2.78,Low,3,1.0
Bedford-Stuyvesant,Fort Greene,20,Monday,0,Spring,2.64,Medium,1,1.3
Bedford-Stuyvesant,Harlem,10,Monday,0,Summer,2.22,Medium,3,1.3
Murray Hill,East Harlem,15,Saturday,1,Winter,0.16,Low,1,1.0
Upper West Side,Bedford-Stuyvesant,22,Saturday,1,Winter,2.96,Low,1,1.0
Fort Greene,East Harlem,10,Sunday,1,Spring,5.99,Medium,1,1.3
Fort Greene,South Slope,23,Thursday,0,Spring,8.96,Low,1,1.0
East Harlem,Chelsea,10,Thursday,0,Winter,6.18,Medium,1,1.3
East Harlem,South Slope,10,Thursday,0,Winter,2.56,Medium,1,1.3
Clinton Hill,West Village,12,Tuesday,0,Spring,3.27,Low,2,1.0
Upper West Side,Chelsea,15,Friday,0,Spring,3.52,Low,1,1.0
Park Slope,Upper West Side,20,Saturday,1,Spring,0.71,Medium,1,1.3
Kensington,Upper West Side,22,Thursday,0,Winter,4.45,Low,1,1.0
Upper West Side,Williamsburg,19,Monday,0,Spring,1.02,High,1,1.8
Bedford-Stuyvesant,Hell's Kitchen,23,Tuesday,0,Winter,13.76,Low,1,1.0
Fort Greene,Harlem,10,Thursday,0,Spring,1.26,Medium,5,1.3
Bayswater,Flatlands,9,Sunday,1,Summer,2.27,High,1,1.8
West Village,West Village,21,Wednesday,0,Spring,1.44,Low,1,1.0
Williamsburg,South Slope,1,Friday,0,Spring,3.45,Low,3,1.0
Midtown,Harlem,21,Friday,0,Spring,2.4,Low,5,1.0
Fort Greene,Midtown,6,Tuesday,0,Spring,1.27,Low,1,1.0
Harlem,Upper West Side,19,Sunday,1,Spring,2.97,High,4,1.8
Upper West Side,East Harlem,19,Saturday,1,Summer,1.09,High,1,1.8
West Village,Hell's Kitchen,21,Tuesday,0,Summer,0.28,Low,1,1.0
West Village,Harlem,18,Sunday,1,Spring,2.33,High,5,1.8
Inwood,Hell's Kitchen,18,Thursday,0,Winter,1.7,High,2,1.8
East Harlem,Park Slope,3,Friday,0,Spring,1.36,Low,1,1.0
Inwood,East Harlem,21,Friday,0,Spring,3.03,Low,1,1.0
Rosebank,Emerson Hill,11,Saturday,1,Winter,1.91,Low,1,1.0
Kensington,East Village,0,Friday,0,Spring,4.87,Low,1,1.0
Hell's Kitchen,Bedford-Stuyvesant,20,Monday,0,Summer,1.19,Medium,2,1.3
Harlem,Upper West Side,17,Saturday,1,Summer,0.82,High,5,1.8
East Harlem,Upper West Side,9,Wednesday,0,Spring,1.68,High,5,1.8
Bedford-Stuyvesant,Kensington,16,Saturday,1,Spring,3.15,Medium,1,1.3
Arverne,Concord,19,Monday,0,Winter,2.07,High,2,1.8
Harlem,Upper West Side,15,Tuesday,0,Spring,1.09,Low,2,1.0
West Village,West Village,5,Thursday,0,Summer,0.68,Low,1,1.0
Williamsburg,Hell's Kitchen,23,Friday,0,Spring,4.01,Low,1,1.0
East Harlem,Clinton Hill,18,Sunday,1,Winter,1.55,High,1,1.8
Harlem,Hell's Kitchen,18,Tuesday,0,Spring,3.73,High,1,1.8
East Harlem,Upper West Side,12,Friday,0,Spring,2.21,Low,1,1.0
Chinatown,Kensington,23,Friday,0,Spring,11.36,Low,1,1.0
Murray Hill,West Village,20,Thursday,0,Summer,0.98,Medium,1,1.3
Tottenville,Tottenville,11,Monday,0,Spring,27.98,Low,1,1.0
West Village,West Village,20,Thursday,0,Winter,1.19,Medium,1,1.3
Hell's Kitchen,Upper West Side,1,Saturday,1,Winter,0.9,Low,1,1.0
Bedford-Stuyvesant,Kensington,0,Friday,0,Spring,17.03,Low,1,1.0
Harlem,Fort Greene,18,Monday,0,Spring,1.72,High,6,1.8
Park Slope,Upper West Side,21,Saturday,1,Spring,0.94,Low,5,1.0
South Slope,Upper West Side,17,Friday,0,Spring,4.76,High,1,1.8
South Slope,Hell's Kitchen,14,Monday,0,Winter,4.28,Low,3,1.0
Woodrow,Tottenville,12,Thursday,0,Spring,23.9,Low,1,1.0
Park Slope,Harlem,1,Thursday,0,Winter,2.87,Low,3,1.0
Tottenville,Tottenville,22,Wednesday,0,Winter,0.0,Low,1,1.0
Bedford-Stuyvesant,East Harlem,20,Friday,0,Winter,2.7,Medium,1,1.3
Clinton Hill,Harlem,20,Saturday,1,Winter,2.02,Medium,2,1.3
Bedford-Stuyvesant,Kensington,5,Tuesday,0,Spring,1.29,Low,1,1.0
Arverne,Bensonhurst,15,Saturday,1,Spring,2.18,Low,1,1.0
East Harlem,Upper West Side,14,Wednesday,0,Spring,2.64,Low,1,1.0
Fort Greene,Williamsburg,8,Friday,0,Spring,0.56,High,2,1.8
East Harlem,Harlem,1,Saturday,1,Spring,1.35,Low,1,1.0
East Harlem,Fort Greene,22,Tuesday,0,Spring,1.29,Low,1,1.0
Fort Greene,Williamsburg,3,Sunday,1,Spring,1.16,Low,1,1.0
East Harlem,South Slope,23,Wednesday,0,Spring,2.7,Low,2,1.0
Bushwick,Midtown,14,Tuesday,0,Spring,7.83,Low,1,1.0
Midtown,Inwood,9,Monday,0,Winter,6.68,High,1,1.8
Upper West Side,Upper West Side,21,Thursday,0,Spring,6.47,Low,4,1.0
Bedford-Stuyvesant,Bedford-Stuyvesant,1,Saturday,1,Winter,1.24,Low,1,1.0
Bedford-Stuyvesant,East Harlem,16,Saturday,1,Spring,0.82,Medium,1,1.3
Upper West Side,West Village,20,Monday,0,Spring,3.54,Medium,1,1.3
East Harlem,Bedford-Stuyvesant,6,Sunday,1,Winter,2.49,Low,1,1.0
Hell's Kitchen,Harlem,22,Monday,0,Winter,7.13,Low,2,1.0
Bedford-Stuyvesant,Upper West Side,6,Saturday,1,Spring,2.31,Low,1,1.0
Harlem,Harlem,21,Friday,0,Summer,2.04,Low,2,1.0
East Harlem,South Slope,20,Thursday,0,Summer,0.85,Medium,2,1.3
West Village,East Harlem,15,Monday,0,Winter,1.3,Low,1,1.0
Upper West Side,Inwood,14,Sunday,1,Spring,3.48,Low,1,1.0
East Village,Hell's Kitchen,22,Monday,0,Spring,10.4,Low,1,1.0
Upper West Side,South Slope,9,Tuesday,0,Spring,1.38,High,1,1.8
Hell's Kitchen,Greenpoint,11,Saturday,1,Winter,2.12,Low,1,1.0
South Slope,Bedford-Stuyvesant,14,Saturday,1,Winter,3.52,Low,1,1.0
Midtown,Williamsburg,18,Thursday,0,Spring,2.43,High,1,1.8
Harlem,Harlem,21,Tuesday,0,Spring,5.24,Low,1,1.0
East Harlem,Park Slope,14,Tuesday,0,Spring,2.84,Low,1,1.0
Bedford-Stuyvesant,East Harlem,13,Monday,0,Spring,3.25,Low,2,1.0
Harlem,Williamsburg,9,Sunday,1,Winter,1.22,High,1,1.8
Harlem,Crown Heights,20,Wednesday,0,Spring,2.15,Medium,1,1.3
Upper West Side,Upper West Side,20,Saturday,1,Spring,1.03,Medium,1,1.3
Upper West Side,East Harlem,8,Friday,0,Winter,1.36,High,1,1.8
Upper West Side,Park Slope,21,Monday,0,Spring,0.96,Low,2,1.0
Crown Heights,Harlem,4,Saturday,1,Summer,12.32,Low,6,1.0
Bedford-Stuyvesant,Crown Heights,16,Friday,0,Spring,2.99,Medium,1,1.3
East Harlem,Bedford-Stuyvesant,23,Sunday,1,Winter,1.45,Low,4,1.0
Clinton Hill,Harlem,22,Tuesday,0,Summer,2.17,Low,1,1.0
Hell's Kitchen,Upper West Side,22,Friday,0,Winter,1.83,Low,2,1.0
Upper West Side,Midtown,11,Tuesday,0,Spring,1.57,Low,1,1.0
Canarsie,Clifton,7,Thursday,0,Winter,1.71,Medium,1,1.3
Upper West Side,Fort Greene,19,Friday,0,Winter,1.39,High,1,1.8
Bushwick,Upper West Side,20,Wednesday,0,Spring,10.31,Medium,6,1.3
Upper West Side,South Slope,7,Thursday,0,Winter,1.6,Medium,1,1.3
Midwood,Borough Park,7,Wednesday,0,Spring,1.82,Medium,1,1.3
Hell's Kitchen,Upper West Side,21,Tuesday,0,Spring,3.18,Low,2,1.0
Harlem,Upper West Side,11,Sunday,1,Winter,4.25,Low,2,1.0
Great Kills,Flatbush,22,Monday,0,Spring,14.52,Low,1,1.0
Crown Heights,Hell's Kitchen,12,Saturday,1,Summer,0.25,Low,1,1.0
Williamsburg,Clinton Hill,11,Wednesday,0,Spring,1.01,Low,1,1.0
Upper West Side,East Harlem,23,Thursday,0,Winter,1.24,Low,6,1.0
Upper West Side,East Harlem,20,Thursday,0,Spring,8.19,Medium,5,1.3
Inwood,Harlem,18,Thursday,0,Winter,4.75,High,2,1.8
Bedford-Stuyvesant,East Harlem,21,Thursday,0,Spring,3.76,Low,2,1.0
Clinton Hill,Harlem,21,Monday,0,Spring,2.14,Low,5,1.0
Williamsburg,Flatbush,19,Thursday,0,Summer,1.62,High,2,1.8
Bedford-Stuyvesant,Crown Heights,8,Friday,0,Spring,1.76,High,1,1.8
Bedford-Stuyvesant,East Harlem,0,Saturday,1,Winter,3.04,Low,4,1.0
Bedford-Stuyvesant,Upper West Side,14,Sunday,1,Spring,3.29,Low,1,1.0
Fort Greene,West Village,23,Monday,0,Summer,1.93,Low,2,1.0
East Harlem,Harlem,17,Monday,0,Summer,4.69,High,1,1.8
Harlem,Chelsea,14,Friday,0,Winter,1.86,Low,2,1.0
Sheepshead Bay,"Bay Terrace, Staten Island",15,Wednesday,0,Spring,11.1,Low,2,1.0
South Slope,Williamsburg,19,Sunday,1,Winter,1.71,High,1,1.8
Williamsburg,Harlem,0,Wednesday,0,Summer,9.57,Low,1,1.0
Upper West Side,Upper West Side,22,Monday,0,Summer,5.31,Low,1,1.0
South Slope,Williamsburg,15,Saturday,1,Spring,3.3,Low,4,1.0
Murray Hill,Harlem,6,Tuesday,0,Spring,1.02,Low,1,1.0
Chinatown,Harlem,4,Saturday,1,Spring,4.2,Low,2,1.0
Midtown,Upper West Side,17,Monday,0,Winter,2.04,High,2,1.8
Fort Greene,Chinatown,16,Wednesday,0,Spring,2.86,Medium,1,1.3
East Harlem,Murray Hill,18,Saturday,1,Spring,3.42,High,6,1.8
Upper West Side,Harlem,8,Monday,0,Winter,3.02,High,2,1.8
Kensington,Bedford-Stuyvesant,17,Sunday,1,Winter,3.31,High,1,1.8
East Harlem,Upper West Side,17,Wednesday,0,Spring,2.47,High,1,1.8
Windsor Terrace,Williamsburg,20,Thursday,0,Winter,2.01,Medium,1,1.3
Flatlands,"Bay Terrace, Staten Island",13,Friday,0,Summer,11.78,Low,1,1.0
Harlem,Harlem,18,Tuesday,0,Winter,5.1,High,1,1.8
Crown Heights,Kensington,21,Thursday,0,Summer,1.35,Low,1,1.0
East Harlem,Upper West Side,13,Monday,0,Winter,4.81,Low,1,1.0
Murray Hill,Chinatown,20,Friday,0,Spring,0.86,Medium,2,1.3
Upper West Side,East Harlem,22,Thursday,0,Summer,1.36,Low,2,1.0
Prince's Bay,Arden Heights,21,Friday,0,Spring,13.09,Low,1,1.0
Harlem,Murray Hill,15,Tuesday,0,Winter,2.94,Low,2,1.0
East Harlem,Harlem,9,Sunday,1,Winter,1.29,High,1,1.8
Upper West Side,Hell's Kitchen,9,Friday,0,Summer,1.26,High,2,1.8
East Harlem,Upper East Side,1,Sunday,1,Spring,1.06,Low,1,1.0
Upper West Side,Hell's Kitchen,19,Thursday,0,Summer,2.4,High,6,1.8
West Village,Crown Heights,8,Sunday,1,Spring,3.3,High,1,1.8
Harlem,Kensington,11,Thursday,0,Winter,1.12,Low,1,1.0
Midtown,Windsor Terrace,12,Monday,0,Summer,4.32,Low,1,1.0
Sheepshead Bay,Concord,10,Thursday,0,Winter,7.08,Medium,1,1.3
Chinatown,Upper West Side,18,Sunday,1,Summer,2.25,High,1,1.8
Tottenville,Huguenot,20,Saturday,1,Winter,17.77,Medium,1,1.3
Bensonhurst,Breezy Point,23,Friday,0,Spring,21.5,Low,1,1.0
Oakwood,Castleton Corners,15,Friday,0,Winter,15.87,Low,1,1.0
Kensington,Bedford-Stuyvesant,11,Saturday,1,Summer,2.17,Low,1,1.0
Upper West Side,East Harlem,17,Wednesday,0,Spring,1.51,High,1,1.8
Hell's Kitchen,Harlem,13,Monday,0,Spring,1.48,Low,1,1.0
Kensington,Bedford-Stuyvesant,10,Thursday,0,Spring,4.82,Medium,6,1.3
Williamsburg,South Slope,21,Tuesday,0,Winter,1.26,Low,1,1.0
Kensington,Bedford-Stuyvesant,16,Thursday,0,Summer,1.89,Medium,1,1.3
Fort Greene,Midtown,23,Monday,0,Spring,28.21,Low,1,1.0
Bedford-Stuyvesant,Harlem,17,Saturday,1,Spring,1.51,High,1,1.8
Harlem,Inwood,12,Wednesday,0,Spring,1.82,Low,1,1.0
Prince's Bay,Prince's Bay,16,Friday,0,Winter,0.0,Medium,1,1.3
East Harlem,South Slope,10,Sunday,1,Spring,3.13,Medium,1,1.3
Clinton Hill,South Slope,15,Wednesday,0,Spring,3.07,Low,1,1.0
East Harlem,Fort Greene,17,Saturday,1,Spring,2.85,High,1,1.8
Harlem,East Harlem,22,Tuesday,0,Spring,4.1,Low,1,1.0
Bedford-Stuyvesant,Bedford-Stuyvesant,3,Friday,0,Spring,5.49,Low,1,1.0
Inwood,Harlem,21,Monday,0,Winter,8.38,Low,1,1.0
East Harlem,Fort Greene,19,Sunday,1,Spring,1.72,High,5,1.8
Clinton Hill,Clinton Hill,11,Wednesday,0,Summer,3.82,Low,6,1.0
Fort Greene,Upper West Side,19,Wednesday,0,Spring,4.84,High,1,1.8
Clinton Hill,Murray Hill,18,Sunday,1,Winter,1.76,High,4,1.8
Upper West Side,South Slope,19,Tuesday,0,Spring,3.92,High,1,1.8
Bedford-Stuyvesant,Harlem,9,Thursday,0,Spring,1.05,High,1,1.8
Hell's Kitchen,Harlem,18,Thursday,0,Spring,1.43,High,1,1.8
Harlem,Inwood,16,Sunday,1,Summer,4.42,Medium,1,1.3
Tottenville,Prince's Bay,23,Thursday,0,Summer,12.79,Low,1,1.0
Park Slope,Harlem,4,Friday,0,Summer,2.99,Low,1,1.0
Williamsburg,East Harlem,19,Thursday,0,Spring,2.33,High,2,1.8
East Harlem,Murray Hill,9,Saturday,1,Spring,3.82,High,1,1.8
Upper West Side,Upper West Side,21,Thursday,0,Spring,6.59,Low,1,1.0
Clinton Hill,Harlem,9,Tuesday,0,Winter,3.04,High,1,1.8
Greenpoint,South Slope,0,Saturday,1,Spring,1.39,Low,1,1.0
Fort Greene,Park Slope,18,Friday,0,Spring,1.83,High,5,1.8
South Slope,Upper West Side,2,Saturday,1,Summer,5.49,Low,1,1.0
Crown Heights,Crown Heights,14,Thursday,0,Winter,2.0,Low,2,1.0
South Slope,Kensington,8,Thursday,0,Spring,1.16,High,1,1.8
Hell's Kitchen,Harlem,10,Friday,0,Spring,3.7,Medium,1,1.3
Bedford-Stuyvesant,Harlem,9,Friday,0,Spring,5.25,High,2,1.8
West Village,Harlem,20,Friday,0,Winter,1.19,Medium,5,1.3
East Harlem,Midtown,16,Friday,0,Spring,1.25,Medium,2,1.3
East Harlem,Williamsburg,17,Thursday,0,Winter,0.61,High,2,1.8
Rockaway Beach,Breezy Point,17,Friday,0,Spring,8.76,High,5,1.8
Fort Greene,Upper West Side,22,Friday,0,Winter,4.7,Low,1,1.0
Park Slope,Harlem,3,Saturday,1,Spring,1.83,Low,2,1.0
Bedford-Stuyvesant,Hell's Kitchen,0,Sunday,1,Spring,1.77,Low,6,1.0
Harlem,Harlem,9,Tuesday,0,Spring,1.53,High,1,1.8
Fort Greene,Crown Heights,16,Thursday,0,Winter,0.14,Medium,1,1.3
Bergen Beach,Fort Hamilton,7,Wednesday,0,Spring,1.81,Medium,1,1.3
Bedford-Stuyvesant,Harlem,4,Sunday,1,Winter,5.92,Low,5,1.0
West Village,Upper West Side,21,Tuesday,0,Spring,1.78,Low,1,1.0
Chinatown,Upper West Side,19,Friday,0,Spring,3.47,High,1,1.8
Park Slope,Park Slope,15,Monday,0,Winter,0.0,Low,5,1.0
Bedford-Stuyvesant,Bedford-Stuyvesant,19,Wednesday,0,Winter,5.2,High,1,1.8
Harlem,East Harlem,20,Tuesday,0,Spring,2.44,Medium,1,1.3
Williamsburg,East Village,20,Tuesday,0,Spring,1.78,Medium,1,1.3
Harlem,Williamsburg,0,Friday,0,Winter,3.68,Low,4,1.0
Crown Heights,Park Slope,23,Thursday,0,Spring,1.35,Low,1,1.0
Arverne,Bensonhurst,12,Sunday,1,Spring,2.88,Low,1,1.0
Bedford-Stuyvesant,Harlem,18,Thursday,0,Spring,0.97,High,1,1.8
Harlem,Park Slope,1,Saturday,1,Spring,0.89,Low,1,1.0
Midwood,Midwood,7,Thursday,0,Winter,2.32,Medium,2,1.3
Fort Greene,Hell's Kitchen,12,Tuesday,0,Winter,1.92,Low,1,1.0
Hell's Kitchen,Midtown,17,Thursday,0,Spring,2.36,High,1,1.8
Great Kills,Tottenville,11,Thursday,0,Spring,24.24,Low,6,1.0
Arden Heights,Gravesend,9,Tuesday,0,Spring,10.04,High,1,1.8
Williamsburg,East Harlem,19,Tuesday,0,Winter,3.46,High,1,1.8
Kensington,South Slope,15,Monday,0,Winter,1.08,Low,4,1.0
Fort Greene,Harlem,4,Saturday,1,Spring,7.65,Low,4,1.0
Todt Hill,Borough Park,11,Tuesday,0,Summer,1.61,Low,1,1.0
Harlem,Clinton Hill,17,Thursday,0,Spring,2.03,High,3,1.8
Hell's Kitchen,West Village,6,Friday,0,Summer,1.31,Low,1,1.0
Bedford-Stuyvesant,Park Slope,22,Sunday,1,Spring,1.47,Low,1,1.0
South Slope,Park Slope,9,Saturday,1,Spring,3.25,High,5,1.8
Midtown,Chelsea,11,Wednesday,0,Winter,1.24,Low,1,1.0
Harlem,Hell's Kitchen,23,Friday,0,Spring,2.24,Low,1,1.0
Inwood,Murray Hill,12,Thursday,0,Spring,1.03,Low,1,1.0
Park Slope,Kensington,22,Monday,0,Summer,1.18,Low,2,1.0
Bedford-Stuyvesant,East Harlem,7,Thursday,0,Summer,3.23,Medium,1,1.3
Flatbush,Harlem,17,Wednesday,0,Spring,2.01,High,1,1.8
Fort Greene,Bedford-Stuyvesant,9,Friday,0,Winter,1.72,High,1,1.8
Harlem,Windsor Terrace,20,Saturday,1,Winter,6.03,Medium,1,1.3
Harlem,Bedford-Stuyvesant,4,Sunday,1,Spring,0.55,Low,1,1.0
Fort Greene,Greenpoint,21,Friday,0,Summer,3.8,Low,1,1.0
Harlem,Chelsea,15,Monday,0,Spring,1.41,Low,1,1.0
Crown Heights,Harlem,8,Friday,0,Winter,4.71,High,1,1.8
Bedford-Stuyvesant,Bedford-Stuyvesant,17,Wednesday,0,Spring,2.34,High,2,1.8
East Harlem,South Slope,10,Wednesday,0,Summer,2.49,Medium,1,1.3
Kensington,Upper West Side,22,Friday,0,Spring,6.76,Low,2,1.0
Harlem,Crown Heights,17,Monday,0,Winter,2.1,High,1,1.8
Williamsburg,Upper West Side,19,Tuesday,0,Winter,1.2,High,5,1.8
Bedford-Stuyvesant,East Harlem,8,Monday,0,Spring,0.67,High,1,1.8
Bedford-Stuyvesant,Harlem,14,Thursday,0,Winter,1.7,Low,1,1.0
Hell's Kitchen,East Harlem,13,Saturday,1,Summer,0.13,Low,1,1.0
Chelsea,Clinton Hill,15,Monday,0,Summer,2.29,Low,2,1.0
Park Slope,Bedford-Stuyvesant,0,Monday,0,Spring,3.62,Low,1,1.0
Bedford-Stuyvesant,Williamsburg,20,Sunday,1,Spring,1.04,Medium,4,1.3
Upper West Side,Harlem,15,Friday,0,Spring,0.72,Low,1,1.0
Park Slope,Chinatown,17,Thursday,0,Spring,0.92,High,1,1.8
West Village,Clinton Hill,11,Tuesday,0,Spring,5.48,Low,2,1.0
Arrochar,Midwood,8,Tuesday,0,Spring,2.93,High,1,1.8
Crown Heights,East Harlem,4,Sunday,1,Spring,8.94,Low,1,1.0
Greenpoint,Upper West Side,16,Wednesday,0,Winter,1.66,Medium,1,1.3
Harlem,West Village,23,Friday,0,Winter,3.91,Low,2,1.0
Tottenville,Eltingville,17,Tuesday,0,Winter,24.82,High,1,1.8
Fort Greene,Kensington,8,Wednesday,0,Spring,9.26,High,1,1.8
Upper West Side,Clinton Hill,6,Saturday,1,Spring,5.79,Low,1,1.0
West Village,Harlem,15,Wednesday,0,Winter,2.07,Low,5,1.0
Tottenville,Great Kills,19,Monday,0,Spring,25.56,High,1,1.8
Clinton Hill,East Harlem,17,Sunday,1,Summer,0.47,High,2,1.8
Upper West Side,Bedford-Stuyvesant,19,Wednesday,0,Winter,6.99,High,6,1.8
Upper West Side,Hell's Kitchen,21,Friday,0,Winter,1.82,Low,2,1.0
Kensington,Kensington,9,Tuesday,0,Winter,0.99,High,1,1.8
Chelsea,Williamsburg,19,Wednesday,0,Winter,3.92,High,1,1.8
East Harlem,Upper West Side,18,Wednesday,0,Spring,3.8,High,1,1.8
Bedford-Stuyvesant,East Harlem,10,Tuesday,0,Winter,2.39,Medium,2,1.3
Rockaway Beach,Midwood,13,Thursday,0,Spring,7.27,Low,1,1.0
Harlem,Midtown,18,Saturday,1,Winter,1.42,High,1,1.8
Flatbush,"Bay Terrace, Staten Island",4,Thursday,0,Spring,13.82,Low,1,1.0
Harlem,Crown Heights,16,Wednesday,0,Spring,1.12,Medium,1,1.3
Upper West Side,Fort Greene,10,Friday,0,Spring,2.5,Medium,6,1.3
East Harlem,Harlem,19,Thursday,0,Spring,3.74,High,1,1.8
Harlem,Williamsburg,15,Sunday,1,Spring,3.97,Low,4,1.0
Harlem,Murray Hill,21,Friday,0,Spring,2.49,Low,1,1.0
Clifton,Fort Hamilton,19,Saturday,1,Spring,1.56,High,2,1.8
Clinton Hill,Midtown,7,Tuesday,0,Spring,1.89,Medium,1,1.3
Bedford-Stuyvesant,Harlem,14,Thursday,0,Spring,1.65,Low,1,1.0
Inwood,Crown Heights,23,Monday,0,Spring,7.35,Low,1,1.0
St. George,Mill Basin,2,Thursday,0,Summer,1.6,Low,1,1.0
Arden Heights,Tompkinsville,18,Tuesday,0,Winter,12.89,High,1,1.8
Williamsburg,Murray Hill,19,Friday,0,Spring,8.97,High,1,1.8
Williamsburg,East Harlem,17,Friday,0,Spring,2.42,High,2,1.8
Chelsea,West Village,9,Wednesday,0,Winter,3.55,High,1,1.8
West Village,Inwood,18,Wednesday,0,Summer,1.48,High,1,1.8
Chinatown,Harlem,11,Thursday,0,Summer,1.16,Low,1,1.0
"Bay Terrace, Staten Island",Bay Ridge,15,Friday,0,Spring,12.74,Low,1,1.0
Sheepshead Bay,"Bay Terrace, Staten Island",23,Saturday,1,Spring,2.07,Low,6,1.0
Inwood,Upper West Side,7,Friday,0,Summer,0.66,Medium,1,1.3
Bath Beach,Shore Acres,20,Monday,0,Spring,0.72,Medium,2,1.3
Bedford-Stuyvesant,Kensington,1,Tuesday,0,Winter,16.78,Low,1,1.0
Chinatown,Hell's Kitchen,14,Thursday,0,Spring,1.35,Low,1,1.0
Bedford-Stuyvesant,Williamsburg,16,Saturday,1,Spring,4.19,Medium,1,1.3
Williamsburg,Park Slope,19,Friday,0,Summer,1.46,High,2,1.8
Upper West Side,Harlem,13,Wednesday,0,Summer,6.05,Low,1,1.0
Murray Hill,Harlem,18,Tuesday,0,Spring,4.19,High,5,1.8
Bedford-Stuyvesant,Crown Heights,9,Sunday,1,Spring,1.49,High,4,1.8
West Village,Kensington,19,Thursday,0,Summer,1.45,High,2,1.8
East Harlem,East Harlem,0,Sunday,1,Spring,0.53,Low,1,1.0
Chinatown,Williamsburg,12,Tuesday,0,Summer,4.75,Low,6,1.0
East Harlem,Chinatown,17,Sunday,1,Winter,1.25,High,3,1.8
Fort Greene,Williamsburg,19,Tuesday,0,Winter,2.28,High,1,1.8
Kensington,Fort Greene,16,Friday,0,Winter,3.67,Medium,3,1.3
Upper West Side,Murray Hill,13,Saturday,1,Spring,2.92,Low,1,1.0
Tottenville,Prince's Bay,8,Sunday,1,Spring,16.87,High,1,1.8
Bedford-Stuyvesant,Clinton Hill,11,Thursday,0,Winter,1.28,Low,1,1.0
South Slope,East Harlem,7,Tuesday,0,Spring,0.8,Medium,1,1.3
Rockaway Beach,Concord,12,Saturday,1,Spring,1.85,Low,1,1.0
Upper West Side,Bedford-Stuyvesant,13,Friday,0,Spring,0.37,Low,1,1.0
West Village,Upper West Side,21,Wednesday,0,Winter,1.92,Low,1,1.0
East Harlem,East Harlem,7,Wednesday,0,Spring,1.02,Medium,1,1.3
Flatlands,Bensonhurst,13,Friday,0,Spring,3.32,Low,1,1.0
Upper West Side,Harlem,7,Tuesday,0,Spring,1.89,Medium,1,1.3
Williamsburg,Harlem,14,Saturday,1,Spring,2.16,Low,6,1.0
Murray Hill,Harlem,9,Thursday,0,Spring,2.5,High,5,1.8
Bedford-Stuyvesant,Clinton Hill,14,Monday,0,Summer,1.49,Low,2,1.0
Harlem,Windsor Terrace,0,Saturday,1,Winter,0.36,Low,1,1.0
Bedford-Stuyvesant,East Harlem,11,Sunday,1,Winter,6.09,Low,1,1.0
Upper West Side,Kensington,12,Tuesday,0,Spring,0.64,Low,1,1.0
Bedford-Stuyvesant,Upper West Side,19,Friday,0,Spring,0.66,High,5,1.8
Harlem,Clinton Hill,11,Monday,0,Winter,1.59,Low,1,1.0
Bedford-Stuyvesant,Harlem,19,Thursday,0,Spring,8.4,High,1,1.8
Kensington,East Harlem,9,Wednesday,0,Spring,1.73,High,1,1.8
Williamsburg,West Village,14,Saturday,1,Winter,4.59,Low,1,1.0
"Bay Terrace, Staten Island",Tottenville,22,Saturday,1,Spring,25.23,Low,3,1.0
East Harlem,Harlem,13,Thursday,0,Spring,1.45,Low,1,1.0
Upper West Side,East Harlem,14,Sunday,1,Spring,2.71,Low,1,1.0
Williamsburg,Kensington,10,Friday,0,Spring,1.43,Medium,1,1.3
Windsor Terrace,Upper West Side,22,Thursday,0,Summer,3.73,Low,1,1.0
Williamsburg,Bedford-Stuyvesant,0,Saturday,1,Winter,6.64,Low,1,1.0
Bedford-Stuyvesant,Upper West Side,7,Monday,0,Spring,3.35,Medium,1,1.3
East Harlem,Inwood,23,Tuesday,0,Spring,0.47,Low,1,1.0
Flatlands,Midwood,9,Tuesday,0,Summer,3.45,High,1,1.8
Midtown,South Slope,16,Friday,0,Winter,2.11,Medium,1,1.3
Oakwood,South Beach,15,Thursday,0,Summer,12.05,Low,1,1.0
Fort Greene,Crown Heights,15,Sunday,1,Spring,3.58,Low,1,1.0
Upper West Side,East Harlem,13,Sunday,1,Winter,1.1,Low,1,1.0
Upper West Side,West Village,10,Wednesday,0,Spring,2.8,Medium,1,1.3
East Harlem,Harlem,15,Saturday,1,Summer,2.43,Low,1,1.0
Murray Hill,Clinton Hill,18,Sunday,1,Spring,0.77,High,4,1.8
West Village,Upper West Side,15,Friday,0,Spring,0.46,Low,1,1.0
Rockaway Beach,Bay Ridge,17,Tuesday,0,Spring,5.15,High,1,1.8
Bedford-Stuyvesant,Bedford-Stuyvesant,15,Sunday,1,Winter,1.87,Low,1,1.0
Upper West Side,Fort Greene,20,Tuesday,0,Spring,5.21,Medium,1,1.3
Hell's Kitchen,Bedford-Stuyvesant,2,Sunday,1,Winter,2.12,Low,1,1.0
Clinton Hill,West Village,21,Tuesday,0,Summer,2.17,Low,1,1.0
Williamsburg,Clinton Hill,17,Saturday,1,Winter,1.08,High,1,1.8
Upper West Side,East Harlem,13,Wednesday,0,Spring,0.72,Low,5,1.0
Harlem,East Harlem,9,Wednesday,0,Spring,1.01,High,1,1.8
Arden Heights,Midwood,14,Tuesday,0,Winter,14.81,Low,6,1.0
Midtown,West Village,23,Wednesday,0,Summer,10.35,Low,1,1.0
Woodrow,Tottenville,9,Wednesday,0,Spring,26.29,High,1,1.8
Upper West Side,Upper West Side,19,Thursday,0,Spring,4.41,High,1,1.8
Upper West Side,Bedford-Stuyvesant,8,Tuesday,0,Spring,1.06,High,1,1.8
Fort Greene,Bedford-Stuyvesant,16,Friday,0,Winter,5.24,Medium,4,1.3
Bedford-Stuyvesant,Upper West Side,14,Sunday,1,Spring,0.68,Low,1,1.0
Hell's Kitchen,Bedford-Stuyvesant,15,Tuesday,0,Winter,1.8,Low,1,1.0
East Harlem,West Village,7,Monday,0,Winter,0.34,Medium,6,1.3
Upper West Side,Bedford-Stuyvesant,22,Friday,0,Spring,4.56,Low,1,1.0
Hell's Kitchen,West Village,2,Sunday,1,Spring,0.73,Low,1,1.0
Greenpoint,South Slope,4,Tuesday,0,Spring,2.12,Low,1,1.0
East Harlem,East Harlem,11,Thursday,0,Spring,5.32,Low,1,1.0
Kensington,East Harlem,0,Saturday,1,Winter,2.65,Low,1,1.0
Upper West Side,East Harlem,16,Friday,0,Winter,1.67,Medium,1,1.3
Huguenot,Great Kills,14,Monday,0,Winter,22.33,Low,1,1.0
Harlem,Upper West Side,14,Wednesday,0,Summer,1.08,Low,2,1.0
Upper West Side,Harlem,7,Monday,0,Spring,2.43,Medium,1,1.3
Harlem,Midtown,15,Monday,0,Summer,2.86,Low,2,1.0
Fort Hamilton,Flatlands,18,Monday,0,Winter,3.61,High,1,1.8
Clinton Hill,Harlem,12,Thursday,0,Spring,0.58,Low,1,1.0
Stapleton,"Bay Terrace, Staten Island",15,Thursday,0,Spring,13.24,Low,1,1.0
Kensington,Murray Hill,7,Monday,0,Winter,0.63,Medium,1,1.3
East Village,East Village,0,Thursday,0,Spring,4.9,Low,1,1.0
East Harlem,Bedford-Stuyvesant,16,Saturday,1,Summer,0.81,Medium,2,1.3
Williamsburg,Bedford-Stuyvesant,20,Tuesday,0,Spring,3.77,Medium,2,1.3
Clifton,Clifton,7,Monday,0,Spring,1.21,Medium,1,1.3
Harlem,East Harlem,11,Monday,0,Spring,2.38,Low,1,1.0
South Slope,East Harlem,8,Wednesday,0,Winter,1.8,High,6,1.8
Hell's Kitchen,West Village,23,Sunday,1,Spring,1.94,Low,5,1.0
Sheepshead Bay,Rockaway Beach,13,Friday,0,Winter,4.46,Low,1,1.0
Crown Heights,Midtown,23,Thursday,0,Spring,15.23,Low,1,1.0
Bedford-Stuyvesant,Chinatown,9,Saturday,1,Spring,1.82,High,1,1.8
Windsor Terrace,Upper West Side,3,Sunday,1,Winter,3.68,Low,1,1.0
Midwood,Flatbush,6,Thursday,0,Summer,3.3,Low,4,1.0
Hell's Kitchen,Kensington,14,Thursday,0,Winter,2.72,Low,1,1.0
East Harlem,Harlem,16,Wednesday,0,Spring,4.63,Medium,1,1.3
Upper West Side,Clinton Hill,13,Monday,0,Winter,4.81,Low,1,1.0
Harlem,Kensington,15,Sunday,1,Spring,6.09,Low,1,1.0
Chinatown,East Harlem,20,Monday,0,Spring,4.25,Medium,5,1.3
Harlem,Upper West Side,14,Wednesday,0,Winter,1.08,Low,1,1.0
East Harlem,Harlem,8,Friday,0,Summer,2.99,High,4,1.8
Upper West Side,Harlem,12,Friday,0,Spring,1.7,Low,1,1.0
Hell's Kitchen,Midtown,6,Wednesday,0,Winter,1.11,Low,1,1.0
Lower East Side,East Harlem,9,Friday,0,Spring,2.55,High,1,1.8
Rockaway Beach,Rockaway Beach,8,Wednesday,0,Spring,0.0,High,1,1.8
East Harlem,Harlem,18,Wednesday,0,Winter,1.59,High,1,1.8
Tottenville,Prince's Bay,5,Wednesday,0,Winter,3.36,Low,6,1.0
East Harlem,Kensington,21,Saturday,1,Spring,1.73,Low,3,1.0
Murray Hill,Kensington,16,Friday,0,Winter,0.41,Medium,1,1.3
Hell's Kitchen,Murray Hill,10,Friday,0,Spring,0.81,Medium,1,1.3
Clinton Hill,Park Slope,14,Wednesday,0,Winter,1.87,Low,2,1.0
Harlem,South Slope,21,Friday,0,Spring,4.44,Low,1,1.0
Bedford-Stuyvesant,Harlem,23,Saturday,1,Winter,2.94,Low,1,1.0
Harlem,West Village,1,Sunday,1,Summer,0.77,Low,2,1.0
Harlem,West Village,18,Thursday,0,Winter,1.45,High,1,1.8
Upper West Side,South Slope,18,Saturday,1,Winter,0.86,High,1,1.8
Clinton Hill,Upper West Side,0,Saturday,1,Spring,1.39,Low,1,1.0
Midtown,East Harlem,14,Friday,0,Spring,2.05,Low,1,1.0
Tottenville,Prince's Bay,14,Monday,0,Spring,24.35,Low,1,1.0
Bushwick,South Slope,14,Monday,0,Winter,1.94,Low,5,1.0
Midtown,Crown Heights,21,Wednesday,0,Spring,3.01,Low,1,1.0
Tottenville,Rossville,16,Tuesday,0,Winter,18.34,Medium,1,1.3
Chinatown,Harlem,7,Thursday,0,Spring,1.45,Medium,1,1.3
West Village,Harlem,13,Thursday,0,Winter,1.02,Low,1,1.0
Bath Beach,Midwood,8,Wednesday,0,Spring,4.81,High,1,1.8
Harlem,Murray Hill,18,Tuesday,0,Spring,2.04,High,5,1.8
Kensington,Midtown,23,Thursday,0,Spring,1.8,Low,1,1.0
Concord,Sheepshead Bay,10,Tuesday,0,Winter,1.13,Medium,1,1.3
Sheepshead Bay,Sheepshead Bay,10,Friday,0,Winter,9.18,Medium,5,1.3
Harlem,Bedford-Stuyvesant,0,Saturday,1,Spring,5.88,Low,6,1.0
Upper West Side,Harlem,17,Sunday,1,Winter,2.65,High,1,1.8
Harlem,Fort Greene,5,Friday,0,Spring,1.1,Low,3,1.0
Williamsburg,West Village,21,Thursday,0,Spring,1.71,Low,1,1.0
East Harlem,Murray Hill,0,Monday,0,Spring,0.32,Low,2,1.0
South Beach,Bergen Beach,16,Sunday,1,Spring,3.89,Medium,5,1.3
East Harlem,South Slope,5,Monday,0,Winter,5.71,Low,1,1.0
Tottenville,Great Kills,0,Monday,0,Winter,18.99,Low,1,1.0
Harlem,Harlem,21,Thursday,0,Spring,5.07,Low,1,1.0
Concord,Edgemere,9,Friday,0,Winter,3.01,High,5,1.8
Hell's Kitchen,Fort Greene,18,Wednesday,0,Summer,1.84,High,1,1.8
Eltingville,Tottenville,22,Saturday,1,Winter,20.6,Low,2,1.0
Midwood,Midwood,17,Sunday,1,Winter,2.18,High,1,1.8
Upper West Side,Bedford-Stuyvesant,20,Tuesday,0,Spring,5.61,Medium,1,1.3
Upper West Side,Bedford-Stuyvesant,8,Sunday,1,Spring,11.93,High,1,1.8
East Harlem,Kensington,11,Tuesday,0,Spring,1.14,Low,1,1.0
South Slope,Hell's Kitchen,9,Tuesday,0,Spring,2.23,High,1,1.8
Chinatown,Harlem,6,Friday,0,Spring,1.27,Low,1,1.0
Park Slope,Harlem,11,Saturday,1,Spring,1.29,Low,1,1.0
Harlem,East Harlem,13,Saturday,1,Spring,2.02,Low,2,1.0
Harlem,Kensington,21,Wednesday,0,Spring,9.62,Low,1,1.0
Hell's Kitchen,Harlem,20,Sunday,1,Winter,3.32,Medium,1,1.3
East Harlem,Chelsea,11,Saturday,1,Winter,4.06,Low,2,1.0
Crown Heights,Hell's Kitchen,21,Sunday,1,Spring,2.95,Low,1,1.0
Murray Hill,South Slope,21,Thursday,0,Spring,3.44,Low,6,1.0
Upper West Side,Upper West Side,18,Saturday,1,Summer,2.91,High,1,1.8
Flatlands,East Flatbush,22,Friday,0,Winter,3.92,Low,1,1.0
Harlem,Harlem,2,Sunday,1,Summer,2.77,Low,1,1.0
East Harlem,East Harlem,12,Sunday,1,Winter,6.54,Low,1,1.0
South Slope,Upper West Side,6,Tuesday,0,Winter,1.6,Low,1,1.0
Harlem,South Slope,15,Wednesday,0,Winter,7.52,Low,6,1.0
Park Slope,Bedford-Stuyvesant,21,Saturday,1,Spring,2.8,Low,1,1.0
Crown Heights,Upper West Side,15,Friday,0,Winter,1.48,Low,1,1.0
Bedford-Stuyvesant,West Village,21,Saturday,1,Winter,10.06,Low,5,1.0
South Slope,East Harlem,16,Wednesday,0,Spring,1.28,Medium,1,1.3
South Slope,Murray Hill,14,Tuesday,0,Spring,1.42,Low,1,1.0
South Slope,Inwood,17,Tuesday,0,Winter,4.6,High,1,1.8
Park Slope,East Harlem,20,Thursday,0,Winter,1.67,Medium,1,1.3
Upper West Side,Clinton Hill,13,Saturday,1,Winter,0.97,Low,2,1.0
Bedford-Stuyvesant,East Village,17,Friday,0,Summer,0.48,High,1,1.8
Murray Hill,Inwood,7,Wednesday,0,Spring,3.0,Medium,1,1.3
Kensington,West Village,15,Saturday,1,Spring,2.56,Low,1,1.0
East Harlem,Bedford-Stuyvesant,18,Sunday,1,Spring,1.21,High,1,1.8
Harlem,Harlem,14,Wednesday,0,Summer,5.06,Low,1,1.0
East Harlem,South Slope,15,Saturday,1,Summer,1.57,Low,5,1.0
"Bay Terrace, Staten Island",Gravesend,19,Monday,0,Summer,9.68,High,2,1.8
Chinatown,Chinatown,13,Friday,0,Summer,3.18,Low,1,1.0
New Dorp Beach,Tottenville,15,Saturday,1,Spring,24.92,Low,1,1.0
Tottenville,Arden Heights,14,Thursday,0,Spring,26.37,Low,1,1.0
Bushwick,East Harlem,2,Wednesday,0,Spring,2.26,Low,1,1.0
Bedford-Stuyvesant,East Harlem,17,Friday,0,Spring,1.75,High,1,1.8
Great Kills,Flatbush,10,Friday,0,Spring,11.48,Medium,1,1.3
Upper West Side,West Village,5,Monday,0,Winter,0.78,Low,1,1.0
Bedford-Stuyvesant,Murray Hill,14,Monday,0,Winter,1.67,Low,1,1.0
Harlem,Upper West Side,13,Tuesday,0,Spring,4.49,Low,1,1.0
Harlem,Midtown,22,Sunday,1,Spring,1.31,Low,3,1.0
Great Kills,Tottenville,15,Sunday,1,Spring,24.3,Low,1,1.0
Williamsburg,West Village,0,Saturday,1,Summer,2.85,Low,1,1.0
Sheepshead Bay,Sheepshead Bay,20,Monday,0,Summer,1.95,Medium,1,1.3
Upper West Side,Harlem,13,Sunday,1,Spring,1.68,Low,1,1.0
East Harlem,Kensington,19,Monday,0,Spring,3.42,High,1,1.8
Greenpoint,Chinatown,14,Saturday,1,Spring,6.27,Low,1,1.0
Greenpoint,East Harlem,22,Wednesday,0,Summer,4.44,Low,1,1.0
East Harlem,Park Slope,8,Monday,0,Spring,1.1,High,1,1.8
Harlem,Harlem,19,Monday,0,Winter,1.58,High,1,1.8
Williamsburg,Williamsburg,22,Tuesday,0,Spring,4.84,Low,1,1.0
Upper West Side,South Slope,16,Wednesday,0,Spring,3.65,Medium,6,1.3
South Slope,Williamsburg,0,Saturday,1,Winter,0.54,Low,5,1.0
Upper West Side,East Harlem,19,Friday,0,Winter,2.21,High,1,1.8
Chinatown,Park Slope,12,Saturday,1,Winter,3.63,Low,1,1.0
Upper West Side,Upper West Side,7,Thursday,0,Spring,1.87,Medium,1,1.3
Harlem,Williamsburg,10,Tuesday,0,Winter,2.07,Medium,1,1.3
Bedford-Stuyvesant,East Harlem,5,Thursday,0,Spring,2.0,Low,1,1.0
West Village,Harlem,15,Friday,0,Winter,0.76,Low,2,1.0
Bedford-Stuyvesant,Clinton Hill,11,Sunday,1,Winter,1.13,Low,2,1.0
Harlem,Upper West Side,12,Wednesday,0,Spring,0.76,Low,2,1.0
Upper West Side,Crown Heights,19,Thursday,0,Winter,1.62,High,5,1.8
Park Slope,Harlem,23,Friday,0,Winter,4.58,Low,4,1.0
East Harlem,Chinatown,20,Monday,0,Winter,1.3,Medium,1,1.3
Clinton Hill,Greenpoint,15,Tuesday,0,Spring,1.18,Low,1,1.0
Clinton Hill,Harlem,13,Saturday,1,Spring,1.92,Low,1,1.0
East Village,Fort Greene,19,Sunday,1,Spring,5.47,High,1,1.8
Crown Heights,Upper West Side,6,Monday,0,Winter,2.53,Low,1,1.0
Bedford-Stuyvesant,East Harlem,21,Thursday,0,Spring,2.48,Low,5,1.0
East Harlem,Bedford-Stuyvesant,17,Saturday,1,Winter,1.25,High,5,1.8
Clinton Hill,Upper West Side,21,Wednesday,0,Spring,0.84,Low,2,1.0
Bushwick,East Village,3,Saturday,1,Summer,2.46,Low,1,1.0
Murray Hill,Murray Hill,1,Sunday,1,Spring,1.4,Low,2,1.0
Williamsburg,Clinton Hill,9,Tuesday,0,Spring,3.09,High,1,1.8
Arverne,Arverne,14,Friday,0,Spring,1.06,Low,1,1.0
West Village,Midtown,4,Saturday,1,Spring,6.26,Low,5,1.0
Harlem,East Harlem,16,Wednesday,0,Spring,3.47,Medium,1,1.3
Clinton Hill,Park Slope,11,Saturday,1,Winter,3.47,Low,1,1.0
Borough Park,Gravesend,16,Tuesday,0,Summer,2.69,Medium,3,1.3
Chinatown,Harlem,17,Thursday,0,Spring,3.85,High,4,1.8
"Bay Terrace, Staten Island",Fort Hamilton,20,Wednesday,0,Winter,12.2,Medium,1,1.3
Upper West Side,Hell's Kitchen,21,Thursday,0,Summer,6.68,Low,6,1.0
East Harlem,Williamsburg,16,Saturday,1,Spring,3.37,Medium,6,1.3
Upper West Side,Crown Heights,3,Saturday,1,Summer,0.94,Low,3,1.0
Fort Greene,Crown Heights,9,Sunday,1,Winter,3.46,High,3,1.8
Great Kills,Great Kills,4,Saturday,1,Spring,0.66,Low,1,1.0
Hell's Kitchen,South Slope,21,Wednesday,0,Spring,1.63,Low,1,1.0
West Village,West Village,22,Wednesday,0,Spring,0.0,Low,1,1.0
Hell's Kitchen,Hell's Kitchen,7,Friday,0,Spring,1.39,Medium,1,1.3
Bensonhurst,Flatbush,18,Saturday,1,Winter,2.2,High,2,1.8
Inwood,Midtown,2,Friday,0,Summer,11.18,Low,2,1.0
Westerleigh,Bensonhurst,20,Monday,0,Winter,1.14,Medium,3,1.3
Dyker Heights,Tottenville,22,Tuesday,0,Spring,15.56,Low,6,1.0
Bedford-Stuyvesant,Harlem,10,Friday,0,Spring,1.55,Medium,1,1.3
Bedford-Stuyvesant,Upper West Side,12,Thursday,0,Summer,5.43,Low,1,1.0
Harlem,Harlem,7,Sunday,1,Winter,6.5,Medium,1,1.3
Fort Greene,Murray Hill,7,Friday,0,Winter,1.24,Medium,2,1.3
Chinatown,West Village,22,Friday,0,Spring,2.86,Low,1,1.0
Inwood,Harlem,1,Sunday,1,Winter,10.58,Low,1,1.0
Bedford-Stuyvesant,Midtown,15,Saturday,1,Winter,1.11,Low,1,1.0
Harlem,Chinatown,23,Wednesday,0,Summer,7.98,Low,1,1.0
Harlem,West Village,19,Monday,0,Winter,3.59,High,6,1.8
Murray Hill,Crown Heights,22,Saturday,1,Spring,1.38,Low,1,1.0
Harlem,Chelsea,13,Monday,0,Spring,1.2,Low,1,1.0
Williamsburg,Clinton Hill,12,Friday,0,Winter,1.6,Low,1,1.0
West Village,Fort Greene,19,Sunday,1,Winter,1.81,High,1,1.8
Bedford-Stuyvesant,East Harlem,22,Friday,0,Winter,2.59,Low,2,1.0
East Harlem,Harlem,20,Tuesday,0,Spring,1.23,Medium,2,1.3
Flatlands,Fort Hamilton,9,Tuesday,0,Winter,2.21,High,1,1.8
Harlem,Williamsburg,14,Sunday,1,Spring,2.97,Low,3,1.0
Clinton Hill,Harlem,12,Saturday,1,Spring,1.63,Low,1,1.0
Bedford-Stuyvesant,East Harlem,21,Monday,0,Winter,0.82,Low,1,1.0
Arden Heights,Bay Ridge,20,Wednesday,0,Spring,11.62,Medium,2,1.3
Park Slope,South Slope,1,Friday,0,Spring,3.53,Low,3,1.0
Harlem,East Harlem,9,Friday,0,Winter,2.62,High,1,1.8
Rossville,Bayswater,10,Wednesday,0,Spring,14.39,Medium,1,1.3
Clinton Hill,East Harlem,22,Sunday,1,Winter,1.76,Low,1,1.0
South Beach,Sheepshead Bay,14,Saturday,1,Spring,5.55,Low,1,1.0
Clinton Hill,West Village,15,Saturday,1,Spring,1.01,Low,1,1.0
West Village,Harlem,23,Thursday,0,Winter,2.07,Low,2,1.0
Harlem,Harlem,17,Sunday,1,Summer,4.76,High,1,1.8
Midwood,Midwood,7,Monday,0,Summer,3.08,Medium,1,1.3
Park Slope,Upper West Side,8,Wednesday,0,Spring,0.7,High,1,1.8
Greenpoint,Upper West Side,2,Saturday,1,Spring,2.54,Low,1,1.0
Murray Hill,Hell's Kitchen,15,Friday,0,Spring,2.3,Low,1,1.0
Harlem,Upper West Side,13,Sunday,1,Winter,4.46,Low,2,1.0
South Slope,South Slope,18,Friday,0,Spring,2.0,High,2,1.8
Bedford-Stuyvesant,Chinatown,13,Wednesday,0,Spring,3.31,Low,1,1.0
Sheepshead Bay,Tompkinsville,8,Sunday,1,Winter,1.73,High,1,1.8
"Bay Terrace, Staten Island",Fort Wadsworth,17,Sunday,1,Spring,17.26,High,1,1.8
Upper West Side,Bedford-Stuyvesant,13,Wednesday,0,Spring,2.76,Low,1,1.0
East Harlem,Clinton Hill,10,Tuesday,0,Winter,1.26,Medium,1,1.3
Inwood,West Village,21,Saturday,1,Summer,5.79,Low,1,1.0
Upper West Side,Harlem,21,Thursday,0,Winter,5.93,Low,5,1.0
Midwood,Arverne,17,Friday,0,Winter,2.62,High,1,1.8
"Bay Terrace, Staten Island",Midwood,22,Thursday,0,Winter,12.78,Low,2,1.0
Harlem,Flatbush,17,Sunday,1,Spring,2.01,High,1,1.8
Harlem,Fort Greene,20,Wednesday,0,Spring,0.76,Medium,4,1.3
Bedford-Stuyvesant,Harlem,14,Tuesday,0,Spring,1.84,Low,1,1.0
Upper West Side,Harlem,18,Wednesday,0,Summer,0.42,High,1,1.8
Upper West Side,Harlem,13,Tuesday,0,Summer,2.3,Low,1,1.0
Hell's Kitchen,East Harlem,9,Monday,0,Winter,1.93,High,1,1.8
Harlem,Williamsburg,22,Wednesday,0,Spring,10.22,Low,1,1.0
East Harlem,Midtown,0,Friday,0,Spring,0.86,Low,1,1.0
Crown Heights,Bedford-Stuyvesant,7,Wednesday,0,Winter,1.52,Medium,1,1.3
Crown Heights,Bedford-Stuyvesant,12,Saturday,1,Spring,3.58,Low,1,1.0
Arrochar,Clifton,11,Friday,0,Spring,2.88,Low,2,1.0
Midtown,Upper West Side,19,Monday,0,Winter,1.58,High,1,1.8
Harlem,East Harlem,12,Monday,0,Summer,7.38,Low,1,1.0
East Harlem,Clinton Hill,14,Thursday,0,Winter,8.15,Low,1,1.0
Fort Hamilton,Bensonhurst,6,Friday,0,Spring,0.73,Low,1,1.0
Midtown,Williamsburg,15,Friday,0,Winter,1.59,Low,2,1.0
Upper West Side,Upper West Side,18,Friday,0,Spring,2.33,High,1,1.8
Williamsburg,Murray Hill,10,Saturday,1,Spring,1.05,Medium,1,1.3
Crown Heights,Chinatown,10,Tuesday,0,Summer,0.6,Medium,1,1.3
Clinton Hill,Hell's Kitchen,9,Saturday,1,Summer,2.79,High,2,1.8
Bedford-Stuyvesant,Harlem,11,Sunday,1,Summer,0.9,Low,1,1.0
Flatlands,Arverne,14,Sunday,1,Winter,3.67,Low,1,1.0
Williamsburg,Harlem,19,Sunday,1,Spring,1.34,High,1,1.8
East Harlem,Chelsea,19,Friday,0,Winter,1.71,High,2,1.8
East Harlem,East Harlem,15,Monday,0,Summer,0.82,Low,1,1.0
Rockaway Beach,Brighton Beach,15,Saturday,1,Summer,1.91,Low,1,1.0
South Slope,Fort Greene,14,Friday,0,Summer,0.19,Low,1,1.0
Inwood,East Harlem,8,Tuesday,0,Spring,4.67,High,5,1.8
Upper West Side,Upper West Side,15,Sunday,1,Winter,2.81,Low,1,1.0
Bedford-Stuyvesant,East Harlem,9,Wednesday,0,Winter,1.32,High,1,1.8
Sheepshead Bay,Brighton Beach,17,Wednesday,0,Winter,1.98,High,1,1.8
Upper West Side,Bedford-Stuyvesant,3,Sunday,1,Spring,1.1,Low,4,1.0
Greenpoint,Murray Hill,13,Wednesday,0,Summer,1.88,Low,1,1.0
Shore Acres,Bay Ridge,11,Sunday,1,Summer,1.52,Low,5,1.0
Bedford-Stuyvesant,West Village,3,Saturday,1,Winter,6.28,Low,3,1.0
East Harlem,Fort Greene,21,Tuesday,0,Winter,1.69,Low,5,1.0
Stapleton,Bensonhurst,13,Monday,0,Summer,0.92,Low,1,1.0
Windsor Terrace,East Harlem,18,Saturday,1,Winter,1.68,High,1,1.8
Midtown,Upper West Side,17,Thursday,0,Summer,2.06,High,1,1.8
Williamsburg,Harlem,1,Sunday,1,Spring,2.35,Low,6,1.0
East Harlem,Harlem,19,Tuesday,0,Spring,2.5,High,1,1.8
South Slope,Upper West Side,14,Tuesday,0,Spring,3.21,Low,1,1.0
West Village,Park Slope,22,Friday,0,Spring,1.78,Low,1,1.0
Far Rockaway,"Bay Terrace, Staten Island",13,Sunday,1,Winter,11.32,Low,5,1.0
Bedford-Stuyvesant,West Village,20,Sunday,1,Winter,3.96,Medium,2,1.3
Williamsburg,Upper West Side,21,Sunday,1,Spring,0.85,Low,2,1.0
Bedford-Stuyvesant,Harlem,3,Wednesday,0,Summer,1.07,Low,1,1.0
East Harlem,Harlem,12,Wednesday,0,Spring,0.45,Low,3,1.0
Williamsburg,Bedford-Stuyvesant,20,Saturday,1,Summer,5.75,Medium,3,1.3
Bedford-Stuyvesant,Kensington,8,Monday,0,Winter,1.8,High,1,1.8
Fort Greene,Midtown,11,Thursday,0,Spring,2.18,Low,1,1.0
Park Slope,Midtown,23,Friday,0,Spring,1.23,Low,2,1.0
East Harlem,Midtown,19,Friday,0,Summer,2.13,High,6,1.8
Murray Hill,Fort Greene,23,Wednesday,0,Spring,3.42,Low,3,1.0
Bedford-Stuyvesant,Bedford-Stuyvesant,3,Sunday,1,Spring,3.69,Low,1,1.0
South Slope,Windsor Terrace,19,Monday,0,Spring,2.5,High,1,1.8
Arden Heights,Bay Ridge,23,Wednesday,0,Spring,12.9,Low,1,1.0
East Harlem,East Harlem,8,Friday,0,Spring,3.83,High,1,1.8
Inwood,South Slope,18,Friday,0,Winter,1.44,High,1,1.8
Upper West Side,Harlem,15,Thursday,0,Winter,2.01,Low,1,1.0
South Slope,Bedford-Stuyvesant,7,Wednesday,0,Summer,2.09,Medium,2,1.3
Upper West Side,Midtown,9,Saturday,1,Spring,1.85,High,1,1.8
Bedford-Stuyvesant,Bedford-Stuyvesant,17,Friday,0,Winter,1.88,High,3,1.8
Hell's Kitchen,Upper West Side,0,Sunday,1,Spring,0.76,Low,2,1.0
Upper West Side,Inwood,19,Monday,0,Winter,1.78,High,1,1.8
Harlem,Harlem,9,Wednesday,0,Winter,2.51,High,1,1.8
Bedford-Stuyvesant,Upper West Side,9,Friday,0,Summer,5.47,High,1,1.8
Chinatown,Harlem,21,Monday,0,Summer,6.79,Low,1,1.0
East Harlem,Hell's Kitchen,15,Saturday,1,Spring,1.54,Low,1,1.0
Hell's Kitchen,West Village,19,Monday,0,Spring,2.0,High,2,1.8
Arden Heights,Brighton Beach,4,Tuesday,0,Summer,4.74,Low,1,1.0
Park Slope,Chinatown,17,Tuesday,0,Summer,2.0,High,1,1.8
South Slope,Clinton Hill,4,Saturday,1,Spring,6.63,Low,1,1.0
Kensington,Harlem,19,Saturday,1,Spring,2.71,High,1,1.8
Murray Hill,West Village,15,Friday,0,Spring,1.79,Low,1,1.0
East Harlem,Inwood,21,Thursday,0,Summer,1.97,Low,1,1.0
Upper West Side,Hell's Kitchen,16,Thursday,0,Summer,1.89,Medium,1,1.3
East Harlem,Clinton Hill,8,Friday,0,Summer,1.11,High,1,1.8
East Harlem,Chinatown,17,Friday,0,Winter,1.33,High,1,1.8
East Harlem,Clinton Hill,18,Thursday,0,Summer,2.93,High,1,1.8
Hell's Kitchen,West Village,0,Saturday,1,Spring,1.77,Low,2,1.0
East Harlem,Bedford-Stuyvesant,18,Friday,0,Spring,4.58,High,1,1.8
Fort Greene,Crown Heights,19,Saturday,1,Spring,1.56,High,2,1.8
Midtown,West Village,22,Thursday,0,Spring,1.49,Low,1,1.0
East Harlem,East Harlem,10,Monday,0,Spring,1.09,Medium,1,1.3
"Bay Terrace, Staten Island",Flatlands,10,Monday,0,Spring,12.63,Medium,1,1.3
Graniteville,Bensonhurst,10,Sunday,1,Winter,0.58,Medium,1,1.3
Bedford-Stuyvesant,Upper West Side,14,Monday,0,Spring,0.33,Low,1,1.0
West Village,Murray Hill,17,Sunday,1,Spring,0.8,High,1,1.8
Williamsburg,East Harlem,17,Thursday,0,Winter,2.37,High,1,1.8
Clinton Hill,Harlem,9,Thursday,0,Winter,1.95,High,1,1.8
East Harlem,Bedford-Stuyvesant,22,Thursday,0,Summer,1.85,Low,1,1.0
Lower East Side,Prospect-Lefferts Gardens,14,Saturday,1,Spring,3.17,Low,6,1.0
Midwood,East Flatbush,14,Monday,0,Spring,1.58,Low,1,1.0
Kensington,Williamsburg,16,Sunday,1,Winter,1.41,Medium,2,1.3
Windsor Terrace,Bedford-Stuyvesant,2,Saturday,1,Winter,0.76,Low,4,1.0
Harlem,Upper West Side,8,Tuesday,0,Spring,5.77,High,1,1.8
Upper West Side,Upper West Side,20,Thursday,0,Winter,13.69,Medium,1,1.3
Bedford-Stuyvesant,East Harlem,12,Saturday,1,Spring,4.73,Low,1,1.0
"Bay Terrace, Staten Island",Sheepshead Bay,12,Monday,0,Winter,11.98,Low,4,1.0
Park Slope,West Village,15,Thursday,0,Winter,2.05,Low,1,1.0
Upper West Side,Kensington,21,Thursday,0,Spring,2.85,Low,1,1.0
Fort Greene,Bedford-Stuyvesant,18,Sunday,1,Spring,2.09,High,1,1.8
Arverne,Far Rockaway,16,Tuesday,0,Spring,1.78,Medium,1,1.3
East Village,East Harlem,6,Friday,0,Winter,2.94,Low,1,1.0
South Slope,Bedford-Stuyvesant,18,Saturday,1,Spring,4.18,High,1,1.8
East Harlem,Bedford-Stuyvesant,17,Wednesday,0,Spring,3.57,High,1,1.8
Upper West Side,Harlem,19,Saturday,1,Summer,9.2,High,5,1.8
Clinton Hill,Hell's Kitchen,7,Tuesday,0,Spring,0.78,Medium,2,1.3
Great Kills,Fort Hamilton,16,Sunday,1,Spring,12.49,Medium,1,1.3
Upper West Side,Harlem,8,Sunday,1,Winter,0.62,High,1,1.8
East Harlem,Bedford-Stuyvesant,12,Thursday,0,Spring,0.85,Low,1,1.0
Bedford-Stuyvesant,Upper West Side,22,Saturday,1,Spring,0.93,Low,1,1.0
Hell's Kitchen,East Harlem,18,Tuesday,0,Summer,1.47,High,3,1.8
Bedford-Stuyvesant,South Slope,21,Saturday,1,Winter,6.5,Low,1,1.0
East Harlem,Upper West Side,20,Thursday,0,Winter,0.65,Medium,1,1.3
Upper West Side,Crown Heights,23,Wednesday,0,Summer,3.34,Low,2,1.0
Bedford-Stuyvesant,Upper West Side,22,Monday,0,Winter,1.69,Low,5,1.0
Upper West Side,Williamsburg,14,Sunday,1,Spring,3.38,Low,2,1.0
Hell's Kitchen,West Village,19,Saturday,1,Spring,0.93,High,1,1.8
Harlem,Harlem,21,Tuesday,0,Winter,2.22,Low,5,1.0
South Slope,Crown Heights,12,Friday,0,Spring,1.39,Low,2,1.0
Upper West Side,Fort Greene,19,Thursday,0,Summer,2.48,High,1,1.8
Hell's Kitchen,Park Slope,22,Monday,0,Winter,4.15,Low,1,1.0
Bedford-Stuyvesant,East Harlem,7,Monday,0,Spring,2.6,Medium,1,1.3
Clinton Hill,Harlem,21,Wednesday,0,Spring,2.98,Low,1,1.0
Upper West Side,Harlem,20,Monday,0,Spring,1.97,Medium,5,1.3
Upper West Side,Upper West Side,17,Saturday,1,Spring,4.03,High,1,1.8
Arden Heights,East Flatbush,23,Wednesday,0,Spring,14.42,Low,2,1.0
Tottenville,Eltingville,11,Monday,0,Winter,12.4,Low,1,1.0
Harlem,Fort Greene,19,Saturday,1,Winter,3.14,High,5,1.8
Harlem,Bedford-Stuyvesant,18,Sunday,1,Summer,0.73,High,1,1.8
Harlem,South Slope,19,Tuesday,0,Spring,1.75,High,5,1.8
Bedford-Stuyvesant,Fort Greene,14,Friday,0,Winter,2.12,Low,1,1.0
South Slope,Upper West Side,0,Tuesday,0,Spring,6.76,Low,3,1.0
Bedford-Stuyvesant,East Harlem,2,Saturday,1,Winter,1.63,Low,1,1.0
Murray Hill,Hell's Kitchen,17,Monday,0,Winter,0.82,High,1,1.8
Harlem,Bedford-Stuyvesant,21,Thursday,0,Spring,7.18,Low,1,1.0
Upper West Side,Bedford-Stuyvesant,21,Tuesday,0,Spring,1.26,Low,2,1.0
West Village,Murray Hill,15,Wednesday,0,Spring,4.34,Low,2,1.0
Harlem,Upper West Side,17,Tuesday,0,Spring,0.68,High,1,1.8
Bath Beach,Arden Heights,17,Friday,0,Spring,14.71,High,1,1.8
Upper West Side,Upper West Side,13,Sunday,1,Spring,1.15,Low,1,1.0
East Harlem,South Slope,15,Thursday,0,Spring,1.87,Low,1,1.0
East Harlem,Kensington,20,Friday,0,Summer,3.3,Medium,1,1.3
Midtown,East Harlem,19,Thursday,0,Spring,4.87,High,1,1.8
East Harlem,Harlem,12,Friday,0,Winter,4.7,Low,1,1.0
South Slope,Harlem,9,Wednesday,0,Winter,0.63,High,3,1.8
Inwood,Midtown,16,Tuesday,0,Winter,6.53,Medium,1,1.3
Williamsburg,Harlem,17,Saturday,1,Spring,4.1,High,1,1.8
Harlem,Bedford-Stuyvesant,12,Friday,0,Spring,7.43,Low,1,1.0
Upper West Side,Clinton Hill,7,Friday,0,Spring,1.48,Medium,1,1.3
South Slope,Midtown,0,Friday,0,Spring,5.52,Low,1,1.0
West Village,East Harlem,18,Thursday,0,Winter,1.58,High,1,1.8
Fort Greene,Bedford-Stuyvesant,12,Thursday,0,Spring,2.26,Low,2,1.0
Chinatown,Fort Greene,8,Monday,0,Spring,1.28,High,3,1.8
Harlem,South Slope,13,Monday,0,Spring,1.12,Low,4,1.0
Upper West Side,Chelsea,8,Wednesday,0,Spring,1.11,High,1,1.8
Park Slope,South Slope,3,Sunday,1,Spring,1.96,Low,1,1.0
Park Slope,East Harlem,18,Friday,0,Spring,1.68,High,2,1.8
Fort Greene,Williamsburg,1,Tuesday,0,Winter,0.98,Low,1,1.0
Clinton Hill,Upper West Side,21,Thursday,0,Winter,2.58,Low,1,1.0
Bedford-Stuyvesant,Harlem,6,Saturday,1,Spring,2.04,Low,1,1.0
Harlem,Harlem,12,Sunday,1,Winter,3.33,Low,1,1.0
Bensonhurst,Arverne,13,Friday,0,Spring,3.82,Low,2,1.0
Upper West Side,Harlem,17,Monday,0,Winter,1.07,High,1,1.8
Bedford-Stuyvesant,East Harlem,18,Friday,0,Summer,1.33,High,1,1.8
Hell's Kitchen,Bedford-Stuyvesant,15,Friday,0,Spring,3.14,Low,2,1.0
Clinton Hill,Bedford-Stuyvesant,22,Wednesday,0,Summer,13.95,Low,1,1.0
Upper West Side,Upper West Side,23,Sunday,1,Winter,4.05,Low,1,1.0
Park Slope,Upper West Side,19,Thursday,0,Spring,0.88,High,1,1.8
Murray Hill,Harlem,12,Tuesday,0,Summer,3.04,Low,5,1.0
Williamsburg,Clinton Hill,18,Saturday,1,Winter,0.98,High,3,1.8
Bedford-Stuyvesant,Bedford-Stuyvesant,20,Thursday,0,Summer,1.74,Medium,1,1.3
Hell's Kitchen,Bedford-Stuyvesant,18,Tuesday,0,Winter,1.37,High,1,1.8
Sheepshead Bay,Arverne,11,Monday,0,Summer,2.95,Low,1,1.0
East Harlem,Kensington,15,Monday,0,Winter,1.41,Low,3,1.0
Murray Hill,Park Slope,22,Sunday,1,Spring,3.06,Low,1,1.0
Harlem,East Harlem,17,Monday,0,Spring,9.18,High,1,1.8
Bedford-Stuyvesant,Williamsburg,9,Friday,0,Spring,1.99,High,1,1.8
Upper West Side,Murray Hill,20,Monday,0,Summer,3.3,Medium,3,1.3
Hell's Kitchen,East Harlem,15,Wednesday,0,Winter,1.04,Low,2,1.0
Upper West Side,Park Slope,22,Friday,0,Summer,2.85,Low,1,1.0
Upper West Side,South Slope,7,Wednesday,0,Spring,10.73,Medium,1,1.3
South Slope,Harlem,12,Sunday,1,Summer,5.52,Low,1,1.0
West Village,East Harlem,8,Thursday,0,Winter,3.15,High,1,1.8
Bedford-Stuyvesant,Harlem,14,Wednesday,0,Summer,2.58,Low,5,1.0
East Harlem,East Harlem,15,Friday,0,Spring,3.26,Low,1,1.0
East Harlem,East Harlem,21,Wednesday,0,Spring,1.87,Low,1,1.0
Midwood,Huguenot,2,Wednesday,0,Spring,21.01,Low,1,1.0
Harlem,Midtown,18,Saturday,1,Spring,2.21,High,1,1.8
Hell's Kitchen,East Harlem,23,Tuesday,0,Spring,1.67,Low,1,1.0
Bensonhurst,Randall Manor,19,Thursday,0,Spring,0.62,High,1,1.8
Upper West Side,South Slope,15,Monday,0,Winter,0.78,Low,2,1.0
Upper West Side,Upper West Side,0,Friday,0,Winter,5.7,Low,1,1.0
South Slope,Williamsburg,21,Saturday,1,Spring,3.29,Low,1,1.0
Great Kills,Edgemere,16,Wednesday,0,Summer,16.44,Medium,1,1.3
Tottenville,Great Kills,1,Thursday,0,Winter,23.34,Low,6,1.0
Bedford-Stuyvesant,Chelsea,19,Friday,0,Spring,2.44,High,1,1.8
Windsor Terrace,Upper West Side,19,Saturday,1,Winter,1.43,High,1,1.8
Bedford-Stuyvesant,Upper West Side,22,Thursday,0,Spring,0.98,Low,1,1.0
Upper West Side,Crown Heights,11,Thursday,0,Winter,2.91,Low,1,1.0
Fort Greene,Kensington,13,Wednesday,0,Spring,0.99,Low,1,1.0
Fort Greene,Hell's Kitchen,10,Tuesday,0,Spring,6.38,Medium,1,1.3
Hell's Kitchen,Upper West Side,22,Monday,0,Spring,1.74,Low,5,1.0
West Village,Harlem,15,Saturday,1,Spring,1.84,Low,1,1.0
Clinton Hill,Williamsburg,7,Friday,0,Summer,0.74,Medium,1,1.3
Upper West Side,East Harlem,15,Saturday,1,Spring,1.4,Low,2,1.0
"Bay Terrace, Staten Island",Bath Beach,8,Friday,0,Winter,11.37,High,1,1.8
West Village,Harlem,9,Tuesday,0,Summer,4.12,High,1,1.8
Murray Hill,West Village,16,Saturday,1,Spring,0.73,Medium,5,1.3
Oakwood,Dyker Heights,18,Friday,0,Spring,12.73,High,1,1.8
Crown Heights,East Harlem,8,Thursday,0,Winter,1.67,High,1,1.8
Harlem,Harlem,16,Wednesday,0,Spring,3.32,Medium,1,1.3
Bedford-Stuyvesant,East Harlem,21,Saturday,1,Winter,0.73,Low,1,1.0
Hell's Kitchen,East Harlem,12,Thursday,0,Winter,3.91,Low,1,1.0
Prince's Bay,Eltingville,11,Sunday,1,Winter,11.69,Low,1,1.0
Upper West Side,South Slope,21,Tuesday,0,Spring,7.61,Low,1,1.0
South Slope,Upper West Side,18,Monday,0,Summer,1.81,High,1,1.8
East Harlem,Harlem,9,Wednesday,0,Summer,2.48,High,1,1.8
Upper West Side,Harlem,7,Friday,0,Winter,4.41,Medium,1,1.3
Harlem,West Village,6,Wednesday,0,Winter,3.0,Low,1,1.0
East Harlem,Harlem,13,Sunday,1,Spring,0.62,Low,1,1.0
Bedford-Stuyvesant,Upper West Side,20,Saturday,1,Spring,5.98,Medium,1,1.3
West Village,Fort Greene,19,Wednesday,0,Winter,2.14,High,1,1.8
Grant City,New Dorp Beach,6,Wednesday,0,Summer,12.49,Low,1,1.0
Kensington,Kensington,23,Tuesday,0,Spring,15.42,Low,1,1.0
Bedford-Stuyvesant,Upper West Side,20,Sunday,1,Spring,1.14,Medium,1,1.3
Eltingville,Great Kills,9,Thursday,0,Spring,20.72,High,1,1.8
"Bay Terrace, Staten Island",Sheepshead Bay,22,Tuesday,0,Summer,10.72,Low,1,1.0
Fort Greene,South Slope,1,Sunday,1,Spring,2.2,Low,1,1.0
Harlem,Clinton Hill,11,Friday,0,Spring,3.81,Low,1,1.0
Upper West Side,Kensington,7,Wednesday,0,Summer,3.85,Medium,1,1.3
Great Kills,Sheepshead Bay,8,Wednesday,0,Winter,10.37,High,1,1.8
Upper West Side,Bedford-Stuyvesant,0,Sunday,1,Spring,1.25,Low,1,1.0
Crown Heights,Upper West Side,9,Wednesday,0,Spring,1.68,High,1,1.8
Harlem,Park Slope,9,Monday,0,Spring,4.21,High,5,1.8
Clinton Hill,Crown Heights,14,Monday,0,Spring,1.19,Low,1,1.0
Crown Heights,East Harlem,17,Tuesday,0,Winter,1.93,High,1,1.8
Fort Greene,Harlem,23,Friday,0,Spring,0.98,Low,1,1.0
Harlem,Hell's Kitchen,20,Thursday,0,Spring,2.29,Medium,3,1.3
West Village,West Village,0,Friday,0,Spring,2.88,Low,1,1.0
West Village,Midtown,14,Wednesday,0,Spring,2.56,Low,1,1.0
Midtown,South Slope,23,Sunday,1,Spring,3.32,Low,2,1.0
Bedford-Stuyvesant,Harlem,18,Monday,0,Winter,1.81,High,1,1.8
Hell's Kitchen,South Slope,2,Saturday,1,Spring,0.84,Low,2,1.0
Upper West Side,Hell's Kitchen,8,Thursday,0,Spring,6.9,High,2,1.8
Clinton Hill,East Harlem,14,Wednesday,0,Summer,0.7,Low,1,1.0
Greenpoint,East Harlem,10,Saturday,1,Spring,1.08,Medium,4,1.3
Williamsburg,Murray Hill,9,Saturday,1,Winter,1.96,High,1,1.8
Chinatown,West Village,23,Thursday,0,Winter,1.96,Low,2,1.0
Harlem,Williamsburg,3,Thursday,0,Spring,7.25,Low,1,1.0
West Village,Williamsburg,19,Tuesday,0,Spring,1.46,High,1,1.8
Chinatown,East Harlem,12,Friday,0,Summer,6.94,Low,1,1.0
East Harlem,Park Slope,16,Friday,0,Spring,1.06,Medium,6,1.3
Bedford-Stuyvesant,Harlem,23,Wednesday,0,Spring,4.11,Low,1,1.0
Harlem,Upper West Side,8,Tuesday,0,Spring,4.38,High,1,1.8
Upper West Side,West Village,17,Wednesday,0,Spring,0.85,High,1,1.8
Upper West Side,South Slope,22,Friday,0,Spring,0.73,Low,1,1.0
Fort Hamilton,"Bay Terrace, Staten Island",11,Friday,0,Summer,11.98,Low,5,1.0
East Harlem,Harlem,13,Monday,0,Winter,2.0,Low,1,1.0
Crown Heights,Midtown,17,Wednesday,0,Summer,3.16,High,1,1.8
East Harlem,Upper West Side,23,Friday,0,Winter,5.74,Low,1,1.0
East Harlem,East Harlem,2,Wednesday,0,Summer,8.84,Low,1,1.0
Bedford-Stuyvesant,East Harlem,7,Saturday,1,Spring,2.48,Medium,1,1.3
Harlem,East Harlem,15,Friday,0,Summer,6.86,Low,5,1.0
Upper West Side,Williamsburg,21,Sunday,1,Spring,1.57,Low,1,1.0
Hell's Kitchen,Harlem,21,Friday,0,Winter,1.91,Low,2,1.0
South Slope,Harlem,17,Thursday,0,Summer,1.02,High,5,1.8
Bayswater,Sheepshead Bay,14,Friday,0,Winter,2.12,Low,1,1.0
Crown Heights,East Harlem,7,Thursday,0,Winter,1.62,Medium,1,1.3
Arverne,Arrochar,13,Tuesday,0,Winter,1.09,Low,1,1.0
East Harlem,East Harlem,17,Sunday,1,Spring,2.26,High,1,1.8
Upper West Side,Upper West Side,15,Tuesday,0,Winter,2.19,Low,1,1.0
Midwood,Midwood,11,Sunday,1,Winter,0.71,Low,1,1.0
Flatbush,Park Slope,3,Tuesday,0,Spring,0.83,Low,2,1.0
East Harlem,Harlem,23,Thursday,0,Winter,1.32,Low,1,1.0
Flatbush,Bayswater,9,Sunday,1,Winter,1.79,High,1,1.8
Harlem,East Harlem,17,Saturday,1,Spring,2.36,High,1,1.8
East Harlem,Williamsburg,23,Monday,0,Winter,1.21,Low,1,1.0
Clinton Hill,Harlem,9,Sunday,1,Spring,2.26,High,6,1.8
Bedford-Stuyvesant,Harlem,18,Thursday,0,Winter,2.91,High,1,1.8
Clinton Hill,Upper West Side,7,Thursday,0,Winter,1.7,Medium,1,1.3
Murray Hill,Harlem,13,Sunday,1,Winter,2.78,Low,1,1.0
Park Slope,South Slope,3,Sunday,1,Spring,8.76,Low,2,1.0
Bedford-Stuyvesant,Park Slope,0,Thursday,0,Summer,0.88,Low,1,1.0
Williamsburg,Upper West Side,3,Wednesday,0,Spring,1.44,Low,2,1.0
East Harlem,South Slope,16,Monday,0,Spring,0.7,Medium,5,1.3
Crown Heights,Hell's Kitchen,19,Sunday,1,Spring,3.83,High,1,1.8
East Village,Upper West Side,1,Sunday,1,Summer,2.22,Low,5,1.0
Harlem,West Village,16,Monday,0,Winter,1.88,Medium,2,1.3
Murray Hill,Bedford-Stuyvesant,18,Saturday,1,Spring,4.78,High,1,1.8
Harlem,East Harlem,16,Monday,0,Spring,2.27,Medium,1,1.3
Kensington,Upper West Side,12,Wednesday,0,Spring,2.64,Low,3,1.0
Bedford-Stuyvesant,Upper West Side,19,Sunday,1,Winter,1.02,High,1,1.8
East Village,Upper West Side,17,Sunday,1,Winter,2.62,High,5,1.8
Greenpoint,East Harlem,2,Sunday,1,Winter,2.95,Low,2,1.0
East Harlem,East Harlem,21,Wednesday,0,Spring,2.74,Low,1,1.0
Inwood,Upper West Side,15,Friday,0,Summer,2.95,Low,1,1.0
East Harlem,Harlem,21,Tuesday,0,Spring,2.69,Low,5,1.0
Kensington,Harlem,21,Monday,0,Spring,4.17,Low,4,1.0
Park Slope,Park Slope,3,Sunday,1,Spring,0.72,Low,2,1.0
South Slope,Kensington,7,Tuesday,0,Spring,2.16,Medium,1,1.3
Harlem,Upper West Side,23,Tuesday,0,Spring,2.31,Low,2,1.0
South Slope,East Harlem,21,Wednesday,0,Spring,4.27,Low,1,1.0
Tottenville,Tottenville,14,Monday,0,Spring,0.0,Low,1,1.0
Williamsburg,South Slope,23,Tuesday,0,Spring,0.24,Low,1,1.0
Clinton Hill,Chinatown,3,Saturday,1,Spring,3.6,Low,5,1.0
Fort Greene,Clinton Hill,18,Wednesday,0,Spring,1.46,High,2,1.8
Kensington,West Village,12,Tuesday,0,Winter,3.03,Low,6,1.0
Harlem,South Slope,6,Tuesday,0,Summer,1.49,Low,1,1.0
Sheepshead Bay,Fort Hamilton,18,Sunday,1,Spring,1.38,High,1,1.8
South Slope,Midtown,22,Thursday,0,Spring,5.92,Low,1,1.0
East Harlem,Upper West Side,16,Saturday,1,Winter,3.32,Medium,1,1.3
Bedford-Stuyvesant,Harlem,8,Saturday,1,Winter,1.69,High,1,1.8
Gravesend,Flatlands,6,Thursday,0,Summer,3.74,Low,2,1.0
East Harlem,Upper West Side,17,Friday,0,Summer,1.93,High,1,1.8
Oakwood,Willowbrook,21,Wednesday,0,Summer,15.06,Low,1,1.0
Bedford-Stuyvesant,Harlem,1,Monday,0,Summer,2.07,Low,2,1.0
Far Rockaway,Rosebank,18,Monday,0,Spring,0.91,High,1,1.8
Hell's Kitchen,West Village,17,Monday,0,Winter,9.07,High,1,1.8
Tottenville,Great Kills,0,Monday,0,Winter,7.51,Low,2,1.0
East Harlem,East Harlem,20,Thursday,0,Winter,0.5,Medium,4,1.3
Park Slope,Bedford-Stuyvesant,10,Wednesday,0,Spring,1.0,Medium,1,1.3
East Harlem,East Village,22,Tuesday,0,Spring,1.18,Low,1,1.0
Tottenville,Huguenot,20,Wednesday,0,Spring,24.81,Medium,2,1.3
East Harlem,Upper West Side,23,Sunday,1,Winter,1.87,Low,1,1.0
Williamsburg,Clinton Hill,17,Monday,0,Summer,1.77,High,1,1.8
Harlem,Bedford-Stuyvesant,8,Monday,0,Winter,1.7,High,1,1.8
Upper West Side,West Village,18,Sunday,1,Spring,4.82,High,1,1.8
Clinton Hill,Harlem,13,Monday,0,Spring,2.02,Low,1,1.0
Park Slope,East Village,22,Sunday,1,Spring,1.85,Low,1,1.0
East Harlem,Murray Hill,9,Tuesday,0,Winter,2.55,High,1,1.8
Bedford-Stuyvesant,West Village,17,Sunday,1,Winter,3.22,High,6,1.8
Tottenville,Huguenot,20,Saturday,1,Spring,14.84,Medium,1,1.3
Upper West Side,Harlem,0,Monday,0,Winter,0.98,Low,3,1.0
East Harlem,West Village,11,Thursday,0,Spring,5.68,Low,2,1.0
Hell's Kitchen,Harlem,9,Monday,0,Summer,8.19,High,1,1.8
Upper West Side,Bedford-Stuyvesant,19,Wednesday,0,Spring,2.98,High,1,1.8
Bensonhurst,Midwood,9,Monday,0,Spring,2.38,High,1,1.8
Harlem,South Slope,8,Friday,0,Winter,0.57,High,1,1.8
Tottenville,Eltingville,23,Thursday,0,Summer,24.76,Low,1,1.0
Tottenville,Tottenville,16,Sunday,1,Spring,27.24,Medium,1,1.3
East Harlem,Bedford-Stuyvesant,18,Tuesday,0,Winter,0.66,High,1,1.8
Inwood,South Slope,9,Thursday,0,Winter,0.96,High,1,1.8
Harlem,Upper West Side,10,Saturday,1,Spring,3.93,Medium,1,1.3
Crown Heights,Crown Heights,18,Sunday,1,Spring,1.32,High,1,1.8
Bedford-Stuyvesant,Harlem,19,Wednesday,0,Spring,2.02,High,1,1.8
Flatbush,Gravesend,5,Wednesday,0,Spring,3.72,Low,1,1.0
Fort Greene,Upper West Side,3,Sunday,1,Spring,1.75,Low,1,1.0
Bedford-Stuyvesant,Fort Greene,5,Wednesday,0,Spring,2.91,Low,1,1.0
Upper West Side,Park Slope,1,Sunday,1,Winter,0.7,Low,1,1.0
Harlem,Crown Heights,13,Monday,0,Spring,5.16,Low,1,1.0
Sheepshead Bay,Fort Hamilton,7,Wednesday,0,Spring,6.73,Medium,1,1.3
Bath Beach,Midwood,7,Tuesday,0,Summer,4.29,Medium,1,1.3
Midtown,East Harlem,21,Saturday,1,Spring,1.87,Low,2,1.0
Bedford-Stuyvesant,South Slope,3,Sunday,1,Spring,2.02,Low,1,1.0
Hell's Kitchen,Bedford-Stuyvesant,17,Friday,0,Winter,1.4,High,1,1.8
West Village,Chinatown,1,Saturday,1,Winter,2.11,Low,1,1.0
Bedford-Stuyvesant,Kensington,13,Friday,0,Spring,3.12,Low,1,1.0
Harlem,Harlem,18,Monday,0,Winter,2.33,High,2,1.8
Upper West Side,Harlem,12,Saturday,1,Winter,1.01,Low,1,1.0
Kensington,East Harlem,16,Friday,0,Spring,2.08,Medium,1,1.3
Williamsburg,Fort Greene,7,Monday,0,Spring,1.93,Medium,1,1.3
Murray Hill,Hell's Kitchen,9,Friday,0,Spring,1.88,High,3,1.8
Inwood,Crown Heights,19,Friday,0,Spring,1.68,High,1,1.8
Inwood,East Harlem,21,Tuesday,0,Spring,1.71,Low,2,1.0
Chinatown,West Village,11,Saturday,1,Spring,0.27,Low,1,1.0
Bedford-Stuyvesant,South Slope,20,Friday,0,Winter,2.82,Medium,1,1.3
Fort Greene,Windsor Terrace,10,Wednesday,0,Summer,1.56,Medium,1,1.3
Windsor Terrace,Park Slope,19,Tuesday,0,Spring,1.82,High,1,1.8
South Slope,Inwood,11,Friday,0,Winter,0.46,Low,1,1.0
West Brighton,Concord,6,Tuesday,0,Spring,3.51,Low,1,1.0
Clinton Hill,East Harlem,19,Wednesday,0,Winter,3.69,High,2,1.8
Bedford-Stuyvesant,Clinton Hill,17,Wednesday,0,Summer,4.61,High,1,1.8
Bedford-Stuyvesant,Upper West Side,16,Wednesday,0,Summer,0.91,Medium,2,1.3
East Harlem,Kensington,18,Tuesday,0,Winter,1.33,High,2,1.8
Harlem,Hell's Kitchen,17,Friday,0,Winter,3.09,High,1,1.8
Harlem,Harlem,9,Wednesday,0,Spring,3.51,High,5,1.8
West Village,Bedford-Stuyvesant,14,Monday,0,Spring,0.4,Low,1,1.0
Bedford-Stuyvesant,South Slope,8,Thursday,0,Winter,0.67,High,1,1.8
Fort Hamilton,Fort Hamilton,6,Friday,0,Winter,1.01,Low,1,1.0
Fort Hamilton,Rosebank,9,Tuesday,0,Winter,1.94,High,1,1.8
Harlem,Upper West Side,7,Friday,0,Spring,2.03,Medium,1,1.3
Kensington,East Harlem,14,Friday,0,Spring,1.87,Low,1,1.0
Chelsea,Upper West Side,6,Monday,0,Winter,1.16,Low,1,1.0
Great Kills,Clifton,23,Wednesday,0,Winter,13.48,Low,1,1.0
Hell's Kitchen,Harlem,10,Thursday,0,Winter,2.89,Medium,1,1.3
Upper West Side,Bedford-Stuyvesant,21,Thursday,0,Winter,1.94,Low,1,1.0
Inwood,Harlem,4,Tuesday,0,Summer,13.59,Low,5,1.0
Sheepshead Bay,Bensonhurst,10,Saturday,1,Spring,2.78,Medium,1,1.3
Bedford-Stuyvesant,Harlem,9,Thursday,0,Summer,1.9,High,6,1.8
Williamsburg,East Harlem,16,Friday,0,Spring,1.23,Medium,1,1.3
Great Kills,Bensonhurst,10,Friday,0,Spring,11.97,Medium,2,1.3
Hell's Kitchen,Williamsburg,18,Sunday,1,Spring,2.07,High,6,1.8
Harlem,Clinton Hill,18,Thursday,0,Winter,1.6,High,1,1.8
Harlem,Harlem,19,Thursday,0,Spring,1.65,High,1,1.8
South Slope,Harlem,10,Thursday,0,Spring,4.9,Medium,1,1.3
Upper West Side,West Village,0,Tuesday,0,Spring,4.36,Low,1,1.0
Clinton Hill,East Harlem,17,Saturday,1,Spring,0.99,High,1,1.8
South Slope,Upper West Side,9,Saturday,1,Winter,2.61,High,1,1.8
Chinatown,East Harlem,13,Monday,0,Spring,3.72,Low,1,1.0
Harlem,Harlem,22,Saturday,1,Spring,9.43,Low,1,1.0
Murray Hill,Chelsea,17,Tuesday,0,Winter,4.27,High,1,1.8
East Harlem,East Harlem,19,Tuesday,0,Summer,0.92,High,1,1.8
South Slope,East Harlem,21,Thursday,0,Spring,2.83,Low,1,1.0
East Harlem,Williamsburg,17,Monday,0,Spring,2.1,High,1,1.8
Gravesend,Arden Heights,13,Thursday,0,Summer,15.04,Low,1,1.0
Upper West Side,East Harlem,15,Monday,0,Winter,4.91,Low,6,1.0
Murray Hill,Bedford-Stuyvesant,20,Wednesday,0,Spring,1.53,Medium,2,1.3
Midtown,East Harlem,20,Tuesday,0,Winter,3.03,Medium,1,1.3
Great Kills,Brighton Beach,19,Thursday,0,Winter,1.8,High,2,1.8
Chelsea,Bedford-Stuyvesant,8,Sunday,1,Spring,0.92,High,1,1.8
East Harlem,Clinton Hill,7,Monday,0,Winter,2.65,Medium,1,1.3
Hell's Kitchen,Kensington,9,Friday,0,Spring,8.62,High,1,1.8
Bensonhurst,Fort Hamilton,22,Saturday,1,Spring,1.29,Low,1,1.0
Bedford-Stuyvesant,East Harlem,20,Friday,0,Spring,4.06,Medium,4,1.3
Park Slope,Kensington,8,Tuesday,0,Spring,1.55,High,1,1.8
Clinton Hill,Upper West Side,12,Thursday,0,Summer,6.59,Low,1,1.0
Midland Beach,Great Kills,23,Tuesday,0,Winter,3.29,Low,1,1.0
South Slope,Inwood,20,Thursday,0,Spring,1.74,Medium,1,1.3
East Harlem,East Harlem,21,Thursday,0,Spring,2.44,Low,1,1.0
"Bay Terrace, Staten Island",Fort Hamilton,13,Wednesday,0,Spring,12.57,Low,1,1.0
Bedford-Stuyvesant,Upper West Side,0,Monday,0,Winter,2.13,Low,1,1.0
Inwood,Williamsburg,13,Sunday,1,Winter,1.16,Low,1,1.0
Harlem,South Slope,2,Friday,0,Winter,4.96,Low,3,1.0
Bedford-Stuyvesant,South Slope,20,Saturday,1,Spring,5.17,Medium,1,1.3
"Bay Terrace, Staten Island",Tottenville,17,Sunday,1,Summer,7.43,High,2,1.8
Park Slope,Clinton Hill,6,Tuesday,0,Winter,2.98,Low,1,1.0
Midtown,East Village,19,Saturday,1,Spring,1.4,High,3,1.8
Harlem,Clinton Hill,12,Sunday,1,Spring,3.07,Low,1,1.0
Upper West Side,Murray Hill,8,Monday,0,Spring,0.07,High,1,1.8
West Village,Harlem,1,Sunday,1,Summer,7.46,Low,2,1.0
Bedford-Stuyvesant,Bedford-Stuyvesant,22,Monday,0,Spring,0.68,Low,1,1.0
West Village,East Harlem,18,Friday,0,Winter,0.6,High,1,1.8
Williamsburg,Clinton Hill,8,Wednesday,0,Summer,0.98,High,1,1.8
Upper West Side,Inwood,14,Wednesday,0,Spring,6.32,Low,1,1.0
Hell's Kitchen,Harlem,21,Tuesday,0,Winter,1.87,Low,1,1.0
Upper West Side,Kensington,21,Friday,0,Summer,7.52,Low,2,1.0
Midtown,Hell's Kitchen,16,Saturday,1,Spring,2.06,Medium,6,1.3
Fort Greene,Park Slope,19,Monday,0,Spring,3.39,High,5,1.8
Harlem,Bedford-Stuyvesant,17,Saturday,1,Spring,1.37,High,1,1.8
West Village,Park Slope,21,Thursday,0,Spring,0.6,Low,1,1.0
Arrochar,Sea Gate,22,Sunday,1,Spring,6.43,Low,2,1.0
Harlem,Harlem,14,Wednesday,0,Spring,2.17,Low,1,1.0
Park Slope,Harlem,16,Tuesday,0,Spring,1.7,Medium,1,1.3
South Slope,South Slope,14,Sunday,1,Winter,2.12,Low,2,1.0
Upper West Side,Williamsburg,15,Thursday,0,Winter,1.67,Low,6,1.0
Windsor Terrace,Park Slope,3,Sunday,1,Spring,1.89,Low,1,1.0
Murray Hill,Upper West Side,8,Thursday,0,Spring,3.21,High,1,1.8
Harlem,Upper West Side,20,Thursday,0,Winter,2.27,Medium,2,1.3
Harlem,Clinton Hill,21,Tuesday,0,Summer,7.9,Low,1,1.0
Midtown,Midtown,19,Saturday,1,Spring,2.02,High,1,1.8
Midtown,East Harlem,8,Tuesday,0,Summer,1.7,High,2,1.8
Harlem,Bedford-Stuyvesant,19,Monday,0,Spring,1.77,High,2,1.8
Bedford-Stuyvesant,South Slope,19,Sunday,1,Spring,1.06,High,1,1.8
Arden Heights,Fort Wadsworth,15,Sunday,1,Winter,11.2,Low,2,1.0
Arden Heights,Arverne,21,Thursday,0,Spring,13.05,Low,4,1.0
Harlem,Harlem,8,Tuesday,0,Spring,1.6,High,2,1.8
Harlem,West Village,12,Saturday,1,Spring,0.63,Low,1,1.0
East Harlem,Harlem,10,Tuesday,0,Spring,4.21,Medium,2,1.3
Greenpoint,East Harlem,22,Wednesday,0,Spring,0.66,Low,5,1.0
Bedford-Stuyvesant,East Harlem,20,Thursday,0,Winter,1.78,Medium,1,1.3
Bedford-Stuyvesant,Kensington,9,Tuesday,0,Spring,6.76,High,1,1.8
Upper West Side,Hell's Kitchen,7,Thursday,0,Spring,2.64,Medium,1,1.3
Great Kills,Midwood,22,Thursday,0,Summer,12.76,Low,1,1.0
Upper West Side,Upper West Side,14,Sunday,1,Spring,0.95,Low,1,1.0
South Slope,Williamsburg,12,Friday,0,Spring,1.88,Low,1,1.0
Midtown,Harlem,18,Thursday,0,Spring,3.91,High,1,1.8
Midtown,Bedford-Stuyvesant,16,Saturday,1,Summer,1.67,Medium,1,1.3
Bedford-Stuyvesant,Upper West Side,18,Friday,0,Spring,1.14,High,3,1.8
East Harlem,Bedford-Stuyvesant,10,Thursday,0,Spring,3.93,Medium,1,1.3
Upper West Side,South Slope,7,Thursday,0,Spring,2.48,Medium,1,1.3
Oakwood,Oakwood,20,Wednesday,0,Spring,0.0,Medium,5,1.3
East Harlem,Bedford-Stuyvesant,14,Wednesday,0,Winter,3.44,Low,1,1.0
Upper West Side,East Harlem,13,Saturday,1,Winter,1.35,Low,1,1.0
Harlem,Upper West Side,21,Thursday,0,Spring,2.98,Low,4,1.0
Bedford-Stuyvesant,Hell's Kitchen,23,Thursday,0,Winter,2.58,Low,1,1.0
Bedford-Stuyvesant,East Harlem,12,Friday,0,Winter,1.95,Low,1,1.0
Murray Hill,Clinton Hill,10,Friday,0,Winter,0.76,Medium,5,1.3
West Village,Park Slope,0,Monday,0,Spring,3.38,Low,2,1.0
Hell's Kitchen,Bedford-Stuyvesant,22,Wednesday,0,Spring,7.52,Low,1,1.0
Kensington,Kensington,11,Saturday,1,Winter,2.11,Low,1,1.0
Upper West Side,Upper West Side,20,Friday,0,Spring,1.66,Medium,1,1.3
Upper West Side,Upper West Side,8,Tuesday,0,Spring,2.49,High,1,1.8
Bedford-Stuyvesant,Murray Hill,18,Wednesday,0,Spring,4.22,High,1,1.8
Chelsea,Bedford-Stuyvesant,21,Monday,0,Spring,2.08,Low,1,1.0
South Slope,Clinton Hill,19,Wednesday,0,Spring,4.52,High,1,1.8
Midtown,Clinton Hill,20,Thursday,0,Spring,2.28,Medium,1,1.3
Tottenville,Tottenville,12,Monday,0,Spring,0.0,Low,1,1.0
Great Kills,New Dorp Beach,7,Thursday,0,Summer,0.45,Medium,4,1.3
Fort Greene,Park Slope,1,Thursday,0,Winter,1.63,Low,1,1.0
Harlem,Upper West Side,18,Tuesday,0,Spring,1.75,High,1,1.8
Midtown,East Harlem,9,Wednesday,0,Winter,2.22,High,2,1.8
Upper West Side,West Village,20,Tuesday,0,Winter,1.96,Medium,1,1.3
Sheepshead Bay,Bath Beach,17,Sunday,1,Spring,0.62,High,1,1.8
Upper West Side,Upper West Side,15,Friday,0,Spring,3.8,Low,1,1.0
Bedford-Stuyvesant,East Harlem,14,Sunday,1,Spring,2.1,Low,2,1.0
Harlem,Upper West Side,7,Wednesday,0,Spring,5.89,Medium,1,1.3
South Slope,Fort Greene,23,Friday,0,Winter,4.39,Low,1,1.0
Murray Hill,East Harlem,19,Friday,0,Winter,1.26,High,5,1.8
Chelsea,Murray Hill,17,Saturday,1,Winter,1.99,High,1,1.8
Inwood,Chinatown,9,Wednesday,0,Winter,4.97,High,1,1.8
Upper West Side,East Harlem,20,Wednesday,0,Spring,8.1,Medium,4,1.3
Park Slope,Harlem,0,Saturday,1,Summer,3.39,Low,1,1.0
East Harlem,Bedford-Stuyvesant,12,Wednesday,0,Spring,1.95,Low,1,1.0
Murray Hill,South Slope,17,Sunday,1,Winter,3.0,High,3,1.8
Gravesend,Great Kills,8,Wednesday,0,Spring,11.96,High,1,1.8
Prince's Bay,Prince's Bay,16,Monday,0,Spring,23.77,Medium,2,1.3
Midwood,Concord,17,Sunday,1,Spring,3.18,High,2,1.8
Gravesend,Bay Ridge,15,Monday,0,Spring,6.27,Low,1,1.0
Harlem,Harlem,17,Wednesday,0,Spring,2.52,High,1,1.8
Edgemere,Concord,16,Wednesday,0,Spring,1.65,Medium,2,1.3
Hell's Kitchen,Bedford-Stuyvesant,19,Friday,0,Spring,0.89,High,1,1.8
Kensington,Upper West Side,22,Tuesday,0,Spring,1.73,Low,2,1.0
East Harlem,Bedford-Stuyvesant,23,Saturday,1,Spring,1.71,Low,2,1.0
Bedford-Stuyvesant,West Village,1,Friday,0,Spring,1.11,Low,1,1.0
Bull's Head,Flatlands,21,Friday,0,Winter,2.03,Low,1,1.0
Williamsburg,Kensington,10,Monday,0,Summer,1.72,Medium,1,1.3
Crown Heights,East Harlem,13,Thursday,0,Winter,2.94,Low,1,1.0
Upper West Side,Midtown,18,Tuesday,0,Spring,1.73,High,1,1.8
East Village,Bedford-Stuyvesant,1,Sunday,1,Winter,2.81,Low,1,1.0
Clinton Hill,Crown Heights,9,Monday,0,Spring,1.74,High,1,1.8
Murray Hill,Bedford-Stuyvesant,19,Tuesday,0,Spring,0.85,High,1,1.8
Harlem,Crown Heights,20,Wednesday,0,Spring,1.69,Medium,1,1.3
Murray Hill,Upper West Side,8,Friday,0,Summer,1.99,High,1,1.8
Fort Greene,Clinton Hill,4,Sunday,1,Spring,1.02,Low,1,1.0
South Slope,Bedford-Stuyvesant,23,Sunday,1,Summer,5.61,Low,1,1.0
Flatbush,Bedford-Stuyvesant,21,Saturday,1,Spring,1.69,Low,6,1.0
Chinatown,Clinton Hill,8,Thursday,0,Winter,1.95,High,1,1.8
South Slope,Williamsburg,21,Friday,0,Summer,4.87,Low,4,1.0
Harlem,Bedford-Stuyvesant,15,Wednesday,0,Winter,6.32,Low,1,1.0
Arverne,Edgemere,12,Friday,0,Spring,1.11,Low,5,1.0
Tottenville,Great Kills,16,Wednesday,0,Winter,24.09,Medium,1,1.3
Sheepshead Bay,Arverne,18,Thursday,0,Summer,0.98,High,1,1.8
Bedford-Stuyvesant,Harlem,15,Thursday,0,Summer,0.54,Low,1,1.0
Upper West Side,Fort Greene,15,Tuesday,0,Winter,1.47,Low,1,1.0
Williamsburg,Harlem,11,Saturday,1,Summer,5.24,Low,1,1.0
Hell's Kitchen,East Harlem,20,Tuesday,0,Spring,1.28,Medium,2,1.3
Harlem,Upper West Side,9,Wednesday,0,Spring,2.59,High,1,1.8
Harlem,Kensington,22,Tuesday,0,Winter,3.46,Low,1,1.0
Williamsburg,East Harlem,16,Friday,0,Spring,2.46,Medium,1,1.3
Fort Greene,Harlem,19,Friday,0,Winter,0.99,High,1,1.8
Oakwood,Port Richmond,11,Monday,0,Summer,13.06,Low,5,1.0
Arrochar,Sheepshead Bay,19,Saturday,1,Spring,3.27,High,2,1.8
Upper West Side,Inwood,12,Thursday,0,Spring,3.08,Low,2,1.0
Harlem,Upper West Side,21,Saturday,1,Spring,2.74,Low,2,1.0
Tottenville,Eltingville,0,Tuesday,0,Spring,24.72,Low,3,1.0
East Harlem,Upper West Side,13,Tuesday,0,Spring,2.62,Low,1,1.0
Harlem,Park Slope,18,Saturday,1,Spring,2.7,High,1,1.8
Fort Hamilton,"Bay Terrace, Staten Island",12,Tuesday,0,Spring,15.34,Low,1,1.0
Sheepshead Bay,Far Rockaway,9,Saturday,1,Spring,5.33,High,3,1.8
Upper West Side,East Harlem,19,Tuesday,0,Spring,1.32,High,2,1.8
Bensonhurst,Sheepshead Bay,16,Tuesday,0,Winter,0.83,Medium,1,1.3
Crown Heights,South Slope,21,Tuesday,0,Spring,2.02,Low,1,1.0
Upper West Side,Hell's Kitchen,12,Friday,0,Winter,1.7,Low,1,1.0
South Slope,Harlem,18,Monday,0,Spring,1.16,High,1,1.8
South Slope,Harlem,22,Tuesday,0,Spring,1.2,Low,1,1.0
Midtown,Murray Hill,10,Monday,0,Winter,0.96,Medium,2,1.3
Upper West Side,East Harlem,0,Saturday,1,Spring,4.16,Low,2,1.0
Sheepshead Bay,Far Rockaway,14,Wednesday,0,Winter,0.98,Low,3,1.0
Bedford-Stuyvesant,Williamsburg,18,Friday,0,Summer,1.37,High,1,1.8
Murray Hill,Upper West Side,18,Tuesday,0,Winter,1.79,High,2,1.8
Rockaway Beach,Sheepshead Bay,19,Monday,0,Spring,0.62,High,1,1.8
Harlem,East Harlem,21,Saturday,1,Winter,0.65,Low,1,1.0
Fort Greene,South Slope,21,Saturday,1,Winter,0.75,Low,2,1.0
Inwood,Upper West Side,20,Wednesday,0,Spring,1.33,Medium,2,1.3
Harlem,Murray Hill,23,Friday,0,Winter,1.47,Low,4,1.0
East Harlem,Inwood,14,Friday,0,Spring,5.44,Low,1,1.0
Clinton Hill,Murray Hill,8,Monday,0,Spring,4.94,High,1,1.8
Midtown,Inwood,23,Friday,0,Winter,3.54,Low,1,1.0
Flatlands,Bensonhurst,11,Friday,0,Spring,1.99,Low,1,1.0
East Harlem,East Harlem,18,Tuesday,0,Spring,1.78,High,2,1.8
Williamsburg,Chelsea,19,Saturday,1,Winter,5.2,High,1,1.8
Kensington,Kensington,0,Tuesday,0,Winter,0.01,Low,1,1.0
Tottenville,Tottenville,10,Wednesday,0,Winter,25.9,Medium,3,1.3
Upper West Side,Kensington,19,Thursday,0,Summer,2.59,High,1,1.8
Murray Hill,Upper West Side,17,Tuesday,0,Spring,1.26,High,1,1.8
East Harlem,Murray Hill,11,Monday,0,Spring,3.17,Low,1,1.0
Harlem,East Harlem,20,Friday,0,Summer,1.95,Medium,1,1.3
Bedford-Stuyvesant,Crown Heights,18,Tuesday,0,Summer,0.83,High,1,1.8
Inwood,Harlem,8,Saturday,1,Spring,1.57,High,1,1.8
Harlem,Hell's Kitchen,22,Thursday,0,Winter,1.52,Low,1,1.0
Williamsburg,Harlem,20,Friday,0,Winter,0.94,Medium,1,1.3
Bedford-Stuyvesant,West Village,22,Saturday,1,Spring,2.44,Low,1,1.0
East Harlem,Bedford-Stuyvesant,13,Saturday,1,Spring,8.19,Low,1,1.0
Crown Heights,Fort Greene,17,Friday,0,Spring,1.15,High,2,1.8
East Village,Murray Hill,10,Thursday,0,Spring,3.18,Medium,1,1.3
Inwood,Midtown,10,Wednesday,0,Winter,1.27,Medium,1,1.3
Crown Heights,East Harlem,11,Tuesday,0,Spring,1.34,Low,1,1.0
Upper West Side,Bedford-Stuyvesant,15,Wednesday,0,Summer,2.77,Low,1,1.0
Bedford-Stuyvesant,Hell's Kitchen,9,Tuesday,0,Spring,1.39,High,1,1.8
Chinatown,Bedford-Stuyvesant,13,Thursday,0,Winter,0.98,Low,2,1.0
East Harlem,Upper West Side,8,Thursday,0,Spring,2.04,High,1,1.8
East Harlem,West Village,15,Tuesday,0,Spring,1.23,Low,2,1.0
Oakwood,New Dorp Beach,17,Tuesday,0,Summer,0.02,High,1,1.8
Park Slope,Williamsburg,16,Monday,0,Spring,1.55,Medium,2,1.3
Williamsburg,Bedford-Stuyvesant,14,Friday,0,Spring,2.77,Low,1,1.0
Windsor Terrace,Upper West Side,19,Saturday,1,Winter,2.11,High,1,1.8
East Harlem,Harlem,10,Saturday,1,Spring,1.98,Medium,1,1.3
West Village,Harlem,13,Friday,0,Spring,0.66,Low,1,1.0
Inwood,Harlem,23,Tuesday,0,Spring,1.92,Low,1,1.0
Upper West Side,South Slope,21,Saturday,1,Spring,3.1,Low,1,1.0
Upper West Side,East Harlem,17,Saturday,1,Winter,0.89,High,1,1.8
Bedford-Stuyvesant,Harlem,14,Thursday,0,Spring,2.6,Low,1,1.0
Fort Greene,Fort Greene,23,Thursday,0,Winter,3.95,Low,2,1.0
Harlem,Harlem,12,Wednesday,0,Winter,0.64,Low,1,1.0
Williamsburg,Midtown,8,Wednesday,0,Winter,4.13,High,1,1.8
Chinatown,East Harlem,13,Sunday,1,Spring,1.93,Low,3,1.0
Bedford-Stuyvesant,Upper West Side,22,Saturday,1,Spring,3.09,Low,1,1.0
Kensington,Murray Hill,9,Monday,0,Winter,2.12,High,1,1.8
Bedford-Stuyvesant,Upper West Side,1,Thursday,0,Winter,8.02,Low,1,1.0
East Harlem,Harlem,11,Wednesday,0,Spring,0.89,Low,1,1.0
Arden Heights,Midwood,18,Thursday,0,Winter,10.56,High,1,1.8
Upper West Side,Harlem,15,Saturday,1,Summer,2.97,Low,1,1.0
Fort Greene,Williamsburg,17,Wednesday,0,Spring,2.56,High,2,1.8
Harlem,Chinatown,11,Tuesday,0,Winter,2.99,Low,6,1.0
Park Slope,Harlem,3,Wednesday,0,Winter,0.61,Low,1,1.0
South Slope,Kensington,15,Saturday,1,Spring,12.26,Low,1,1.0
Bayswater,Grymes Hill,8,Wednesday,0,Spring,1.21,High,2,1.8
Harlem,Midtown,7,Tuesday,0,Spring,3.79,Medium,1,1.3
Bedford-Stuyvesant,Hell's Kitchen,12,Wednesday,0,Spring,5.68,Low,1,1.0
East Harlem,Upper West Side,20,Wednesday,0,Spring,8.17,Medium,1,1.3
Harlem,Clinton Hill,14,Monday,0,Winter,0.97,Low,2,1.0
Upper West Side,Clinton Hill,6,Wednesday,0,Winter,3.81,Low,1,1.0
East Harlem,Midtown,9,Tuesday,0,Summer,1.15,High,1,1.8
Hell's Kitchen,Kensington,0,Monday,0,Spring,13.75,Low,1,1.0
East Harlem,East Harlem,14,Tuesday,0,Spring,1.54,Low,1,1.0
Upper West Side,Upper West Side,13,Tuesday,0,Summer,1.94,Low,1,1.0
East Harlem,Clinton Hill,19,Saturday,1,Winter,1.29,High,1,1.8
Park Slope,Clinton Hill,16,Wednesday,0,Summer,1.61,Medium,1,1.3
Bedford-Stuyvesant,Bedford-Stuyvesant,21,Friday,0,Winter,5.82,Low,1,1.0
Tottenville,Eltingville,21,Thursday,0,Summer,24.45,Low,1,1.0
Fort Hamilton,Flatbush,14,Friday,0,Winter,1.33,Low,1,1.0
Upper West Side,West Village,22,Friday,0,Summer,6.11,Low,1,1.0
East Harlem,East Harlem,9,Sunday,1,Spring,1.4,High,1,1.8
Williamsburg,Harlem,19,Tuesday,0,Summer,3.71,High,1,1.8
Kensington,Harlem,0,Tuesday,0,Winter,1.16,Low,1,1.0
East Harlem,Upper West Side,18,Thursday,0,Spring,1.9,High,1,1.8
South Slope,Upper West Side,16,Wednesday,0,Spring,0.89,Medium,1,1.3
Upper West Side,East Harlem,11,Saturday,1,Spring,1.4,Low,1,1.0
Harlem,Harlem,15,Wednesday,0,Winter,1.19,Low,1,1.0
East Harlem,East Harlem,17,Wednesday,0,Winter,1.29,High,1,1.8
East Harlem,Harlem,21,Friday,0,Summer,1.47,Low,1,1.0
East Harlem,East Harlem,0,Sunday,1,Spring,2.9,Low,1,1.0
Midtown,Crown Heights,8,Friday,0,Spring,1.42,High,5,1.8
Harlem,Harlem,12,Tuesday,0,Spring,0.66,Low,1,1.0
Upper West Side,Chelsea,16,Sunday,1,Winter,0.9,Medium,1,1.3
Tottenville,Tottenville,6,Friday,0,Summer,0.0,Low,1,1.0
Inwood,Upper West Side,7,Wednesday,0,Summer,0.92,Medium,1,1.3
Williamsburg,Kensington,20,Thursday,0,Winter,3.91,Medium,1,1.3
Upper West Side,Williamsburg,21,Saturday,1,Spring,1.8,Low,3,1.0
Harlem,Midtown,11,Sunday,1,Spring,1.64,Low,5,1.0
South Slope,Upper West Side,20,Tuesday,0,Winter,0.6,Medium,5,1.3
Midtown,Chelsea,19,Friday,0,Spring,1.01,High,2,1.8
East Harlem,East Harlem,18,Monday,0,Winter,0.65,High,1,1.8
East Harlem,South Slope,11,Tuesday,0,Spring,4.45,Low,1,1.0
Bedford-Stuyvesant,East Harlem,11,Wednesday,0,Spring,3.97,Low,6,1.0
Bedford-Stuyvesant,Inwood,23,Thursday,0,Winter,1.41,Low,2,1.0
Bedford-Stuyvesant,Murray Hill,6,Friday,0,Winter,6.55,Low,3,1.0
Clinton Hill,Harlem,21,Friday,0,Spring,3.42,Low,3,1.0
Crown Heights,Upper West Side,21,Thursday,0,Spring,2.85,Low,2,1.0
Harlem,Upper West Side,23,Saturday,1,Winter,1.33,Low,2,1.0
Kensington,Midtown,15,Thursday,0,Summer,2.5,Low,1,1.0
Inwood,East Harlem,12,Friday,0,Summer,2.36,Low,1,1.0
Gravesend,Concord,7,Tuesday,0,Spring,1.24,Medium,1,1.3
Harlem,Bedford-Stuyvesant,4,Sunday,1,Spring,2.94,Low,1,1.0
Bensonhurst,Sheepshead Bay,4,Sunday,1,Spring,7.54,Low,1,1.0
Harlem,Harlem,10,Friday,0,Winter,0.78,Medium,1,1.3
Kensington,Williamsburg,11,Thursday,0,Spring,2.3,Low,1,1.0
East Harlem,Harlem,16,Sunday,1,Spring,4.16,Medium,2,1.3
East Harlem,Midtown,12,Wednesday,0,Spring,2.2,Low,1,1.0
Kensington,Upper West Side,21,Tuesday,0,Winter,2.58,Low,1,1.0
Harlem,Murray Hill,9,Thursday,0,Spring,5.66,High,1,1.8
Bedford-Stuyvesant,Harlem,10,Thursday,0,Spring,2.29,Medium,5,1.3
East Harlem,Crown Heights,2,Sunday,1,Spring,3.4,Low,3,1.0
Murray Hill,Bedford-Stuyvesant,13,Tuesday,0,Spring,0.92,Low,1,1.0
Harlem,Upper West Side,22,Tuesday,0,Summer,4.7,Low,1,1.0
Upper West Side,Upper West Side,22,Wednesday,0,Summer,2.66,Low,1,1.0
East Harlem,Midtown,16,Saturday,1,Spring,0.97,Medium,4,1.3
Murray Hill,Williamsburg,14,Thursday,0,Spring,2.3,Low,5,1.0
Crown Heights,South Slope,7,Friday,0,Winter,1.62,Medium,1,1.3
Tottenville,Woodrow,16,Sunday,1,Winter,23.48,Medium,1,1.3
Park Slope,Murray Hill,21,Thursday,0,Spring,1.44,Low,1,1.0
Chinatown,Kensington,15,Thursday,0,Spring,3.55,Low,1,1.0
Chinatown,Upper West Side,8,Wednesday,0,Spring,1.31,High,5,1.8
Williamsburg,Upper West Side,11,Saturday,1,Summer,1.67,Low,1,1.0
Harlem,Kensington,22,Monday,0,Winter,2.05,Low,1,1.0
Bedford-Stuyvesant,Harlem,15,Friday,0,Spring,2.36,Low,1,1.0
East Harlem,Upper West Side,21,Thursday,0,Spring,5.81,Low,1,1.0
Inwood,East Harlem,0,Sunday,1,Winter,5.61,Low,5,1.0
Upper West Side,South Slope,9,Thursday,0,Winter,1.37,High,1,1.8
East Harlem,Bedford-Stuyvesant,12,Tuesday,0,Spring,0.91,Low,1,1.0
Harlem,Bedford-Stuyvesant,14,Monday,0,Spring,2.2,Low,1,1.0
East Harlem,Kensington,11,Friday,0,Spring,1.79,Low,1,1.0
East Harlem,Crown Heights,21,Thursday,0,Summer,2.78,Low,2,1.0
"Bay Terrace, Staten Island",Sheepshead Bay,18,Thursday,0,Spring,9.74,High,1,1.8
Harlem,East Harlem,11,Monday,0,Spring,8.79,Low,1,1.0
Upper West Side,Park Slope,12,Saturday,1,Spring,1.8,Low,1,1.0
Oakwood,Tottenville,8,Monday,0,Spring,5.21,High,6,1.8
East Harlem,Harlem,7,Thursday,0,Summer,1.61,Medium,1,1.3
Canarsie,Rockaway Beach,20,Thursday,0,Spring,5.93,Medium,1,1.3
East Harlem,Clinton Hill,9,Wednesday,0,Summer,1.22,High,1,1.8
Bedford-Stuyvesant,South Slope,13,Saturday,1,Spring,6.98,Low,1,1.0
Clinton Hill,Harlem,16,Friday,0,Winter,0.76,Medium,1,1.3
Great Kills,Flatlands,19,Thursday,0,Spring,14.65,High,1,1.8
Bedford-Stuyvesant,West Village,13,Saturday,1,Spring,1.66,Low,1,1.0
Bedford-Stuyvesant,Upper West Side,23,Monday,0,Spring,9.6,Low,1,1.0
Park Slope,Harlem,23,Thursday,0,Spring,2.0,Low,1,1.0
Arden Heights,Midwood,8,Monday,0,Winter,10.7,High,2,1.8
Bedford-Stuyvesant,Hell's Kitchen,7,Wednesday,0,Winter,2.31,Medium,1,1.3
Upper West Side,Upper West Side,17,Tuesday,0,Spring,0.91,High,1,1.8
Harlem,Harlem,11,Monday,0,Spring,3.15,Low,1,1.0
Kensington,Sea Gate,2,Saturday,1,Spring,14.59,Low,1,1.0
Prince's Bay,Rossville,12,Sunday,1,Spring,27.29,Low,1,1.0
Upper West Side,East Harlem,22,Friday,0,Spring,1.72,Low,1,1.0
Upper West Side,Upper West Side,20,Friday,0,Summer,2.45,Medium,1,1.3
Park Slope,Upper West Side,3,Friday,0,Summer,4.5,Low,1,1.0
Tottenville,Great Kills,0,Monday,0,Summer,16.47,Low,2,1.0
Upper West Side,East Harlem,14,Saturday,1,Summer,0.76,Low,1,1.0
South Slope,Hell's Kitchen,0,Friday,0,Winter,5.73,Low,1,1.0
East Harlem,Upper West Side,22,Wednesday,0,Summer,3.05,Low,1,1.0
Crown Heights,Bedford-Stuyvesant,8,Sunday,1,Winter,1.23,High,1,1.8
Murray Hill,Kensington,18,Friday,0,Winter,19.08,High,1,1.8
Midtown,Hell's Kitchen,10,Thursday,0,Winter,0.94,Medium,1,1.3
Bull's Head,Bensonhurst,16,Tuesday,0,Spring,6.23,Medium,1,1.3
Murray Hill,Hell's Kitchen,13,Wednesday,0,Spring,1.01,Low,1,1.0
Greenpoint,Harlem,7,Monday,0,Spring,1.78,Medium,1,1.3
Tottenville,Eltingville,0,Sunday,1,Summer,20.68,Low,1,1.0
South Slope,Bedford-Stuyvesant,21,Thursday,0,Winter,1.57,Low,1,1.0
Kensington,West Village,17,Tuesday,0,Summer,2.57,High,1,1.8
East Harlem,Harlem,9,Saturday,1,Winter,4.61,High,5,1.8
Fort Greene,East Harlem,2,Thursday,0,Spring,14.95,Low,3,1.0
Bedford-Stuyvesant,Murray Hill,5,Monday,0,Winter,0.95,Low,1,1.0
Kensington,East Harlem,10,Tuesday,0,Winter,3.05,Medium,1,1.3
Harlem,Williamsburg,0,Sunday,1,Spring,5.35,Low,1,1.0
Fort Greene,East Harlem,13,Thursday,0,Spring,4.09,Low,1,1.0
Windsor Terrace,East Harlem,10,Friday,0,Spring,1.34,Medium,1,1.3
Harlem,Kensington,20,Saturday,1,Spring,1.34,Medium,2,1.3
Bedford-Stuyvesant,South Slope,20,Thursday,0,Winter,6.09,Medium,1,1.3
Upper West Side,East Harlem,9,Sunday,1,Spring,1.1,High,1,1.8
Midwood,Arverne,10,Tuesday,0,Spring,3.63,Medium,1,1.3
Hell's Kitchen,Hell's Kitchen,22,Tuesday,0,Spring,4.44,Low,2,1.0
Park Slope,East Harlem,9,Thursday,0,Spring,2.42,High,5,1.8
Fort Greene,South Slope,22,Tuesday,0,Winter,1.4,Low,4,1.0
Williamsburg,Harlem,2,Monday,0,Winter,1.23,Low,2,1.0
Kensington,Midtown,1,Tuesday,0,Summer,10.98,Low,3,1.0
Crown Heights,Upper West Side,17,Tuesday,0,Spring,3.55,High,1,1.8
Chinatown,Bedford-Stuyvesant,23,Saturday,1,Spring,1.59,Low,1,1.0
Bensonhurst,Arden Heights,12,Tuesday,0,Spring,12.56,Low,1,1.0
Tottenville,Great Kills,16,Sunday,1,Spring,23.18,Medium,1,1.3
Harlem,East Harlem,13,Sunday,1,Winter,1.96,Low,1,1.0
Williamsburg,Hell's Kitchen,14,Monday,0,Winter,0.93,Low,1,1.0
Harlem,Crown Heights,21,Saturday,1,Spring,2.12,Low,4,1.0
Bedford-Stuyvesant,Bedford-Stuyvesant,23,Friday,0,Spring,3.3,Low,1,1.0
East Harlem,Upper West Side,23,Friday,0,Spring,9.35,Low,1,1.0
Williamsburg,Bedford-Stuyvesant,5,Sunday,1,Summer,1.31,Low,1,1.0
Harlem,Bedford-Stuyvesant,0,Friday,0,Spring,1.44,Low,1,1.0
East Harlem,Harlem,10,Thursday,0,Winter,0.79,Medium,1,1.3
Hell's Kitchen,Fort Greene,11,Friday,0,Winter,0.98,Low,3,1.0
Harlem,East Harlem,18,Monday,0,Winter,5.97,High,1,1.8
Clifton,Port Richmond,6,Tuesday,0,Spring,4.21,Low,6,1.0
Clinton Hill,Bedford-Stuyvesant,23,Tuesday,0,Spring,2.02,Low,1,1.0
Stapleton,Sheepshead Bay,20,Thursday,0,Spring,4.6,Medium,2,1.3
Upper West Side,Hell's Kitchen,8,Thursday,0,Winter,1.21,High,1,1.8
"Bay Terrace, Staten Island",Gravesend,22,Thursday,0,Spring,11.99,Low,1,1.0
West Village,East Harlem,23,Wednesday,0,Summer,4.03,Low,4,1.0
Harlem,Clinton Hill,22,Monday,0,Spring,3.74,Low,1,1.0
Bensonhurst,Castleton Corners,17,Friday,0,Winter,2.73,High,1,1.8
Upper West Side,Murray Hill,10,Monday,0,Summer,2.24,Medium,3,1.3
Upper West Side,Harlem,17,Sunday,1,Winter,2.43,High,1,1.8
Kensington,Hell's Kitchen,21,Sunday,1,Winter,0.9,Low,1,1.0
Castleton Corners,Midwood,20,Thursday,0,Spring,1.61,Medium,1,1.3
Bedford-Stuyvesant,Upper West Side,6,Monday,0,Winter,3.64,Low,1,1.0
East Harlem,West Village,14,Sunday,1,Spring,1.34,Low,1,1.0
Midtown,Hell's Kitchen,16,Sunday,1,Spring,1.3,Medium,2,1.3
Harlem,East Harlem,14,Tuesday,0,Summer,2.05,Low,1,1.0
Crown Heights,Upper West Side,11,Friday,0,Summer,0.58,Low,5,1.0
Bedford-Stuyvesant,South Slope,14,Sunday,1,Spring,0.15,Low,1,1.0
Williamsburg,Bedford-Stuyvesant,17,Tuesday,0,Spring,0.85,High,1,1.8
West Village,Upper West Side,19,Thursday,0,Summer,2.85,High,1,1.8
Midwood,Fort Hamilton,20,Wednesday,0,Summer,1.98,Medium,1,1.3
Chelsea,Kensington,9,Saturday,1,Summer,2.73,High,1,1.8
West Village,Bedford-Stuyvesant,15,Thursday,0,Winter,3.19,Low,1,1.0
Bedford-Stuyvesant,South Slope,16,Monday,0,Winter,0.8,Medium,1,1.3
Park Slope,Harlem,17,Tuesday,0,Spring,3.04,High,1,1.8
Hell's Kitchen,Upper West Side,12,Saturday,1,Spring,0.7,Low,1,1.0
Harlem,Clinton Hill,23,Saturday,1,Summer,2.73,Low,1,1.0
Upper West Side,Bedford-Stuyvesant,14,Tuesday,0,Winter,6.65,Low,5,1.0
Fort Greene,Harlem,10,Thursday,0,Winter,2.92,Medium,2,1.3
Bay Ridge,Flatlands,13,Monday,0,Spring,0.82,Low,1,1.0
Midtown,Harlem,20,Friday,0,Spring,1.55,Medium,1,1.3
Harlem,East Harlem,10,Wednesday,0,Spring,1.83,Medium,2,1.3
Bath Beach,Midwood,22,Wednesday,0,Spring,1.4,Low,1,1.0
Harlem,Clinton Hill,15,Tuesday,0,Winter,1.56,Low,2,1.0
Flatlands,Grymes Hill,8,Friday,0,Winter,1.19,High,1,1.8
Park Slope,Park Slope,22,Wednesday,0,Spring,1.93,Low,1,1.0
South Slope,Hell's Kitchen,19,Wednesday,0,Spring,6.34,High,1,1.8
Bedford-Stuyvesant,Kensington,7,Monday,0,Spring,5.29,Medium,5,1.3
Upper West Side,Bedford-Stuyvesant,11,Tuesday,0,Winter,0.96,Low,5,1.0
Fort Greene,Williamsburg,0,Monday,0,Winter,6.45,Low,1,1.0
South Slope,Upper West Side,10,Thursday,0,Winter,2.29,Medium,1,1.3
Arden Heights,Gravesend,9,Saturday,1,Winter,15.25,High,1,1.8
Kensington,Kensington,18,Monday,0,Winter,13.3,High,1,1.8
Fort Hamilton,Concord,17,Friday,0,Spring,1.5,High,1,1.8
Upper West Side,East Harlem,20,Wednesday,0,Winter,4.08,Medium,1,1.3
Clinton Hill,Inwood,13,Sunday,1,Spring,1.48,Low,1,1.0
Hell's Kitchen,West Village,13,Saturday,1,Winter,1.36,Low,1,1.0
Chelsea,South Slope,9,Thursday,0,Spring,2.56,High,1,1.8
Upper West Side,Upper West Side,18,Saturday,1,Winter,1.09,High,1,1.8
Chinatown,Upper West Side,20,Monday,0,Summer,4.72,Medium,1,1.3
Bensonhurst,Concord,16,Saturday,1,Winter,6.49,Medium,6,1.3
Crown Heights,Harlem,3,Sunday,1,Winter,2.49,Low,5,1.0
Clinton Hill,East Harlem,23,Tuesday,0,Spring,7.15,Low,1,1.0
Clinton Hill,Chinatown,6,Saturday,1,Spring,5.62,Low,2,1.0
Midtown,Hell's Kitchen,16,Saturday,1,Spring,5.52,Medium,2,1.3
East Harlem,Crown Heights,18,Wednesday,0,Winter,3.65,High,1,1.8
Upper West Side,Upper West Side,9,Sunday,1,Summer,5.29,High,3,1.8
East Harlem,East Harlem,13,Tuesday,0,Summer,1.47,Low,1,1.0
Harlem,Bedford-Stuyvesant,17,Saturday,1,Spring,0.84,High,5,1.8
Harlem,Upper West Side,20,Wednesday,0,Spring,0.96,Medium,5,1.3
Harlem,Hell's Kitchen,23,Sunday,1,Winter,3.32,Low,2,1.0
Harlem,Bedford-Stuyvesant,13,Thursday,0,Spring,2.14,Low,1,1.0
East Harlem,West Village,11,Sunday,1,Winter,5.34,Low,4,1.0
Chinatown,Midtown,7,Wednesday,0,Spring,2.12,Medium,1,1.3
South Slope,Harlem,12,Thursday,0,Spring,1.43,Low,1,1.0
West Village,Kensington,23,Wednesday,0,Winter,1.76,Low,1,1.0
Kensington,South Slope,14,Wednesday,0,Spring,4.09,Low,1,1.0
West Village,Crown Heights,23,Monday,0,Spring,2.27,Low,2,1.0
Murray Hill,Chinatown,22,Tuesday,0,Spring,1.61,Low,1,1.0
Bedford-Stuyvesant,Upper West Side,9,Tuesday,0,Winter,1.05,High,1,1.8
Bedford-Stuyvesant,Upper West Side,14,Saturday,1,Spring,3.94,Low,1,1.0
East Harlem,East Harlem,9,Thursday,0,Spring,0.82,High,1,1.8
Bedford-Stuyvesant,Murray Hill,1,Wednesday,0,Spring,2.25,Low,1,1.0
Midtown,East Village,19,Wednesday,0,Spring,1.61,High,2,1.8
Harlem,West Village,17,Friday,0,Summer,1.35,High,1,1.8
West Village,Upper West Side,21,Saturday,1,Winter,3.0,Low,5,1.0
Kensington,Upper West Side,13,Saturday,1,Winter,1.22,Low,1,1.0
Upper West Side,Kensington,22,Friday,0,Spring,15.63,Low,3,1.0
Bedford-Stuyvesant,Murray Hill,13,Thursday,0,Spring,2.44,Low,1,1.0
South Slope,Windsor Terrace,21,Saturday,1,Spring,0.86,Low,3,1.0
Crown Heights,Midtown,3,Sunday,1,Winter,12.33,Low,2,1.0
Upper West Side,Clinton Hill,17,Tuesday,0,Summer,5.16,High,1,1.8
Chelsea,East Harlem,10,Wednesday,0,Spring,1.38,Medium,1,1.3
Harlem,Upper West Side,10,Monday,0,Summer,2.11,Medium,1,1.3
Crown Heights,Harlem,21,Monday,0,Spring,5.14,Low,1,1.0
Crown Heights,West Village,15,Sunday,1,Winter,0.92,Low,2,1.0
Upper West Side,Park Slope,20,Friday,0,Winter,1.11,Medium,3,1.3
Crown Heights,Fort Greene,23,Friday,0,Spring,4.04,Low,2,1.0
Bedford-Stuyvesant,Williamsburg,16,Wednesday,0,Spring,3.31,Medium,1,1.3
South Slope,Midtown,12,Friday,0,Spring,2.07,Low,1,1.0
Murray Hill,Chinatown,20,Wednesday,0,Spring,1.37,Medium,1,1.3
Harlem,East Village,22,Wednesday,0,Spring,2.7,Low,1,1.0
Harlem,Upper West Side,13,Thursday,0,Spring,0.88,Low,1,1.0
Upper West Side,Bedford-Stuyvesant,22,Saturday,1,Summer,1.14,Low,1,1.0
"Bay Terrace, Staten Island",Bayswater,18,Thursday,0,Spring,9.53,High,1,1.8
Harlem,Upper West Side,14,Thursday,0,Summer,1.58,Low,1,1.0
Bedford-Stuyvesant,Harlem,16,Friday,0,Winter,1.84,Medium,1,1.3
East Harlem,Harlem,13,Sunday,1,Winter,4.19,Low,1,1.0
East Village,Bedford-Stuyvesant,20,Tuesday,0,Spring,3.2,Medium,1,1.3
Bedford-Stuyvesant,East Harlem,19,Thursday,0,Spring,2.19,High,1,1.8
East Harlem,Park Slope,21,Sunday,1,Spring,5.48,Low,3,1.0
Harlem,Clinton Hill,15,Tuesday,0,Winter,3.52,Low,2,1.0
Williamsburg,Harlem,23,Saturday,1,Spring,1.14,Low,1,1.0
South Slope,Harlem,14,Wednesday,0,Summer,2.09,Low,1,1.0
Murray Hill,Chelsea,11,Friday,0,Winter,0.64,Low,1,1.0
South Slope,Inwood,11,Sunday,1,Summer,2.26,Low,5,1.0
Williamsburg,Bedford-Stuyvesant,21,Friday,0,Winter,4.06,Low,2,1.0
Chelsea,Hell's Kitchen,14,Wednesday,0,Winter,2.82,Low,6,1.0
Upper West Side,Midtown,18,Saturday,1,Winter,3.13,High,6,1.8
West Village,Bedford-Stuyvesant,8,Monday,0,Winter,1.25,High,2,1.8
Bedford-Stuyvesant,Harlem,4,Friday,0,Winter,10.76,Low,2,1.0
Prince's Bay,Eltingville,16,Friday,0,Spring,25.87,Medium,1,1.3
Hell's Kitchen,East Harlem,6,Monday,0,Winter,1.9,Low,1,1.0
Bedford-Stuyvesant,West Village,14,Monday,0,Spring,2.27,Low,1,1.0
Upper West Side,Crown Heights,18,Saturday,1,Winter,2.1,High,1,1.8
Bedford-Stuyvesant,Bedford-Stuyvesant,3,Saturday,1,Summer,3.9,Low,1,1.0
Upper West Side,Bedford-Stuyvesant,9,Tuesday,0,Winter,2.37,High,1,1.8
South Slope,South Slope,18,Sunday,1,Spring,0.0,High,1,1.8
Sheepshead Bay,Arrochar,9,Friday,0,Winter,0.96,High,1,1.8
East Harlem,Upper West Side,21,Tuesday,0,Summer,6.44,Low,4,1.0
Harlem,Bedford-Stuyvesant,21,Friday,0,Summer,2.33,Low,1,1.0
Upper West Side,Upper West Side,16,Tuesday,0,Spring,2.49,Medium,1,1.3
Harlem,Crown Heights,13,Saturday,1,Spring,1.16,Low,1,1.0
Tottenville,Great Kills,15,Tuesday,0,Spring,24.97,Low,3,1.0
Inwood,East Harlem,13,Monday,0,Summer,2.05,Low,2,1.0
East Harlem,Harlem,2,Saturday,1,Summer,3.59,Low,1,1.0
Hell's Kitchen,Harlem,10,Monday,0,Winter,2.38,Medium,2,1.3
Upper West Side,Upper West Side,21,Sunday,1,Winter,2.86,Low,2,1.0
East Harlem,Hell's Kitchen,0,Sunday,1,Spring,3.26,Low,1,1.0
Upper West Side,Kensington,10,Wednesday,0,Spring,2.57,Medium,1,1.3
South Slope,Fort Greene,13,Monday,0,Spring,0.83,Low,1,1.0
Bedford-Stuyvesant,East Harlem,7,Tuesday,0,Spring,2.22,Medium,1,1.3
South Slope,Fort Greene,17,Friday,0,Spring,1.41,High,1,1.8
Upper West Side,Fort Greene,20,Sunday,1,Spring,1.15,Medium,1,1.3
East Harlem,Park Slope,3,Wednesday,0,Summer,0.92,Low,1,1.0
Park Slope,Harlem,3,Saturday,1,Spring,8.43,Low,1,1.0
South Slope,Upper West Side,23,Saturday,1,Winter,3.56,Low,1,1.0
Bay Ridge,Arrochar,19,Wednesday,0,Winter,1.16,High,1,1.8
Harlem,Upper West Side,12,Monday,0,Summer,3.4,Low,3,1.0
East Village,East Harlem,22,Thursday,0,Winter,2.98,Low,1,1.0
Bedford-Stuyvesant,Upper West Side,6,Friday,0,Spring,1.53,Low,1,1.0
Clifton,Fort Hamilton,20,Monday,0,Spring,1.45,Medium,3,1.3
Bedford-Stuyvesant,Upper West Side,23,Tuesday,0,Spring,4.16,Low,1,1.0
East Village,Midtown,19,Sunday,1,Summer,10.6,High,2,1.8
Flatbush,Chinatown,14,Sunday,1,Spring,1.55,Low,1,1.0
Prince's Bay,Prince's Bay,12,Thursday,0,Winter,0.0,Low,1,1.0
Harlem,Harlem,17,Tuesday,0,Spring,1.33,High,6,1.8
Fort Greene,Inwood,17,Wednesday,0,Spring,2.01,High,1,1.8
East Harlem,Upper West Side,19,Friday,0,Spring,0.65,High,1,1.8
West Village,Park Slope,13,Sunday,1,Winter,3.74,Low,2,1.0
Harlem,Upper West Side,6,Tuesday,0,Winter,2.34,Low,1,1.0
East Harlem,South Slope,7,Wednesday,0,Winter,2.75,Medium,1,1.3
Greenpoint,Flatbush,13,Tuesday,0,Winter,2.26,Low,1,1.0
South Slope,Hell's Kitchen,20,Friday,0,Winter,1.42,Medium,3,1.3
Midtown,Hell's Kitchen,12,Sunday,1,Winter,2.03,Low,2,1.0
Bedford-Stuyvesant,Bedford-Stuyvesant,9,Thursday,0,Winter,1.04,High,1,1.8
Bedford-Stuyvesant,Inwood,21,Thursday,0,Winter,3.96,Low,1,1.0
Upper West Side,Murray Hill,18,Saturday,1,Spring,0.91,High,1,1.8
South Slope,Crown Heights,0,Sunday,1,Summer,2.31,Low,1,1.0
Upper West Side,Upper West Side,9,Wednesday,0,Summer,2.6,High,1,1.8
Crown Heights,East Harlem,4,Sunday,1,Spring,8.85,Low,1,1.0
Harlem,Fort Greene,18,Thursday,0,Spring,1.44,High,4,1.8
Harlem,Harlem,11,Wednesday,0,Winter,3.76,Low,6,1.0
Kensington,Hell's Kitchen,21,Friday,0,Winter,3.17,Low,1,1.0
Williamsburg,Hell's Kitchen,23,Monday,0,Summer,4.03,Low,1,1.0
East Harlem,Williamsburg,16,Thursday,0,Spring,2.91,Medium,3,1.3
East Harlem,Harlem,10,Monday,0,Winter,1.29,Medium,1,1.3
Crown Heights,Greenpoint,1,Saturday,1,Spring,1.31,Low,1,1.0
Midtown,Upper West Side,8,Friday,0,Winter,1.04,High,1,1.8
Harlem,Harlem,1,Saturday,1,Summer,1.76,Low,1,1.0
South Slope,Bedford-Stuyvesant,1,Sunday,1,Spring,2.12,Low,6,1.0
Randall Manor,Flatlands,6,Wednesday,0,Winter,2.02,Low,1,1.0
Harlem,Harlem,7,Tuesday,0,Winter,5.74,Medium,2,1.3
Bedford-Stuyvesant,Bedford-Stuyvesant,23,Thursday,0,Winter,0.08,Low,6,1.0
South Slope,Crown Heights,12,Monday,0,Summer,3.25,Low,1,1.0
Fort Greene,East Harlem,13,Monday,0,Spring,0.49,Low,1,1.0
East Harlem,East Harlem,14,Wednesday,0,Spring,5.25,Low,2,1.0
Tottenville,Tottenville,6,Thursday,0,Summer,23.2,Low,1,1.0
Clinton Hill,Harlem,13,Thursday,0,Summer,12.81,Low,1,1.0
Upper West Side,Harlem,15,Wednesday,0,Winter,3.96,Low,3,1.0
Bedford-Stuyvesant,South Slope,19,Saturday,1,Winter,2.31,High,1,1.8
Chinatown,Park Slope,20,Friday,0,Spring,0.82,Medium,1,1.3
Fort Hamilton,Midwood,7,Monday,0,Winter,1.31,Medium,1,1.3
Upper West Side,Bedford-Stuyvesant,17,Wednesday,0,Summer,0.61,High,1,1.8
Upper West Side,Kensington,16,Tuesday,0,Spring,1.48,Medium,1,1.3
Clinton Hill,Clinton Hill,8,Tuesday,0,Spring,1.46,High,4,1.8
Upper West Side,Upper West Side,12,Friday,0,Winter,1.51,Low,2,1.0
West Village,Harlem,11,Monday,0,Winter,6.93,Low,1,1.0
Harlem,Bedford-Stuyvesant,20,Saturday,1,Spring,3.65,Medium,4,1.3
Harlem,East Harlem,19,Sunday,1,Spring,1.03,High,2,1.8
Clinton Hill,Williamsburg,23,Thursday,0,Winter,5.06,Low,3,1.0
Hell's Kitchen,Murray Hill,7,Wednesday,0,Summer,10.82,Medium,1,1.3
Midtown,South Slope,22,Thursday,0,Summer,2.11,Low,1,1.0
Inwood,East Harlem,0,Friday,0,Spring,5.23,Low,1,1.0
Harlem,Kensington,12,Saturday,1,Spring,3.46,Low,5,1.0
Tottenville,Great Kills,8,Thursday,0,Summer,26.19,High,2,1.8
Kensington,Fort Greene,13,Thursday,0,Spring,1.68,Low,6,1.0
Upper West Side,Kensington,18,Wednesday,0,Spring,1.89,High,1,1.8
Hell's Kitchen,Williamsburg,18,Thursday,0,Summer,7.92,High,5,1.8
Upper West Side,Fort Greene,0,Monday,0,Winter,2.04,Low,2,1.0
Upper West Side,South Slope,7,Tuesday,0,Winter,1.21,Medium,1,1.3
Bensonhurst,Flatlands,21,Sunday,1,Spring,1.74,Low,1,1.0
Crown Heights,East Harlem,21,Tuesday,0,Spring,11.66,Low,1,1.0
Clinton Hill,West Village,11,Thursday,0,Winter,3.68,Low,1,1.0
Greenpoint,Clinton Hill,22,Thursday,0,Spring,1.28,Low,2,1.0
Sheepshead Bay,Sheepshead Bay,16,Wednesday,0,Spring,1.39,Medium,1,1.3
Harlem,Kensington,23,Monday,0,Spring,18.39,Low,1,1.0
Arverne,Midwood,0,Wednesday,0,Summer,2.71,Low,1,1.0
Harlem,Harlem,19,Wednesday,0,Summer,8.01,High,2,1.8
East Harlem,East Harlem,13,Saturday,1,Summer,3.11,Low,6,1.0
Flatbush,Harlem,15,Thursday,0,Winter,1.72,Low,1,1.0
Tottenville,Huguenot,14,Wednesday,0,Spring,17.05,Low,2,1.0
Midtown,Upper West Side,18,Tuesday,0,Spring,2.11,High,1,1.8
Far Rockaway,Flatlands,12,Monday,0,Spring,5.51,Low,1,1.0
Inwood,Upper West Side,3,Sunday,1,Winter,4.78,Low,1,1.0
Grymes Hill,Borough Park,8,Tuesday,0,Winter,1.69,High,1,1.8
Harlem,Hell's Kitchen,14,Monday,0,Spring,1.62,Low,1,1.0
Kensington,Fort Greene,0,Sunday,1,Spring,3.01,Low,1,1.0
Tottenville,"Bay Terrace, Staten Island",22,Tuesday,0,Spring,24.66,Low,1,1.0
Harlem,Greenpoint,18,Sunday,1,Summer,5.17,High,5,1.8
Upper West Side,Hell's Kitchen,12,Thursday,0,Winter,1.74,Low,1,1.0
Bedford-Stuyvesant,East Harlem,23,Friday,0,Spring,0.7,Low,1,1.0
Hell's Kitchen,South Slope,15,Friday,0,Spring,1.68,Low,5,1.0
Upper West Side,Hell's Kitchen,11,Saturday,1,Winter,4.55,Low,5,1.0
Bay Ridge,Oakwood,14,Friday,0,Winter,14.29,Low,6,1.0
East Harlem,Clinton Hill,17,Tuesday,0,Summer,7.47,High,2,1.8
Arden Heights,Brighton Beach,16,Friday,0,Spring,3.54,Medium,2,1.3
East Harlem,Flatbush,22,Saturday,1,Spring,2.68,Low,2,1.0
Inwood,Hell's Kitchen,21,Tuesday,0,Spring,1.12,Low,1,1.0
Sheepshead Bay,Gravesend,3,Wednesday,0,Spring,8.11,Low,2,1.0
Fort Greene,Midtown,17,Thursday,0,Winter,1.57,High,1,1.8
Upper West Side,Chinatown,12,Saturday,1,Spring,2.08,Low,1,1.0
Park Slope,Hell's Kitchen,13,Friday,0,Spring,3.74,Low,1,1.0
Upper West Side,Hell's Kitchen,7,Friday,0,Spring,0.88,Medium,6,1.3
Park Slope,Greenpoint,20,Tuesday,0,Spring,3.12,Medium,6,1.3
Upper West Side,Harlem,18,Thursday,0,Spring,1.1,High,1,1.8
South Slope,East Harlem,9,Thursday,0,Spring,4.13,High,1,1.8
"Bay Terrace, Staten Island",Bay Ridge,18,Tuesday,0,Spring,14.57,High,1,1.8
South Slope,Harlem,9,Friday,0,Summer,0.97,High,1,1.8
Hell's Kitchen,Upper West Side,23,Monday,0,Summer,3.19,Low,1,1.0
Harlem,Murray Hill,20,Tuesday,0,Spring,1.67,Medium,1,1.3
Upper West Side,Bedford-Stuyvesant,7,Friday,0,Winter,1.5,Medium,1,1.3
East Harlem,Crown Heights,11,Saturday,1,Spring,3.52,Low,6,1.0
Upper West Side,Flatbush,23,Friday,0,Summer,3.07,Low,1,1.0
Fort Greene,Crown Heights,10,Saturday,1,Spring,0.66,Medium,2,1.3
Arrochar,Arden Heights,12,Monday,0,Summer,12.89,Low,5,1.0
South Slope,East Harlem,23,Tuesday,0,Spring,6.85,Low,2,1.0
Kensington,Upper West Side,20,Friday,0,Spring,2.9,Medium,1,1.3
East Harlem,East Harlem,8,Wednesday,0,Winter,1.3,High,2,1.8
Bensonhurst,Borough Park,19,Monday,0,Winter,3.38,High,1,1.8
Fort Greene,East Harlem,7,Friday,0,Summer,4.87,Medium,1,1.3
Hell's Kitchen,Chelsea,13,Tuesday,0,Winter,1.41,Low,1,1.0
Upper West Side,Upper West Side,11,Saturday,1,Spring,3.6,Low,3,1.0
Arverne,Sheepshead Bay,12,Wednesday,0,Summer,0.73,Low,1,1.0
Fort Greene,East Harlem,10,Monday,0,Spring,1.28,Medium,1,1.3
Kensington,Bedford-Stuyvesant,11,Wednesday,0,Spring,2.27,Low,1,1.0
Murray Hill,Harlem,7,Sunday,1,Winter,2.07,Medium,1,1.3
South Slope,Upper West Side,9,Saturday,1,Spring,3.28,High,1,1.8
Williamsburg,Clinton Hill,22,Thursday,0,Winter,3.95,Low,2,1.0
Bedford-Stuyvesant,Hell's Kitchen,14,Thursday,0,Summer,3.0,Low,1,1.0
Fort Greene,Fort Greene,19,Friday,0,Spring,2.18,High,1,1.8
East Harlem,Crown Heights,3,Wednesday,0,Spring,1.37,Low,1,1.0
South Slope,Upper West Side,23,Tuesday,0,Spring,10.04,Low,2,1.0
Kensington,Bedford-Stuyvesant,13,Wednesday,0,Summer,0.47,Low,1,1.0
Upper West Side,East Harlem,13,Saturday,1,Spring,0.92,Low,1,1.0
West Village,West Village,8,Wednesday,0,Spring,0.85,High,1,1.8
Emerson Hill,Edgemere,19,Saturday,1,Spring,3.12,High,1,1.8
Greenpoint,Kensington,19,Saturday,1,Spring,1.28,High,1,1.8
Upper West Side,Kensington,20,Sunday,1,Summer,6.7,Medium,2,1.3
Harlem,South Slope,8,Wednesday,0,Winter,2.17,High,2,1.8
Fort Hamilton,Eltingville,5,Friday,0,Spring,20.18,Low,2,1.0
South Slope,Murray Hill,13,Friday,0,Spring,1.07,Low,2,1.0
Park Slope,Upper West Side,2,Monday,0,Spring,6.03,Low,1,1.0
Harlem,East Harlem,13,Wednesday,0,Spring,1.9,Low,4,1.0
Bensonhurst,Great Kills,19,Monday,0,Spring,14.92,High,1,1.8
Kensington,Chelsea,11,Thursday,0,Spring,5.23,Low,2,1.0
Williamsburg,Chelsea,17,Saturday,1,Summer,4.17,High,1,1.8
Bedford-Stuyvesant,Kensington,21,Sunday,1,Winter,8.69,Low,1,1.0
Harlem,Harlem,19,Tuesday,0,Spring,3.11,High,2,1.8
East Harlem,Harlem,14,Saturday,1,Spring,7.72,Low,6,1.0
Park Slope,East Harlem,8,Sunday,1,Winter,1.07,High,2,1.8
Bedford-Stuyvesant,Hell's Kitchen,6,Thursday,0,Spring,5.28,Low,1,1.0
South Slope,Midtown,11,Saturday,1,Spring,7.96,Low,1,1.0
Upper West Side,Inwood,10,Sunday,1,Winter,2.08,Medium,2,1.3
East Harlem,Upper West Side,16,Wednesday,0,Summer,1.36,Medium,1,1.3
Upper West Side,Bedford-Stuyvesant,12,Saturday,1,Spring,0.91,Low,1,1.0
East Village,Bedford-Stuyvesant,2,Sunday,1,Spring,4.82,Low,1,1.0
West Village,Williamsburg,23,Tuesday,0,Summer,1.26,Low,1,1.0
Clinton Hill,Upper West Side,8,Wednesday,0,Winter,1.6,High,1,1.8
Upper West Side,Upper West Side,0,Saturday,1,Winter,6.3,Low,1,1.0
South Slope,South Slope,21,Sunday,1,Spring,4.81,Low,1,1.0
Upper West Side,Upper West Side,11,Saturday,1,Spring,0.96,Low,2,1.0
West Village,East Harlem,12,Sunday,1,Spring,2.39,Low,2,1.0
East Harlem,Harlem,14,Friday,0,Spring,1.39,Low,1,1.0
Sheepshead Bay,Clifton,13,Sunday,1,Winter,1.74,Low,5,1.0
East Harlem,Park Slope,19,Saturday,1,Winter,1.91,High,2,1.8
Fort Greene,Hell's Kitchen,0,Sunday,1,Spring,0.97,Low,3,1.0
Upper West Side,Upper West Side,14,Wednesday,0,Summer,6.45,Low,1,1.0
South Slope,Upper West Side,0,Monday,0,Winter,9.83,Low,1,1.0
Windsor Terrace,Bedford-Stuyvesant,7,Wednesday,0,Spring,1.56,Medium,1,1.3
Murray Hill,Bedford-Stuyvesant,15,Monday,0,Spring,1.44,Low,6,1.0
Greenpoint,Upper West Side,3,Sunday,1,Summer,6.81,Low,1,1.0
Chinatown,Harlem,5,Monday,0,Spring,2.09,Low,1,1.0
Borough Park,Midwood,19,Friday,0,Summer,4.07,High,1,1.8
Harlem,Bedford-Stuyvesant,20,Friday,0,Winter,1.49,Medium,1,1.3
East Harlem,Williamsburg,3,Monday,0,Winter,2.05,Low,6,1.0
Hell's Kitchen,East Harlem,23,Sunday,1,Winter,0.86,Low,1,1.0
Harlem,Upper West Side,7,Tuesday,0,Winter,9.22,Medium,1,1.3
Hell's Kitchen,Upper West Side,6,Wednesday,0,Spring,1.35,Low,1,1.0
Upper West Side,Harlem,22,Tuesday,0,Winter,2.42,Low,5,1.0
Harlem,Harlem,16,Wednesday,0,Spring,2.32,Medium,1,1.3
Upper West Side,East Harlem,13,Tuesday,0,Spring,1.49,Low,5,1.0
Prince's Bay,Rossville,9,Monday,0,Summer,15.25,High,1,1.8
Sheepshead Bay,Oakwood,4,Monday,0,Spring,11.5,Low,1,1.0
Bedford-Stuyvesant,Murray Hill,16,Tuesday,0,Summer,2.21,Medium,1,1.3
Bedford-Stuyvesant,West Village,23,Tuesday,0,Summer,1.67,Low,6,1.0
Upper West Side,South Slope,1,Monday,0,Spring,2.35,Low,1,1.0
Bedford-Stuyvesant,Harlem,13,Thursday,0,Spring,0.89,Low,1,1.0
Harlem,Upper West Side,7,Friday,0,Spring,5.06,Medium,1,1.3
West Village,Crown Heights,21,Saturday,1,Spring,0.77,Low,1,1.0
Williamsburg,Chinatown,18,Saturday,1,Winter,1.14,High,1,1.8
East Harlem,Bedford-Stuyvesant,20,Saturday,1,Spring,3.87,Medium,1,1.3
Upper West Side,Clinton Hill,3,Saturday,1,Spring,4.92,Low,1,1.0
Tottenville,Prince's Bay,5,Tuesday,0,Summer,26.1,Low,2,1.0
Greenpoint,Murray Hill,18,Thursday,0,Spring,0.62,High,1,1.8
Sheepshead Bay,Rossville,1,Saturday,1,Spring,22.55,Low,6,1.0
South Slope,Upper West Side,7,Friday,0,Summer,3.05,Medium,2,1.3
Gravesend,Flatlands,11,Wednesday,0,Summer,2.04,Low,1,1.0
Kensington,Fort Greene,8,Monday,0,Spring,0.86,High,1,1.8
Bedford-Stuyvesant,Upper West Side,15,Friday,0,Spring,3.6,Low,1,1.0
Park Slope,Crown Heights,12,Friday,0,Winter,2.71,Low,1,1.0
Harlem,South Slope,4,Sunday,1,Spring,7.58,Low,1,1.0
Great Kills,Prince's Bay,14,Wednesday,0,Summer,25.46,Low,1,1.0
Clinton Hill,Murray Hill,13,Thursday,0,Winter,1.68,Low,1,1.0
East Harlem,Upper West Side,11,Saturday,1,Summer,6.01,Low,3,1.0
Park Slope,Harlem,6,Tuesday,0,Spring,1.06,Low,2,1.0
East Harlem,Clinton Hill,23,Tuesday,0,Winter,0.76,Low,1,1.0
Fort Greene,Upper West Side,18,Wednesday,0,Spring,0.73,High,1,1.8
Bedford-Stuyvesant,Harlem,23,Wednesday,0,Summer,6.01,Low,1,1.0
Prince's Bay,Prince's Bay,11,Friday,0,Spring,24.39,Low,3,1.0
Harlem,Hell's Kitchen,10,Sunday,1,Spring,2.5,Medium,1,1.3
Williamsburg,Bedford-Stuyvesant,16,Tuesday,0,Spring,1.05,Medium,1,1.3
Upper West Side,Kensington,14,Tuesday,0,Spring,2.25,Low,2,1.0
Harlem,Williamsburg,13,Sunday,1,Winter,1.11,Low,1,1.0
East Harlem,Clinton Hill,19,Monday,0,Spring,2.63,High,1,1.8
Clinton Hill,Crown Heights,15,Wednesday,0,Spring,2.47,Low,3,1.0
East Harlem,Kensington,9,Sunday,1,Spring,1.25,High,1,1.8
Harlem,Park Slope,20,Monday,0,Spring,2.92,Medium,1,1.3
Chelsea,Park Slope,3,Friday,0,Spring,2.78,Low,1,1.0
Upper West Side,Bedford-Stuyvesant,12,Friday,0,Summer,3.08,Low,1,1.0
Crown Heights,Midtown,6,Tuesday,0,Spring,0.67,Low,1,1.0
Eltingville,Tottenville,15,Friday,0,Summer,23.13,Low,1,1.0
East Harlem,West Village,8,Wednesday,0,Spring,1.13,High,1,1.8
Long Island City,Harlem,23,Wednesday,0,Winter,1.56,Low,1,1.0
South Slope,Crown Heights,6,Monday,0,Spring,1.27,Low,1,1.0
Upper West Side,West Village,15,Sunday,1,Spring,0.65,Low,5,1.0
South Slope,Murray Hill,20,Thursday,0,Spring,3.54,Medium,1,1.3
East Harlem,South Slope,0,Friday,0,Winter,4.68,Low,1,1.0
Williamsburg,Crown Heights,22,Tuesday,0,Spring,5.78,Low,1,1.0
Inwood,Bedford-Stuyvesant,10,Tuesday,0,Spring,1.15,Medium,1,1.3
Williamsburg,South Slope,11,Saturday,1,Spring,5.1,Low,2,1.0
South Slope,East Harlem,21,Thursday,0,Winter,2.41,Low,6,1.0
Hell's Kitchen,Upper West Side,22,Saturday,1,Winter,2.13,Low,1,1.0
East Harlem,Kensington,13,Wednesday,0,Winter,1.92,Low,2,1.0
"Bay Terrace, Staten Island","Bay Terrace, Staten Island",15,Wednesday,0,Spring,0.0,Low,2,1.0
Bedford-Stuyvesant,East Harlem,13,Saturday,1,Summer,1.34,Low,1,1.0
Harlem,Upper West Side,12,Sunday,1,Spring,1.94,Low,1,1.0
Harlem,Chelsea,19,Monday,0,Spring,3.42,High,2,1.8
Bedford-Stuyvesant,West Village,3,Saturday,1,Spring,0.95,Low,3,1.0
Prince's Bay,Arden Heights,14,Wednesday,0,Summer,25.23,Low,1,1.0
South Slope,East Harlem,9,Wednesday,0,Spring,2.19,High,1,1.8
Bedford-Stuyvesant,East Harlem,18,Wednesday,0,Summer,2.34,High,1,1.8
Upper West Side,East Harlem,8,Saturday,1,Spring,1.83,High,1,1.8
Upper West Side,Hell's Kitchen,17,Saturday,1,Winter,4.64,High,1,1.8
South Slope,Harlem,8,Wednesday,0,Summer,2.64,High,1,1.8
Murray Hill,Harlem,10,Thursday,0,Spring,3.29,Medium,2,1.3
Bedford-Stuyvesant,East Harlem,21,Thursday,0,Winter,9.91,Low,1,1.0
Murray Hill,Upper West Side,21,Saturday,1,Spring,1.52,Low,2,1.0
Fort Greene,Clinton Hill,11,Friday,0,Spring,1.47,Low,5,1.0
Bedford-Stuyvesant,East Harlem,15,Sunday,1,Spring,5.13,Low,3,1.0
South Slope,Hell's Kitchen,20,Tuesday,0,Spring,1.65,Medium,5,1.3
West Village,Midtown,20,Tuesday,0,Spring,2.5,Medium,1,1.3
South Slope,Kensington,8,Friday,0,Spring,2.7,High,5,1.8
East Harlem,Park Slope,20,Sunday,1,Summer,0.4,Medium,1,1.3
Williamsburg,Inwood,10,Thursday,0,Spring,0.85,Medium,1,1.3
Upper West Side,Harlem,15,Friday,0,Winter,0.91,Low,1,1.0
Great Kills,Rockaway Beach,21,Sunday,1,Winter,17.17,Low,1,1.0
Harlem,East Harlem,20,Tuesday,0,Spring,0.45,Medium,1,1.3
Williamsburg,East Harlem,1,Sunday,1,Spring,4.06,Low,1,1.0
Upper West Side,Harlem,20,Thursday,0,Spring,3.33,Medium,1,1.3
East Harlem,South Slope,11,Friday,0,Spring,12.81,Low,1,1.0
Fort Greene,Kensington,7,Monday,0,Spring,1.3,Medium,5,1.3
Tottenville,Tottenville,19,Tuesday,0,Spring,11.99,High,1,1.8
West Village,Chinatown,20,Thursday,0,Summer,4.96,Medium,1,1.3
Windsor Terrace,Harlem,8,Monday,0,Spring,3.52,High,1,1.8
Chinatown,Upper West Side,5,Friday,0,Winter,4.49,Low,1,1.0
East Harlem,South Slope,20,Saturday,1,Summer,4.35,Medium,2,1.3
Harlem,Upper West Side,14,Sunday,1,Winter,2.02,Low,1,1.0
Bedford-Stuyvesant,Hell's Kitchen,21,Saturday,1,Spring,2.38,Low,1,1.0
Williamsburg,Inwood,22,Thursday,0,Winter,0.92,Low,1,1.0
East Harlem,Harlem,0,Tuesday,0,Spring,1.96,Low,1,1.0
Greenpoint,Murray Hill,21,Tuesday,0,Summer,3.1,Low,1,1.0
Harlem,Harlem,19,Monday,0,Spring,0.79,High,2,1.8
West Village,Upper West Side,7,Sunday,1,Winter,1.34,Medium,1,1.3
Williamsburg,Crown Heights,19,Thursday,0,Winter,3.72,High,1,1.8
Clinton Hill,Kensington,11,Monday,0,Spring,0.65,Low,2,1.0
South Slope,West Village,19,Friday,0,Spring,0.71,High,1,1.8
East Village,Bedford-Stuyvesant,1,Sunday,1,Spring,7.59,Low,1,1.0
Prince's Bay,Tottenville,14,Tuesday,0,Spring,0.14,Low,1,1.0
Bedford-Stuyvesant,Bedford-Stuyvesant,9,Wednesday,0,Winter,2.46,High,6,1.8
South Slope,Bedford-Stuyvesant,23,Saturday,1,Summer,5.81,Low,2,1.0
Fort Greene,Upper West Side,14,Tuesday,0,Spring,0.85,Low,2,1.0
Far Rockaway,Rockaway Beach,10,Wednesday,0,Summer,1.09,Medium,3,1.3
Bedford-Stuyvesant,Park Slope,1,Saturday,1,Winter,2.7,Low,1,1.0
West Village,Upper West Side,0,Friday,0,Spring,6.99,Low,1,1.0
Upper West Side,Upper West Side,5,Tuesday,0,Winter,0.71,Low,1,1.0
Fort Greene,East Village,0,Sunday,1,Winter,3.97,Low,1,1.0
West Village,Bedford-Stuyvesant,19,Wednesday,0,Spring,3.83,High,2,1.8
Bedford-Stuyvesant,Upper West Side,20,Wednesday,0,Summer,3.31,Medium,1,1.3
Bedford-Stuyvesant,Fort Greene,8,Wednesday,0,Winter,4.51,High,1,1.8
Kensington,Chinatown,9,Wednesday,0,Spring,0.82,High,1,1.8
Harlem,Upper West Side,0,Friday,0,Winter,1.84,Low,1,1.0
Williamsburg,Upper West Side,23,Thursday,0,Spring,7.07,Low,2,1.0
Clinton Hill,West Village,0,Friday,0,Winter,1.92,Low,1,1.0
Upper West Side,Upper West Side,8,Monday,0,Winter,3.34,High,1,1.8
Park Slope,Hell's Kitchen,16,Tuesday,0,Winter,3.15,Medium,1,1.3
Fort Greene,Inwood,19,Monday,0,Spring,3.69,High,1,1.8
Flatlands,Midwood,7,Friday,0,Winter,1.37,Medium,1,1.3
Hell's Kitchen,Inwood,2,Sunday,1,Spring,4.44,Low,2,1.0
Harlem,Upper West Side,19,Tuesday,0,Spring,1.8,High,1,1.8
Fort Greene,West Village,1,Saturday,1,Spring,1.88,Low,1,1.0
South Slope,Bedford-Stuyvesant,7,Thursday,0,Spring,5.19,Medium,1,1.3
Williamsburg,South Slope,21,Monday,0,Spring,5.14,Low,1,1.0
Harlem,Upper West Side,13,Monday,0,Spring,0.92,Low,1,1.0
Fort Greene,Upper West Side,0,Friday,0,Spring,0.86,Low,3,1.0
East Harlem,Upper West Side,13,Sunday,1,Spring,2.35,Low,5,1.0
East Harlem,Midtown,17,Thursday,0,Winter,1.05,High,1,1.8
Fort Greene,Bedford-Stuyvesant,19,Wednesday,0,Spring,1.1,High,1,1.8
Upper West Side,Kensington,15,Saturday,1,Summer,2.26,Low,1,1.0
Murray Hill,Hell's Kitchen,18,Friday,0,Spring,3.59,High,2,1.8
Fort Greene,Bedford-Stuyvesant,11,Wednesday,0,Spring,0.89,Low,1,1.0
East Harlem,Harlem,9,Tuesday,0,Winter,4.57,High,1,1.8
Harlem,Midtown,21,Monday,0,Winter,5.46,Low,1,1.0
Bedford-Stuyvesant,Chelsea,3,Sunday,1,Winter,7.67,Low,1,1.0
Bedford-Stuyvesant,Harlem,23,Saturday,1,Winter,1.74,Low,1,1.0
East Harlem,Hell's Kitchen,11,Wednesday,0,Spring,10.42,Low,1,1.0
Harlem,East Village,10,Monday,0,Summer,4.28,Medium,3,1.3
South Slope,Crown Heights,19,Saturday,1,Winter,4.58,High,1,1.8
Harlem,Bedford-Stuyvesant,8,Tuesday,0,Spring,2.48,High,1,1.8
Bedford-Stuyvesant,East Harlem,22,Monday,0,Winter,10.24,Low,1,1.0
Crown Heights,Kensington,8,Friday,0,Spring,7.98,High,1,1.8
Murray Hill,East Harlem,22,Saturday,1,Spring,1.24,Low,1,1.0
Greenpoint,Kensington,18,Wednesday,0,Winter,1.77,High,1,1.8
Clinton Hill,East Harlem,16,Thursday,0,Summer,9.31,Medium,1,1.3
Upper West Side,Bedford-Stuyvesant,0,Wednesday,0,Spring,1.07,Low,1,1.0
Great Kills,Oakwood,15,Saturday,1,Spring,0.18,Low,3,1.0
Arden Heights,Rosebank,18,Monday,0,Summer,11.09,High,1,1.8
Hell's Kitchen,Harlem,7,Tuesday,0,Spring,2.2,Medium,1,1.3
South Slope,Hell's Kitchen,18,Saturday,1,Spring,6.95,High,1,1.8
East Harlem,Kensington,15,Monday,0,Winter,0.75,Low,1,1.0
East Harlem,Clinton Hill,0,Thursday,0,Spring,1.88,Low,2,1.0
Crown Heights,Bedford-Stuyvesant,1,Sunday,1,Spring,1.95,Low,5,1.0
Park Slope,Williamsburg,22,Friday,0,Winter,2.93,Low,1,1.0
Clinton Hill,East Harlem,16,Monday,0,Spring,1.95,Medium,1,1.3
Upper West Side,Upper West Side,8,Wednesday,0,Spring,1.08,High,1,1.8
Harlem,Midtown,16,Friday,0,Winter,1.3,Medium,5,1.3
Park Slope,Hell's Kitchen,23,Saturday,1,Winter,1.36,Low,1,1.0
Clinton Hill,East Harlem,14,Monday,0,Summer,3.18,Low,1,1.0
Bedford-Stuyvesant,Harlem,22,Saturday,1,Winter,3.13,Low,2,1.0
Bedford-Stuyvesant,West Village,6,Friday,0,Winter,1.16,Low,2,1.0
South Slope,Harlem,13,Monday,0,Summer,2.95,Low,1,1.0
Bedford-Stuyvesant,Murray Hill,11,Tuesday,0,Spring,1.43,Low,2,1.0
Clinton Hill,Bedford-Stuyvesant,13,Monday,0,Spring,4.85,Low,6,1.0
Upper West Side,East Harlem,15,Thursday,0,Summer,1.53,Low,1,1.0
Sheepshead Bay,Bensonhurst,17,Friday,0,Spring,6.67,High,1,1.8
Fort Greene,Greenpoint,17,Thursday,0,Spring,1.2,High,2,1.8
Bedford-Stuyvesant,Hell's Kitchen,18,Monday,0,Summer,1.63,High,3,1.8
Park Slope,Bedford-Stuyvesant,16,Monday,0,Winter,1.02,Medium,1,1.3
Murray Hill,East Harlem,22,Friday,0,Summer,3.31,Low,1,1.0
Harlem,Clinton Hill,18,Wednesday,0,Spring,1.09,High,1,1.8
Chinatown,Upper West Side,3,Sunday,1,Summer,3.09,Low,1,1.0
Chelsea,Harlem,6,Friday,0,Winter,1.64,Low,1,1.0
Clinton Hill,Chinatown,19,Tuesday,0,Spring,1.57,High,1,1.8
Sheepshead Bay,Coney Island,18,Wednesday,0,Spring,0.99,High,1,1.8
Kensington,South Slope,11,Thursday,0,Spring,4.65,Low,1,1.0
Harlem,West Village,2,Monday,0,Spring,1.98,Low,1,1.0
South Slope,Upper West Side,20,Saturday,1,Winter,2.84,Medium,1,1.3
East Harlem,Hell's Kitchen,20,Monday,0,Spring,2.36,Medium,1,1.3
Murray Hill,Bedford-Stuyvesant,23,Saturday,1,Spring,8.71,Low,2,1.0
Chinatown,West Village,18,Tuesday,0,Spring,2.65,High,1,1.8
Chinatown,Upper West Side,17,Wednesday,0,Winter,3.34,High,5,1.8
Kensington,East Harlem,20,Tuesday,0,Winter,1.45,Medium,1,1.3
West Village,Williamsburg,2,Sunday,1,Spring,2.6,Low,2,1.0
East Harlem,Inwood,3,Saturday,1,Winter,0.76,Low,2,1.0
South Slope,South Slope,14,Monday,0,Summer,1.5,Low,5,1.0
Upper West Side,Murray Hill,14,Monday,0,Spring,1.35,Low,1,1.0
Hell's Kitchen,Hell's Kitchen,11,Sunday,1,Summer,3.42,Low,1,1.0
Rosebank,Arden Heights,12,Monday,0,Spring,11.58,Low,2,1.0
Upper West Side,Harlem,22,Wednesday,0,Winter,5.09,Low,1,1.0
Midwood,Concord,12,Saturday,1,Winter,8.65,Low,1,1.0
Murray Hill,Harlem,7,Tuesday,0,Winter,1.6,Medium,1,1.3
Inwood,Upper West Side,22,Wednesday,0,Winter,6.44,Low,1,1.0
Fort Greene,Park Slope,10,Tuesday,0,Winter,1.06,Medium,1,1.3
West Village,Inwood,10,Tuesday,0,Spring,2.68,Medium,5,1.3
Harlem,Upper West Side,20,Wednesday,0,Winter,3.74,Medium,1,1.3
East Harlem,Upper West Side,15,Monday,0,Winter,3.9,Low,1,1.0
Chelsea,West Village,17,Saturday,1,Winter,2.88,High,1,1.8
Fort Greene,Harlem,22,Tuesday,0,Spring,3.91,Low,1,1.0
East Harlem,Park Slope,21,Friday,0,Spring,1.29,Low,2,1.0
East Harlem,Upper West Side,19,Wednesday,0,Spring,0.95,High,1,1.8
Clinton Hill,Harlem,17,Saturday,1,Spring,0.27,High,2,1.8
Harlem,East Harlem,20,Thursday,0,Spring,5.46,Medium,3,1.3
Harlem,Chinatown,16,Tuesday,0,Spring,0.81,Medium,1,1.3
Williamsburg,East Harlem,21,Friday,0,Winter,0.73,Low,2,1.0
Bedford-Stuyvesant,Bedford-Stuyvesant,13,Saturday,1,Spring,2.82,Low,3,1.0
Hell's Kitchen,Bedford-Stuyvesant,23,Monday,0,Spring,1.54,Low,1,1.0
South Slope,East Harlem,19,Saturday,1,Winter,0.94,High,1,1.8
Midtown,Fort Greene,12,Saturday,1,Spring,3.53,Low,2,1.0
Williamsburg,Harlem,11,Saturday,1,Winter,3.92,Low,1,1.0
East Harlem,South Slope,0,Saturday,1,Winter,7.8,Low,1,1.0
Williamsburg,Kensington,14,Sunday,1,Winter,2.51,Low,1,1.0
Tottenville,Eltingville,5,Sunday,1,Spring,16.72,Low,1,1.0
Sheepshead Bay,Arrochar,11,Saturday,1,Spring,0.27,Low,1,1.0
Harlem,Bedford-Stuyvesant,13,Sunday,1,Spring,2.43,Low,1,1.0
West Village,Upper West Side,13,Sunday,1,Spring,8.68,Low,2,1.0
East Harlem,East Harlem,19,Thursday,0,Winter,0.69,High,1,1.8
Upper West Side,Bedford-Stuyvesant,8,Saturday,1,Spring,0.82,High,1,1.8
Midtown,Fort Greene,16,Wednesday,0,Winter,2.23,Medium,1,1.3
Murray Hill,Fort Greene,17,Sunday,1,Summer,1.15,High,2,1.8
Great Kills,Canarsie,21,Monday,0,Winter,13.75,Low,1,1.0
Harlem,Upper West Side,14,Sunday,1,Spring,3.1,Low,1,1.0
East Harlem,Fort Greene,19,Sunday,1,Spring,1.47,High,1,1.8
Upper West Side,East Harlem,19,Monday,0,Summer,1.08,High,1,1.8
East Harlem,Harlem,12,Tuesday,0,Summer,1.21,Low,1,1.0
East Harlem,Fort Greene,10,Tuesday,0,Spring,5.02,Medium,1,1.3
Williamsburg,Hell's Kitchen,8,Tuesday,0,Spring,0.97,High,2,1.8
Upper West Side,Harlem,18,Tuesday,0,Spring,3.36,High,1,1.8
South Slope,East Harlem,8,Wednesday,0,Winter,1.02,High,1,1.8
Murray Hill,Upper West Side,15,Monday,0,Winter,2.02,Low,5,1.0
Upper West Side,East Harlem,18,Tuesday,0,Spring,1.73,High,1,1.8
Upper West Side,Harlem,10,Thursday,0,Spring,8.82,Medium,1,1.3
West Village,Kensington,5,Wednesday,0,Winter,3.34,Low,6,1.0
East Village,Williamsburg,23,Friday,0,Spring,0.69,Low,1,1.0
East Harlem,Harlem,14,Tuesday,0,Spring,1.88,Low,1,1.0
East Harlem,Harlem,7,Monday,0,Summer,1.3,Medium,1,1.3
Hell's Kitchen,East Harlem,0,Saturday,1,Winter,2.02,Low,1,1.0
Williamsburg,Harlem,8,Tuesday,0,Winter,1.64,High,3,1.8
Upper West Side,Harlem,19,Monday,0,Spring,3.1,High,1,1.8
Kensington,Upper West Side,11,Tuesday,0,Spring,1.7,Low,1,1.0
Harlem,Bedford-Stuyvesant,13,Monday,0,Winter,0.62,Low,1,1.0
Great Kills,Tottenville,5,Sunday,1,Winter,26.84,Low,5,1.0
West Village,Upper West Side,12,Thursday,0,Spring,3.83,Low,2,1.0
Midwood,"Bay Terrace, Staten Island",13,Wednesday,0,Spring,12.19,Low,1,1.0
Upper West Side,South Slope,23,Wednesday,0,Spring,3.56,Low,3,1.0
Harlem,East Harlem,18,Sunday,1,Winter,0.56,High,1,1.8
Kensington,South Slope,0,Wednesday,0,Spring,12.73,Low,1,1.0
Harlem,Bedford-Stuyvesant,9,Wednesday,0,Summer,2.79,High,1,1.8
Huguenot,Tottenville,8,Saturday,1,Spring,23.67,High,1,1.8
East Harlem,Upper West Side,8,Monday,0,Spring,2.06,High,1,1.8
West Village,Upper West Side,14,Thursday,0,Summer,1.41,Low,2,1.0
Chinatown,Midtown,22,Monday,0,Summer,1.41,Low,1,1.0
Clinton Hill,Chelsea,6,Sunday,1,Summer,4.71,Low,1,1.0
Bedford-Stuyvesant,Murray Hill,18,Thursday,0,Spring,5.12,High,1,1.8
Bedford-Stuyvesant,South Slope,12,Saturday,1,Winter,3.01,Low,1,1.0
Lower East Side,Midtown,22,Wednesday,0,Spring,2.72,Low,2,1.0
Murray Hill,East Harlem,18,Friday,0,Spring,1.67,High,1,1.8
Lower East Side,Windsor Terrace,16,Saturday,1,Winter,1.44,Medium,3,1.3
Hell's Kitchen,Hell's Kitchen,8,Friday,0,Spring,1.86,High,1,1.8
Williamsburg,Fort Greene,11,Friday,0,Winter,1.77,Low,1,1.0
Harlem,East Harlem,22,Wednesday,0,Winter,1.92,Low,1,1.0
East Harlem,Fort Greene,19,Tuesday,0,Spring,0.58,High,6,1.8
Inwood,Williamsburg,1,Saturday,1,Winter,0.58,Low,1,1.0
East Harlem,Fort Greene,20,Friday,0,Winter,1.9,Medium,2,1.3
Rockaway Beach,New Springville,10,Sunday,1,Summer,5.92,Medium,1,1.3
Midtown,Harlem,13,Sunday,1,Spring,3.83,Low,2,1.0
Clinton Hill,Clinton Hill,19,Wednesday,0,Winter,2.64,High,1,1.8
West Village,West Village,8,Saturday,1,Winter,6.82,High,1,1.8
Chinatown,South Slope,14,Thursday,0,Spring,1.4,Low,1,1.0
West Village,Upper West Side,7,Monday,0,Spring,2.08,Medium,1,1.3
Bath Beach,Arden Heights,6,Monday,0,Spring,10.69,Low,2,1.0
South Slope,Upper West Side,10,Monday,0,Spring,1.49,Medium,1,1.3
Murray Hill,Kensington,8,Friday,0,Spring,13.36,High,6,1.8
South Slope,Midtown,17,Thursday,0,Spring,2.04,High,1,1.8
Upper West Side,Upper West Side,13,Sunday,1,Spring,0.0,Low,1,1.0
Upper West Side,West Village,20,Thursday,0,Spring,2.7,Medium,1,1.3
West Village,East Harlem,21,Saturday,1,Winter,1.03,Low,1,1.0
East Harlem,Midtown,10,Friday,0,Winter,5.32,Medium,1,1.3
Chinatown,East Harlem,18,Thursday,0,Winter,2.21,High,3,1.8
West Village,East Harlem,14,Friday,0,Winter,6.32,Low,1,1.0
Bedford-Stuyvesant,East Harlem,0,Saturday,1,Winter,3.95,Low,5,1.0
Windsor Terrace,Greenpoint,1,Sunday,1,Spring,5.04,Low,1,1.0
Chinatown,Inwood,16,Sunday,1,Winter,1.6,Medium,5,1.3
Mill Basin,Bensonhurst,12,Friday,0,Spring,1.93,Low,1,1.0
Park Slope,Bedford-Stuyvesant,3,Saturday,1,Spring,3.6,Low,1,1.0
Bedford-Stuyvesant,Williamsburg,23,Saturday,1,Winter,1.35,Low,5,1.0
Upper West Side,East Harlem,18,Tuesday,0,Spring,0.94,High,1,1.8
Hell's Kitchen,East Harlem,19,Sunday,1,Summer,0.82,High,1,1.8
"Bay Terrace, Staten Island",Bayswater,17,Monday,0,Winter,14.45,High,1,1.8
Clinton Hill,East Harlem,22,Thursday,0,Winter,0.57,Low,1,1.0
Prince's Bay,Woodrow,18,Thursday,0,Spring,23.09,High,1,1.8
Williamsburg,Bedford-Stuyvesant,9,Tuesday,0,Spring,1.34,High,1,1.8
Harlem,Park Slope,10,Thursday,0,Summer,1.41,Medium,1,1.3
Upper West Side,Fort Greene,15,Tuesday,0,Spring,1.47,Low,4,1.0
Harlem,South Slope,22,Wednesday,0,Winter,5.1,Low,1,1.0
East Harlem,South Slope,20,Wednesday,0,Winter,9.07,Medium,1,1.3
Bedford-Stuyvesant,Clinton Hill,20,Monday,0,Winter,0.68,Medium,1,1.3
Harlem,East Harlem,14,Wednesday,0,Spring,5.14,Low,2,1.0
Upper West Side,Upper West Side,3,Tuesday,0,Spring,5.15,Low,1,1.0
Hell's Kitchen,Upper West Side,16,Sunday,1,Winter,3.92,Medium,1,1.3
Harlem,Clinton Hill,10,Saturday,1,Spring,2.78,Medium,3,1.3
Chinatown,West Village,15,Saturday,1,Spring,2.89,Low,1,1.0
Tottenville,Prince's Bay,11,Monday,0,Winter,25.46,Low,1,1.0
Kensington,Upper West Side,13,Monday,0,Spring,1.14,Low,1,1.0
Rockaway Beach,Bensonhurst,19,Tuesday,0,Winter,2.02,High,6,1.8
Bedford-Stuyvesant,Upper West Side,5,Tuesday,0,Spring,3.77,Low,6,1.0
Fort Greene,Chelsea,4,Thursday,0,Spring,10.4,Low,1,1.0
Crown Heights,Bedford-Stuyvesant,14,Monday,0,Winter,1.11,Low,1,1.0
Harlem,Harlem,9,Monday,0,Spring,0.29,High,1,1.8
West Village,South Slope,18,Saturday,1,Winter,2.53,High,1,1.8
Chinatown,Upper West Side,23,Sunday,1,Summer,1.35,Low,2,1.0
East Flatbush,Bensonhurst,15,Wednesday,0,Spring,1.13,Low,1,1.0
Harlem,Crown Heights,10,Sunday,1,Spring,2.43,Medium,1,1.3
Upper West Side,Fort Greene,2,Sunday,1,Winter,0.7,Low,2,1.0
Hell's Kitchen,Fort Greene,2,Saturday,1,Spring,12.8,Low,5,1.0
East Harlem,Kensington,8,Thursday,0,Winter,1.83,High,5,1.8
Arrochar,Breezy Point,3,Tuesday,0,Winter,7.76,Low,1,1.0
Midwood,Sheepshead Bay,16,Saturday,1,Spring,2.33,Medium,1,1.3
Chinatown,Murray Hill,20,Saturday,1,Winter,0.53,Medium,1,1.3
Gravesend,Midland Beach,5,Thursday,0,Spring,5.43,Low,1,1.0
Upper West Side,Park Slope,21,Tuesday,0,Spring,2.44,Low,1,1.0
South Slope,East Harlem,9,Tuesday,0,Summer,2.62,High,2,1.8
Flatlands,Fort Hamilton,23,Thursday,0,Spring,0.96,Low,1,1.0
East Harlem,Fort Greene,21,Tuesday,0,Spring,1.99,Low,1,1.0
Park Slope,Kensington,18,Saturday,1,Spring,3.84,High,2,1.8
East Harlem,Harlem,16,Sunday,1,Winter,1.11,Medium,1,1.3
East Harlem,Harlem,6,Friday,0,Summer,2.26,Low,1,1.0
Upper West Side,South Slope,7,Monday,0,Spring,1.46,Medium,1,1.3
Murray Hill,Midtown,19,Wednesday,0,Winter,9.44,High,1,1.8
Upper West Side,Kensington,7,Thursday,0,Summer,2.11,Medium,1,1.3
Kensington,East Harlem,21,Tuesday,0,Summer,2.03,Low,1,1.0
Midtown,Windsor Terrace,19,Monday,0,Winter,1.81,High,1,1.8
East Harlem,Harlem,7,Thursday,0,Spring,1.36,Medium,1,1.3
Upper West Side,Upper West Side,18,Wednesday,0,Winter,2.02,High,2,1.8
Port Richmond,Far Rockaway,22,Friday,0,Summer,3.13,Low,1,1.0
Bedford-Stuyvesant,Midtown,17,Monday,0,Winter,21.0,High,1,1.8
Upper West Side,East Harlem,13,Friday,0,Winter,3.97,Low,1,1.0
Clinton Hill,West Village,2,Monday,0,Winter,5.19,Low,2,1.0
Upper West Side,Williamsburg,0,Friday,0,Spring,2.36,Low,2,1.0
Kensington,Murray Hill,14,Wednesday,0,Spring,3.93,Low,1,1.0
Bedford-Stuyvesant,East Harlem,1,Sunday,1,Spring,0.55,Low,1,1.0
Bedford-Stuyvesant,Kensington,6,Thursday,0,Summer,3.11,Low,1,1.0
Upper West Side,Bedford-Stuyvesant,22,Tuesday,0,Spring,0.91,Low,1,1.0
Bedford-Stuyvesant,Fort Greene,17,Tuesday,0,Winter,0.74,High,1,1.8
Fort Greene,South Slope,20,Tuesday,0,Winter,0.88,Medium,3,1.3
Bedford-Stuyvesant,Harlem,18,Tuesday,0,Summer,1.94,High,4,1.8
Hell's Kitchen,Murray Hill,9,Friday,0,Spring,4.73,High,1,1.8
West Village,Upper West Side,19,Friday,0,Winter,4.67,High,1,1.8
Bedford-Stuyvesant,Midtown,12,Thursday,0,Winter,2.24,Low,1,1.0
Todt Hill,Midwood,14,Thursday,0,Summer,1.01,Low,1,1.0
Fort Hamilton,Fort Hamilton,15,Friday,0,Spring,1.27,Low,2,1.0
South Slope,Harlem,20,Wednesday,0,Spring,1.34,Medium,2,1.3
Prince's Bay,Tottenville,16,Tuesday,0,Spring,25.25,Medium,1,1.3
Upper West Side,Harlem,11,Wednesday,0,Winter,1.4,Low,1,1.0
Harlem,Hell's Kitchen,8,Monday,0,Winter,3.96,High,2,1.8
Murray Hill,Chinatown,1,Friday,0,Spring,0.44,Low,1,1.0
East Harlem,Fort Greene,10,Tuesday,0,Winter,0.63,Medium,1,1.3
Upper West Side,Bedford-Stuyvesant,6,Thursday,0,Spring,0.91,Low,1,1.0
Harlem,Chelsea,19,Sunday,1,Winter,1.79,High,1,1.8
Bedford-Stuyvesant,East Harlem,12,Saturday,1,Spring,2.08,Low,2,1.0
Hell's Kitchen,Upper West Side,17,Tuesday,0,Spring,1.38,High,1,1.8
Chinatown,Crown Heights,1,Sunday,1,Winter,2.0,Low,1,1.0
Chinatown,Upper West Side,17,Tuesday,0,Winter,1.95,High,1,1.8
Bedford-Stuyvesant,Harlem,23,Saturday,1,Summer,0.72,Low,5,1.0
East Harlem,Windsor Terrace,18,Monday,0,Spring,3.0,High,5,1.8
Harlem,Upper West Side,15,Thursday,0,Winter,0.97,Low,1,1.0
Clifton,Sheepshead Bay,10,Thursday,0,Spring,6.77,Medium,1,1.3
Inwood,South Slope,22,Thursday,0,Spring,2.95,Low,1,1.0
Upper West Side,Midtown,7,Thursday,0,Spring,3.97,Medium,1,1.3
Bedford-Stuyvesant,Williamsburg,17,Sunday,1,Summer,4.51,High,2,1.8
Hell's Kitchen,South Slope,19,Thursday,0,Spring,2.47,High,1,1.8
West Village,Inwood,9,Tuesday,0,Spring,5.06,High,2,1.8
Fort Greene,East Harlem,12,Tuesday,0,Spring,1.02,Low,1,1.0
East Harlem,Midtown,12,Thursday,0,Spring,2.71,Low,1,1.0
Harlem,Upper West Side,21,Monday,0,Winter,6.34,Low,2,1.0
Murray Hill,Upper West Side,20,Thursday,0,Winter,0.56,Medium,2,1.3
Bedford-Stuyvesant,Williamsburg,18,Friday,0,Winter,1.23,High,2,1.8
Clinton Hill,Clinton Hill,21,Sunday,1,Winter,0.0,Low,1,1.0
Bedford-Stuyvesant,Bedford-Stuyvesant,9,Thursday,0,Spring,1.8,High,4,1.8
Fort Greene,Hell's Kitchen,18,Wednesday,0,Winter,0.92,High,1,1.8
Arden Heights,Manhattan Beach,19,Friday,0,Winter,9.93,High,1,1.8
Upper West Side,Harlem,2,Wednesday,0,Winter,11.91,Low,4,1.0
East Harlem,Inwood,4,Saturday,1,Summer,3.14,Low,1,1.0
South Slope,Murray Hill,20,Wednesday,0,Winter,6.0,Medium,1,1.3
Harlem,Upper West Side,19,Monday,0,Spring,1.86,High,1,1.8
Upper West Side,South Slope,18,Wednesday,0,Winter,3.07,High,1,1.8
Great Kills,Prince's Bay,18,Friday,0,Winter,25.53,High,1,1.8
Bedford-Stuyvesant,Upper West Side,19,Thursday,0,Winter,1.5,High,1,1.8
Harlem,Bedford-Stuyvesant,17,Saturday,1,Summer,3.25,High,2,1.8
East Harlem,Upper West Side,12,Tuesday,0,Spring,0.94,Low,1,1.0
Kensington,West Village,19,Tuesday,0,Summer,3.11,High,2,1.8
South Slope,Murray Hill,21,Wednesday,0,Spring,0.49,Low,1,1.0
Murray Hill,South Slope,21,Friday,0,Winter,1.88,Low,1,1.0
Harlem,South Slope,21,Monday,0,Winter,1.68,Low,1,1.0
Chinatown,Upper West Side,0,Saturday,1,Spring,0.36,Low,1,1.0
East Harlem,Upper West Side,19,Monday,0,Winter,3.33,High,1,1.8
Clinton Hill,Hell's Kitchen,12,Saturday,1,Spring,1.83,Low,1,1.0
Bedford-Stuyvesant,Williamsburg,18,Friday,0,Spring,3.39,High,1,1.8
Park Slope,Williamsburg,4,Saturday,1,Summer,1.1,Low,2,1.0
Bedford-Stuyvesant,Murray Hill,23,Wednesday,0,Spring,1.54,Low,1,1.0
Bensonhurst,Flatlands,11,Tuesday,0,Spring,1.91,Low,1,1.0
Tottenville,Eltingville,19,Saturday,1,Spring,19.29,High,1,1.8
East Harlem,Fort Greene,0,Sunday,1,Summer,1.84,Low,1,1.0
Harlem,East Harlem,8,Wednesday,0,Winter,6.14,High,1,1.8
Kensington,Kensington,17,Thursday,0,Spring,0.0,High,2,1.8
Park Slope,Upper West Side,8,Wednesday,0,Spring,5.57,High,1,1.8
East Harlem,Murray Hill,12,Friday,0,Summer,1.15,Low,1,1.0
Sheepshead Bay,Fort Hamilton,10,Thursday,0,Summer,1.35,Medium,1,1.3
Tottenville,Huguenot,14,Sunday,1,Winter,25.16,Low,3,1.0
Chinatown,Fort Greene,4,Monday,0,Spring,9.24,Low,2,1.0
Bedford-Stuyvesant,Murray Hill,20,Sunday,1,Summer,2.61,Medium,1,1.3
Fort Hamilton,Sheepshead Bay,19,Monday,0,Winter,1.71,High,1,1.8
Harlem,Upper West Side,16,Wednesday,0,Summer,2.63,Medium,1,1.3
Crown Heights,Bedford-Stuyvesant,12,Thursday,0,Summer,1.3,Low,1,1.0
Williamsburg,Inwood,9,Friday,0,Winter,0.81,High,1,1.8
Kensington,Bedford-Stuyvesant,10,Friday,0,Spring,2.07,Medium,1,1.3
Park Slope,Harlem,11,Sunday,1,Winter,2.67,Low,1,1.0
Bedford-Stuyvesant,South Slope,17,Friday,0,Spring,0.47,High,1,1.8
Crown Heights,Upper West Side,12,Sunday,1,Spring,2.93,Low,1,1.0
Upper West Side,East Harlem,15,Thursday,0,Spring,1.32,Low,1,1.0
Clinton Hill,East Harlem,10,Thursday,0,Winter,0.46,Medium,1,1.3
Greenpoint,East Harlem,21,Tuesday,0,Spring,11.15,Low,1,1.0
Brighton Beach,Arverne,18,Saturday,1,Summer,2.51,High,2,1.8
Bedford-Stuyvesant,East Village,17,Saturday,1,Winter,6.34,High,3,1.8
Inwood,Park Slope,1,Tuesday,0,Spring,2.68,Low,1,1.0
Harlem,Bedford-Stuyvesant,22,Wednesday,0,Winter,1.48,Low,1,1.0
Bensonhurst,Gravesend,20,Tuesday,0,Spring,4.24,Medium,1,1.3
Midtown,Harlem,18,Friday,0,Winter,2.33,High,2,1.8
Murray Hill,Harlem,8,Wednesday,0,Winter,5.55,High,1,1.8
East Harlem,Upper West Side,18,Friday,0,Spring,2.41,High,1,1.8
Harlem,West Village,14,Wednesday,0,Spring,3.56,Low,1,1.0
South Slope,East Harlem,19,Sunday,1,Spring,0.76,High,1,1.8
Upper West Side,Bedford-Stuyvesant,18,Wednesday,0,Spring,6.99,High,1,1.8
Arrochar,Midwood,14,Tuesday,0,Winter,4.86,Low,1,1.0
Harlem,South Slope,6,Wednesday,0,Spring,0.86,Low,1,1.0
Harlem,East Harlem,23,Friday,0,Spring,1.5,Low,3,1.0
Harlem,Harlem,13,Monday,0,Winter,1.14,Low,1,1.0
Upper West Side,Williamsburg,1,Friday,0,Spring,1.73,Low,1,1.0
South Slope,Upper West Side,15,Tuesday,0,Spring,1.44,Low,1,1.0
Sheepshead Bay,Shore Acres,9,Monday,0,Summer,2.07,High,1,1.8
Bedford-Stuyvesant,Harlem,9,Tuesday,0,Summer,3.46,High,1,1.8
West Village,Harlem,14,Wednesday,0,Spring,2.3,Low,1,1.0
Murray Hill,Upper West Side,16,Wednesday,0,Spring,2.61,Medium,1,1.3
South Slope,West Village,21,Saturday,1,Spring,1.35,Low,1,1.0
Oakwood,Midwood,18,Wednesday,0,Winter,14.69,High,1,1.8
East Harlem,Harlem,13,Friday,0,Winter,1.47,Low,1,1.0
Upper West Side,Upper West Side,10,Saturday,1,Summer,1.33,Medium,1,1.3
Park Slope,Clinton Hill,20,Wednesday,0,Winter,3.44,Medium,1,1.3
East Harlem,Upper West Side,12,Wednesday,0,Spring,2.98,Low,1,1.0
Harlem,Harlem,12,Friday,0,Winter,2.36,Low,6,1.0
"Bay Terrace, Staten Island",Fort Hamilton,20,Sunday,1,Spring,12.93,Medium,2,1.3
Bedford-Stuyvesant,South Slope,1,Tuesday,0,Spring,2.6,Low,1,1.0
Park Slope,Hell's Kitchen,1,Sunday,1,Spring,3.46,Low,2,1.0
Upper West Side,Upper West Side,4,Saturday,1,Winter,2.61,Low,1,1.0
Upper West Side,Clinton Hill,18,Wednesday,0,Spring,2.69,High,1,1.8
Harlem,Clinton Hill,12,Wednesday,0,Winter,1.94,Low,6,1.0
Park Slope,Bedford-Stuyvesant,0,Saturday,1,Spring,4.05,Low,5,1.0
Bedford-Stuyvesant,East Harlem,15,Wednesday,0,Spring,1.39,Low,1,1.0
Fort Hamilton,"Bay Terrace, Staten Island",7,Saturday,1,Summer,13.09,Medium,2,1.3
Bedford-Stuyvesant,Upper West Side,10,Monday,0,Summer,3.15,Medium,1,1.3
Upper West Side,Murray Hill,8,Tuesday,0,Spring,2.31,High,2,1.8
Prince's Bay,Huguenot,14,Monday,0,Winter,26.18,Low,1,1.0
Inwood,Park Slope,15,Saturday,1,Winter,2.87,Low,1,1.0
Inwood,Upper West Side,20,Wednesday,0,Winter,4.44,Medium,1,1.3
West Brighton,Midwood,7,Thursday,0,Winter,1.27,Medium,1,1.3
Upper West Side,Crown Heights,0,Thursday,0,Spring,4.36,Low,2,1.0
South Slope,East Harlem,21,Monday,0,Winter,0.8,Low,2,1.0
Harlem,East Harlem,9,Thursday,0,Summer,7.2,High,1,1.8
Dyker Heights,Bensonhurst,21,Thursday,0,Spring,0.94,Low,1,1.0
Murray Hill,Fort Greene,18,Friday,0,Spring,0.55,High,1,1.8
Hell's Kitchen,Harlem,11,Thursday,0,Spring,1.81,Low,2,1.0
Upper West Side,Harlem,18,Thursday,0,Winter,1.78,High,1,1.8
Murray Hill,Harlem,19,Friday,0,Summer,3.81,High,2,1.8
Harlem,Harlem,18,Thursday,0,Spring,0.96,High,1,1.8
West Village,Upper West Side,18,Thursday,0,Spring,2.0,High,1,1.8
Clinton Hill,Bedford-Stuyvesant,14,Tuesday,0,Spring,1.11,Low,1,1.0
East Harlem,Harlem,4,Monday,0,Winter,12.0,Low,5,1.0
Clinton Hill,Inwood,19,Thursday,0,Spring,1.34,High,3,1.8
Upper West Side,Park Slope,3,Saturday,1,Spring,8.24,Low,2,1.0
Murray Hill,East Harlem,8,Monday,0,Spring,2.01,High,1,1.8
Fort Hamilton,Bensonhurst,13,Wednesday,0,Summer,1.94,Low,1,1.0
Hell's Kitchen,Bedford-Stuyvesant,21,Thursday,0,Spring,2.31,Low,2,1.0
South Slope,South Slope,23,Sunday,1,Spring,1.44,Low,1,1.0
Harlem,Harlem,13,Wednesday,0,Winter,6.22,Low,1,1.0
Oakwood,Bull's Head,13,Tuesday,0,Winter,9.35,Low,2,1.0
Harlem,Clinton Hill,21,Wednesday,0,Winter,4.3,Low,1,1.0
Clinton Hill,East Harlem,19,Tuesday,0,Summer,1.54,High,6,1.8
Bedford-Stuyvesant,South Slope,23,Friday,0,Spring,2.1,Low,1,1.0
Fort Greene,Upper West Side,19,Wednesday,0,Winter,3.83,High,1,1.8
Harlem,East Harlem,18,Monday,0,Winter,1.61,High,2,1.8
West Village,Bedford-Stuyvesant,12,Friday,0,Winter,1.92,Low,2,1.0
Upper West Side,Clinton Hill,1,Thursday,0,Winter,3.14,Low,2,1.0
Clinton Hill,Greenpoint,17,Monday,0,Winter,2.95,High,1,1.8
East Harlem,South Slope,8,Tuesday,0,Summer,2.19,High,2,1.8
Sheepshead Bay,New Springville,11,Tuesday,0,Winter,0.25,Low,1,1.0
Chinatown,Long Island City,12,Saturday,1,Spring,2.69,Low,1,1.0
East Harlem,Upper West Side,19,Friday,0,Summer,5.8,High,2,1.8
Emerson Hill,Concord,7,Wednesday,0,Winter,1.37,Medium,1,1.3
Williamsburg,South Slope,19,Tuesday,0,Spring,2.59,High,1,1.8
Crown Heights,East Harlem,10,Wednesday,0,Winter,2.72,Medium,2,1.3
Upper West Side,Upper East Side,18,Saturday,1,Winter,0.89,High,1,1.8
Greenpoint,Harlem,9,Friday,0,Summer,2.35,High,1,1.8
Williamsburg,Williamsburg,20,Thursday,0,Winter,0.0,Medium,1,1.3
Bedford-Stuyvesant,Upper West Side,1,Saturday,1,Spring,3.91,Low,6,1.0
Bedford-Stuyvesant,Windsor Terrace,9,Thursday,0,Summer,2.73,High,1,1.8
Hell's Kitchen,East Harlem,8,Thursday,0,Winter,1.13,High,1,1.8
Chinatown,Crown Heights,22,Wednesday,0,Winter,3.1,Low,1,1.0
Harlem,Upper West Side,13,Friday,0,Winter,4.07,Low,1,1.0
South Slope,South Slope,20,Wednesday,0,Spring,5.61,Medium,1,1.3
Bedford-Stuyvesant,Upper West Side,15,Wednesday,0,Spring,4.72,Low,1,1.0
Fort Greene,Upper West Side,21,Wednesday,0,Summer,1.75,Low,1,1.0
South Slope,Upper West Side,20,Friday,0,Winter,4.1,Medium,1,1.3
East Harlem,West Village,10,Monday,0,Summer,1.62,Medium,1,1.3
Harlem,West Village,11,Saturday,1,Spring,2.24,Low,1,1.0
Inwood,Clinton Hill,23,Sunday,1,Winter,0.79,Low,1,1.0
Murray Hill,Upper West Side,19,Saturday,1,Winter,3.68,High,1,1.8
Hell's Kitchen,Kensington,0,Wednesday,0,Summer,1.06,Low,1,1.0
Kensington,Hell's Kitchen,19,Tuesday,0,Summer,3.47,High,1,1.8
South Slope,East Harlem,15,Monday,0,Winter,1.81,Low,1,1.0
Rockaway Beach,Coney Island,1,Sunday,1,Winter,4.2,Low,1,1.0
Bensonhurst,Clifton,7,Tuesday,0,Winter,1.78,Medium,1,1.3
Sheepshead Bay,Sheepshead Bay,18,Friday,0,Spring,1.41,High,2,1.8
Upper West Side,Upper West Side,7,Friday,0,Spring,1.43,Medium,1,1.3
East Harlem,East Harlem,21,Thursday,0,Summer,1.46,Low,2,1.0
Kensington,South Slope,17,Wednesday,0,Summer,1.02,High,1,1.8
Eltingville,Tottenville,10,Wednesday,0,Spring,25.8,Medium,2,1.3
Tottenville,Eltingville,19,Wednesday,0,Winter,26.41,High,1,1.8
South Slope,Harlem,22,Tuesday,0,Spring,5.45,Low,5,1.0
Bedford-Stuyvesant,Kensington,20,Sunday,1,Winter,1.07,Medium,1,1.3
Upper West Side,Crown Heights,13,Friday,0,Summer,2.29,Low,1,1.0
West Village,South Slope,21,Monday,0,Spring,5.17,Low,1,1.0
Arrochar,Bensonhurst,16,Saturday,1,Spring,1.4,Medium,4,1.3
Harlem,Bedford-Stuyvesant,16,Friday,0,Spring,3.51,Medium,1,1.3
Harlem,Williamsburg,11,Tuesday,0,Winter,2.25,Low,1,1.0
Upper West Side,Harlem,4,Sunday,1,Spring,0.45,Low,4,1.0
South Slope,Upper West Side,11,Sunday,1,Spring,2.44,Low,1,1.0
Inwood,Bedford-Stuyvesant,20,Tuesday,0,Spring,1.47,Medium,1,1.3
Bedford-Stuyvesant,Bedford-Stuyvesant,21,Sunday,1,Spring,1.16,Low,1,1.0
Hell's Kitchen,Clinton Hill,21,Saturday,1,Spring,5.02,Low,1,1.0
Bensonhurst,Sheepshead Bay,18,Wednesday,0,Spring,1.81,High,5,1.8
West Village,East Harlem,19,Wednesday,0,Summer,5.56,High,1,1.8
Tottenville,Tottenville,4,Monday,0,Spring,26.59,Low,1,1.0
Bedford-Stuyvesant,Upper West Side,0,Sunday,1,Winter,0.86,Low,1,1.0
Upper West Side,Inwood,19,Wednesday,0,Winter,1.76,High,1,1.8
Inwood,East Harlem,10,Sunday,1,Winter,6.83,Medium,1,1.3
Upper West Side,Flatbush,20,Tuesday,0,Spring,1.31,Medium,1,1.3
Harlem,East Harlem,7,Thursday,0,Spring,2.74,Medium,1,1.3
South Slope,East Harlem,7,Wednesday,0,Spring,2.47,Medium,1,1.3
South Slope,Chelsea,3,Saturday,1,Winter,5.6,Low,1,1.0
West Village,Upper West Side,18,Saturday,1,Spring,2.75,High,1,1.8
Williamsburg,Hell's Kitchen,1,Saturday,1,Summer,2.22,Low,1,1.0
Fort Greene,Upper West Side,2,Tuesday,0,Spring,2.76,Low,1,1.0
Upper West Side,Harlem,18,Saturday,1,Spring,1.1,High,1,1.8
Greenpoint,Harlem,17,Wednesday,0,Winter,1.15,High,1,1.8
Midtown,South Slope,15,Tuesday,0,Spring,2.34,Low,1,1.0
Park Slope,Upper West Side,21,Saturday,1,Spring,1.5,Low,1,1.0
East Harlem,Chinatown,8,Sunday,1,Winter,1.21,High,2,1.8
Bensonhurst,Fort Hamilton,21,Friday,0,Spring,1.75,Low,3,1.0
Harlem,East Harlem,7,Wednesday,0,Summer,6.05,Medium,6,1.3
Bedford-Stuyvesant,Murray Hill,0,Saturday,1,Spring,5.52,Low,1,1.0
Fort Hamilton,"Bay Terrace, Staten Island",4,Saturday,1,Spring,15.22,Low,1,1.0
Park Slope,Clinton Hill,1,Sunday,1,Winter,4.61,Low,1,1.0
Fort Greene,Kensington,2,Sunday,1,Spring,2.51,Low,1,1.0
Crown Heights,Hell's Kitchen,22,Wednesday,0,Spring,0.77,Low,1,1.0
Windsor Terrace,Harlem,19,Sunday,1,Winter,1.05,High,2,1.8
Kensington,Windsor Terrace,4,Sunday,1,Spring,9.79,Low,1,1.0
Midtown,Upper West Side,9,Tuesday,0,Spring,2.53,High,1,1.8
West Village,Midtown,15,Saturday,1,Spring,1.28,Low,1,1.0
Kensington,Kensington,17,Friday,0,Winter,1.24,High,1,1.8
Chinatown,Inwood,0,Monday,0,Winter,4.81,Low,1,1.0
Sheepshead Bay,Sheepshead Bay,17,Monday,0,Winter,1.88,High,1,1.8
Bedford-Stuyvesant,Fort Greene,20,Tuesday,0,Spring,1.81,Medium,1,1.3
Murray Hill,Williamsburg,7,Monday,0,Winter,1.48,Medium,2,1.3
Harlem,Fort Greene,20,Tuesday,0,Spring,9.08,Medium,1,1.3
Upper West Side,Upper West Side,7,Thursday,0,Spring,6.07,Medium,1,1.3
Harlem,Kensington,18,Sunday,1,Summer,1.39,High,1,1.8
Hell's Kitchen,East Harlem,22,Thursday,0,Winter,8.48,Low,1,1.0
East Harlem,Midtown,3,Friday,0,Spring,1.75,Low,1,1.0
East Harlem,East Harlem,6,Thursday,0,Spring,1.05,Low,2,1.0
Clinton Hill,West Village,10,Monday,0,Spring,1.14,Medium,1,1.3
Hell's Kitchen,Hell's Kitchen,14,Tuesday,0,Winter,2.91,Low,1,1.0
Inwood,Midtown,22,Sunday,1,Winter,12.27,Low,1,1.0
Harlem,East Harlem,10,Thursday,0,Winter,3.94,Medium,1,1.3
Upper West Side,Bedford-Stuyvesant,6,Friday,0,Summer,5.29,Low,2,1.0
Great Kills,Midwood,8,Monday,0,Winter,13.5,High,1,1.8
Arden Heights,Shore Acres,19,Tuesday,0,Winter,14.66,High,2,1.8
Harlem,Upper West Side,11,Sunday,1,Spring,1.0,Low,1,1.0
East Harlem,Harlem,7,Friday,0,Winter,2.93,Medium,1,1.3
Fort Greene,South Slope,0,Friday,0,Spring,5.06,Low,1,1.0
West Village,Upper West Side,23,Saturday,1,Spring,1.49,Low,1,1.0
Harlem,Crown Heights,12,Saturday,1,Spring,3.76,Low,1,1.0
Hell's Kitchen,Fort Greene,19,Thursday,0,Summer,1.46,High,1,1.8
West Village,Upper West Side,4,Wednesday,0,Winter,5.9,Low,1,1.0
South Slope,Bedford-Stuyvesant,20,Tuesday,0,Spring,2.31,Medium,1,1.3
Gravesend,Sheepshead Bay,6,Thursday,0,Spring,8.69,Low,1,1.0
Upper West Side,East Harlem,19,Monday,0,Winter,2.1,High,1,1.8
Clinton Hill,Bedford-Stuyvesant,21,Wednesday,0,Spring,4.1,Low,2,1.0
East Harlem,Hell's Kitchen,8,Thursday,0,Winter,3.46,High,3,1.8
Upper West Side,Midtown,22,Tuesday,0,Summer,1.9,Low,1,1.0
Clinton Hill,Harlem,12,Wednesday,0,Winter,1.3,Low,1,1.0
East Harlem,Upper West Side,21,Monday,0,Spring,2.84,Low,1,1.0
Harlem,Clinton Hill,6,Friday,0,Winter,1.81,Low,6,1.0
Upper West Side,East Harlem,16,Monday,0,Spring,2.57,Medium,1,1.3
Harlem,Bedford-Stuyvesant,14,Wednesday,0,Winter,2.18,Low,5,1.0
East Harlem,Crown Heights,20,Tuesday,0,Summer,1.6,Medium,3,1.3
Fort Greene,East Village,19,Saturday,1,Spring,2.33,High,4,1.8
Harlem,Upper West Side,11,Saturday,1,Spring,2.36,Low,3,1.0
Bedford-Stuyvesant,East Harlem,20,Friday,0,Winter,1.83,Medium,1,1.3
Upper West Side,East Harlem,11,Monday,0,Spring,1.8,Low,1,1.0
Clinton Hill,East Harlem,22,Wednesday,0,Spring,2.89,Low,1,1.0
Harlem,Bedford-Stuyvesant,18,Wednesday,0,Winter,1.67,High,1,1.8
Harlem,East Harlem,22,Saturday,1,Spring,1.73,Low,1,1.0
Greenpoint,Midtown,15,Wednesday,0,Summer,5.99,Low,1,1.0
Crown Heights,Bedford-Stuyvesant,13,Tuesday,0,Spring,2.14,Low,1,1.0
Tompkinsville,Arverne,18,Sunday,1,Spring,3.09,High,1,1.8
Upper West Side,Hell's Kitchen,14,Sunday,1,Spring,0.63,Low,1,1.0
Clinton Hill,Bedford-Stuyvesant,13,Tuesday,0,Spring,0.99,Low,4,1.0
Murray Hill,East Harlem,20,Friday,0,Spring,1.02,Medium,1,1.3
Bedford-Stuyvesant,Harlem,8,Tuesday,0,Winter,1.26,High,1,1.8
Midtown,Harlem,1,Friday,0,Winter,0.76,Low,1,1.0
Clinton Hill,Inwood,10,Sunday,1,Summer,2.24,Medium,1,1.3
East Harlem,Harlem,10,Friday,0,Summer,1.42,Medium,1,1.3
South Beach,South Beach,7,Tuesday,0,Winter,1.69,Medium,1,1.3
Murray Hill,Hell's Kitchen,18,Monday,0,Winter,0.58,High,6,1.8
Midtown,East Harlem,21,Sunday,1,Spring,3.3,Low,6,1.0
Midtown,East Harlem,0,Thursday,0,Winter,3.94,Low,1,1.0
Park Slope,Harlem,2,Saturday,1,Spring,1.77,Low,1,1.0
Upper West Side,Chelsea,0,Sunday,1,Summer,7.0,Low,2,1.0
Fort Greene,East Village,22,Wednesday,0,Spring,2.87,Low,6,1.0
Fort Greene,Murray Hill,14,Thursday,0,Winter,1.45,Low,1,1.0
East Harlem,Harlem,8,Tuesday,0,Spring,0.78,High,1,1.8
Bedford-Stuyvesant,South Slope,19,Thursday,0,Spring,1.92,High,1,1.8
Far Rockaway,Bensonhurst,11,Friday,0,Spring,1.65,Low,1,1.0
Kensington,Chinatown,11,Wednesday,0,Spring,3.88,Low,1,1.0
Midwood,Rossville,3,Sunday,1,Spring,21.61,Low,1,1.0
Harlem,Park Slope,19,Thursday,0,Spring,1.27,High,1,1.8
East Harlem,Upper West Side,15,Saturday,1,Spring,4.57,Low,3,1.0
Bedford-Stuyvesant,Midtown,11,Friday,0,Summer,1.04,Low,1,1.0
East Harlem,Upper West Side,1,Saturday,1,Spring,5.19,Low,1,1.0
Bedford-Stuyvesant,Upper West Side,20,Monday,0,Summer,1.67,Medium,1,1.3
East Harlem,East Harlem,9,Tuesday,0,Spring,6.01,High,1,1.8
South Slope,Upper West Side,9,Monday,0,Spring,2.13,High,1,1.8
Prince's Bay,Tottenville,2,Sunday,1,Summer,15.06,Low,4,1.0
East Harlem,Midtown,8,Thursday,0,Spring,6.81,High,3,1.8
West Village,Clinton Hill,17,Wednesday,0,Winter,1.22,High,1,1.8
Hell's Kitchen,Williamsburg,1,Saturday,1,Summer,2.34,Low,1,1.0
South Slope,Upper West Side,14,Tuesday,0,Spring,3.45,Low,1,1.0
Upper West Side,West Village,22,Thursday,0,Spring,2.93,Low,1,1.0
Harlem,East Harlem,2,Thursday,0,Summer,0.92,Low,6,1.0
Eltingville,Tottenville,15,Tuesday,0,Spring,23.53,Low,2,1.0
Crown Heights,East Harlem,21,Wednesday,0,Summer,6.47,Low,1,1.0
Harlem,East Harlem,21,Saturday,1,Spring,1.24,Low,1,1.0
Harlem,Chinatown,11,Friday,0,Summer,2.5,Low,1,1.0
East Harlem,Chelsea,0,Sunday,1,Spring,4.2,Low,2,1.0
Fort Greene,Kensington,14,Wednesday,0,Spring,3.28,Low,1,1.0
Williamsburg,East Harlem,3,Sunday,1,Spring,5.23,Low,3,1.0
Upper West Side,Inwood,22,Wednesday,0,Summer,1.24,Low,1,1.0
Rockaway Beach,Far Rockaway,16,Friday,0,Winter,2.07,Medium,1,1.3
Sheepshead Bay,Eltingville,18,Friday,0,Summer,8.14,High,1,1.8
South Slope,Hell's Kitchen,11,Sunday,1,Spring,1.14,Low,1,1.0
Upper West Side,Bedford-Stuyvesant,19,Saturday,1,Spring,1.2,High,1,1.8
Bedford-Stuyvesant,Hell's Kitchen,17,Sunday,1,Winter,0.73,High,1,1.8
East Harlem,Fort Greene,9,Thursday,0,Spring,1.61,High,1,1.8
West Village,Clinton Hill,12,Friday,0,Spring,1.4,Low,1,1.0
Harlem,Harlem,11,Wednesday,0,Spring,2.84,Low,1,1.0
East Harlem,Fort Greene,23,Friday,0,Spring,1.96,Low,2,1.0
Bedford-Stuyvesant,South Slope,4,Saturday,1,Winter,4.94,Low,3,1.0
Bedford-Stuyvesant,Bedford-Stuyvesant,17,Monday,0,Winter,2.31,High,5,1.8
Harlem,Crown Heights,23,Monday,0,Summer,0.95,Low,2,1.0
Bedford-Stuyvesant,Harlem,16,Wednesday,0,Spring,0.84,Medium,1,1.3
Kensington,West Village,16,Tuesday,0,Summer,3.55,Medium,1,1.3
East Harlem,Upper West Side,1,Saturday,1,Winter,5.19,Low,6,1.0
Arden Heights,Sheepshead Bay,19,Thursday,0,Spring,14.8,High,1,1.8
Upper West Side,Windsor Terrace,22,Monday,0,Spring,5.6,Low,3,1.0
Kensington,Fort Greene,22,Tuesday,0,Winter,3.07,Low,2,1.0
Fort Greene,Windsor Terrace,16,Friday,0,Spring,2.17,Medium,1,1.3
Fort Greene,East Harlem,8,Monday,0,Winter,1.17,High,1,1.8
Upper West Side,Kensington,18,Thursday,0,Spring,1.6,High,1,1.8
South Slope,Harlem,11,Friday,0,Spring,8.83,Low,1,1.0
Bensonhurst,Bensonhurst,1,Tuesday,0,Spring,2.22,Low,1,1.0
West Brighton,"Bay Terrace, Staten Island",12,Tuesday,0,Summer,13.44,Low,5,1.0
Harlem,Hell's Kitchen,18,Wednesday,0,Spring,2.73,High,1,1.8
Murray Hill,Kensington,14,Friday,0,Spring,3.54,Low,1,1.0
Arrochar,Arverne,15,Tuesday,0,Spring,2.63,Low,1,1.0
Hell's Kitchen,Harlem,16,Saturday,1,Winter,1.15,Medium,2,1.3
Kensington,Bedford-Stuyvesant,10,Tuesday,0,Summer,6.06,Medium,3,1.3
East Harlem,East Harlem,17,Thursday,0,Spring,0.79,High,1,1.8
East Harlem,Williamsburg,21,Friday,0,Spring,2.42,Low,1,1.0
Bedford-Stuyvesant,Harlem,13,Tuesday,0,Spring,4.14,Low,2,1.0
Midtown,Williamsburg,22,Friday,0,Spring,1.58,Low,1,1.0
Kensington,Chinatown,13,Saturday,1,Spring,4.16,Low,1,1.0
Park Slope,Upper West Side,17,Thursday,0,Summer,1.05,High,1,1.8
Harlem,Harlem,13,Friday,0,Spring,1.74,Low,1,1.0
Harlem,Hell's Kitchen,18,Saturday,1,Winter,0.69,High,1,1.8
Inwood,Upper West Side,22,Friday,0,Spring,1.67,Low,1,1.0
Fort Greene,West Village,22,Sunday,1,Winter,5.98,Low,1,1.0
Prospect-Lefferts Gardens,Chinatown,22,Tuesday,0,Spring,3.28,Low,1,1.0
Murray Hill,Fort Greene,13,Monday,0,Winter,2.26,Low,6,1.0
Harlem,East Harlem,12,Saturday,1,Spring,1.64,Low,2,1.0
Upper West Side,Harlem,21,Thursday,0,Summer,1.68,Low,1,1.0
Bedford-Stuyvesant,Upper West Side,16,Thursday,0,Winter,4.93,Medium,2,1.3
Midtown,Bedford-Stuyvesant,17,Tuesday,0,Winter,3.32,High,1,1.8
Upper West Side,Kensington,20,Monday,0,Winter,3.6,Medium,5,1.3
Park Slope,South Slope,7,Sunday,1,Spring,1.47,Medium,1,1.3
South Slope,Hell's Kitchen,12,Saturday,1,Spring,3.26,Low,1,1.0
East Harlem,Crown Heights,8,Tuesday,0,Spring,1.07,High,2,1.8
Bedford-Stuyvesant,Upper West Side,20,Thursday,0,Spring,1.39,Medium,1,1.3
Clinton Hill,Williamsburg,19,Thursday,0,Spring,9.06,High,1,1.8
East Harlem,Kensington,17,Wednesday,0,Spring,1.93,High,1,1.8
Inwood,South Slope,22,Wednesday,0,Summer,3.55,Low,2,1.0
Arden Heights,Bensonhurst,8,Sunday,1,Spring,14.54,High,1,1.8
Williamsburg,Upper West Side,16,Thursday,0,Spring,4.01,Medium,1,1.3
Harlem,Murray Hill,20,Wednesday,0,Spring,1.23,Medium,1,1.3
Clinton Hill,Harlem,19,Tuesday,0,Winter,1.29,High,1,1.8
Arverne,Rockaway Beach,9,Wednesday,0,Winter,3.88,High,2,1.8
Inwood,Bushwick,14,Tuesday,0,Spring,2.16,Low,1,1.0
East Harlem,East Harlem,17,Sunday,1,Spring,5.49,High,5,1.8
Bedford-Stuyvesant,Midtown,18,Wednesday,0,Spring,4.14,High,1,1.8
Bedford-Stuyvesant,Clinton Hill,8,Friday,0,Winter,6.41,High,1,1.8
Kensington,Inwood,10,Wednesday,0,Winter,1.71,Medium,1,1.3
Clinton Hill,Clinton Hill,17,Saturday,1,Spring,5.66,High,1,1.8
Bedford-Stuyvesant,Greenpoint,17,Wednesday,0,Winter,2.16,High,1,1.8
Kensington,Harlem,12,Saturday,1,Winter,1.48,Low,1,1.0
Tottenville,Arden Heights,21,Wednesday,0,Winter,25.8,Low,1,1.0
Murray Hill,Park Slope,9,Friday,0,Winter,1.75,High,1,1.8
East Harlem,Upper West Side,11,Sunday,1,Spring,5.09,Low,1,1.0
Bedford-Stuyvesant,Bedford-Stuyvesant,22,Monday,0,Summer,1.52,Low,1,1.0
East Harlem,Murray Hill,12,Tuesday,0,Summer,11.65,Low,1,1.0
Harlem,East Harlem,9,Wednesday,0,Spring,0.72,High,3,1.8
West Village,Flatbush,11,Thursday,0,Winter,2.5,Low,1,1.0
Williamsburg,Hell's Kitchen,13,Wednesday,0,Summer,2.1,Low,3,1.0
Chelsea,Greenpoint,9,Tuesday,0,Spring,1.6,High,5,1.8
Harlem,South Slope,14,Saturday,1,Spring,2.56,Low,1,1.0
Harlem,Harlem,23,Tuesday,0,Spring,0.01,Low,1,1.0
East Harlem,Harlem,9,Wednesday,0,Winter,8.08,High,1,1.8
South Slope,East Harlem,11,Saturday,1,Spring,3.57,Low,2,1.0
Chinatown,Park Slope,9,Friday,0,Winter,1.83,High,1,1.8
Clinton Hill,Murray Hill,15,Monday,0,Spring,3.97,Low,1,1.0
Upper West Side,Upper West Side,19,Thursday,0,Winter,1.92,High,1,1.8
Oakwood,Bay Ridge,13,Thursday,0,Summer,13.75,Low,5,1.0
Harlem,Harlem,16,Thursday,0,Winter,1.76,Medium,1,1.3
Fort Greene,Bedford-Stuyvesant,19,Saturday,1,Summer,8.63,High,1,1.8
Tottenville,Great Kills,23,Wednesday,0,Summer,21.61,Low,2,1.0
New Dorp Beach,Brighton Beach,2,Saturday,1,Spring,2.84,Low,5,1.0
East Harlem,Harlem,9,Wednesday,0,Winter,0.84,High,1,1.8
Inwood,Clinton Hill,0,Saturday,1,Spring,5.52,Low,1,1.0
East Harlem,Chelsea,17,Friday,0,Winter,1.57,High,1,1.8
Harlem,Upper West Side,14,Wednesday,0,Winter,0.51,Low,1,1.0
Hell's Kitchen,East Harlem,8,Wednesday,0,Spring,1.9,High,1,1.8
Upper West Side,Inwood,3,Saturday,1,Winter,1.39,Low,1,1.0
Midtown,Bedford-Stuyvesant,4,Saturday,1,Spring,2.65,Low,5,1.0
Bedford-Stuyvesant,East Harlem,7,Thursday,0,Winter,2.27,Medium,2,1.3
Williamsburg,East Harlem,20,Friday,0,Spring,1.76,Medium,2,1.3
Crown Heights,Bedford-Stuyvesant,21,Saturday,1,Spring,4.8,Low,1,1.0
Murray Hill,Bedford-Stuyvesant,11,Wednesday,0,Spring,1.0,Low,1,1.0
Kensington,South Slope,19,Tuesday,0,Spring,2.27,High,1,1.8
Great Kills,Bay Ridge,13,Sunday,1,Winter,13.48,Low,1,1.0
East Harlem,West Village,13,Saturday,1,Spring,1.0,Low,1,1.0
Williamsburg,Midtown,8,Saturday,1,Spring,1.59,High,1,1.8
Williamsburg,Kensington,10,Thursday,0,Summer,2.61,Medium,2,1.3
Upper West Side,West Village,17,Sunday,1,Winter,11.61,High,1,1.8
Bay Ridge,Sheepshead Bay,8,Wednesday,0,Winter,3.83,High,1,1.8
Murray Hill,Kensington,8,Saturday,1,Winter,1.39,High,1,1.8
East Harlem,Park Slope,13,Sunday,1,Spring,1.02,Low,1,1.0
Upper West Side,Clinton Hill,0,Tuesday,0,Summer,2.81,Low,1,1.0
Clinton Hill,Park Slope,21,Saturday,1,Spring,3.78,Low,1,1.0
Bedford-Stuyvesant,Inwood,8,Wednesday,0,Summer,0.77,High,5,1.8
South Slope,South Slope,22,Sunday,1,Winter,4.03,Low,5,1.0
Park Slope,Harlem,11,Tuesday,0,Winter,2.08,Low,1,1.0
South Slope,Fort Greene,15,Saturday,1,Winter,4.28,Low,5,1.0
Randall Manor,Oakwood,8,Monday,0,Winter,12.98,High,6,1.8
Harlem,Harlem,13,Sunday,1,Winter,0.86,Low,1,1.0
Murray Hill,South Slope,13,Friday,0,Summer,1.35,Low,1,1.0
East Harlem,Hell's Kitchen,14,Saturday,1,Spring,1.58,Low,1,1.0
South Slope,South Slope,13,Sunday,1,Spring,1.79,Low,1,1.0
Bedford-Stuyvesant,Fort Greene,18,Saturday,1,Spring,2.4,High,2,1.8
Sheepshead Bay,Edgemere,9,Friday,0,Winter,1.12,High,1,1.8
East Harlem,Harlem,9,Wednesday,0,Winter,1.98,High,1,1.8
Harlem,Harlem,16,Tuesday,0,Winter,1.47,Medium,1,1.3
Williamsburg,Upper West Side,22,Tuesday,0,Spring,5.65,Low,1,1.0
Tottenville,Arden Heights,17,Wednesday,0,Winter,24.73,High,1,1.8
Harlem,East Harlem,17,Thursday,0,Spring,1.05,High,1,1.8
Inwood,Fort Greene,7,Saturday,1,Winter,1.38,Medium,1,1.3
Fort Greene,Upper West Side,6,Wednesday,0,Spring,1.64,Low,1,1.0
Park Slope,Harlem,8,Sunday,1,Spring,1.35,High,1,1.8
Bedford-Stuyvesant,Bedford-Stuyvesant,13,Saturday,1,Summer,7.16,Low,1,1.0
Murray Hill,East Harlem,17,Wednesday,0,Spring,1.73,High,1,1.8
Park Slope,Harlem,6,Thursday,0,Summer,0.96,Low,6,1.0
Bedford-Stuyvesant,Park Slope,20,Tuesday,0,Winter,2.33,Medium,1,1.3
Hell's Kitchen,Chelsea,10,Thursday,0,Spring,2.76,Medium,1,1.3
Chinatown,Bedford-Stuyvesant,9,Tuesday,0,Winter,2.5,High,1,1.8
Upper West Side,Bedford-Stuyvesant,22,Friday,0,Summer,0.57,Low,1,1.0
Williamsburg,Upper West Side,5,Saturday,1,Spring,1.56,Low,1,1.0
South Beach,Midwood,20,Tuesday,0,Winter,4.31,Medium,1,1.3
Fort Greene,Williamsburg,22,Wednesday,0,Spring,1.06,Low,1,1.0
Bedford-Stuyvesant,South Slope,23,Sunday,1,Spring,2.5,Low,2,1.0
Harlem,Upper West Side,8,Monday,0,Winter,3.18,High,1,1.8
Bedford-Stuyvesant,Inwood,13,Friday,0,Winter,8.28,Low,1,1.0
Bedford-Stuyvesant,East Harlem,10,Wednesday,0,Winter,0.56,Medium,1,1.3
Upper West Side,East Harlem,8,Tuesday,0,Spring,0.67,High,1,1.8
Flatlands,Bensonhurst,22,Tuesday,0,Spring,0.87,Low,5,1.0
East Village,Upper West Side,6,Saturday,1,Winter,4.78,Low,1,1.0
Bay Ridge,Sheepshead Bay,15,Tuesday,0,Spring,1.0,Low,1,1.0
West Village,Harlem,10,Monday,0,Spring,3.44,Medium,1,1.3
East Harlem,Hell's Kitchen,14,Tuesday,0,Winter,2.23,Low,1,1.0
Upper West Side,Bedford-Stuyvesant,22,Tuesday,0,Spring,9.49,Low,1,1.0
Rockaway Beach,St. George,22,Wednesday,0,Summer,3.09,Low,1,1.0
Harlem,Harlem,12,Friday,0,Spring,1.48,Low,1,1.0
West Village,Harlem,12,Friday,0,Winter,1.13,Low,1,1.0
Upper West Side,Bedford-Stuyvesant,22,Friday,0,Winter,1.6,Low,1,1.0
Upper West Side,Inwood,19,Sunday,1,Winter,2.08,High,1,1.8
Upper West Side,Bedford-Stuyvesant,19,Friday,0,Summer,1.64,High,1,1.8
Crown Heights,Hell's Kitchen,20,Sunday,1,Winter,2.99,Medium,2,1.3
Harlem,Upper West Side,16,Saturday,1,Winter,2.69,Medium,1,1.3
Harlem,Hell's Kitchen,10,Monday,0,Spring,1.99,Medium,1,1.3
Murray Hill,East Harlem,11,Saturday,1,Spring,1.31,Low,1,1.0
South Slope,Williamsburg,20,Wednesday,0,Summer,1.77,Medium,1,1.3
Midwood,Sheepshead Bay,14,Tuesday,0,Winter,0.33,Low,1,1.0
Harlem,West Village,20,Monday,0,Winter,2.67,Medium,1,1.3
Arden Heights,East Flatbush,11,Thursday,0,Winter,13.42,Low,1,1.0
Chinatown,Williamsburg,20,Thursday,0,Spring,4.8,Medium,1,1.3
Harlem,Harlem,6,Wednesday,0,Spring,17.6,Low,1,1.0
Bedford-Stuyvesant,Fort Greene,15,Friday,0,Spring,4.77,Low,1,1.0
Tottenville,Arden Heights,0,Sunday,1,Spring,24.52,Low,1,1.0
Upper West Side,West Village,22,Sunday,1,Winter,4.06,Low,1,1.0
Bedford-Stuyvesant,Inwood,10,Saturday,1,Spring,1.65,Medium,1,1.3
Grymes Hill,Arverne,15,Tuesday,0,Spring,3.54,Low,1,1.0
Upper West Side,Crown Heights,18,Wednesday,0,Winter,1.4,High,1,1.8
Upper West Side,Harlem,17,Tuesday,0,Summer,3.17,High,1,1.8
East Harlem,South Slope,18,Sunday,1,Spring,1.59,High,1,1.8
Chelsea,Hell's Kitchen,8,Tuesday,0,Spring,3.08,High,2,1.8
Hell's Kitchen,Crown Heights,12,Tuesday,0,Spring,1.68,Low,1,1.0
Harlem,Flatbush,7,Tuesday,0,Spring,7.69,Medium,2,1.3
Bedford-Stuyvesant,Upper West Side,19,Thursday,0,Winter,5.19,High,1,1.8
Harlem,East Harlem,23,Saturday,1,Winter,2.35,Low,1,1.0
Bedford-Stuyvesant,Midtown,6,Friday,0,Winter,2.16,Low,1,1.0
Kensington,Bedford-Stuyvesant,22,Monday,0,Winter,2.11,Low,5,1.0
Kensington,Upper West Side,22,Tuesday,0,Spring,1.07,Low,3,1.0
Bedford-Stuyvesant,Upper West Side,18,Wednesday,0,Spring,2.93,High,1,1.8
Upper West Side,Bedford-Stuyvesant,11,Friday,0,Winter,3.7,Low,5,1.0
Upper West Side,East Harlem,6,Tuesday,0,Winter,1.93,Low,1,1.0
Bay Ridge,New Dorp Beach,19,Saturday,1,Spring,18.51,High,4,1.8
Chinatown,Clinton Hill,13,Tuesday,0,Spring,1.64,Low,1,1.0
Upper West Side,Inwood,23,Thursday,0,Spring,0.91,Low,1,1.0
East Harlem,Murray Hill,20,Tuesday,0,Spring,2.2,Medium,1,1.3
Fort Hamilton,Flatlands,14,Thursday,0,Winter,1.73,Low,2,1.0
Harlem,Harlem,19,Monday,0,Winter,0.07,High,1,1.8
Kensington,East Harlem,12,Friday,0,Spring,5.16,Low,1,1.0
Fort Greene,South Slope,18,Monday,0,Winter,1.61,High,1,1.8
Harlem,East Harlem,20,Tuesday,0,Spring,0.3,Medium,1,1.3
East Harlem,East Harlem,21,Friday,0,Spring,1.31,Low,2,1.0
Windsor Terrace,West Village,0,Friday,0,Spring,1.73,Low,1,1.0
Great Kills,Great Kills,17,Sunday,1,Summer,0.0,High,2,1.8
Upper West Side,Bedford-Stuyvesant,20,Friday,0,Spring,1.83,Medium,2,1.3
Williamsburg,Bedford-Stuyvesant,8,Friday,0,Spring,5.49,High,1,1.8
Williamsburg,Midtown,11,Friday,0,Spring,1.96,Low,1,1.0
Kensington,Hell's Kitchen,16,Thursday,0,Summer,7.55,Medium,1,1.3
Park Slope,Bedford-Stuyvesant,17,Tuesday,0,Spring,0.14,High,2,1.8
Upper West Side,Murray Hill,11,Saturday,1,Spring,2.3,Low,2,1.0
Chinatown,East Harlem,16,Tuesday,0,Spring,4.45,Medium,1,1.3
Upper West Side,Crown Heights,23,Friday,0,Spring,2.15,Low,1,1.0
Williamsburg,West Village,19,Wednesday,0,Summer,0.81,High,1,1.8
East Harlem,Clinton Hill,7,Thursday,0,Winter,1.51,Medium,6,1.3
East Harlem,Murray Hill,17,Monday,0,Spring,1.43,High,6,1.8
Williamsburg,Hell's Kitchen,19,Sunday,1,Spring,4.88,High,1,1.8
East Harlem,Upper West Side,13,Saturday,1,Summer,2.89,Low,4,1.0
Chelsea,Chinatown,15,Friday,0,Spring,2.19,Low,1,1.0
Hell's Kitchen,Chinatown,21,Thursday,0,Spring,0.72,Low,1,1.0
Upper West Side,West Village,20,Monday,0,Winter,3.63,Medium,1,1.3
Upper West Side,East Harlem,16,Friday,0,Spring,3.33,Medium,1,1.3
Kensington,Kensington,15,Thursday,0,Summer,1.95,Low,1,1.0
East Harlem,South Slope,1,Thursday,0,Spring,3.88,Low,1,1.0
Inwood,South Slope,21,Saturday,1,Spring,3.85,Low,1,1.0
Arrochar,Brighton Beach,22,Thursday,0,Spring,13.3,Low,1,1.0
South Slope,West Village,13,Saturday,1,Spring,4.04,Low,1,1.0
Park Slope,West Village,9,Tuesday,0,Winter,1.66,High,1,1.8
Inwood,Kensington,21,Thursday,0,Spring,8.0,Low,1,1.0
Hell's Kitchen,Bedford-Stuyvesant,16,Wednesday,0,Spring,2.88,Medium,2,1.3
Murray Hill,Bedford-Stuyvesant,18,Thursday,0,Summer,0.37,High,2,1.8
Upper West Side,Kensington,21,Sunday,1,Spring,1.8,Low,1,1.0
Harlem,Midtown,20,Friday,0,Winter,3.3,Medium,2,1.3
Harlem,Kensington,20,Wednesday,0,Winter,3.27,Medium,1,1.3
Inwood,East Harlem,21,Saturday,1,Spring,3.32,Low,1,1.0
Bedford-Stuyvesant,Inwood,10,Tuesday,0,Spring,2.53,Medium,1,1.3
Fort Hamilton,Bath Beach,9,Sunday,1,Summer,1.72,High,1,1.8
Bedford-Stuyvesant,East Harlem,13,Tuesday,0,Spring,1.51,Low,1,1.0
Hell's Kitchen,Williamsburg,19,Thursday,0,Winter,0.64,High,1,1.8
South Slope,Harlem,0,Sunday,1,Winter,1.4,Low,1,1.0
Hell's Kitchen,Kensington,18,Sunday,1,Summer,10.17,High,1,1.8
Harlem,East Harlem,7,Monday,0,Winter,3.25,Medium,4,1.3
Bedford-Stuyvesant,Upper West Side,1,Sunday,1,Spring,1.35,Low,6,1.0
West Village,Park Slope,23,Wednesday,0,Summer,2.97,Low,1,1.0
Harlem,Bedford-Stuyvesant,19,Thursday,0,Winter,6.29,High,2,1.8
Tottenville,Woodrow,0,Sunday,1,Spring,10.67,Low,2,1.0
Fort Greene,South Slope,20,Friday,0,Winter,7.77,Medium,1,1.3
West Village,South Slope,9,Monday,0,Spring,1.82,High,1,1.8
West Village,West Village,23,Friday,0,Spring,5.47,Low,2,1.0
South Slope,Fort Greene,20,Monday,0,Spring,3.25,Medium,1,1.3
West Village,Upper West Side,13,Saturday,1,Summer,5.74,Low,4,1.0
Murray Hill,Upper West Side,15,Sunday,1,Spring,1.58,Low,5,1.0
Clinton Hill,Harlem,2,Sunday,1,Winter,1.95,Low,2,1.0
Clinton Hill,Fort Greene,17,Tuesday,0,Winter,3.75,High,2,1.8
Borough Park,Bensonhurst,11,Tuesday,0,Spring,4.16,Low,2,1.0
Williamsburg,Park Slope,4,Sunday,1,Summer,0.42,Low,1,1.0
Gravesend,Arverne,17,Wednesday,0,Spring,1.93,High,1,1.8
Park Slope,Williamsburg,20,Friday,0,Winter,0.23,Medium,2,1.3
Bedford-Stuyvesant,Fort Greene,19,Wednesday,0,Summer,4.41,High,5,1.8
Murray Hill,Clinton Hill,7,Monday,0,Spring,0.85,Medium,1,1.3
Murray Hill,Williamsburg,8,Friday,0,Spring,3.94,High,1,1.8
Hell's Kitchen,East Harlem,17,Sunday,1,Summer,1.86,High,1,1.8
Hell's Kitchen,Bedford-Stuyvesant,14,Saturday,1,Spring,0.68,Low,1,1.0
Crown Heights,Williamsburg,22,Saturday,1,Winter,2.43,Low,2,1.0
Inwood,Bedford-Stuyvesant,11,Friday,0,Summer,2.8,Low,2,1.0
Harlem,East Harlem,6,Thursday,0,Summer,2.75,Low,1,1.0
Park Slope,West Village,20,Friday,0,Spring,2.15,Medium,1,1.3
Upper West Side,Harlem,6,Thursday,0,Spring,1.12,Low,1,1.0
Edgemere,Sheepshead Bay,17,Friday,0,Spring,3.6,High,1,1.8
Silver Lake,Arden Heights,10,Thursday,0,Spring,13.44,Medium,3,1.3
Midtown,Midtown,18,Saturday,1,Spring,3.92,High,1,1.8
Bedford-Stuyvesant,Upper West Side,13,Sunday,1,Winter,1.38,Low,1,1.0
Williamsburg,Harlem,22,Wednesday,0,Summer,1.45,Low,2,1.0
Harlem,Bedford-Stuyvesant,7,Wednesday,0,Summer,6.77,Medium,1,1.3
Crown Heights,Upper West Side,22,Friday,0,Spring,4.76,Low,2,1.0
Flatbush,South Slope,20,Monday,0,Winter,5.96,Medium,1,1.3
Prince's Bay,Eltingville,20,Sunday,1,Spring,21.69,Medium,5,1.3
Fort Greene,Chinatown,8,Friday,0,Winter,1.12,High,1,1.8
West Village,Harlem,17,Tuesday,0,Spring,1.25,High,4,1.8
Midwood,Woodrow,3,Wednesday,0,Spring,21.41,Low,1,1.0
Harlem,Upper West Side,10,Wednesday,0,Spring,0.79,Medium,1,1.3
Greenpoint,Upper West Side,18,Monday,0,Winter,1.68,High,1,1.8
East Harlem,Kensington,23,Saturday,1,Winter,1.51,Low,1,1.0
Crown Heights,Upper West Side,13,Tuesday,0,Spring,5.73,Low,2,1.0
Harlem,Harlem,11,Tuesday,0,Winter,3.33,Low,1,1.0
Upper West Side,Bedford-Stuyvesant,20,Monday,0,Winter,1.39,Medium,1,1.3
Midwood,Oakwood,10,Thursday,0,Spring,16.22,Medium,1,1.3
Fort Hamilton,Arverne,12,Thursday,0,Winter,2.2,Low,1,1.0
Upper West Side,South Slope,16,Tuesday,0,Spring,2.67,Medium,1,1.3
East Harlem,East Harlem,7,Friday,0,Summer,2.0,Medium,1,1.3
Canarsie,Rossville,16,Wednesday,0,Winter,11.25,Medium,1,1.3
East Harlem,Upper West Side,16,Wednesday,0,Winter,5.1,Medium,1,1.3
Bedford-Stuyvesant,East Harlem,5,Friday,0,Spring,2.53,Low,1,1.0
East Harlem,Kensington,22,Wednesday,0,Summer,5.25,Low,1,1.0
Inwood,Williamsburg,9,Sunday,1,Summer,1.52,High,2,1.8
Flatbush,Sheepshead Bay,15,Tuesday,0,Spring,4.3,Low,1,1.0
Bay Ridge,Bayswater,11,Wednesday,0,Summer,1.49,Low,1,1.0
Bedford-Stuyvesant,South Slope,10,Sunday,1,Winter,2.87,Medium,1,1.3
Chinatown,Fort Greene,19,Tuesday,0,Winter,1.96,High,1,1.8
Williamsburg,Kensington,22,Saturday,1,Spring,3.82,Low,1,1.0
Bedford-Stuyvesant,Harlem,8,Tuesday,0,Spring,1.62,High,1,1.8
East Harlem,Upper West Side,12,Sunday,1,Spring,4.56,Low,1,1.0
Hell's Kitchen,Harlem,13,Friday,0,Winter,2.91,Low,1,1.0
Borough Park,Bayswater,8,Tuesday,0,Spring,0.79,High,2,1.8
Tottenville,Tottenville,15,Monday,0,Spring,0.0,Low,1,1.0
East Harlem,Harlem,17,Sunday,1,Winter,1.8,High,1,1.8
South Slope,Murray Hill,19,Thursday,0,Winter,3.28,High,1,1.8
Hell's Kitchen,Bedford-Stuyvesant,15,Sunday,1,Spring,2.24,Low,2,1.0
Midtown,Chelsea,19,Sunday,1,Winter,3.74,High,1,1.8
East Harlem,Midtown,17,Thursday,0,Spring,2.1,High,5,1.8
Harlem,Bedford-Stuyvesant,8,Thursday,0,Spring,2.17,High,1,1.8
Clinton Hill,Hell's Kitchen,18,Sunday,1,Winter,1.01,High,1,1.8
Fort Greene,East Harlem,17,Friday,0,Winter,2.23,High,1,1.8
East Harlem,Harlem,18,Friday,0,Winter,1.73,High,1,1.8
Bedford-Stuyvesant,Harlem,18,Wednesday,0,Summer,1.28,High,1,1.8
Williamsburg,Upper West Side,12,Thursday,0,Winter,0.5,Low,1,1.0
Midwood,Sheepshead Bay,6,Thursday,0,Spring,2.59,Low,1,1.0
Fort Greene,Fort Greene,13,Sunday,1,Summer,0.0,Low,1,1.0
Upper West Side,Greenpoint,11,Friday,0,Spring,2.46,Low,1,1.0
Bedford-Stuyvesant,Hell's Kitchen,3,Saturday,1,Winter,1.57,Low,1,1.0
Hell's Kitchen,Midtown,18,Saturday,1,Winter,1.47,High,1,1.8
South Slope,Upper West Side,1,Monday,0,Summer,1.55,Low,3,1.0
Murray Hill,Bedford-Stuyvesant,11,Thursday,0,Summer,3.53,Low,1,1.0
Upper West Side,West Village,17,Sunday,1,Spring,2.88,High,3,1.8
Arden Heights,Bay Ridge,14,Wednesday,0,Winter,13.29,Low,1,1.0
Murray Hill,Upper West Side,22,Wednesday,0,Summer,1.14,Low,1,1.0
Bedford-Stuyvesant,East Harlem,15,Thursday,0,Spring,0.13,Low,1,1.0
Bedford-Stuyvesant,Williamsburg,20,Wednesday,0,Winter,0.83,Medium,2,1.3
Upper West Side,Kensington,19,Friday,0,Spring,3.45,High,1,1.8
West Village,Kensington,10,Tuesday,0,Winter,2.03,Medium,1,1.3
Upper West Side,East Harlem,23,Thursday,0,Spring,0.98,Low,1,1.0
Midtown,East Harlem,10,Tuesday,0,Winter,2.67,Medium,1,1.3
Park Slope,Midtown,13,Thursday,0,Summer,2.42,Low,1,1.0
South Slope,Harlem,10,Sunday,1,Spring,2.96,Medium,2,1.3
Bedford-Stuyvesant,Williamsburg,0,Thursday,0,Winter,1.56,Low,1,1.0
East Harlem,Chinatown,0,Saturday,1,Spring,1.06,Low,1,1.0
Kensington,Hell's Kitchen,9,Wednesday,0,Spring,8.81,High,2,1.8
Harlem,Bedford-Stuyvesant,7,Friday,0,Winter,1.16,Medium,2,1.3
Murray Hill,Upper West Side,19,Monday,0,Summer,2.62,High,1,1.8
Tottenville,Great Kills,6,Thursday,0,Spring,17.15,Low,1,1.0
East Harlem,Upper West Side,9,Thursday,0,Spring,1.54,High,5,1.8
Harlem,Upper West Side,15,Saturday,1,Winter,3.68,Low,1,1.0
Fort Hamilton,Arrochar,10,Friday,0,Winter,2.52,Medium,2,1.3
Clinton Hill,East Harlem,18,Saturday,1,Spring,3.51,High,1,1.8
Upper West Side,Upper West Side,12,Friday,0,Winter,1.38,Low,1,1.0
"Bay Terrace, Staten Island",Tottenville,15,Sunday,1,Spring,25.6,Low,3,1.0
Fort Greene,Upper West Side,21,Saturday,1,Summer,1.29,Low,1,1.0
Harlem,Chinatown,13,Wednesday,0,Spring,2.18,Low,2,1.0
Inwood,Harlem,13,Saturday,1,Spring,6.43,Low,1,1.0
Midtown,Harlem,21,Friday,0,Summer,3.54,Low,1,1.0
Upper West Side,East Harlem,16,Wednesday,0,Winter,2.74,Medium,5,1.3
Bayswater,Arrochar,11,Tuesday,0,Spring,1.21,Low,1,1.0
Harlem,Bedford-Stuyvesant,12,Wednesday,0,Spring,2.85,Low,2,1.0
"Bay Terrace, Staten Island",Brighton Beach,14,Friday,0,Winter,9.24,Low,1,1.0
Bedford-Stuyvesant,South Slope,20,Tuesday,0,Winter,4.78,Medium,1,1.3
South Slope,Harlem,3,Saturday,1,Winter,5.83,Low,1,1.0
Murray Hill,Upper West Side,17,Thursday,0,Spring,1.8,High,1,1.8
Chinatown,Upper West Side,11,Sunday,1,Summer,0.17,Low,1,1.0
Upper West Side,South Slope,8,Monday,0,Spring,4.2,High,1,1.8
South Slope,Midtown,8,Tuesday,0,Spring,1.39,High,1,1.8
Hell's Kitchen,Harlem,21,Thursday,0,Winter,5.86,Low,1,1.0
East Harlem,Park Slope,18,Tuesday,0,Spring,2.33,High,1,1.8
East Harlem,Bedford-Stuyvesant,8,Thursday,0,Winter,1.35,High,1,1.8
Flatbush,Oakwood,22,Tuesday,0,Winter,14.31,Low,1,1.0
Rossville,Flatbush,21,Sunday,1,Winter,11.17,Low,1,1.0
Upper West Side,Upper West Side,20,Monday,0,Spring,8.79,Medium,2,1.3
Hell's Kitchen,Murray Hill,5,Thursday,0,Spring,10.12,Low,2,1.0
Kensington,Inwood,20,Tuesday,0,Spring,1.87,Medium,1,1.3
Tottenville,Prince's Bay,21,Tuesday,0,Winter,24.63,Low,1,1.0
Inwood,Fort Greene,2,Saturday,1,Summer,2.01,Low,1,1.0
Upper West Side,Chinatown,13,Thursday,0,Summer,0.54,Low,2,1.0
Williamsburg,East Harlem,11,Sunday,1,Summer,2.84,Low,1,1.0
South Slope,Hell's Kitchen,17,Tuesday,0,Winter,1.56,High,1,1.8
Inwood,East Harlem,1,Thursday,0,Winter,8.53,Low,1,1.0
Midtown,Williamsburg,8,Monday,0,Summer,1.39,High,1,1.8
Bedford-Stuyvesant,East Harlem,15,Friday,0,Spring,1.72,Low,5,1.0
South Slope,South Slope,13,Sunday,1,Summer,2.67,Low,6,1.0
South Slope,Upper West Side,23,Tuesday,0,Spring,4.33,Low,4,1.0
Clinton Hill,Kensington,18,Tuesday,0,Spring,2.88,High,1,1.8
East Harlem,East Harlem,21,Friday,0,Spring,1.3,Low,1,1.0
Murray Hill,Crown Heights,18,Thursday,0,Summer,8.0,High,1,1.8
East Harlem,Upper West Side,10,Tuesday,0,Spring,0.91,Medium,1,1.3
Harlem,Park Slope,13,Monday,0,Spring,1.15,Low,1,1.0
Clifton,South Beach,14,Saturday,1,Spring,2.3,Low,1,1.0
South Slope,Upper West Side,18,Saturday,1,Winter,0.73,High,6,1.8
Hell's Kitchen,Murray Hill,18,Thursday,0,Spring,4.45,High,1,1.8
South Slope,Upper West Side,6,Wednesday,0,Winter,3.58,Low,1,1.0
Upper West Side,East Harlem,8,Thursday,0,Spring,3.55,High,1,1.8
West Village,Upper West Side,10,Sunday,1,Spring,0.85,Medium,1,1.3
Midtown,Bedford-Stuyvesant,15,Monday,0,Spring,1.52,Low,2,1.0
Hell's Kitchen,Upper West Side,22,Thursday,0,Spring,3.31,Low,2,1.0
Tottenville,Prince's Bay,20,Saturday,1,Winter,25.94,Medium,2,1.3
Bedford-Stuyvesant,Fort Greene,19,Tuesday,0,Spring,2.37,High,1,1.8
West Village,West Village,13,Sunday,1,Spring,2.37,Low,2,1.0
Harlem,Park Slope,19,Sunday,1,Summer,4.06,High,1,1.8
Fort Greene,Inwood,22,Monday,0,Spring,2.61,Low,1,1.0
Bensonhurst,Arden Heights,13,Friday,0,Spring,9.22,Low,1,1.0
Midtown,East Harlem,11,Tuesday,0,Spring,2.8,Low,1,1.0
East Harlem,East Harlem,7,Monday,0,Winter,7.65,Medium,5,1.3
Murray Hill,Upper West Side,19,Friday,0,Winter,0.76,High,1,1.8
East Harlem,Clinton Hill,20,Saturday,1,Summer,7.97,Medium,1,1.3
Upper West Side,Kensington,12,Thursday,0,Summer,1.99,Low,5,1.0
Upper West Side,West Village,1,Friday,0,Winter,1.28,Low,1,1.0
South Slope,Fort Greene,20,Tuesday,0,Spring,6.18,Medium,2,1.3
Williamsburg,Upper West Side,1,Thursday,0,Spring,5.76,Low,5,1.0
Harlem,Kensington,21,Monday,0,Spring,5.32,Low,1,1.0
Murray Hill,Kensington,14,Tuesday,0,Spring,2.14,Low,2,1.0
Hell's Kitchen,South Slope,1,Saturday,1,Winter,3.13,Low,6,1.0
Harlem,Fort Greene,0,Sunday,1,Winter,3.24,Low,3,1.0
East Harlem,Upper West Side,18,Friday,0,Winter,1.15,High,6,1.8
Williamsburg,Upper West Side,7,Monday,0,Spring,4.48,Medium,2,1.3
East Harlem,East Harlem,13,Saturday,1,Winter,5.99,Low,1,1.0
East Harlem,Clinton Hill,10,Wednesday,0,Winter,0.44,Medium,1,1.3
Hell's Kitchen,Bedford-Stuyvesant,18,Wednesday,0,Spring,2.98,High,1,1.8
Murray Hill,Fort Greene,14,Sunday,1,Winter,5.22,Low,1,1.0
Hell's Kitchen,Harlem,8,Friday,0,Winter,1.34,High,1,1.8
Brighton Beach,Far Rockaway,8,Wednesday,0,Spring,3.0,High,1,1.8
Upper West Side,Hell's Kitchen,19,Saturday,1,Spring,1.85,High,5,1.8
Park Slope,Murray Hill,21,Thursday,0,Spring,2.6,Low,1,1.0
Fort Greene,Chinatown,22,Monday,0,Winter,1.47,Low,1,1.0
Inwood,Harlem,15,Saturday,1,Spring,2.35,Low,1,1.0
Midtown,Inwood,21,Wednesday,0,Winter,6.51,Low,1,1.0
South Slope,Crown Heights,11,Monday,0,Spring,2.86,Low,1,1.0
Harlem,East Harlem,14,Sunday,1,Spring,1.52,Low,1,1.0
Inwood,East Harlem,20,Friday,0,Winter,9.52,Medium,1,1.3
Upper West Side,East Harlem,20,Tuesday,0,Spring,9.11,Medium,6,1.3
Crown Heights,East Harlem,17,Tuesday,0,Spring,1.41,High,1,1.8
Fort Hamilton,Huguenot,2,Thursday,0,Spring,18.37,Low,1,1.0
Hell's Kitchen,Harlem,22,Tuesday,0,Spring,9.85,Low,1,1.0
Murray Hill,Crown Heights,10,Monday,0,Spring,2.31,Medium,1,1.3
Crown Heights,Upper West Side,4,Thursday,0,Summer,1.54,Low,1,1.0
West Village,Upper West Side,18,Sunday,1,Spring,0.48,High,1,1.8
Fort Greene,South Slope,15,Monday,0,Winter,2.37,Low,1,1.0
Bedford-Stuyvesant,Kensington,17,Saturday,1,Summer,9.61,High,3,1.8
Clinton Hill,East Harlem,18,Friday,0,Winter,3.64,High,1,1.8
Harlem,South Slope,12,Sunday,1,Spring,1.0,Low,1,1.0
Bedford-Stuyvesant,Harlem,15,Monday,0,Winter,1.78,Low,2,1.0
East Harlem,South Slope,21,Saturday,1,Spring,2.41,Low,1,1.0
Bedford-Stuyvesant,Murray Hill,10,Sunday,1,Summer,1.79,Medium,3,1.3
Bergen Beach,Bensonhurst,14,Saturday,1,Spring,1.77,Low,3,1.0
Bedford-Stuyvesant,Bedford-Stuyvesant,19,Sunday,1,Summer,3.25,High,3,1.8
Kensington,Upper West Side,13,Sunday,1,Summer,2.06,Low,1,1.0
Fort Greene,East Harlem,10,Saturday,1,Summer,1.56,Medium,5,1.3
Huguenot,Tottenville,14,Sunday,1,Winter,25.66,Low,1,1.0
East Harlem,Inwood,0,Thursday,0,Spring,1.74,Low,1,1.0
Williamsburg,Upper West Side,12,Saturday,1,Summer,1.07,Low,2,1.0
Fort Greene,Fort Greene,8,Monday,0,Winter,10.22,High,3,1.8
Murray Hill,Harlem,10,Thursday,0,Winter,1.65,Medium,1,1.3
Hell's Kitchen,Upper West Side,21,Tuesday,0,Winter,1.38,Low,1,1.0
East Harlem,Clinton Hill,14,Thursday,0,Winter,1.14,Low,1,1.0
Upper West Side,West Village,10,Wednesday,0,Spring,2.49,Medium,2,1.3
Park Slope,East Harlem,12,Tuesday,0,Winter,2.1,Low,1,1.0
East Harlem,Chelsea,18,Saturday,1,Winter,3.09,High,1,1.8
Upper West Side,South Slope,23,Sunday,1,Summer,2.5,Low,1,1.0
Fort Greene,Bedford-Stuyvesant,12,Saturday,1,Winter,1.94,Low,1,1.0
Arverne,Bensonhurst,10,Saturday,1,Winter,6.26,Medium,1,1.3
Hell's Kitchen,East Harlem,1,Thursday,0,Spring,4.26,Low,2,1.0
Harlem,Harlem,21,Sunday,1,Spring,3.27,Low,1,1.0
Harlem,East Harlem,18,Wednesday,0,Winter,3.15,High,1,1.8
Arden Heights,Flatbush,11,Wednesday,0,Spring,14.08,Low,1,1.0
East Harlem,South Slope,22,Thursday,0,Spring,1.23,Low,1,1.0
Upper West Side,South Slope,11,Wednesday,0,Spring,0.67,Low,1,1.0
Bedford-Stuyvesant,West Village,15,Monday,0,Spring,4.29,Low,5,1.0
Fort Hamilton,Arverne,11,Monday,0,Winter,3.07,Low,1,1.0
Harlem,Harlem,15,Saturday,1,Spring,0.86,Low,6,1.0
Greenpoint,Williamsburg,22,Saturday,1,Summer,1.74,Low,1,1.0
Bedford-Stuyvesant,Williamsburg,20,Thursday,0,Spring,7.03,Medium,5,1.3
Murray Hill,Bedford-Stuyvesant,1,Saturday,1,Winter,6.36,Low,2,1.0
Hell's Kitchen,Upper West Side,20,Wednesday,0,Winter,2.1,Medium,2,1.3
East Harlem,East Harlem,12,Thursday,0,Winter,0.72,Low,1,1.0
Harlem,Harlem,1,Monday,0,Winter,5.99,Low,1,1.0
Williamsburg,Harlem,11,Monday,0,Summer,1.7,Low,1,1.0
Murray Hill,East Harlem,7,Thursday,0,Winter,2.97,Medium,1,1.3
Harlem,Fort Greene,0,Friday,0,Spring,9.93,Low,1,1.0
Upper West Side,East Harlem,20,Friday,0,Summer,2.28,Medium,2,1.3
Tottenville,Great Kills,5,Wednesday,0,Spring,8.76,Low,1,1.0
Concord,Far Rockaway,8,Friday,0,Spring,2.54,High,5,1.8
Inwood,Harlem,14,Saturday,1,Spring,2.63,Low,1,1.0
Upper West Side,Harlem,6,Friday,0,Spring,2.19,Low,2,1.0
Bedford-Stuyvesant,Harlem,16,Monday,0,Winter,1.4,Medium,5,1.3
Fort Greene,East Harlem,13,Sunday,1,Spring,1.19,Low,2,1.0
Hell's Kitchen,South Slope,0,Monday,0,Winter,1.27,Low,1,1.0
Park Slope,Bedford-Stuyvesant,8,Wednesday,0,Summer,0.82,High,5,1.8
South Slope,Upper West Side,18,Monday,0,Spring,0.9,High,1,1.8
Upper West Side,Upper West Side,11,Thursday,0,Spring,1.72,Low,1,1.0
East Harlem,Harlem,12,Sunday,1,Winter,2.21,Low,1,1.0
Kensington,Harlem,8,Tuesday,0,Summer,1.23,High,1,1.8
Chinatown,Bedford-Stuyvesant,13,Wednesday,0,Winter,1.26,Low,1,1.0
Fort Hamilton,Rosebank,6,Friday,0,Summer,1.01,Low,1,1.0
Chelsea,Bedford-Stuyvesant,11,Saturday,1,Winter,2.06,Low,2,1.0
East Harlem,Chinatown,10,Thursday,0,Spring,2.05,Medium,4,1.3
West Village,Kensington,9,Friday,0,Winter,2.56,High,1,1.8
Williamsburg,Bedford-Stuyvesant,16,Thursday,0,Winter,5.76,Medium,2,1.3
Midtown,Greenpoint,0,Saturday,1,Winter,1.46,Low,5,1.0
Upper West Side,Harlem,7,Wednesday,0,Winter,0.72,Medium,6,1.3
West Village,East Harlem,8,Monday,0,Spring,3.21,High,1,1.8
Hell's Kitchen,West Village,3,Thursday,0,Summer,1.68,Low,1,1.0
Bedford-Stuyvesant,Crown Heights,11,Friday,0,Spring,2.28,Low,1,1.0
Sheepshead Bay,Fort Hamilton,13,Monday,0,Winter,4.17,Low,1,1.0
South Slope,South Slope,16,Tuesday,0,Spring,1.42,Medium,1,1.3
East Harlem,Windsor Terrace,15,Monday,0,Spring,0.78,Low,1,1.0
Upper West Side,East Harlem,14,Wednesday,0,Winter,0.87,Low,1,1.0
Williamsburg,Harlem,17,Thursday,0,Spring,0.94,High,1,1.8
Fort Greene,Fort Greene,0,Monday,0,Spring,2.78,Low,1,1.0
Harlem,Harlem,13,Saturday,1,Spring,1.01,Low,1,1.0
Midtown,Harlem,7,Thursday,0,Spring,0.74,Medium,1,1.3
Inwood,Greenpoint,21,Sunday,1,Spring,1.97,Low,5,1.0
Upper West Side,Upper West Side,11,Saturday,1,Spring,0.66,Low,2,1.0
Crown Heights,East Village,1,Tuesday,0,Summer,2.32,Low,1,1.0
Bensonhurst,Arrochar,6,Wednesday,0,Spring,2.3,Low,1,1.0
Hell's Kitchen,Upper West Side,8,Saturday,1,Spring,2.78,High,1,1.8
Upper West Side,Fort Greene,17,Sunday,1,Summer,1.3,High,5,1.8
Harlem,West Village,1,Tuesday,0,Winter,2.31,Low,2,1.0
Hell's Kitchen,Upper West Side,12,Saturday,1,Spring,2.54,Low,2,1.0
Edgemere,Sheepshead Bay,17,Friday,0,Winter,4.02,High,1,1.8
Bensonhurst,Bayswater,0,Thursday,0,Spring,0.7,Low,1,1.0
Bedford-Stuyvesant,Harlem,17,Tuesday,0,Winter,3.67,High,1,1.8
Kensington,Crown Heights,22,Thursday,0,Spring,6.31,Low,1,1.0
Harlem,South Slope,0,Sunday,1,Spring,1.24,Low,5,1.0
West Village,Upper West Side,10,Thursday,0,Spring,1.01,Medium,1,1.3
Kensington,South Slope,19,Wednesday,0,Summer,6.7,High,3,1.8
East Harlem,Crown Heights,12,Wednesday,0,Summer,2.04,Low,1,1.0
Upper West Side,Clinton Hill,11,Thursday,0,Winter,1.69,Low,5,1.0
Upper West Side,Upper West Side,19,Sunday,1,Spring,2.25,High,1,1.8
Bedford-Stuyvesant,South Slope,19,Monday,0,Spring,2.22,High,2,1.8
Clinton Hill,Crown Heights,22,Monday,0,Spring,0.73,Low,1,1.0
Chinatown,Park Slope,17,Sunday,1,Winter,2.8,High,2,1.8
Harlem,Fort Greene,21,Wednesday,0,Spring,0.97,Low,1,1.0
Harlem,Midtown,21,Tuesday,0,Spring,13.0,Low,1,1.0
Williamsburg,Crown Heights,3,Saturday,1,Spring,0.74,Low,2,1.0
East Village,Crown Heights,15,Sunday,1,Winter,1.37,Low,1,1.0
Hell's Kitchen,Williamsburg,21,Monday,0,Winter,2.59,Low,1,1.0
Upper West Side,Crown Heights,19,Wednesday,0,Winter,0.79,High,1,1.8
Hell's Kitchen,Inwood,3,Sunday,1,Winter,0.43,Low,2,1.0
Fort Greene,Fort Greene,15,Friday,0,Spring,7.12,Low,1,1.0
Bedford-Stuyvesant,Fort Greene,0,Sunday,1,Spring,2.16,Low,1,1.0
Murray Hill,Murray Hill,12,Friday,0,Winter,1.57,Low,1,1.0
Crown Heights,Lower East Side,23,Wednesday,0,Spring,3.37,Low,1,1.0
East Harlem,Upper West Side,19,Monday,0,Winter,6.26,High,2,1.8
Crown Heights,East Harlem,13,Friday,0,Spring,1.96,Low,1,1.0
Tottenville,Huguenot,13,Wednesday,0,Summer,25.08,Low,1,1.0
East Harlem,East Harlem,22,Monday,0,Spring,3.0,Low,2,1.0
Bedford-Stuyvesant,East Harlem,9,Sunday,1,Spring,6.02,High,1,1.8
Bedford-Stuyvesant,Upper West Side,8,Monday,0,Winter,3.28,High,1,1.8
Harlem,Midtown,8,Wednesday,0,Summer,3.29,High,1,1.8
Williamsburg,Bedford-Stuyvesant,11,Saturday,1,Winter,0.57,Low,2,1.0
Upper West Side,Fort Greene,8,Monday,0,Winter,1.02,High,1,1.8
Upper West Side,Upper West Side,23,Saturday,1,Winter,1.18,Low,1,1.0
East Harlem,Upper West Side,12,Wednesday,0,Spring,1.17,Low,2,1.0
Chelsea,South Slope,16,Friday,0,Winter,2.5,Medium,1,1.3
Midwood,Sheepshead Bay,0,Friday,0,Spring,2.59,Low,4,1.0
Arrochar,Flatbush,11,Saturday,1,Spring,3.66,Low,1,1.0
Midtown,South Slope,23,Monday,0,Spring,2.86,Low,1,1.0
South Slope,Chinatown,10,Tuesday,0,Summer,1.39,Medium,1,1.3
Chelsea,East Harlem,6,Wednesday,0,Spring,1.91,Low,1,1.0
Bedford-Stuyvesant,Park Slope,15,Tuesday,0,Winter,4.33,Low,1,1.0
Upper West Side,Crown Heights,7,Monday,0,Spring,3.18,Medium,4,1.3
Great Kills,Great Kills,16,Tuesday,0,Summer,18.7,Medium,2,1.3
West Village,Harlem,7,Wednesday,0,Winter,2.6,Medium,6,1.3
Harlem,Williamsburg,15,Wednesday,0,Spring,1.86,Low,1,1.0
Upper West Side,Bedford-Stuyvesant,2,Friday,0,Spring,10.23,Low,1,1.0
Bedford-Stuyvesant,West Village,15,Saturday,1,Winter,3.31,Low,2,1.0
Harlem,South Slope,3,Sunday,1,Winter,2.51,Low,2,1.0
East Harlem,Bedford-Stuyvesant,18,Tuesday,0,Spring,2.21,High,3,1.8
South Slope,Harlem,13,Sunday,1,Spring,1.76,Low,1,1.0
East Harlem,Upper West Side,11,Tuesday,0,Spring,2.83,Low,1,1.0
Harlem,Crown Heights,0,Tuesday,0,Summer,0.82,Low,1,1.0
Crown Heights,Chinatown,18,Thursday,0,Spring,4.94,High,1,1.8
Bedford-Stuyvesant,East Harlem,13,Monday,0,Spring,2.3,Low,2,1.0
Murray Hill,Upper West Side,20,Sunday,1,Summer,0.65,Medium,2,1.3
East Village,Bedford-Stuyvesant,16,Tuesday,0,Summer,0.72,Medium,1,1.3
Chinatown,Crown Heights,21,Wednesday,0,Summer,1.11,Low,2,1.0
Bedford-Stuyvesant,East Harlem,20,Tuesday,0,Spring,6.05,Medium,1,1.3
Harlem,Bedford-Stuyvesant,9,Tuesday,0,Spring,6.38,High,1,1.8
Fort Greene,Upper West Side,5,Friday,0,Winter,5.27,Low,5,1.0
Upper West Side,Park Slope,0,Friday,0,Spring,1.85,Low,1,1.0
Harlem,South Slope,21,Thursday,0,Spring,2.26,Low,1,1.0
South Slope,Williamsburg,19,Friday,0,Spring,0.92,High,1,1.8
East Harlem,East Village,20,Thursday,0,Spring,2.73,Medium,1,1.3
Hell's Kitchen,West Village,0,Sunday,1,Spring,3.48,Low,1,1.0
Harlem,East Harlem,13,Sunday,1,Winter,4.31,Low,1,1.0
Harlem,Harlem,8,Monday,0,Summer,2.18,High,1,1.8
Bedford-Stuyvesant,Kensington,17,Thursday,0,Summer,2.21,High,1,1.8
Williamsburg,Upper West Side,2,Friday,0,Spring,1.59,Low,1,1.0
Flatbush,Fort Greene,11,Saturday,1,Spring,1.78,Low,1,1.0
Upper West Side,East Harlem,7,Friday,0,Spring,0.85,Medium,5,1.3
Inwood,Upper West Side,22,Friday,0,Spring,7.35,Low,2,1.0
Midwood,Far Rockaway,2,Friday,0,Spring,1.45,Low,5,1.0
Inwood,Bedford-Stuyvesant,22,Tuesday,0,Spring,5.36,Low,2,1.0
Park Slope,Chinatown,14,Saturday,1,Winter,3.47,Low,1,1.0
East Harlem,Park Slope,8,Monday,0,Summer,0.83,High,3,1.8
East Harlem,Harlem,9,Tuesday,0,Spring,4.3,High,1,1.8
Gravesend,South Beach,10,Wednesday,0,Winter,1.68,Medium,1,1.3
Bedford-Stuyvesant,Upper West Side,21,Saturday,1,Spring,4.73,Low,1,1.0
Clinton Hill,Upper West Side,7,Monday,0,Spring,1.12,Medium,1,1.3
Edgemere,Great Kills,4,Wednesday,0,Summer,5.45,Low,3,1.0
Upper West Side,Upper West Side,16,Wednesday,0,Summer,2.04,Medium,1,1.3
East Harlem,Chinatown,8,Tuesday,0,Winter,2.13,High,1,1.8
Hell's Kitchen,Williamsburg,11,Saturday,1,Spring,3.11,Low,1,1.0
Upper West Side,West Village,13,Saturday,1,Summer,3.27,Low,1,1.0
Bedford-Stuyvesant,East Harlem,16,Wednesday,0,Summer,2.63,Medium,1,1.3
Midtown,Williamsburg,17,Monday,0,Spring,2.8,High,1,1.8
Upper West Side,Upper West Side,19,Wednesday,0,Spring,1.91,High,1,1.8
East Harlem,Midtown,6,Tuesday,0,Spring,5.28,Low,1,1.0
Harlem,Harlem,20,Tuesday,0,Winter,6.46,Medium,1,1.3
Upper West Side,Upper West Side,14,Thursday,0,Spring,1.2,Low,1,1.0
Midtown,Long Island City,22,Monday,0,Summer,1.43,Low,1,1.0
Bedford-Stuyvesant,Upper West Side,14,Saturday,1,Summer,0.79,Low,1,1.0
Bedford-Stuyvesant,Harlem,22,Thursday,0,Winter,2.01,Low,1,1.0
Murray Hill,Upper West Side,20,Wednesday,0,Winter,0.62,Medium,1,1.3
Midtown,Upper West Side,13,Saturday,1,Winter,5.1,Low,1,1.0
East Harlem,Harlem,12,Monday,0,Winter,3.83,Low,1,1.0
Upper West Side,Williamsburg,8,Saturday,1,Summer,4.23,High,1,1.8
Eltingville,Tottenville,17,Wednesday,0,Spring,24.24,High,1,1.8
Rockaway Beach,Sheepshead Bay,6,Tuesday,0,Spring,1.79,Low,5,1.0
Hell's Kitchen,Bedford-Stuyvesant,21,Sunday,1,Winter,4.17,Low,1,1.0
Fort Greene,Upper West Side,8,Wednesday,0,Spring,4.63,High,1,1.8
Upper West Side,Clinton Hill,7,Wednesday,0,Summer,2.58,Medium,5,1.3
Williamsburg,Upper West Side,15,Saturday,1,Winter,0.73,Low,4,1.0
Park Slope,East Harlem,21,Saturday,1,Winter,1.25,Low,2,1.0
Fort Greene,Inwood,2,Sunday,1,Spring,5.3,Low,1,1.0
Far Rockaway,Borough Park,11,Sunday,1,Spring,5.84,Low,5,1.0
Harlem,Hell's Kitchen,19,Monday,0,Winter,1.22,High,1,1.8
West Village,Bedford-Stuyvesant,14,Wednesday,0,Winter,1.2,Low,1,1.0
Inwood,Harlem,22,Monday,0,Spring,1.47,Low,5,1.0
East Harlem,Upper West Side,20,Thursday,0,Spring,0.52,Medium,1,1.3
Midwood,Flatlands,9,Sunday,1,Spring,2.75,High,1,1.8
Flatlands,Midwood,16,Tuesday,0,Winter,1.76,Medium,1,1.3
East Harlem,Upper West Side,18,Thursday,0,Winter,2.75,High,2,1.8
Murray Hill,Williamsburg,22,Tuesday,0,Winter,5.44,Low,1,1.0
Bedford-Stuyvesant,Crown Heights,10,Wednesday,0,Spring,1.25,Medium,1,1.3
South Slope,East Harlem,15,Wednesday,0,Spring,1.04,Low,2,1.0
Hell's Kitchen,East Harlem,11,Monday,0,Spring,3.15,Low,1,1.0
Hell's Kitchen,Murray Hill,19,Friday,0,Spring,0.97,High,2,1.8
East Harlem,Crown Heights,0,Friday,0,Winter,3.42,Low,5,1.0
Rockaway Beach,Dyker Heights,9,Monday,0,Summer,4.44,High,1,1.8
Kensington,Bedford-Stuyvesant,18,Saturday,1,Spring,6.66,High,1,1.8
West Village,Crown Heights,22,Wednesday,0,Spring,5.01,Low,1,1.0
Fort Greene,Bedford-Stuyvesant,0,Saturday,1,Winter,3.0,Low,6,1.0
Sheepshead Bay,"Bay Terrace, Staten Island",7,Saturday,1,Winter,11.9,Medium,1,1.3
Bedford-Stuyvesant,Midtown,12,Wednesday,0,Summer,0.89,Low,1,1.0
East Harlem,Inwood,1,Wednesday,0,Summer,1.67,Low,2,1.0
Kensington,Upper West Side,9,Saturday,1,Winter,2.2,High,4,1.8
Bedford-Stuyvesant,Murray Hill,9,Wednesday,0,Summer,3.87,High,6,1.8
Upper West Side,Fort Greene,16,Thursday,0,Summer,6.4,Medium,1,1.3
Fort Greene,Bedford-Stuyvesant,17,Friday,0,Spring,1.67,High,1,1.8
East Harlem,Harlem,16,Monday,0,Winter,2.22,Medium,1,1.3
Harlem,Harlem,12,Friday,0,Summer,2.22,Low,1,1.0
West Village,West Village,13,Saturday,1,Spring,2.21,Low,1,1.0
Bedford-Stuyvesant,Chinatown,12,Thursday,0,Summer,2.07,Low,1,1.0
Upper West Side,South Slope,8,Sunday,1,Winter,1.14,High,2,1.8
Clinton Hill,Upper West Side,15,Saturday,1,Winter,2.06,Low,1,1.0
East Harlem,Midtown,4,Sunday,1,Spring,0.58,Low,1,1.0
Midtown,Upper West Side,10,Tuesday,0,Winter,1.02,Medium,1,1.3
West Village,Harlem,8,Tuesday,0,Winter,2.01,High,1,1.8
East Harlem,East Harlem,9,Saturday,1,Winter,0.28,High,6,1.8
Midtown,Clinton Hill,17,Friday,0,Spring,1.99,High,1,1.8
West Village,Harlem,16,Wednesday,0,Winter,3.35,Medium,1,1.3
Midtown,Midtown,19,Thursday,0,Winter,0.1,High,1,1.8
Harlem,Upper West Side,15,Monday,0,Winter,5.53,Low,1,1.0
Bedford-Stuyvesant,Kensington,22,Monday,0,Spring,13.95,Low,1,1.0
Upper West Side,Harlem,15,Wednesday,0,Summer,1.3,Low,1,1.0
East Harlem,Kensington,23,Saturday,1,Winter,1.49,Low,1,1.0
Inwood,Kensington,17,Wednesday,0,Spring,18.45,High,1,1.8
Harlem,Hell's Kitchen,16,Monday,0,Spring,3.3,Medium,3,1.3
Bedford-Stuyvesant,Harlem,18,Thursday,0,Winter,1.17,High,1,1.8
Inwood,Upper West Side,21,Wednesday,0,Spring,2.68,Low,1,1.0
Brighton Beach,Arverne,10,Sunday,1,Spring,5.09,Medium,5,1.3
Chinatown,Hell's Kitchen,8,Tuesday,0,Spring,7.64,High,2,1.8
Upper West Side,East Harlem,17,Wednesday,0,Spring,2.25,High,1,1.8
Harlem,East Harlem,23,Thursday,0,Winter,12.67,Low,1,1.0
West Village,Murray Hill,6,Friday,0,Spring,1.98,Low,1,1.0
Clinton Hill,East Harlem,21,Sunday,1,Spring,1.13,Low,2,1.0
Arverne,Oakwood,16,Sunday,1,Winter,11.64,Medium,5,1.3
Chinatown,Upper West Side,17,Sunday,1,Spring,0.93,High,2,1.8
Upper West Side,Inwood,12,Wednesday,0,Spring,4.02,Low,1,1.0
West Village,Williamsburg,21,Thursday,0,Winter,2.82,Low,1,1.0
Chinatown,East Harlem,20,Saturday,1,Winter,2.28,Medium,1,1.3
Hell's Kitchen,Upper West Side,14,Thursday,0,Winter,2.54,Low,1,1.0
Kensington,Upper West Side,16,Wednesday,0,Spring,4.3,Medium,3,1.3
Chelsea,South Slope,17,Monday,0,Summer,3.31,High,1,1.8
Hell's Kitchen,Bedford-Stuyvesant,0,Sunday,1,Spring,6.59,Low,1,1.0
Hell's Kitchen,Upper West Side,21,Sunday,1,Summer,1.96,Low,1,1.0
Upper West Side,Murray Hill,14,Saturday,1,Summer,2.57,Low,3,1.0
East Village,Bedford-Stuyvesant,23,Saturday,1,Spring,1.47,Low,1,1.0
Bedford-Stuyvesant,Harlem,23,Thursday,0,Spring,0.73,Low,1,1.0
Arverne,Arrochar,10,Monday,0,Winter,2.36,Medium,1,1.3
Upper West Side,Harlem,5,Tuesday,0,Spring,1.26,Low,2,1.0
South Slope,Harlem,16,Friday,0,Spring,2.44,Medium,2,1.3
Upper West Side,East Harlem,17,Thursday,0,Spring,3.01,High,1,1.8
Upper West Side,Harlem,17,Sunday,1,Summer,2.71,High,1,1.8
Upper West Side,Midtown,17,Monday,0,Spring,1.82,High,1,1.8
West Village,Upper West Side,23,Monday,0,Spring,5.12,Low,2,1.0
East Harlem,Harlem,19,Wednesday,0,Winter,1.73,High,1,1.8
Chinatown,East Harlem,19,Saturday,1,Summer,1.35,High,1,1.8
Upper West Side,Harlem,17,Wednesday,0,Spring,3.54,High,1,1.8
Harlem,East Harlem,6,Tuesday,0,Spring,2.51,Low,1,1.0
Murray Hill,Upper West Side,17,Wednesday,0,Spring,1.24,High,1,1.8
Arden Heights,Midwood,20,Friday,0,Winter,12.22,Medium,1,1.3
Upper West Side,Murray Hill,6,Monday,0,Summer,3.67,Low,1,1.0
Upper West Side,Williamsburg,4,Saturday,1,Spring,1.11,Low,1,1.0
Midtown,Greenpoint,19,Sunday,1,Spring,2.47,High,1,1.8
Great Kills,South Beach,21,Sunday,1,Spring,13.59,Low,1,1.0
Park Slope,South Slope,2,Sunday,1,Spring,5.39,Low,1,1.0
East Harlem,Hell's Kitchen,18,Tuesday,0,Spring,2.1,High,1,1.8
South Slope,South Slope,15,Saturday,1,Spring,2.15,Low,1,1.0
Williamsburg,Crown Heights,20,Monday,0,Winter,0.76,Medium,1,1.3
Harlem,East Harlem,17,Sunday,1,Winter,2.91,High,1,1.8
East Harlem,Harlem,19,Sunday,1,Spring,2.04,High,1,1.8
East Harlem,Upper West Side,15,Saturday,1,Winter,2.93,Low,1,1.0
Upper West Side,East Harlem,0,Friday,0,Winter,2.02,Low,1,1.0
Great Kills,New Dorp Beach,22,Friday,0,Winter,0.48,Low,1,1.0
East Harlem,Greenpoint,1,Sunday,1,Spring,5.38,Low,1,1.0
Upper West Side,Park Slope,17,Saturday,1,Spring,5.21,High,1,1.8
Oakwood,New Springville,16,Friday,0,Spring,16.0,Medium,2,1.3
East Harlem,Clinton Hill,11,Saturday,1,Winter,0.84,Low,1,1.0
Bedford-Stuyvesant,Upper West Side,21,Tuesday,0,Spring,1.02,Low,1,1.0
Arden Heights,Sheepshead Bay,19,Sunday,1,Spring,11.38,High,1,1.8
Harlem,Inwood,17,Tuesday,0,Spring,1.11,High,2,1.8
Harlem,Kensington,22,Tuesday,0,Winter,1.11,Low,1,1.0
Upper West Side,East Harlem,3,Wednesday,0,Winter,7.0,Low,1,1.0
Greenpoint,Murray Hill,23,Monday,0,Summer,8.35,Low,1,1.0
Arden Heights,Bay Ridge,14,Thursday,0,Winter,13.47,Low,1,1.0
Upper West Side,Kensington,23,Sunday,1,Winter,2.16,Low,1,1.0
Williamsburg,Upper West Side,18,Tuesday,0,Spring,4.43,High,1,1.8
Bedford-Stuyvesant,Upper West Side,16,Wednesday,0,Winter,2.47,Medium,3,1.3
West Village,Fort Greene,9,Saturday,1,Winter,2.81,High,3,1.8
Flatbush,Upper West Side,0,Friday,0,Spring,5.71,Low,1,1.0
Bedford-Stuyvesant,Crown Heights,22,Wednesday,0,Spring,5.16,Low,1,1.0
Bensonhurst,Flatlands,14,Thursday,0,Spring,2.14,Low,1,1.0
Clinton Hill,Hell's Kitchen,22,Sunday,1,Spring,5.41,Low,1,1.0
Fort Greene,Greenpoint,17,Tuesday,0,Spring,2.81,High,3,1.8
Rockaway Beach,Sheepshead Bay,17,Sunday,1,Winter,0.64,High,1,1.8
Clinton Hill,Kensington,6,Friday,0,Summer,1.7,Low,1,1.0
East Harlem,Upper West Side,15,Thursday,0,Spring,5.17,Low,1,1.0
Bedford-Stuyvesant,Fort Greene,19,Monday,0,Spring,7.58,High,2,1.8
Tottenville,Tottenville,23,Tuesday,0,Winter,26.17,Low,5,1.0
Crown Heights,Upper West Side,20,Friday,0,Spring,11.0,Medium,1,1.3
East Harlem,Harlem,19,Sunday,1,Summer,1.61,High,1,1.8
East Harlem,Murray Hill,12,Tuesday,0,Summer,1.23,Low,1,1.0
Midwood,Arverne,15,Sunday,1,Spring,3.43,Low,2,1.0
Crown Heights,Harlem,11,Saturday,1,Spring,4.43,Low,2,1.0
Fort Greene,West Village,19,Saturday,1,Spring,0.78,High,2,1.8
Bedford-Stuyvesant,East Harlem,16,Saturday,1,Summer,0.01,Medium,1,1.3
Great Kills,Dyker Heights,14,Friday,0,Summer,13.48,Low,1,1.0
Crown Heights,Harlem,13,Thursday,0,Summer,4.35,Low,1,1.0
East Harlem,Upper West Side,10,Tuesday,0,Spring,3.15,Medium,1,1.3
Bedford-Stuyvesant,East Harlem,15,Wednesday,0,Winter,2.07,Low,4,1.0
Harlem,Kensington,15,Sunday,1,Winter,6.71,Low,1,1.0
Bedford-Stuyvesant,Chinatown,17,Thursday,0,Winter,1.42,High,1,1.8
Murray Hill,Park Slope,23,Wednesday,0,Summer,6.91,Low,1,1.0
Crown Heights,Harlem,13,Saturday,1,Spring,8.38,Low,1,1.0
Murray Hill,Harlem,20,Wednesday,0,Spring,2.18,Medium,6,1.3
Arverne,Bensonhurst,20,Sunday,1,Winter,2.13,Medium,1,1.3
Williamsburg,Harlem,6,Saturday,1,Spring,2.33,Low,1,1.0
Bedford-Stuyvesant,Clinton Hill,10,Tuesday,0,Spring,1.41,Medium,1,1.3
East Harlem,Bedford-Stuyvesant,0,Saturday,1,Summer,3.29,Low,1,1.0
Bedford-Stuyvesant,Park Slope,20,Monday,0,Spring,1.23,Medium,1,1.3
Bedford-Stuyvesant,Upper West Side,1,Saturday,1,Summer,7.98,Low,2,1.0
West Village,East Harlem,19,Sunday,1,Spring,1.86,High,1,1.8
Midtown,Upper West Side,13,Monday,0,Summer,1.35,Low,1,1.0
Hell's Kitchen,East Harlem,1,Wednesday,0,Summer,0.95,Low,1,1.0
Crown Heights,Harlem,3,Saturday,1,Summer,1.83,Low,5,1.0
Bedford-Stuyvesant,Clinton Hill,13,Thursday,0,Spring,1.71,Low,6,1.0
Upper West Side,East Village,14,Thursday,0,Spring,0.81,Low,3,1.0
South Slope,East Harlem,18,Saturday,1,Winter,0.99,High,5,1.8
Crown Heights,East Harlem,19,Thursday,0,Winter,1.77,High,1,1.8
Bedford-Stuyvesant,Upper West Side,23,Saturday,1,Spring,3.76,Low,1,1.0
South Slope,Crown Heights,8,Wednesday,0,Summer,3.39,High,1,1.8
Kensington,Bedford-Stuyvesant,14,Saturday,1,Spring,1.48,Low,1,1.0
Tottenville,Huguenot,10,Friday,0,Spring,25.53,Medium,2,1.3
Clinton Hill,South Slope,13,Friday,0,Spring,2.16,Low,1,1.0
Fort Greene,Harlem,8,Thursday,0,Winter,1.44,High,1,1.8
Hell's Kitchen,East Harlem,14,Saturday,1,Summer,0.86,Low,5,1.0
Harlem,Harlem,22,Monday,0,Spring,2.04,Low,1,1.0
Fort Greene,Fort Greene,12,Sunday,1,Winter,2.4,Low,1,1.0
Harlem,Upper West Side,17,Friday,0,Winter,4.51,High,1,1.8
East Harlem,Williamsburg,21,Thursday,0,Spring,0.78,Low,1,1.0
Upper West Side,Midtown,20,Saturday,1,Summer,0.91,Medium,1,1.3
Harlem,Harlem,9,Friday,0,Spring,0.64,High,1,1.8
Graniteville,Silver Lake,9,Tuesday,0,Summer,1.84,High,1,1.8
Murray Hill,Clinton Hill,18,Monday,0,Winter,1.06,High,1,1.8
Williamsburg,East Harlem,10,Monday,0,Spring,2.14,Medium,1,1.3
Upper West Side,Harlem,9,Tuesday,0,Spring,2.55,High,2,1.8
Harlem,South Slope,19,Tuesday,0,Spring,3.89,High,1,1.8
Far Rockaway,Bay Ridge,18,Sunday,1,Spring,5.51,High,1,1.8
Midwood,Midwood,7,Thursday,0,Summer,4.5,Medium,1,1.3
South Slope,Kensington,1,Friday,0,Winter,1.12,Low,5,1.0
Upper West Side,Bedford-Stuyvesant,12,Tuesday,0,Summer,4.89,Low,1,1.0
East Harlem,East Harlem,11,Monday,0,Spring,1.48,Low,1,1.0
Bedford-Stuyvesant,West Village,16,Tuesday,0,Spring,1.24,Medium,1,1.3
Harlem,Harlem,17,Friday,0,Spring,2.02,High,3,1.8
Hell's Kitchen,Crown Heights,12,Wednesday,0,Spring,1.67,Low,1,1.0
Upper West Side,Midtown,15,Friday,0,Winter,2.45,Low,2,1.0
Tottenville,Great Kills,15,Saturday,1,Spring,13.84,Low,1,1.0
Bedford-Stuyvesant,East Harlem,18,Friday,0,Summer,3.86,High,4,1.8
Williamsburg,Bedford-Stuyvesant,9,Monday,0,Spring,1.3,High,1,1.8
Upper West Side,Hell's Kitchen,9,Friday,0,Winter,1.5,High,2,1.8
Bedford-Stuyvesant,Upper West Side,23,Sunday,1,Spring,1.46,Low,1,1.0
Crown Heights,West Village,14,Sunday,1,Spring,1.49,Low,1,1.0
Williamsburg,Kensington,22,Monday,0,Winter,7.01,Low,1,1.0
Tottenville,Prince's Bay,13,Sunday,1,Summer,25.75,Low,5,1.0
Harlem,Clinton Hill,9,Tuesday,0,Spring,4.66,High,1,1.8
Bedford-Stuyvesant,Harlem,21,Friday,0,Spring,6.61,Low,1,1.0
Bedford-Stuyvesant,Upper West Side,7,Friday,0,Winter,9.5,Medium,1,1.3
Upper West Side,Crown Heights,13,Sunday,1,Spring,1.86,Low,1,1.0
South Slope,East Harlem,14,Sunday,1,Spring,4.12,Low,1,1.0
Hell's Kitchen,Bedford-Stuyvesant,9,Wednesday,0,Winter,1.76,High,6,1.8
Bedford-Stuyvesant,Harlem,20,Wednesday,0,Spring,3.59,Medium,1,1.3
Midwood,Coney Island,23,Tuesday,0,Spring,14.52,Low,1,1.0
Harlem,South Slope,15,Tuesday,0,Spring,0.84,Low,4,1.0
East Harlem,Williamsburg,20,Monday,0,Winter,3.05,Medium,1,1.3
Upper West Side,Bedford-Stuyvesant,7,Thursday,0,Winter,0.59,Medium,1,1.3
Hell's Kitchen,Midtown,8,Tuesday,0,Summer,5.76,High,5,1.8
Fort Greene,Hell's Kitchen,18,Friday,0,Summer,0.87,High,2,1.8
Williamsburg,Clinton Hill,16,Wednesday,0,Winter,2.23,Medium,1,1.3
Kensington,Upper West Side,6,Thursday,0,Spring,8.03,Low,1,1.0
Upper West Side,Upper West Side,16,Sunday,1,Spring,4.25,Medium,1,1.3
Tottenville,Woodrow,13,Monday,0,Winter,15.06,Low,1,1.0
Midtown,Hell's Kitchen,17,Monday,0,Winter,1.3,High,5,1.8
Prince's Bay,Prince's Bay,0,Friday,0,Summer,23.71,Low,1,1.0
Crown Heights,Bedford-Stuyvesant,1,Tuesday,0,Spring,4.82,Low,1,1.0
Hell's Kitchen,Kensington,22,Tuesday,0,Spring,1.43,Low,1,1.0
Midtown,Harlem,9,Wednesday,0,Winter,5.02,High,1,1.8
West Village,East Harlem,18,Friday,0,Winter,3.05,High,1,1.8
"Bay Terrace, Staten Island",Fort Hamilton,12,Wednesday,0,Summer,12.87,Low,1,1.0
Bedford-Stuyvesant,Upper West Side,5,Thursday,0,Spring,3.63,Low,1,1.0
Upper West Side,Upper West Side,16,Friday,0,Winter,1.04,Medium,1,1.3
Upper West Side,Bedford-Stuyvesant,17,Sunday,1,Winter,1.1,High,1,1.8
Inwood,Murray Hill,18,Thursday,0,Winter,1.37,High,1,1.8
Williamsburg,West Village,11,Saturday,1,Spring,1.47,Low,2,1.0
East Harlem,Upper West Side,16,Sunday,1,Winter,1.98,Medium,1,1.3
Bedford-Stuyvesant,Upper West Side,1,Thursday,0,Summer,10.3,Low,2,1.0
Upper West Side,Upper West Side,18,Wednesday,0,Winter,2.41,High,1,1.8
Upper West Side,Park Slope,14,Thursday,0,Winter,4.11,Low,1,1.0
Tottenville,Huguenot,23,Tuesday,0,Winter,24.62,Low,6,1.0
Upper West Side,Upper West Side,22,Friday,0,Spring,5.74,Low,5,1.0
Midwood,Bensonhurst,6,Friday,0,Winter,1.89,Low,1,1.0
Bensonhurst,Borough Park,16,Monday,0,Spring,4.86,Medium,1,1.3
Clinton Hill,Park Slope,8,Thursday,0,Summer,3.32,High,1,1.8
South Slope,West Village,19,Thursday,0,Winter,2.54,High,1,1.8
South Slope,Bedford-Stuyvesant,16,Sunday,1,Spring,2.98,Medium,1,1.3
Williamsburg,Murray Hill,19,Saturday,1,Spring,1.34,High,1,1.8
East Harlem,Bedford-Stuyvesant,16,Monday,0,Winter,3.68,Medium,1,1.3
East Harlem,Clinton Hill,11,Monday,0,Winter,1.86,Low,1,1.0
Bedford-Stuyvesant,Upper West Side,18,Sunday,1,Winter,0.73,High,1,1.8
Concord,Clifton,7,Monday,0,Spring,1.07,Medium,1,1.3
Kensington,Park Slope,22,Tuesday,0,Spring,1.85,Low,1,1.0
Hell's Kitchen,Bedford-Stuyvesant,19,Wednesday,0,Summer,1.8,High,1,1.8
Crown Heights,West Village,16,Saturday,1,Spring,1.64,Medium,5,1.3
Upper West Side,East Harlem,7,Friday,0,Winter,4.89,Medium,2,1.3
Kensington,Harlem,17,Saturday,1,Winter,2.23,High,1,1.8
Bedford-Stuyvesant,Harlem,0,Friday,0,Winter,6.11,Low,3,1.0
Bedford-Stuyvesant,Upper West Side,20,Friday,0,Spring,1.9,Medium,2,1.3
Park Slope,Upper West Side,18,Monday,0,Spring,0.29,High,1,1.8
East Harlem,Harlem,20,Wednesday,0,Spring,3.36,Medium,1,1.3
Harlem,Harlem,14,Friday,0,Spring,2.23,Low,1,1.0
Greenpoint,Hell's Kitchen,20,Thursday,0,Summer,3.34,Medium,1,1.3
Fort Greene,Park Slope,8,Tuesday,0,Spring,2.53,High,2,1.8
West Village,East Harlem,19,Friday,0,Summer,4.27,High,1,1.8
Fort Greene,Kensington,7,Monday,0,Spring,3.32,Medium,2,1.3
Bedford-Stuyvesant,Upper West Side,21,Saturday,1,Spring,2.39,Low,2,1.0
Fort Greene,Chinatown,10,Tuesday,0,Spring,2.88,Medium,1,1.3
Harlem,West Village,10,Tuesday,0,Spring,2.31,Medium,2,1.3
Clinton Hill,Kensington,23,Wednesday,0,Summer,0.96,Low,3,1.0
East Harlem,Harlem,22,Thursday,0,Winter,14.54,Low,1,1.0
Harlem,East Harlem,19,Sunday,1,Spring,5.07,High,6,1.8
Midtown,Harlem,0,Wednesday,0,Summer,1.76,Low,1,1.0
Bedford-Stuyvesant,Bedford-Stuyvesant,17,Sunday,1,Spring,6.61,High,1,1.8
Clinton Hill,Harlem,22,Tuesday,0,Winter,0.53,Low,1,1.0
Tottenville,Tottenville,7,Saturday,1,Spring,27.3,Medium,2,1.3
Upper West Side,Bedford-Stuyvesant,21,Thursday,0,Spring,2.85,Low,1,1.0
Williamsburg,Chinatown,0,Thursday,0,Winter,8.36,Low,1,1.0
East Harlem,West Village,23,Wednesday,0,Spring,2.62,Low,1,1.0
Murray Hill,East Harlem,21,Friday,0,Spring,4.67,Low,1,1.0
West Village,East Harlem,18,Monday,0,Spring,2.43,High,4,1.8
East Harlem,Upper West Side,13,Sunday,1,Spring,2.93,Low,6,1.0
South Slope,Harlem,18,Thursday,0,Summer,2.85,High,2,1.8
Upper West Side,East Harlem,1,Wednesday,0,Spring,0.85,Low,2,1.0
Upper West Side,West Village,14,Saturday,1,Summer,1.55,Low,2,1.0
Upper West Side,Fort Greene,19,Friday,0,Spring,2.02,High,1,1.8
Bedford-Stuyvesant,West Village,20,Tuesday,0,Summer,6.75,Medium,1,1.3
Chelsea,West Village,14,Tuesday,0,Winter,0.57,Low,5,1.0
Harlem,South Slope,20,Tuesday,0,Winter,2.05,Medium,1,1.3
Upper West Side,Bedford-Stuyvesant,1,Thursday,0,Spring,0.81,Low,1,1.0
Upper West Side,Inwood,0,Saturday,1,Spring,1.44,Low,3,1.0
Chinatown,Chelsea,11,Tuesday,0,Spring,1.85,Low,1,1.0
Upper West Side,East Harlem,18,Sunday,1,Winter,2.74,High,1,1.8
Midtown,Harlem,12,Tuesday,0,Winter,0.82,Low,1,1.0
Prince's Bay,Prince's Bay,16,Sunday,1,Spring,22.38,Medium,1,1.3
Fort Greene,Inwood,18,Friday,0,Summer,2.41,High,1,1.8
Arden Heights,Castleton Corners,20,Tuesday,0,Spring,11.69,Medium,1,1.3
Bedford-Stuyvesant,Park Slope,12,Saturday,1,Spring,1.36,Low,1,1.0
East Harlem,Park Slope,15,Sunday,1,Spring,0.86,Low,2,1.0
Bensonhurst,Arverne,8,Tuesday,0,Spring,1.11,High,1,1.8
Gravesend,Flatbush,19,Thursday,0,Spring,4.2,High,5,1.8
Bedford-Stuyvesant,Bedford-Stuyvesant,7,Thursday,0,Spring,4.31,Medium,1,1.3
Inwood,Fort Greene,4,Saturday,1,Summer,8.71,Low,2,1.0
Fort Greene,Harlem,6,Tuesday,0,Spring,1.98,Low,1,1.0
Hell's Kitchen,Midtown,15,Monday,0,Summer,2.23,Low,1,1.0
East Harlem,Upper West Side,22,Wednesday,0,Summer,10.6,Low,1,1.0
South Slope,Hell's Kitchen,21,Wednesday,0,Summer,8.16,Low,1,1.0
Harlem,Upper West Side,23,Thursday,0,Winter,4.95,Low,2,1.0
Bedford-Stuyvesant,East Harlem,2,Wednesday,0,Spring,5.24,Low,1,1.0
Williamsburg,Upper West Side,23,Tuesday,0,Spring,8.23,Low,6,1.0
Kensington,Williamsburg,21,Thursday,0,Spring,3.89,Low,1,1.0
Hell's Kitchen,Bedford-Stuyvesant,6,Monday,0,Winter,4.95,Low,1,1.0
Tottenville,Arden Heights,21,Monday,0,Winter,24.92,Low,1,1.0
Harlem,Murray Hill,16,Saturday,1,Winter,4.81,Medium,1,1.3
Kensington,Bedford-Stuyvesant,16,Sunday,1,Winter,0.93,Medium,1,1.3
Park Slope,Harlem,11,Sunday,1,Spring,2.37,Low,4,1.0
Midtown,East Harlem,8,Monday,0,Winter,2.74,High,1,1.8
Harlem,Upper West Side,22,Wednesday,0,Spring,3.26,Low,1,1.0
East Village,Fort Greene,1,Friday,0,Winter,2.02,Low,1,1.0
Flatbush,Bedford-Stuyvesant,18,Sunday,1,Spring,3.32,High,1,1.8
South Slope,Chinatown,9,Friday,0,Winter,1.36,High,1,1.8
Midtown,Harlem,10,Wednesday,0,Winter,2.17,Medium,6,1.3
Upper West Side,Upper West Side,18,Monday,0,Spring,1.67,High,1,1.8
West Village,South Slope,17,Friday,0,Spring,0.99,High,1,1.8
Bedford-Stuyvesant,East Harlem,22,Thursday,0,Summer,1.75,Low,1,1.0
Bedford-Stuyvesant,Upper West Side,15,Thursday,0,Winter,0.8,Low,1,1.0
East Harlem,Fort Greene,20,Wednesday,0,Spring,6.06,Medium,1,1.3
Upper West Side,Upper West Side,20,Monday,0,Spring,0.0,Medium,1,1.3
Upper West Side,Harlem,8,Thursday,0,Summer,2.42,High,1,1.8
East Harlem,Midtown,19,Friday,0,Spring,4.91,High,1,1.8
Inwood,East Harlem,21,Saturday,1,Spring,4.01,Low,1,1.0
Murray Hill,East Harlem,0,Thursday,0,Summer,5.92,Low,1,1.0
South Slope,Bedford-Stuyvesant,12,Sunday,1,Spring,3.73,Low,1,1.0
Harlem,Harlem,8,Sunday,1,Spring,1.56,High,1,1.8
Hell's Kitchen,Inwood,12,Thursday,0,Winter,1.07,Low,2,1.0
Harlem,East Harlem,2,Saturday,1,Spring,3.14,Low,1,1.0
Bedford-Stuyvesant,Upper West Side,19,Friday,0,Spring,1.61,High,6,1.8
Upper West Side,Harlem,16,Friday,0,Spring,2.17,Medium,1,1.3
Harlem,Inwood,22,Saturday,1,Winter,1.92,Low,1,1.0
Bedford-Stuyvesant,East Harlem,12,Monday,0,Summer,2.31,Low,1,1.0
Harlem,East Harlem,21,Thursday,0,Spring,1.08,Low,5,1.0
Bedford-Stuyvesant,Chinatown,12,Saturday,1,Spring,1.02,Low,2,1.0
East Harlem,Park Slope,3,Thursday,0,Spring,2.67,Low,2,1.0
South Slope,Chinatown,11,Monday,0,Spring,1.44,Low,1,1.0
Harlem,East Harlem,16,Friday,0,Winter,1.51,Medium,1,1.3
East Harlem,Crown Heights,19,Sunday,1,Spring,1.42,High,1,1.8
East Harlem,Inwood,20,Friday,0,Winter,2.0,Medium,2,1.3
Bedford-Stuyvesant,Inwood,23,Thursday,0,Winter,3.58,Low,1,1.0
Harlem,Bedford-Stuyvesant,1,Sunday,1,Spring,4.45,Low,1,1.0
Bedford-Stuyvesant,South Slope,11,Monday,0,Spring,1.48,Low,1,1.0
Bushwick,Bedford-Stuyvesant,15,Monday,0,Winter,0.67,Low,2,1.0
Hell's Kitchen,Upper West Side,15,Monday,0,Spring,3.61,Low,2,1.0
Bedford-Stuyvesant,Upper West Side,2,Friday,0,Spring,2.17,Low,1,1.0
Bedford-Stuyvesant,Clinton Hill,14,Wednesday,0,Spring,1.9,Low,1,1.0
Bedford-Stuyvesant,Harlem,3,Saturday,1,Spring,10.74,Low,1,1.0
Upper West Side,Harlem,10,Tuesday,0,Spring,1.69,Medium,1,1.3
Upper West Side,Upper West Side,7,Thursday,0,Winter,0.96,Medium,1,1.3
East Harlem,Upper West Side,13,Tuesday,0,Spring,3.87,Low,1,1.0
Murray Hill,Bedford-Stuyvesant,6,Wednesday,0,Spring,1.44,Low,1,1.0
Upper West Side,Upper West Side,23,Saturday,1,Spring,1.86,Low,1,1.0
Kensington,Inwood,21,Wednesday,0,Spring,3.33,Low,1,1.0
Fort Greene,Midtown,15,Friday,0,Winter,4.19,Low,1,1.0
Harlem,Harlem,12,Saturday,1,Winter,2.43,Low,3,1.0
Bayswater,Sheepshead Bay,7,Monday,0,Spring,5.17,Medium,1,1.3
Clinton Hill,East Harlem,23,Monday,0,Summer,1.73,Low,1,1.0
East Harlem,Upper West Side,13,Monday,0,Spring,3.6,Low,2,1.0
Upper West Side,Hell's Kitchen,21,Saturday,1,Spring,11.35,Low,2,1.0
Upper West Side,Harlem,17,Friday,0,Spring,1.15,High,1,1.8
Upper West Side,East Harlem,13,Sunday,1,Spring,5.42,Low,1,1.0
Upper West Side,East Harlem,9,Sunday,1,Spring,2.26,High,1,1.8
Bedford-Stuyvesant,Park Slope,20,Wednesday,0,Summer,2.83,Medium,1,1.3
Upper West Side,Kensington,13,Tuesday,0,Winter,1.24,Low,1,1.0
Kensington,South Slope,12,Monday,0,Spring,5.56,Low,1,1.0
Bedford-Stuyvesant,Windsor Terrace,23,Sunday,1,Winter,2.62,Low,1,1.0
Chinatown,Crown Heights,5,Friday,0,Spring,2.79,Low,1,1.0
Chinatown,Chinatown,18,Thursday,0,Spring,1.41,High,1,1.8
Prospect-Lefferts Gardens,Upper West Side,8,Wednesday,0,Summer,1.45,High,1,1.8
Bay Ridge,Arverne,19,Thursday,0,Spring,2.11,High,2,1.8
Midtown,South Slope,12,Monday,0,Winter,1.78,Low,4,1.0
East Harlem,South Slope,22,Wednesday,0,Spring,1.76,Low,1,1.0
Arden Heights,Mariners Harbor,11,Wednesday,0,Winter,13.59,Low,6,1.0
Midwood,Oakwood,3,Monday,0,Spring,15.07,Low,1,1.0
Harlem,East Harlem,20,Sunday,1,Winter,1.44,Medium,2,1.3
South Slope,Upper West Side,14,Sunday,1,Spring,1.58,Low,2,1.0
Harlem,Williamsburg,6,Monday,0,Spring,2.5,Low,1,1.0
Upper West Side,Bedford-Stuyvesant,3,Monday,0,Spring,2.42,Low,1,1.0
Bedford-Stuyvesant,Greenpoint,19,Friday,0,Spring,5.62,High,1,1.8
East Harlem,East Harlem,19,Saturday,1,Summer,5.06,High,1,1.8
Harlem,Upper West Side,14,Wednesday,0,Spring,1.71,Low,1,1.0
East Harlem,Upper West Side,13,Thursday,0,Spring,1.81,Low,1,1.0
Bedford-Stuyvesant,Crown Heights,22,Thursday,0,Summer,2.03,Low,1,1.0
Inwood,Upper West Side,22,Sunday,1,Spring,6.33,Low,1,1.0
Chinatown,Kensington,7,Tuesday,0,Spring,4.35,Medium,2,1.3
Bedford-Stuyvesant,Upper West Side,21,Thursday,0,Summer,4.4,Low,1,1.0
Midtown,East Harlem,14,Tuesday,0,Spring,4.49,Low,2,1.0
Harlem,Harlem,21,Monday,0,Summer,1.94,Low,6,1.0
Upper West Side,Upper West Side,19,Friday,0,Winter,5.91,High,1,1.8
Kensington,Hell's Kitchen,18,Wednesday,0,Summer,2.46,High,1,1.8
Chinatown,Murray Hill,17,Friday,0,Summer,7.66,High,5,1.8
Upper West Side,Fort Greene,21,Tuesday,0,Summer,5.73,Low,1,1.0
East Harlem,Upper West Side,2,Friday,0,Summer,2.95,Low,6,1.0
West Village,Upper West Side,6,Wednesday,0,Winter,2.84,Low,1,1.0
Bedford-Stuyvesant,Chelsea,6,Sunday,1,Spring,1.2,Low,1,1.0
Crown Heights,Crown Heights,23,Friday,0,Spring,4.48,Low,2,1.0
Arden Heights,Clifton,19,Monday,0,Spring,9.74,High,1,1.8
Harlem,Bedford-Stuyvesant,19,Wednesday,0,Summer,1.69,High,5,1.8
Chinatown,Fort Greene,0,Monday,0,Summer,2.41,Low,2,1.0
Sheepshead Bay,Concord,11,Friday,0,Spring,2.86,Low,1,1.0
Hell's Kitchen,Hell's Kitchen,11,Sunday,1,Spring,7.39,Low,3,1.0
Harlem,Harlem,17,Wednesday,0,Spring,0.67,High,1,1.8
West Village,Fort Greene,8,Thursday,0,Spring,0.87,High,1,1.8
Crown Heights,Bedford-Stuyvesant,22,Tuesday,0,Winter,6.44,Low,1,1.0
Bedford-Stuyvesant,South Slope,23,Saturday,1,Spring,0.94,Low,1,1.0
Kensington,Upper West Side,9,Thursday,0,Spring,0.95,High,5,1.8
Oakwood,Bay Ridge,20,Tuesday,0,Winter,13.52,Medium,1,1.3
Harlem,Clinton Hill,8,Friday,0,Summer,8.45,High,4,1.8
Clinton Hill,Hell's Kitchen,10,Tuesday,0,Winter,7.7,Medium,1,1.3
Chelsea,Hell's Kitchen,10,Tuesday,0,Spring,2.49,Medium,1,1.3
Harlem,West Village,20,Sunday,1,Summer,5.39,Medium,1,1.3
West Village,East Harlem,12,Friday,0,Winter,1.25,Low,1,1.0
Murray Hill,Bedford-Stuyvesant,18,Friday,0,Spring,2.95,High,5,1.8
Chelsea,Upper West Side,15,Thursday,0,Summer,2.8,Low,1,1.0
Harlem,Park Slope,9,Friday,0,Spring,1.99,High,1,1.8
Kensington,Kensington,17,Monday,0,Winter,0.99,High,2,1.8
Clinton Hill,Kensington,2,Friday,0,Spring,2.55,Low,2,1.0
Midwood,Grymes Hill,15,Saturday,1,Winter,0.8,Low,1,1.0
East Harlem,Bedford-Stuyvesant,15,Thursday,0,Spring,1.65,Low,2,1.0
South Slope,Kensington,6,Wednesday,0,Winter,6.03,Low,1,1.0
Bedford-Stuyvesant,South Slope,0,Friday,0,Winter,1.29,Low,3,1.0
Kensington,Kensington,22,Tuesday,0,Spring,1.47,Low,1,1.0
East Harlem,Upper West Side,3,Saturday,1,Spring,6.39,Low,5,1.0
Upper West Side,Crown Heights,18,Saturday,1,Spring,2.92,High,2,1.8
Chelsea,Upper West Side,23,Friday,0,Summer,1.2,Low,1,1.0
Upper West Side,Bedford-Stuyvesant,1,Monday,0,Winter,4.36,Low,1,1.0
Harlem,Harlem,14,Monday,0,Summer,2.37,Low,2,1.0
Tottenville,Tottenville,19,Monday,0,Winter,9.91,High,3,1.8
Upper West Side,Upper West Side,0,Tuesday,0,Summer,4.02,Low,1,1.0
Bedford-Stuyvesant,East Harlem,9,Wednesday,0,Summer,0.71,High,1,1.8
West Village,Bedford-Stuyvesant,6,Wednesday,0,Spring,1.33,Low,1,1.0
Harlem,Murray Hill,1,Friday,0,Summer,1.89,Low,1,1.0
East Harlem,Harlem,21,Sunday,1,Spring,3.5,Low,1,1.0
Clinton Hill,Kensington,13,Friday,0,Spring,14.04,Low,1,1.0
Fort Greene,Upper West Side,10,Sunday,1,Spring,1.35,Medium,2,1.3
Williamsburg,Williamsburg,6,Monday,0,Spring,0.0,Low,1,1.0
Bedford-Stuyvesant,Upper West Side,23,Thursday,0,Winter,5.04,Low,1,1.0
Kensington,Upper West Side,12,Tuesday,0,Spring,3.93,Low,1,1.0
East Harlem,South Slope,20,Wednesday,0,Winter,3.11,Medium,1,1.3
East Harlem,Harlem,9,Thursday,0,Summer,2.63,High,1,1.8
Midwood,Sheepshead Bay,15,Wednesday,0,Summer,1.44,Low,1,1.0
Arrochar,Bensonhurst,15,Monday,0,Winter,2.66,Low,1,1.0
West Village,Upper West Side,11,Tuesday,0,Summer,1.14,Low,1,1.0
Hell's Kitchen,Bedford-Stuyvesant,13,Tuesday,0,Summer,1.79,Low,1,1.0
Crown Heights,Clinton Hill,22,Friday,0,Winter,1.26,Low,1,1.0
Bedford-Stuyvesant,South Slope,23,Tuesday,0,Winter,2.82,Low,2,1.0
Harlem,Midtown,8,Saturday,1,Spring,8.14,High,4,1.8
Williamsburg,Murray Hill,1,Friday,0,Spring,6.15,Low,5,1.0
East Harlem,Upper West Side,14,Monday,0,Spring,2.93,Low,1,1.0
Harlem,East Harlem,11,Tuesday,0,Summer,0.28,Low,1,1.0
Inwood,South Slope,23,Wednesday,0,Spring,5.93,Low,1,1.0
Murray Hill,Kensington,13,Tuesday,0,Spring,2.85,Low,2,1.0
Park Slope,East Harlem,7,Monday,0,Spring,1.08,Medium,1,1.3
Midwood,Castleton Corners,13,Friday,0,Winter,1.02,Low,5,1.0
Bedford-Stuyvesant,Kensington,18,Monday,0,Winter,2.41,High,1,1.8
Upper West Side,Inwood,13,Monday,0,Summer,0.35,Low,1,1.0
Hell's Kitchen,East Harlem,12,Thursday,0,Summer,0.84,Low,1,1.0
Upper West Side,Murray Hill,15,Sunday,1,Winter,5.62,Low,4,1.0
Hell's Kitchen,Upper West Side,20,Sunday,1,Spring,1.92,Medium,1,1.3
East Harlem,West Village,9,Saturday,1,Summer,1.93,High,1,1.8
Upper West Side,Chinatown,18,Tuesday,0,Winter,2.22,High,6,1.8
Clinton Hill,Hell's Kitchen,5,Sunday,1,Spring,3.78,Low,1,1.0
East Harlem,Bushwick,18,Tuesday,0,Winter,5.31,High,4,1.8
East Harlem,Bedford-Stuyvesant,13,Saturday,1,Summer,0.35,Low,1,1.0
East Harlem,Chelsea,5,Thursday,0,Winter,1.48,Low,1,1.0
Murray Hill,Harlem,8,Wednesday,0,Spring,1.59,High,1,1.8
Windsor Terrace,Inwood,1,Saturday,1,Winter,4.42,Low,5,1.0
Upper West Side,Bedford-Stuyvesant,8,Wednesday,0,Winter,0.69,High,1,1.8
Upper West Side,Greenpoint,17,Sunday,1,Winter,2.49,High,1,1.8
South Slope,Harlem,18,Saturday,1,Winter,3.22,High,1,1.8
Williamsburg,Park Slope,12,Saturday,1,Winter,2.9,Low,1,1.0
Upper West Side,South Slope,20,Thursday,0,Summer,1.72,Medium,1,1.3
Midwood,Arverne,18,Wednesday,0,Spring,7.11,High,1,1.8
East Harlem,Bedford-Stuyvesant,13,Monday,0,Spring,0.87,Low,1,1.0
Bedford-Stuyvesant,Bedford-Stuyvesant,22,Friday,0,Spring,1.31,Low,1,1.0
Crown Heights,East Harlem,12,Thursday,0,Summer,0.54,Low,1,1.0
Bedford-Stuyvesant,Park Slope,21,Tuesday,0,Summer,1.08,Low,1,1.0
Upper West Side,Harlem,7,Monday,0,Spring,3.38,Medium,1,1.3
Hell's Kitchen,Upper West Side,20,Sunday,1,Winter,0.64,Medium,1,1.3
East Harlem,Harlem,8,Monday,0,Spring,0.63,High,1,1.8
Harlem,East Harlem,23,Tuesday,0,Spring,1.18,Low,1,1.0
Park Slope,Harlem,9,Friday,0,Winter,3.28,High,1,1.8
Bedford-Stuyvesant,Flatbush,20,Saturday,1,Spring,2.51,Medium,1,1.3
East Harlem,Bedford-Stuyvesant,11,Monday,0,Winter,1.97,Low,2,1.0
Upper West Side,Bedford-Stuyvesant,13,Monday,0,Spring,2.02,Low,2,1.0
Upper West Side,East Harlem,12,Friday,0,Spring,2.24,Low,3,1.0
Harlem,Upper West Side,1,Friday,0,Winter,3.37,Low,1,1.0
Chinatown,Kensington,15,Wednesday,0,Winter,2.07,Low,1,1.0
Bedford-Stuyvesant,Upper West Side,7,Thursday,0,Winter,7.18,Medium,1,1.3
West Village,Crown Heights,19,Monday,0,Summer,0.66,High,5,1.8
Bensonhurst,Arverne,12,Tuesday,0,Spring,1.02,Low,5,1.0
Bedford-Stuyvesant,Inwood,3,Saturday,1,Winter,3.59,Low,2,1.0
Park Slope,Fort Greene,20,Sunday,1,Spring,4.26,Medium,1,1.3
Harlem,Upper West Side,20,Thursday,0,Spring,1.28,Medium,1,1.3
South Slope,Hell's Kitchen,20,Monday,0,Spring,2.18,Medium,1,1.3
Midwood,Sheepshead Bay,21,Monday,0,Spring,1.66,Low,1,1.0
Midwood,Tompkinsville,22,Monday,0,Spring,0.87,Low,4,1.0
Kensington,Clinton Hill,9,Thursday,0,Summer,2.09,High,2,1.8
Harlem,Harlem,19,Wednesday,0,Summer,3.65,High,1,1.8
Harlem,Fort Greene,16,Wednesday,0,Spring,2.86,Medium,2,1.3
East Harlem,Midtown,9,Thursday,0,Winter,6.31,High,4,1.8
Bedford-Stuyvesant,Midtown,14,Sunday,1,Spring,2.94,Low,1,1.0
Inwood,Harlem,22,Thursday,0,Spring,3.47,Low,3,1.0
Hell's Kitchen,East Harlem,2,Sunday,1,Winter,3.22,Low,1,1.0
Harlem,South Slope,3,Saturday,1,Spring,5.59,Low,1,1.0
Midwood,Sheepshead Bay,6,Friday,0,Winter,1.09,Low,1,1.0
South Slope,Fort Greene,7,Friday,0,Winter,4.33,Medium,5,1.3
Upper West Side,Upper West Side,18,Sunday,1,Summer,0.73,High,1,1.8
Kensington,Bedford-Stuyvesant,19,Sunday,1,Summer,4.55,High,1,1.8
Midwood,"Bay Terrace, Staten Island",8,Monday,0,Summer,11.79,High,2,1.8
East Harlem,Midtown,15,Saturday,1,Summer,4.69,Low,1,1.0
Midwood,Arverne,14,Thursday,0,Winter,3.73,Low,2,1.0
Upper West Side,Bedford-Stuyvesant,2,Saturday,1,Spring,1.63,Low,3,1.0
Harlem,Harlem,14,Saturday,1,Spring,2.11,Low,1,1.0
West Village,Crown Heights,23,Friday,0,Spring,2.5,Low,1,1.0
Inwood,Fort Greene,14,Friday,0,Winter,3.22,Low,1,1.0
West Village,Murray Hill,23,Monday,0,Spring,6.78,Low,1,1.0
South Slope,Upper West Side,22,Monday,0,Spring,1.57,Low,4,1.0
Greenpoint,Upper West Side,21,Friday,0,Winter,2.27,Low,1,1.0
East Harlem,Windsor Terrace,16,Wednesday,0,Spring,3.58,Medium,1,1.3
Bedford-Stuyvesant,Harlem,9,Friday,0,Winter,2.95,High,1,1.8
East Harlem,South Slope,10,Monday,0,Winter,1.09,Medium,1,1.3
Arrochar,Midwood,15,Thursday,0,Spring,5.36,Low,1,1.0
Kensington,Upper West Side,19,Saturday,1,Spring,1.82,High,1,1.8
Fort Greene,South Slope,8,Thursday,0,Summer,0.76,High,1,1.8
Crown Heights,Upper West Side,20,Tuesday,0,Spring,2.68,Medium,1,1.3
Kensington,Bedford-Stuyvesant,6,Sunday,1,Winter,0.68,Low,1,1.0
East Harlem,East Harlem,14,Saturday,1,Spring,3.81,Low,1,1.0
Arden Heights,Rockaway Beach,13,Wednesday,0,Winter,14.96,Low,1,1.0
South Slope,Kensington,22,Friday,0,Winter,1.21,Low,2,1.0
Randall Manor,Sheepshead Bay,10,Sunday,1,Winter,5.97,Medium,1,1.3
Oakwood,Coney Island,19,Saturday,1,Spring,22.95,High,6,1.8
Kensington,West Village,10,Saturday,1,Spring,4.27,Medium,2,1.3
Arverne,Westerleigh,18,Tuesday,0,Spring,1.72,High,2,1.8
Harlem,Upper West Side,12,Tuesday,0,Spring,2.0,Low,1,1.0
Upper West Side,Bedford-Stuyvesant,18,Friday,0,Spring,4.8,High,1,1.8
Flatbush,Bensonhurst,1,Monday,0,Winter,1.33,Low,6,1.0
Harlem,Bedford-Stuyvesant,13,Monday,0,Spring,7.9,Low,2,1.0
Williamsburg,Bedford-Stuyvesant,19,Friday,0,Winter,1.52,High,1,1.8
South Slope,Upper West Side,23,Tuesday,0,Spring,9.98,Low,1,1.0
Kensington,East Harlem,22,Thursday,0,Spring,1.26,Low,1,1.0
Lower East Side,South Slope,9,Wednesday,0,Spring,1.85,High,1,1.8
West Village,East Harlem,22,Wednesday,0,Winter,0.88,Low,1,1.0
Sheepshead Bay,Arverne,20,Monday,0,Summer,0.39,Medium,1,1.3
Clinton Hill,South Slope,2,Sunday,1,Winter,0.08,Low,1,1.0
Harlem,Lower East Side,21,Friday,0,Spring,1.13,Low,5,1.0
East Harlem,Upper West Side,0,Saturday,1,Spring,4.43,Low,2,1.0
Park Slope,Midtown,20,Thursday,0,Spring,2.5,Medium,2,1.3
South Slope,Fort Greene,21,Sunday,1,Summer,5.81,Low,1,1.0
Bedford-Stuyvesant,Clinton Hill,8,Friday,0,Spring,2.65,High,1,1.8
Crown Heights,Upper West Side,22,Wednesday,0,Spring,3.34,Low,1,1.0
East Harlem,Hell's Kitchen,2,Monday,0,Spring,8.65,Low,1,1.0
Crown Heights,East Harlem,15,Thursday,0,Spring,3.65,Low,1,1.0
Harlem,Harlem,16,Monday,0,Winter,0.01,Medium,1,1.3
Tottenville,Huguenot,14,Saturday,1,Spring,16.07,Low,1,1.0
Tottenville,Eltingville,13,Saturday,1,Winter,24.09,Low,1,1.0
Tottenville,Tottenville,11,Tuesday,0,Winter,0.0,Low,1,1.0
West Village,Park Slope,8,Tuesday,0,Winter,2.8,High,1,1.8
East Harlem,South Slope,9,Friday,0,Spring,2.84,High,2,1.8
South Slope,Williamsburg,18,Monday,0,Spring,1.9,High,1,1.8
East Harlem,Chinatown,2,Thursday,0,Spring,1.93,Low,1,1.0
Windsor Terrace,Upper West Side,20,Saturday,1,Summer,2.1,Medium,1,1.3
Upper West Side,Chinatown,0,Saturday,1,Summer,6.3,Low,2,1.0
Kensington,Midtown,20,Friday,0,Spring,3.77,Medium,1,1.3
Upper West Side,Harlem,8,Wednesday,0,Spring,3.82,High,1,1.8
Upper West Side,Hell's Kitchen,8,Wednesday,0,Winter,3.14,High,1,1.8
Harlem,Harlem,21,Sunday,1,Winter,1.8,Low,1,1.0
Murray Hill,East Harlem,19,Monday,0,Winter,2.95,High,1,1.8
Williamsburg,Clinton Hill,9,Wednesday,0,Spring,0.91,High,1,1.8
Park Slope,East Harlem,21,Monday,0,Spring,0.97,Low,1,1.0
Bath Beach,Midwood,12,Wednesday,0,Spring,0.98,Low,1,1.0
East Harlem,Inwood,20,Monday,0,Winter,1.59,Medium,1,1.3
East Harlem,Kensington,18,Sunday,1,Summer,1.48,High,1,1.8
Harlem,Upper West Side,20,Monday,0,Winter,2.12,Medium,1,1.3
Windsor Terrace,Bedford-Stuyvesant,8,Sunday,1,Spring,2.84,High,1,1.8
Bedford-Stuyvesant,Clinton Hill,0,Tuesday,0,Spring,2.18,Low,1,1.0
East Harlem,Murray Hill,14,Monday,0,Spring,1.46,Low,1,1.0
Upper West Side,Park Slope,19,Sunday,1,Spring,6.06,High,1,1.8
Arverne,Fort Hamilton,8,Tuesday,0,Spring,2.27,High,1,1.8
Williamsburg,Williamsburg,2,Sunday,1,Spring,0.99,Low,1,1.0
Harlem,Upper West Side,17,Saturday,1,Spring,3.53,High,1,1.8
Midtown,Park Slope,9,Wednesday,0,Summer,2.94,High,1,1.8
East Harlem,Chinatown,23,Saturday,1,Spring,1.24,Low,4,1.0
Midtown,Inwood,2,Sunday,1,Spring,1.56,Low,1,1.0
Midtown,Fort Greene,23,Saturday,1,Summer,2.62,Low,1,1.0
Arden Heights,Midwood,10,Wednesday,0,Summer,12.83,Medium,1,1.3
Bedford-Stuyvesant,Williamsburg,4,Saturday,1,Spring,2.21,Low,1,1.0
Hell's Kitchen,East Harlem,23,Saturday,1,Spring,3.3,Low,1,1.0
Upper West Side,Fort Greene,19,Monday,0,Winter,3.66,High,1,1.8
Harlem,East Harlem,20,Wednesday,0,Winter,2.98,Medium,1,1.3
Bedford-Stuyvesant,Upper West Side,14,Thursday,0,Summer,1.41,Low,1,1.0
Harlem,East Harlem,18,Tuesday,0,Summer,5.31,High,4,1.8
Harlem,West Village,19,Tuesday,0,Summer,3.79,High,1,1.8
Harlem,Midtown,22,Saturday,1,Spring,1.99,Low,1,1.0
Arrochar,Gravesend,8,Monday,0,Spring,9.38,High,1,1.8
Chinatown,Bedford-Stuyvesant,18,Sunday,1,Summer,2.22,High,1,1.8
Chinatown,Harlem,16,Monday,0,Winter,0.58,Medium,1,1.3
"Bay Terrace, Staten Island",Gravesend,21,Saturday,1,Spring,11.49,Low,1,1.0
Inwood,East Harlem,18,Tuesday,0,Spring,7.48,High,1,1.8
Bedford-Stuyvesant,East Harlem,8,Monday,0,Summer,6.16,High,1,1.8
Crown Heights,Bedford-Stuyvesant,22,Friday,0,Summer,14.34,Low,1,1.0
Fort Greene,Harlem,20,Friday,0,Summer,2.26,Medium,1,1.3
Tottenville,Prince's Bay,1,Tuesday,0,Spring,27.22,Low,2,1.0
Tottenville,Huguenot,12,Friday,0,Winter,18.53,Low,1,1.0
Park Slope,Midtown,22,Sunday,1,Spring,2.47,Low,1,1.0
Upper West Side,Inwood,23,Monday,0,Summer,2.52,Low,5,1.0
Hell's Kitchen,Fort Greene,8,Friday,0,Winter,1.4,High,1,1.8
Kensington,Bedford-Stuyvesant,23,Saturday,1,Spring,5.81,Low,3,1.0
Bedford-Stuyvesant,Harlem,0,Sunday,1,Spring,10.52,Low,3,1.0
Murray Hill,Inwood,8,Thursday,0,Summer,1.35,High,2,1.8
Greenpoint,Inwood,16,Wednesday,0,Spring,2.61,Medium,1,1.3
Inwood,Harlem,19,Saturday,1,Spring,3.29,High,3,1.8
East Harlem,Upper West Side,13,Wednesday,0,Spring,2.2,Low,1,1.0
Upper West Side,Kensington,20,Friday,0,Spring,0.83,Medium,1,1.3
Upper West Side,Upper West Side,20,Friday,0,Winter,3.68,Medium,1,1.3
Clinton Hill,Kensington,0,Wednesday,0,Spring,16.11,Low,5,1.0
Bedford-Stuyvesant,Hell's Kitchen,13,Sunday,1,Spring,4.01,Low,1,1.0
Fort Greene,Bedford-Stuyvesant,0,Sunday,1,Summer,1.12,Low,2,1.0
Murray Hill,Fort Greene,9,Friday,0,Spring,1.61,High,1,1.8
Bedford-Stuyvesant,Upper West Side,14,Wednesday,0,Spring,1.84,Low,2,1.0
Hell's Kitchen,Kensington,16,Saturday,1,Spring,3.07,Medium,1,1.3
Fort Greene,Hell's Kitchen,11,Saturday,1,Winter,5.47,Low,2,1.0
Upper West Side,Fort Greene,6,Saturday,1,Spring,2.62,Low,1,1.0
Harlem,East Harlem,14,Friday,0,Winter,1.11,Low,1,1.0
Upper West Side,Harlem,14,Wednesday,0,Spring,0.47,Low,1,1.0
Park Slope,Hell's Kitchen,22,Saturday,1,Spring,3.36,Low,1,1.0
Chelsea,Harlem,6,Thursday,0,Spring,1.48,Low,1,1.0
Murray Hill,Clinton Hill,10,Thursday,0,Summer,0.9,Medium,1,1.3
West Village,Midtown,2,Saturday,1,Spring,1.38,Low,3,1.0
Crown Heights,Harlem,19,Saturday,1,Spring,3.95,High,1,1.8
Midwood,Arverne,10,Sunday,1,Winter,3.36,Medium,1,1.3
Fort Greene,Greenpoint,1,Thursday,0,Winter,5.58,Low,1,1.0
Murray Hill,Kensington,18,Wednesday,0,Winter,1.79,High,2,1.8
Hell's Kitchen,East Harlem,20,Wednesday,0,Spring,1.74,Medium,1,1.3
Hell's Kitchen,Williamsburg,19,Wednesday,0,Winter,1.1,High,2,1.8
Bedford-Stuyvesant,Midtown,1,Sunday,1,Winter,5.13,Low,1,1.0
Harlem,Upper West Side,17,Saturday,1,Spring,8.35,High,2,1.8
Upper West Side,East Harlem,22,Wednesday,0,Spring,3.41,Low,1,1.0
Bedford-Stuyvesant,Harlem,0,Friday,0,Winter,4.29,Low,1,1.0
Upper West Side,Kensington,18,Thursday,0,Winter,2.22,High,1,1.8
Upper West Side,East Harlem,2,Saturday,1,Winter,2.24,Low,1,1.0
Hell's Kitchen,East Harlem,18,Friday,0,Winter,5.35,High,2,1.8
Inwood,Park Slope,0,Wednesday,0,Summer,2.5,Low,1,1.0
Murray Hill,Chinatown,19,Saturday,1,Summer,1.03,High,5,1.8
Midtown,South Slope,12,Friday,0,Spring,5.52,Low,1,1.0
Chelsea,Crown Heights,9,Wednesday,0,Winter,1.57,High,1,1.8
Bedford-Stuyvesant,Park Slope,22,Friday,0,Spring,4.66,Low,1,1.0
Upper West Side,Bedford-Stuyvesant,15,Thursday,0,Spring,1.28,Low,1,1.0
Rockaway Beach,Sheepshead Bay,18,Tuesday,0,Winter,2.12,High,1,1.8
East Harlem,South Slope,16,Friday,0,Spring,1.89,Medium,1,1.3
Upper West Side,Upper West Side,12,Sunday,1,Spring,2.28,Low,1,1.0
East Harlem,Williamsburg,0,Wednesday,0,Spring,7.21,Low,1,1.0
Fort Greene,East Harlem,9,Tuesday,0,Winter,1.23,High,1,1.8
Clinton Hill,East Harlem,17,Sunday,1,Spring,1.97,High,1,1.8
Park Slope,Upper West Side,20,Friday,0,Spring,1.44,Medium,1,1.3
Harlem,Hell's Kitchen,0,Thursday,0,Spring,1.21,Low,1,1.0
Chinatown,Williamsburg,11,Monday,0,Winter,0.84,Low,1,1.0
Harlem,Prospect-Lefferts Gardens,21,Thursday,0,Spring,2.61,Low,1,1.0
Arden Heights,Arverne,22,Friday,0,Spring,10.95,Low,2,1.0
Hell's Kitchen,Kensington,20,Friday,0,Spring,0.65,Medium,1,1.3
Bedford-Stuyvesant,Harlem,19,Friday,0,Spring,2.08,High,2,1.8
Flatbush,East Harlem,13,Thursday,0,Summer,5.89,Low,1,1.0
Eltingville,Great Kills,12,Sunday,1,Spring,21.52,Low,2,1.0
Chinatown,Bedford-Stuyvesant,13,Sunday,1,Winter,1.08,Low,1,1.0
Clinton Hill,Park Slope,1,Sunday,1,Spring,0.44,Low,1,1.0
East Harlem,Upper West Side,22,Thursday,0,Winter,9.57,Low,6,1.0
Harlem,Midtown,7,Tuesday,0,Spring,1.52,Medium,2,1.3
Harlem,Crown Heights,1,Sunday,1,Spring,6.48,Low,1,1.0
Upper West Side,Midtown,22,Monday,0,Winter,1.27,Low,2,1.0
Williamsburg,Upper West Side,15,Monday,0,Winter,1.74,Low,1,1.0
Harlem,Bedford-Stuyvesant,0,Friday,0,Winter,3.48,Low,1,1.0
Hell's Kitchen,West Village,16,Sunday,1,Winter,4.12,Medium,1,1.3
Midtown,Kensington,21,Sunday,1,Summer,1.99,Low,2,1.0
Clinton Hill,West Village,12,Sunday,1,Spring,1.41,Low,1,1.0
Bedford-Stuyvesant,Inwood,23,Saturday,1,Spring,2.98,Low,1,1.0
Midwood,Bath Beach,18,Tuesday,0,Winter,4.77,High,1,1.8
Upper West Side,Hell's Kitchen,7,Saturday,1,Spring,1.14,Medium,1,1.3
Arden Heights,Great Kills,13,Wednesday,0,Spring,13.01,Low,1,1.0
West Village,Park Slope,23,Thursday,0,Spring,1.94,Low,4,1.0
Prospect-Lefferts Gardens,Harlem,23,Saturday,1,Spring,5.13,Low,1,1.0
East Harlem,Midtown,18,Saturday,1,Spring,2.1,High,1,1.8
Upper West Side,East Harlem,10,Saturday,1,Winter,1.37,Medium,5,1.3
Hell's Kitchen,Harlem,17,Thursday,0,Winter,2.88,High,1,1.8
Inwood,Fort Greene,0,Tuesday,0,Spring,10.05,Low,1,1.0
Harlem,Crown Heights,16,Tuesday,0,Spring,4.57,Medium,1,1.3
Bedford-Stuyvesant,South Slope,3,Friday,0,Summer,2.55,Low,4,1.0
West Village,East Harlem,15,Saturday,1,Spring,0.82,Low,1,1.0
Hell's Kitchen,Harlem,18,Wednesday,0,Spring,2.49,High,2,1.8
Harlem,Harlem,18,Thursday,0,Winter,1.82,High,2,1.8
Murray Hill,South Slope,12,Friday,0,Winter,7.51,Low,1,1.0
Hell's Kitchen,Park Slope,20,Saturday,1,Spring,2.06,Medium,1,1.3
Bedford-Stuyvesant,Kensington,9,Monday,0,Winter,0.85,High,1,1.8
Harlem,Harlem,8,Tuesday,0,Summer,3.02,High,1,1.8
Harlem,Bedford-Stuyvesant,20,Monday,0,Winter,3.06,Medium,5,1.3
East Harlem,East Harlem,10,Thursday,0,Winter,3.78,Medium,1,1.3
Harlem,Bedford-Stuyvesant,16,Wednesday,0,Spring,2.14,Medium,2,1.3
Chinatown,Bedford-Stuyvesant,21,Wednesday,0,Summer,4.8,Low,1,1.0
Upper West Side,Harlem,19,Tuesday,0,Winter,0.67,High,1,1.8
Harlem,Upper West Side,11,Monday,0,Spring,1.55,Low,1,1.0
Williamsburg,East Harlem,7,Monday,0,Winter,0.88,Medium,1,1.3
Inwood,East Harlem,2,Saturday,1,Spring,0.47,Low,1,1.0
Oakwood,Coney Island,14,Sunday,1,Summer,5.66,Low,1,1.0
West Village,Williamsburg,21,Wednesday,0,Summer,1.94,Low,1,1.0
Upper West Side,East Harlem,20,Sunday,1,Spring,0.99,Medium,1,1.3
South Slope,East Harlem,16,Monday,0,Winter,3.3,Medium,1,1.3
Clifton,Bensonhurst,7,Thursday,0,Summer,0.85,Medium,1,1.3
Fort Greene,Midtown,17,Saturday,1,Spring,0.56,High,1,1.8
Williamsburg,East Village,13,Saturday,1,Spring,3.4,Low,2,1.0
East Harlem,South Slope,23,Sunday,1,Winter,3.89,Low,2,1.0
Upper West Side,Bedford-Stuyvesant,11,Wednesday,0,Winter,1.29,Low,1,1.0
Greenpoint,West Village,22,Monday,0,Summer,2.2,Low,1,1.0
Upper West Side,South Slope,2,Thursday,0,Spring,0.72,Low,1,1.0
Upper West Side,Upper West Side,7,Tuesday,0,Spring,1.6,Medium,1,1.3
South Slope,Bedford-Stuyvesant,14,Friday,0,Winter,2.4,Low,5,1.0
Bedford-Stuyvesant,Upper West Side,10,Sunday,1,Winter,8.25,Medium,1,1.3
Prince's Bay,"Bay Terrace, Staten Island",10,Friday,0,Spring,25.09,Medium,6,1.3
Murray Hill,South Slope,19,Friday,0,Winter,1.17,High,1,1.8
South Slope,Bedford-Stuyvesant,19,Friday,0,Spring,1.32,High,2,1.8
Arverne,Far Rockaway,13,Friday,0,Winter,1.6,Low,2,1.0
Upper West Side,East Harlem,12,Saturday,1,Winter,1.6,Low,1,1.0
South Slope,Crown Heights,9,Friday,0,Winter,2.79,High,1,1.8
Inwood,Midtown,16,Thursday,0,Spring,1.14,Medium,1,1.3
Fort Greene,Fort Greene,15,Monday,0,Winter,0.53,Low,1,1.0
East Harlem,Williamsburg,23,Friday,0,Spring,3.55,Low,1,1.0
East Harlem,East Harlem,17,Friday,0,Winter,1.62,High,1,1.8
Tottenville,Woodrow,21,Thursday,0,Summer,3.06,Low,1,1.0
Bedford-Stuyvesant,Kensington,0,Friday,0,Winter,13.3,Low,1,1.0
Clinton Hill,East Harlem,7,Thursday,0,Winter,7.23,Medium,6,1.3
Bedford-Stuyvesant,Bedford-Stuyvesant,20,Saturday,1,Summer,1.78,Medium,2,1.3
Upper West Side,East Harlem,20,Thursday,0,Spring,0.79,Medium,1,1.3
Chelsea,Kensington,0,Thursday,0,Spring,12.68,Low,1,1.0
Fort Greene,Bedford-Stuyvesant,14,Sunday,1,Spring,4.4,Low,2,1.0
East Harlem,Bedford-Stuyvesant,7,Tuesday,0,Spring,1.87,Medium,1,1.3
Bedford-Stuyvesant,Bedford-Stuyvesant,12,Thursday,0,Summer,1.29,Low,1,1.0
Kensington,West Village,21,Monday,0,Spring,1.09,Low,2,1.0
Fort Greene,Upper West Side,21,Thursday,0,Summer,4.4,Low,3,1.0
Bedford-Stuyvesant,Bedford-Stuyvesant,2,Friday,0,Spring,1.38,Low,1,1.0
Dyker Heights,Sea Gate,14,Friday,0,Summer,14.62,Low,1,1.0
Bedford-Stuyvesant,Upper West Side,15,Tuesday,0,Summer,2.67,Low,3,1.0
Bedford-Stuyvesant,West Village,19,Monday,0,Summer,1.76,High,1,1.8
Bedford-Stuyvesant,Upper West Side,21,Friday,0,Spring,1.19,Low,2,1.0
East Harlem,East Harlem,9,Wednesday,0,Winter,2.37,High,1,1.8
Upper West Side,East Harlem,21,Thursday,0,Spring,16.42,Low,1,1.0
Kensington,Bedford-Stuyvesant,15,Friday,0,Spring,5.74,Low,2,1.0
East Harlem,Upper West Side,20,Friday,0,Winter,3.93,Medium,2,1.3
Upper West Side,Bedford-Stuyvesant,23,Sunday,1,Winter,1.21,Low,2,1.0
Clinton Hill,Harlem,19,Monday,0,Summer,0.63,High,1,1.8
East Harlem,Crown Heights,1,Sunday,1,Winter,1.28,Low,1,1.0
Fort Greene,Harlem,17,Tuesday,0,Spring,3.06,High,1,1.8
Upper West Side,Harlem,16,Monday,0,Summer,2.67,Medium,1,1.3
Park Slope,Murray Hill,8,Wednesday,0,Winter,2.17,High,1,1.8
Hell's Kitchen,Bedford-Stuyvesant,3,Sunday,1,Winter,0.37,Low,5,1.0
Upper West Side,Midtown,12,Saturday,1,Spring,3.53,Low,1,1.0
Upper West Side,Crown Heights,12,Saturday,1,Winter,3.56,Low,2,1.0
Arden Heights,Sheepshead Bay,20,Thursday,0,Winter,9.17,Medium,2,1.3
Fort Greene,Williamsburg,18,Sunday,1,Summer,1.11,High,1,1.8
Bedford-Stuyvesant,East Harlem,14,Thursday,0,Winter,1.82,Low,1,1.0
Bayswater,Bensonhurst,11,Thursday,0,Winter,1.66,Low,1,1.0
East Harlem,Upper West Side,12,Sunday,1,Winter,2.63,Low,1,1.0
Clinton Hill,East Harlem,18,Friday,0,Winter,3.03,High,1,1.8
Arverne,Flatlands,10,Tuesday,0,Spring,1.67,Medium,5,1.3
Kensington,Harlem,14,Tuesday,0,Spring,4.34,Low,1,1.0
East Harlem,Harlem,19,Tuesday,0,Winter,11.03,High,1,1.8
Tottenville,Tottenville,1,Saturday,1,Summer,26.85,Low,1,1.0
Fort Greene,Midtown,23,Tuesday,0,Winter,1.77,Low,1,1.0
Harlem,Harlem,15,Wednesday,0,Spring,7.22,Low,1,1.0
Hell's Kitchen,Upper West Side,13,Monday,0,Spring,1.88,Low,1,1.0
Williamsburg,Kensington,2,Friday,0,Spring,20.95,Low,1,1.0
Kensington,Williamsburg,9,Sunday,1,Spring,4.81,High,6,1.8
Bensonhurst,Bensonhurst,7,Wednesday,0,Winter,2.47,Medium,1,1.3
Edgemere,Midwood,14,Wednesday,0,Summer,6.83,Low,3,1.0
Bedford-Stuyvesant,Upper West Side,19,Sunday,1,Spring,1.36,High,1,1.8
Bedford-Stuyvesant,Murray Hill,7,Wednesday,0,Spring,3.96,Medium,1,1.3
South Slope,South Slope,10,Friday,0,Summer,1.4,Medium,1,1.3
Midtown,Murray Hill,13,Friday,0,Spring,0.93,Low,2,1.0
Tottenville,Eltingville,16,Tuesday,0,Winter,21.37,Medium,5,1.3
Clinton Hill,South Slope,11,Monday,0,Summer,0.65,Low,1,1.0
East Harlem,Chinatown,19,Sunday,1,Summer,9.35,High,1,1.8
Upper West Side,Hell's Kitchen,5,Monday,0,Winter,7.19,Low,1,1.0
Harlem,Bedford-Stuyvesant,1,Friday,0,Summer,2.65,Low,1,1.0
West Village,Hell's Kitchen,7,Tuesday,0,Summer,2.7,Medium,1,1.3
West Village,West Village,0,Friday,0,Spring,1.39,Low,1,1.0
Woodrow,Great Kills,17,Monday,0,Winter,25.94,High,1,1.8
Upper West Side,South Slope,21,Wednesday,0,Spring,8.16,Low,4,1.0
East Harlem,Harlem,23,Sunday,1,Spring,1.6,Low,1,1.0
East Harlem,East Harlem,14,Wednesday,0,Winter,1.53,Low,2,1.0
East Harlem,Upper West Side,12,Tuesday,0,Spring,2.49,Low,1,1.0
Prince's Bay,Eltingville,10,Saturday,1,Spring,12.91,Medium,1,1.3
Tottenville,Rossville,17,Thursday,0,Winter,24.54,High,4,1.8
Bedford-Stuyvesant,Harlem,15,Saturday,1,Winter,0.69,Low,5,1.0
East Harlem,Harlem,19,Saturday,1,Winter,6.07,High,1,1.8
Harlem,Upper West Side,21,Wednesday,0,Spring,1.63,Low,1,1.0
Kensington,Inwood,21,Wednesday,0,Spring,1.08,Low,2,1.0
Bedford-Stuyvesant,Harlem,22,Tuesday,0,Spring,1.26,Low,1,1.0
South Slope,West Village,18,Friday,0,Winter,0.38,High,1,1.8
Bedford-Stuyvesant,Murray Hill,20,Friday,0,Spring,3.65,Medium,1,1.3
Bedford-Stuyvesant,Chinatown,16,Friday,0,Winter,1.14,Medium,1,1.3
Fort Greene,Greenpoint,1,Saturday,1,Winter,1.8,Low,1,1.0
Bedford-Stuyvesant,Upper West Side,19,Saturday,1,Spring,3.12,High,1,1.8
Williamsburg,Harlem,17,Friday,0,Summer,6.85,High,1,1.8
Midtown,East Harlem,13,Thursday,0,Summer,3.43,Low,1,1.0
Park Slope,South Slope,23,Saturday,1,Spring,1.06,Low,1,1.0
Harlem,Kensington,14,Monday,0,Spring,23.14,Low,1,1.0
Harlem,Fort Greene,17,Friday,0,Winter,2.0,High,1,1.8
Upper West Side,Murray Hill,20,Wednesday,0,Winter,2.58,Medium,1,1.3
Harlem,Harlem,14,Thursday,0,Spring,1.2,Low,1,1.0
Upper West Side,West Village,10,Sunday,1,Spring,3.01,Medium,2,1.3
Harlem,Upper West Side,16,Thursday,0,Winter,3.13,Medium,6,1.3
Tottenville,Great Kills,6,Tuesday,0,Spring,26.65,Low,2,1.0
Bedford-Stuyvesant,Chinatown,17,Thursday,0,Summer,0.5,High,2,1.8
Murray Hill,South Slope,6,Sunday,1,Winter,0.65,Low,1,1.0
East Village,Williamsburg,1,Saturday,1,Winter,0.18,Low,1,1.0
Clinton Hill,West Village,4,Saturday,1,Spring,1.57,Low,1,1.0
Windsor Terrace,Harlem,22,Saturday,1,Winter,1.31,Low,3,1.0
Fort Greene,Upper West Side,21,Wednesday,0,Winter,1.65,Low,1,1.0
South Slope,East Harlem,4,Tuesday,0,Spring,0.69,Low,1,1.0
Harlem,Harlem,17,Wednesday,0,Spring,2.11,High,6,1.8
South Slope,Clinton Hill,18,Tuesday,0,Winter,2.95,High,1,1.8
Murray Hill,Windsor Terrace,19,Friday,0,Spring,1.32,High,2,1.8
Kensington,Bedford-Stuyvesant,10,Thursday,0,Winter,3.92,Medium,2,1.3
Arden Heights,Sheepshead Bay,19,Wednesday,0,Spring,15.62,High,1,1.8
Upper West Side,East Harlem,15,Saturday,1,Spring,1.06,Low,2,1.0
Midtown,Harlem,0,Sunday,1,Spring,4.86,Low,1,1.0
Bedford-Stuyvesant,Harlem,8,Friday,0,Spring,1.25,High,2,1.8
Harlem,Harlem,9,Thursday,0,Winter,1.39,High,1,1.8
Upper West Side,East Harlem,17,Tuesday,0,Spring,2.27,High,5,1.8
Kensington,Harlem,12,Friday,0,Spring,4.22,Low,5,1.0
Inwood,Harlem,13,Tuesday,0,Spring,3.36,Low,1,1.0
East Harlem,Midtown,0,Saturday,1,Winter,4.15,Low,5,1.0
Arden Heights,Bay Ridge,17,Wednesday,0,Spring,15.14,High,1,1.8
Chelsea,Upper West Side,16,Thursday,0,Summer,1.03,Medium,3,1.3
Midtown,Bedford-Stuyvesant,10,Wednesday,0,Spring,2.27,Medium,3,1.3
Bedford-Stuyvesant,Clinton Hill,17,Friday,0,Spring,2.21,High,1,1.8
Rosebank,Arverne,15,Thursday,0,Spring,1.61,Low,1,1.0
Harlem,South Slope,22,Monday,0,Spring,1.53,Low,1,1.0
Harlem,Chelsea,15,Monday,0,Spring,1.1,Low,1,1.0
Upper West Side,East Harlem,11,Friday,0,Winter,0.6,Low,1,1.0
Upper West Side,Midtown,6,Friday,0,Summer,0.65,Low,6,1.0
Murray Hill,East Harlem,11,Sunday,1,Spring,0.73,Low,5,1.0
Harlem,South Slope,21,Wednesday,0,Winter,1.05,Low,2,1.0
Upper West Side,Bedford-Stuyvesant,22,Friday,0,Winter,1.54,Low,2,1.0
East Harlem,Chinatown,10,Friday,0,Spring,2.0,Medium,1,1.3
Kensington,Harlem,20,Friday,0,Winter,2.99,Medium,1,1.3
Bedford-Stuyvesant,Hell's Kitchen,3,Thursday,0,Summer,3.12,Low,2,1.0
Harlem,Harlem,23,Saturday,1,Winter,2.84,Low,6,1.0
Todt Hill,Borough Park,8,Monday,0,Spring,3.6,High,1,1.8
Oakwood,Sheepshead Bay,15,Wednesday,0,Spring,11.69,Low,4,1.0
East Harlem,Fort Greene,11,Friday,0,Summer,1.85,Low,1,1.0
Upper West Side,Midtown,20,Monday,0,Spring,0.75,Medium,5,1.3
Harlem,Bedford-Stuyvesant,22,Sunday,1,Winter,2.3,Low,1,1.0
South Slope,Crown Heights,7,Saturday,1,Spring,5.12,Medium,1,1.3
Inwood,Bedford-Stuyvesant,11,Thursday,0,Winter,4.15,Low,1,1.0
Kensington,East Harlem,17,Thursday,0,Spring,2.82,High,1,1.8
East Harlem,Bedford-Stuyvesant,21,Friday,0,Spring,9.02,Low,1,1.0
Hell's Kitchen,West Village,9,Monday,0,Spring,1.15,High,2,1.8
Bath Beach,Arden Heights,15,Wednesday,0,Spring,9.99,Low,1,1.0
Murray Hill,Harlem,1,Thursday,0,Spring,10.79,Low,1,1.0
Bedford-Stuyvesant,East Harlem,19,Wednesday,0,Summer,2.52,High,3,1.8
Kensington,Bedford-Stuyvesant,17,Friday,0,Spring,1.25,High,1,1.8
Upper West Side,Clinton Hill,7,Thursday,0,Spring,1.72,Medium,1,1.3
Williamsburg,Hell's Kitchen,22,Saturday,1,Spring,1.24,Low,1,1.0
East Harlem,Bedford-Stuyvesant,17,Friday,0,Spring,9.68,High,1,1.8
Sheepshead Bay,"Bay Terrace, Staten Island",18,Monday,0,Winter,9.14,High,5,1.8
South Slope,East Harlem,11,Monday,0,Spring,2.02,Low,1,1.0
Upper West Side,Park Slope,16,Sunday,1,Summer,2.49,Medium,1,1.3
Bedford-Stuyvesant,Hell's Kitchen,8,Monday,0,Spring,2.5,High,1,1.8
Williamsburg,Bedford-Stuyvesant,1,Sunday,1,Spring,5.06,Low,5,1.0
Murray Hill,Crown Heights,0,Friday,0,Winter,2.46,Low,1,1.0
Midwood,Fort Hamilton,23,Thursday,0,Winter,2.36,Low,1,1.0
Harlem,Upper West Side,22,Friday,0,Spring,3.15,Low,1,1.0
West Village,Upper West Side,19,Sunday,1,Spring,0.99,High,1,1.8
Fort Greene,East Harlem,14,Saturday,1,Winter,2.34,Low,6,1.0
West Village,Upper West Side,21,Saturday,1,Winter,3.06,Low,1,1.0
East Harlem,Midtown,15,Tuesday,0,Spring,3.18,Low,1,1.0
Hell's Kitchen,Harlem,8,Thursday,0,Winter,2.71,High,1,1.8
West Village,Upper West Side,19,Monday,0,Spring,2.67,High,5,1.8
Inwood,Upper West Side,21,Sunday,1,Spring,2.58,Low,1,1.0
Far Rockaway,Arverne,13,Friday,0,Winter,0.71,Low,1,1.0
Bedford-Stuyvesant,Park Slope,22,Saturday,1,Spring,2.19,Low,1,1.0
East Harlem,Upper West Side,22,Sunday,1,Spring,6.33,Low,5,1.0
Arverne,Midwood,13,Friday,0,Spring,1.53,Low,1,1.0
Castleton Corners,Bull's Head,11,Monday,0,Spring,2.64,Low,1,1.0
Upper West Side,Murray Hill,10,Sunday,1,Spring,2.79,Medium,1,1.3
Chinatown,Harlem,6,Thursday,0,Spring,1.63,Low,1,1.0
Bedford-Stuyvesant,Harlem,22,Friday,0,Spring,1.73,Low,4,1.0
Bedford-Stuyvesant,Inwood,22,Monday,0,Summer,2.45,Low,2,1.0
East Harlem,Upper West Side,5,Monday,0,Winter,9.94,Low,1,1.0
Upper West Side,East Harlem,21,Monday,0,Summer,4.31,Low,1,1.0
Kensington,East Harlem,19,Thursday,0,Winter,2.63,High,1,1.8
Harlem,Clinton Hill,8,Saturday,1,Spring,1.63,High,1,1.8
Harlem,Hell's Kitchen,20,Thursday,0,Spring,1.66,Medium,1,1.3
Kensington,Upper West Side,11,Monday,0,Spring,0.92,Low,2,1.0
Murray Hill,South Slope,12,Sunday,1,Spring,2.95,Low,2,1.0
Chinatown,Upper West Side,9,Tuesday,0,Spring,1.59,High,6,1.8
Inwood,Upper West Side,2,Saturday,1,Winter,6.88,Low,5,1.0
Kensington,East Harlem,10,Thursday,0,Spring,2.06,Medium,1,1.3
West Village,East Harlem,9,Saturday,1,Spring,1.35,High,1,1.8
Park Slope,Upper West Side,11,Monday,0,Spring,5.86,Low,1,1.0
East Harlem,Harlem,8,Thursday,0,Spring,1.88,High,5,1.8
Inwood,Windsor Terrace,18,Saturday,1,Spring,4.39,High,1,1.8
East Harlem,Fort Greene,7,Saturday,1,Spring,1.19,Medium,1,1.3
South Slope,East Harlem,23,Tuesday,0,Winter,5.17,Low,1,1.0
Bedford-Stuyvesant,Crown Heights,19,Thursday,0,Summer,3.05,High,1,1.8
Prince's Bay,Woodrow,20,Wednesday,0,Spring,25.99,Medium,5,1.3
Arden Heights,Sheepshead Bay,10,Thursday,0,Summer,11.11,Medium,1,1.3
Williamsburg,Bedford-Stuyvesant,13,Tuesday,0,Spring,2.98,Low,1,1.0
East Harlem,East Harlem,20,Wednesday,0,Spring,4.88,Medium,1,1.3
Upper West Side,Upper West Side,9,Monday,0,Spring,0.96,High,1,1.8
East Harlem,Clinton Hill,20,Sunday,1,Spring,5.93,Medium,2,1.3
Murray Hill,Fort Greene,3,Saturday,1,Winter,1.87,Low,2,1.0
Fort Greene,Bedford-Stuyvesant,20,Monday,0,Spring,2.9,Medium,1,1.3
Upper West Side,Midtown,0,Tuesday,0,Winter,7.47,Low,1,1.0
Midwood,Midwood,10,Thursday,0,Winter,1.14,Medium,1,1.3
East Harlem,Upper West Side,16,Sunday,1,Winter,3.54,Medium,1,1.3
Chelsea,Crown Heights,15,Saturday,1,Spring,1.02,Low,1,1.0
South Slope,Bedford-Stuyvesant,20,Tuesday,0,Winter,0.89,Medium,1,1.3
Harlem,Fort Greene,10,Sunday,1,Spring,2.29,Medium,2,1.3
Midtown,East Harlem,18,Tuesday,0,Winter,1.07,High,1,1.8
Clinton Hill,East Harlem,14,Tuesday,0,Spring,4.25,Low,1,1.0
Upper West Side,Williamsburg,0,Monday,0,Summer,3.23,Low,2,1.0
South Slope,Park Slope,10,Saturday,1,Winter,2.07,Medium,2,1.3
East Harlem,Murray Hill,20,Wednesday,0,Summer,7.95,Medium,5,1.3
Midwood,Rossville,22,Tuesday,0,Summer,14.91,Low,1,1.0
Bensonhurst,Bayswater,10,Thursday,0,Spring,1.57,Medium,1,1.3
Harlem,South Slope,13,Sunday,1,Winter,1.34,Low,1,1.0
Williamsburg,Bedford-Stuyvesant,1,Saturday,1,Spring,13.14,Low,2,1.0
Inwood,Bedford-Stuyvesant,21,Wednesday,0,Summer,7.95,Low,1,1.0
Bensonhurst,Far Rockaway,9,Thursday,0,Spring,1.11,High,1,1.8
Chinatown,Bedford-Stuyvesant,16,Tuesday,0,Spring,1.88,Medium,2,1.3
Harlem,Crown Heights,10,Saturday,1,Spring,4.11,Medium,1,1.3
Bedford-Stuyvesant,Bedford-Stuyvesant,9,Monday,0,Spring,2.55,High,6,1.8
East Harlem,Harlem,15,Tuesday,0,Spring,10.67,Low,1,1.0
Harlem,Harlem,12,Thursday,0,Summer,0.35,Low,1,1.0
Bedford-Stuyvesant,Park Slope,11,Monday,0,Summer,1.58,Low,2,1.0
Park Slope,Williamsburg,21,Wednesday,0,Spring,1.62,Low,1,1.0
Far Rockaway,Borough Park,10,Saturday,1,Spring,4.54,Medium,2,1.3
Harlem,East Harlem,0,Saturday,1,Summer,8.68,Low,1,1.0
Kensington,East Harlem,16,Tuesday,0,Winter,2.72,Medium,1,1.3
Hell's Kitchen,Chelsea,17,Tuesday,0,Winter,1.6,High,3,1.8
Harlem,East Harlem,19,Saturday,1,Summer,1.61,High,1,1.8
Harlem,Upper West Side,15,Sunday,1,Spring,1.65,Low,1,1.0
Bedford-Stuyvesant,Bedford-Stuyvesant,17,Thursday,0,Spring,1.56,High,3,1.8
Upper West Side,East Harlem,19,Friday,0,Winter,0.55,High,1,1.8
Bedford-Stuyvesant,Murray Hill,20,Tuesday,0,Spring,4.39,Medium,1,1.3
Crown Heights,Clinton Hill,17,Tuesday,0,Winter,6.36,High,1,1.8
Park Slope,Upper West Side,14,Sunday,1,Winter,3.15,Low,1,1.0
East Harlem,West Village,11,Monday,0,Summer,0.85,Low,1,1.0
Harlem,Upper West Side,12,Monday,0,Spring,0.75,Low,1,1.0
East Harlem,East Harlem,20,Friday,0,Spring,1.09,Medium,2,1.3
West Village,Murray Hill,3,Friday,0,Spring,17.31,Low,2,1.0
Edgemere,Tompkinsville,3,Sunday,1,Spring,3.42,Low,1,1.0
Harlem,South Slope,0,Monday,0,Summer,2.38,Low,1,1.0
Upper West Side,Bedford-Stuyvesant,19,Wednesday,0,Winter,2.05,High,1,1.8
Harlem,Harlem,15,Saturday,1,Spring,1.29,Low,1,1.0
Harlem,Clinton Hill,16,Saturday,1,Spring,2.72,Medium,1,1.3
Murray Hill,Greenpoint,9,Wednesday,0,Winter,1.05,High,1,1.8
Woodrow,Tottenville,15,Monday,0,Winter,16.4,Low,1,1.0
South Slope,South Slope,22,Wednesday,0,Spring,0.95,Low,1,1.0
Upper West Side,Upper West Side,11,Wednesday,0,Summer,3.68,Low,2,1.0
Harlem,Hell's Kitchen,23,Tuesday,0,Spring,1.76,Low,1,1.0
Bedford-Stuyvesant,East Harlem,22,Wednesday,0,Spring,1.82,Low,2,1.0
Upper West Side,Crown Heights,12,Tuesday,0,Winter,2.59,Low,2,1.0
Upper West Side,Upper West Side,12,Sunday,1,Summer,1.1,Low,1,1.0
East Harlem,Fort Greene,8,Saturday,1,Winter,5.01,High,1,1.8
Upper West Side,Bedford-Stuyvesant,8,Wednesday,0,Winter,4.13,High,2,1.8
Park Slope,Kensington,10,Sunday,1,Winter,1.27,Medium,1,1.3
Chinatown,Fort Greene,17,Wednesday,0,Winter,2.35,High,1,1.8
Harlem,East Harlem,10,Monday,0,Spring,0.97,Medium,1,1.3
Oakwood,Prince's Bay,20,Thursday,0,Spring,10.79,Medium,5,1.3
Windsor Terrace,Hell's Kitchen,13,Monday,0,Summer,3.85,Low,2,1.0
East Harlem,Clinton Hill,15,Friday,0,Winter,1.14,Low,1,1.0
Midtown,Upper East Side,22,Tuesday,0,Summer,5.2,Low,1,1.0
Gravesend,Bensonhurst,16,Saturday,1,Winter,4.46,Medium,1,1.3
Williamsburg,Bedford-Stuyvesant,15,Thursday,0,Spring,3.65,Low,1,1.0
Kensington,Hell's Kitchen,11,Friday,0,Summer,1.15,Low,1,1.0
Williamsburg,Williamsburg,0,Friday,0,Winter,9.12,Low,1,1.0
West Village,West Village,18,Tuesday,0,Spring,0.49,High,1,1.8
Chinatown,Harlem,18,Sunday,1,Spring,1.64,High,5,1.8
Sheepshead Bay,Midwood,16,Monday,0,Spring,0.93,Medium,2,1.3
West Village,Harlem,11,Monday,0,Spring,1.94,Low,1,1.0
Bedford-Stuyvesant,Clinton Hill,6,Saturday,1,Spring,1.48,Low,1,1.0
Bedford-Stuyvesant,Midtown,15,Friday,0,Spring,2.88,Low,2,1.0
Park Slope,Murray Hill,0,Tuesday,0,Spring,2.31,Low,1,1.0
Flatlands,Flatlands,8,Tuesday,0,Spring,3.22,High,1,1.8
Far Rockaway,Arverne,21,Wednesday,0,Winter,3.43,Low,1,1.0
Crown Heights,Harlem,15,Friday,0,Spring,3.33,Low,1,1.0
Harlem,Upper West Side,7,Wednesday,0,Spring,1.33,Medium,1,1.3
East Harlem,Fort Greene,6,Monday,0,Summer,0.7,Low,1,1.0
Midtown,Murray Hill,18,Friday,0,Summer,2.28,High,1,1.8
West Village,Hell's Kitchen,1,Monday,0,Spring,1.24,Low,1,1.0
East Harlem,Hell's Kitchen,3,Saturday,1,Spring,0.84,Low,1,1.0
Dyker Heights,Midwood,10,Wednesday,0,Spring,1.79,Medium,2,1.3
Upper West Side,East Harlem,13,Wednesday,0,Spring,0.84,Low,1,1.0
East Harlem,Bedford-Stuyvesant,18,Tuesday,0,Summer,1.49,High,1,1.8
Hell's Kitchen,Upper West Side,16,Friday,0,Summer,1.51,Medium,1,1.3
East Harlem,East Harlem,13,Tuesday,0,Spring,1.02,Low,1,1.0
East Harlem,Upper West Side,11,Thursday,0,Summer,1.28,Low,1,1.0
Bedford-Stuyvesant,Upper West Side,20,Saturday,1,Spring,0.11,Medium,1,1.3
Tottenville,Eltingville,22,Monday,0,Spring,24.0,Low,1,1.0
Bedford-Stuyvesant,Upper West Side,18,Tuesday,0,Summer,0.96,High,1,1.8
Upper West Side,Harlem,15,Sunday,1,Spring,1.66,Low,1,1.0
Sheepshead Bay,Oakwood,0,Friday,0,Spring,15.82,Low,1,1.0
Rockaway Beach,Gravesend,18,Monday,0,Winter,1.94,High,1,1.8
Bath Beach,Prince's Bay,19,Saturday,1,Spring,16.52,High,1,1.8
Midwood,Sheepshead Bay,9,Sunday,1,Winter,2.16,High,1,1.8
Crown Heights,Bedford-Stuyvesant,20,Thursday,0,Summer,1.03,Medium,1,1.3
Bedford-Stuyvesant,Upper West Side,8,Wednesday,0,Winter,1.7,High,1,1.8
Arden Heights,Tottenville,5,Sunday,1,Spring,25.72,Low,1,1.0
East Harlem,Bedford-Stuyvesant,23,Wednesday,0,Winter,3.3,Low,1,1.0
Great Kills,Brighton Beach,17,Thursday,0,Spring,4.12,High,5,1.8
South Slope,Murray Hill,15,Friday,0,Spring,1.17,Low,1,1.0
Upper West Side,East Harlem,14,Saturday,1,Winter,4.33,Low,1,1.0
Eltingville,Tottenville,10,Sunday,1,Spring,25.42,Medium,2,1.3
Murray Hill,Clinton Hill,22,Wednesday,0,Spring,1.9,Low,1,1.0
Williamsburg,Upper West Side,16,Monday,0,Summer,2.05,Medium,1,1.3
Hell's Kitchen,Hell's Kitchen,16,Sunday,1,Spring,1.29,Medium,5,1.3
Fort Greene,Park Slope,13,Wednesday,0,Winter,3.5,Low,2,1.0
Upper West Side,Bedford-Stuyvesant,15,Tuesday,0,Spring,3.23,Low,1,1.0
Sheepshead Bay,Sheepshead Bay,0,Wednesday,0,Spring,13.04,Low,1,1.0
Upper West Side,Hell's Kitchen,19,Sunday,1,Summer,1.08,High,1,1.8
Clinton Hill,East Harlem,9,Monday,0,Spring,2.24,High,1,1.8
Arverne,Oakwood,12,Wednesday,0,Winter,16.98,Low,1,1.0
Clinton Hill,East Harlem,10,Sunday,1,Winter,0.95,Medium,1,1.3
Murray Hill,West Village,20,Sunday,1,Spring,1.37,Medium,1,1.3
South Slope,Harlem,12,Monday,0,Winter,2.21,Low,1,1.0
Williamsburg,Bedford-Stuyvesant,12,Thursday,0,Summer,4.68,Low,1,1.0
Williamsburg,Hell's Kitchen,21,Monday,0,Spring,3.58,Low,2,1.0
Midtown,Upper West Side,10,Wednesday,0,Spring,1.62,Medium,1,1.3
Park Slope,South Slope,15,Thursday,0,Winter,1.65,Low,1,1.0
Inwood,Bedford-Stuyvesant,13,Monday,0,Winter,1.79,Low,2,1.0
Bensonhurst,Bayswater,17,Friday,0,Winter,3.91,High,1,1.8
East Harlem,Harlem,20,Tuesday,0,Winter,5.69,Medium,1,1.3
Fort Greene,Midtown,3,Sunday,1,Spring,4.46,Low,6,1.0
Park Slope,East Harlem,23,Sunday,1,Summer,6.87,Low,1,1.0
Chinatown,East Harlem,11,Saturday,1,Winter,2.85,Low,1,1.0
Upper West Side,Harlem,13,Thursday,0,Spring,4.17,Low,1,1.0
Murray Hill,Bedford-Stuyvesant,5,Thursday,0,Spring,4.07,Low,1,1.0
Hell's Kitchen,Upper West Side,18,Thursday,0,Summer,3.15,High,3,1.8
Upper West Side,South Slope,21,Wednesday,0,Summer,1.34,Low,1,1.0
Crown Heights,Harlem,8,Wednesday,0,Spring,1.86,High,1,1.8
Inwood,Harlem,9,Thursday,0,Winter,1.37,High,1,1.8
Chinatown,East Harlem,11,Saturday,1,Winter,3.39,Low,1,1.0
East Harlem,East Harlem,19,Tuesday,0,Spring,0.51,High,6,1.8
Bedford-Stuyvesant,Harlem,7,Wednesday,0,Spring,3.3,Medium,1,1.3
Upper West Side,Upper West Side,19,Thursday,0,Spring,1.93,High,1,1.8
Upper West Side,Harlem,21,Friday,0,Summer,6.12,Low,1,1.0
East Village,Clinton Hill,23,Thursday,0,Summer,4.94,Low,1,1.0
Murray Hill,Chinatown,14,Sunday,1,Spring,5.57,Low,1,1.0
Bedford-Stuyvesant,Windsor Terrace,0,Tuesday,0,Spring,1.87,Low,1,1.0
Clinton Hill,East Harlem,17,Tuesday,0,Summer,1.97,High,1,1.8
Rosebank,Brighton Beach,1,Sunday,1,Spring,5.65,Low,1,1.0
East Harlem,Bedford-Stuyvesant,17,Wednesday,0,Winter,1.35,High,3,1.8
Chinatown,Harlem,16,Monday,0,Summer,1.35,Medium,6,1.3
South Slope,Park Slope,23,Tuesday,0,Summer,3.26,Low,1,1.0
South Slope,Upper West Side,13,Tuesday,0,Spring,2.16,Low,1,1.0
East Harlem,Midtown,6,Friday,0,Summer,1.38,Low,1,1.0
Arverne,Arverne,10,Thursday,0,Spring,2.73,Medium,1,1.3
Park Slope,West Village,21,Sunday,1,Spring,1.57,Low,1,1.0
Bedford-Stuyvesant,East Harlem,13,Wednesday,0,Summer,2.67,Low,1,1.0
Far Rockaway,Arverne,8,Thursday,0,Winter,1.07,High,1,1.8
Hell's Kitchen,Upper West Side,21,Thursday,0,Spring,4.63,Low,1,1.0
South Slope,Fort Greene,23,Thursday,0,Spring,2.55,Low,1,1.0
Bedford-Stuyvesant,South Slope,15,Wednesday,0,Winter,0.69,Low,1,1.0
East Harlem,Midtown,8,Thursday,0,Spring,1.86,High,5,1.8
Hell's Kitchen,Hell's Kitchen,18,Monday,0,Spring,0.63,High,2,1.8
East Harlem,Midtown,19,Wednesday,0,Spring,1.66,High,1,1.8
Midtown,East Harlem,9,Wednesday,0,Winter,1.93,High,1,1.8
Crown Heights,Bedford-Stuyvesant,21,Tuesday,0,Spring,0.92,Low,1,1.0
South Slope,Inwood,20,Friday,0,Spring,1.39,Medium,1,1.3
Port Richmond,"Bay Terrace, Staten Island",15,Friday,0,Winter,12.5,Low,1,1.0
Fort Greene,Hell's Kitchen,20,Monday,0,Spring,1.17,Medium,1,1.3
Harlem,Upper West Side,15,Saturday,1,Winter,1.87,Low,1,1.0
West Village,Harlem,14,Tuesday,0,Winter,3.16,Low,1,1.0
Canarsie,Oakwood,3,Saturday,1,Winter,15.18,Low,1,1.0
Upper West Side,East Harlem,16,Thursday,0,Spring,2.36,Medium,1,1.3
Upper West Side,East Harlem,8,Friday,0,Winter,3.79,High,1,1.8
Harlem,East Harlem,18,Thursday,0,Spring,1.81,High,2,1.8
Crown Heights,Upper West Side,2,Sunday,1,Winter,4.4,Low,1,1.0
Great Kills,Rockaway Beach,18,Monday,0,Summer,15.73,High,1,1.8
Bedford-Stuyvesant,Harlem,20,Friday,0,Spring,1.44,Medium,1,1.3
East Harlem,Harlem,16,Sunday,1,Spring,5.03,Medium,1,1.3
Midtown,South Slope,22,Friday,0,Spring,1.49,Low,1,1.0
Hell's Kitchen,Clinton Hill,23,Saturday,1,Spring,2.57,Low,1,1.0
Harlem,Hell's Kitchen,20,Friday,0,Spring,1.08,Medium,1,1.3
Upper West Side,Bedford-Stuyvesant,12,Monday,0,Winter,1.34,Low,1,1.0
Upper West Side,Harlem,19,Friday,0,Spring,3.47,High,1,1.8
Harlem,East Harlem,18,Friday,0,Summer,1.6,High,1,1.8
East Harlem,Midtown,12,Saturday,1,Spring,1.52,Low,1,1.0
Bedford-Stuyvesant,East Harlem,13,Thursday,0,Spring,1.53,Low,1,1.0
East Harlem,Crown Heights,23,Thursday,0,Spring,5.53,Low,1,1.0
Kensington,Harlem,12,Friday,0,Summer,2.22,Low,1,1.0
Harlem,Harlem,21,Saturday,1,Winter,6.41,Low,1,1.0
Upper West Side,Fort Greene,22,Sunday,1,Spring,1.5,Low,1,1.0
East Harlem,Kensington,17,Saturday,1,Spring,2.03,High,1,1.8
Chinatown,Bedford-Stuyvesant,17,Friday,0,Winter,6.32,High,2,1.8
Crown Heights,East Harlem,15,Friday,0,Winter,1.77,Low,2,1.0
West Village,South Slope,17,Monday,0,Spring,2.55,High,1,1.8
South Slope,Bedford-Stuyvesant,23,Tuesday,0,Winter,4.78,Low,1,1.0
Clinton Hill,East Harlem,13,Saturday,1,Winter,3.74,Low,2,1.0
Bedford-Stuyvesant,East Harlem,18,Wednesday,0,Spring,1.68,High,1,1.8
South Slope,South Slope,16,Saturday,1,Winter,0.33,Medium,1,1.3
Hell's Kitchen,Bedford-Stuyvesant,19,Tuesday,0,Spring,3.1,High,1,1.8
Williamsburg,Kensington,18,Monday,0,Winter,1.71,High,1,1.8
East Harlem,Inwood,13,Wednesday,0,Spring,7.11,Low,1,1.0
East Harlem,East Harlem,9,Thursday,0,Winter,1.19,High,1,1.8
Clinton Hill,Murray Hill,11,Sunday,1,Spring,1.73,Low,1,1.0
Hell's Kitchen,East Harlem,1,Saturday,1,Spring,3.18,Low,2,1.0
East Harlem,Hell's Kitchen,18,Wednesday,0,Summer,2.19,High,1,1.8
Upper West Side,Kensington,12,Saturday,1,Winter,3.07,Low,1,1.0
"Bay Terrace, Staten Island",Bayswater,19,Tuesday,0,Spring,11.11,High,6,1.8
Upper West Side,Murray Hill,12,Sunday,1,Summer,0.99,Low,6,1.0
Upper West Side,Bedford-Stuyvesant,23,Friday,0,Spring,3.63,Low,2,1.0
East Harlem,Bedford-Stuyvesant,0,Saturday,1,Summer,6.98,Low,1,1.0
South Slope,Clinton Hill,15,Thursday,0,Summer,3.5,Low,1,1.0
South Slope,Crown Heights,21,Wednesday,0,Winter,1.65,Low,1,1.0
Chinatown,Harlem,12,Monday,0,Winter,1.18,Low,1,1.0
South Slope,Upper West Side,22,Sunday,1,Spring,6.89,Low,1,1.0
Hell's Kitchen,Bedford-Stuyvesant,11,Monday,0,Winter,2.28,Low,5,1.0
West Village,Hell's Kitchen,20,Tuesday,0,Spring,1.21,Medium,1,1.3
Clinton Hill,West Village,0,Sunday,1,Spring,1.26,Low,1,1.0
Harlem,South Slope,22,Wednesday,0,Spring,3.73,Low,1,1.0
East Harlem,Fort Greene,22,Monday,0,Winter,4.43,Low,2,1.0
Chelsea,Williamsburg,23,Sunday,1,Summer,3.37,Low,1,1.0
Hell's Kitchen,Bedford-Stuyvesant,20,Tuesday,0,Spring,1.92,Medium,1,1.3
Midwood,Sheepshead Bay,9,Sunday,1,Spring,2.92,High,1,1.8
Crown Heights,Harlem,8,Thursday,0,Summer,0.96,High,1,1.8
Eltingville,Tottenville,4,Monday,0,Winter,26.77,Low,2,1.0
Kensington,East Harlem,20,Monday,0,Spring,3.9,Medium,1,1.3
Williamsburg,Upper West Side,23,Friday,0,Spring,0.77,Low,1,1.0
East Harlem,Bedford-Stuyvesant,12,Tuesday,0,Summer,1.93,Low,1,1.0
Murray Hill,East Harlem,1,Sunday,1,Winter,1.56,Low,1,1.0
Kensington,Upper West Side,17,Friday,0,Spring,2.6,High,2,1.8
Upper West Side,Upper West Side,14,Sunday,1,Spring,2.09,Low,4,1.0
Arrochar,Huguenot,2,Saturday,1,Spring,29.61,Low,5,1.0
Upper West Side,Upper West Side,20,Friday,0,Summer,1.21,Medium,1,1.3
Williamsburg,West Village,20,Tuesday,0,Winter,0.86,Medium,5,1.3
Harlem,Upper West Side,23,Saturday,1,Winter,3.13,Low,1,1.0
Murray Hill,Upper West Side,22,Friday,0,Spring,5.28,Low,1,1.0
Upper West Side,South Slope,10,Saturday,1,Spring,2.05,Medium,2,1.3
Fort Greene,Murray Hill,0,Sunday,1,Spring,4.81,Low,1,1.0
Hell's Kitchen,Bedford-Stuyvesant,8,Friday,0,Summer,2.69,High,1,1.8
Clinton Hill,Upper West Side,20,Wednesday,0,Spring,3.78,Medium,1,1.3
Bedford-Stuyvesant,West Village,10,Friday,0,Winter,2.3,Medium,1,1.3
Bedford-Stuyvesant,Upper West Side,19,Monday,0,Spring,6.15,High,2,1.8
Bedford-Stuyvesant,Harlem,11,Sunday,1,Winter,5.23,Low,1,1.0
Bensonhurst,Edgemere,20,Thursday,0,Winter,6.9,Medium,1,1.3
Arden Heights,Brighton Beach,19,Sunday,1,Winter,10.34,High,1,1.8
Chinatown,Upper West Side,22,Tuesday,0,Spring,4.25,Low,1,1.0
Midtown,Bedford-Stuyvesant,10,Saturday,1,Winter,1.89,Medium,5,1.3
Midwood,Arverne,15,Tuesday,0,Summer,2.29,Low,2,1.0
East Harlem,Hell's Kitchen,16,Wednesday,0,Spring,2.11,Medium,1,1.3
Upper West Side,Clinton Hill,13,Wednesday,0,Summer,2.31,Low,1,1.0
Clinton Hill,Upper West Side,0,Sunday,1,Spring,1.98,Low,1,1.0
Park Slope,East Harlem,0,Friday,0,Summer,8.28,Low,1,1.0
Bedford-Stuyvesant,East Harlem,7,Friday,0,Spring,2.12,Medium,1,1.3
Bedford-Stuyvesant,East Village,20,Wednesday,0,Summer,0.46,Medium,1,1.3
South Slope,Murray Hill,11,Thursday,0,Spring,1.34,Low,1,1.0
Inwood,Kensington,19,Thursday,0,Summer,0.64,High,1,1.8
Williamsburg,Upper West Side,21,Tuesday,0,Winter,2.97,Low,2,1.0
East Harlem,Bedford-Stuyvesant,19,Tuesday,0,Spring,5.0,High,2,1.8
Bedford-Stuyvesant,East Harlem,14,Sunday,1,Winter,2.95,Low,2,1.0
Tottenville,Tottenville,22,Friday,0,Summer,0.0,Low,1,1.0
Great Kills,Sheepshead Bay,17,Friday,0,Winter,11.52,High,1,1.8
Kensington,Harlem,19,Saturday,1,Winter,0.97,High,3,1.8
West Village,Greenpoint,17,Tuesday,0,Spring,3.27,High,1,1.8
Fort Greene,Hell's Kitchen,17,Friday,0,Winter,0.48,High,1,1.8
Bedford-Stuyvesant,Bedford-Stuyvesant,9,Thursday,0,Winter,2.04,High,1,1.8
Tottenville,Prince's Bay,15,Tuesday,0,Winter,24.75,Low,6,1.0
East Harlem,Murray Hill,7,Thursday,0,Winter,2.24,Medium,1,1.3
Upper West Side,Inwood,18,Monday,0,Winter,1.63,High,1,1.8
Williamsburg,Bedford-Stuyvesant,19,Saturday,1,Winter,1.37,High,1,1.8
Murray Hill,East Harlem,16,Wednesday,0,Winter,1.99,Medium,2,1.3
Kensington,Bedford-Stuyvesant,11,Monday,0,Spring,2.41,Low,2,1.0
East Harlem,Midtown,22,Monday,0,Summer,1.77,Low,1,1.0
Hell's Kitchen,East Harlem,21,Wednesday,0,Winter,8.01,Low,1,1.0
South Slope,Upper West Side,0,Tuesday,0,Winter,2.58,Low,2,1.0
Windsor Terrace,Harlem,4,Sunday,1,Winter,1.99,Low,1,1.0
Midwood,Arverne,15,Tuesday,0,Winter,3.55,Low,5,1.0
South Slope,Bedford-Stuyvesant,20,Monday,0,Winter,1.88,Medium,2,1.3
East Harlem,Hell's Kitchen,16,Wednesday,0,Winter,1.12,Medium,1,1.3
East Harlem,East Harlem,19,Tuesday,0,Winter,1.36,High,1,1.8
Crown Heights,Williamsburg,13,Monday,0,Spring,0.82,Low,1,1.0
Bedford-Stuyvesant,Williamsburg,17,Tuesday,0,Winter,1.14,High,1,1.8
Upper West Side,Bedford-Stuyvesant,22,Saturday,1,Spring,1.13,Low,1,1.0
East Harlem,Upper West Side,19,Wednesday,0,Winter,2.55,High,1,1.8
Clinton Hill,East Harlem,15,Saturday,1,Winter,2.48,Low,6,1.0
Upper West Side,Chinatown,10,Friday,0,Winter,1.22,Medium,1,1.3
South Slope,Harlem,14,Friday,0,Spring,3.56,Low,1,1.0
Rockaway Beach,Sheepshead Bay,11,Tuesday,0,Winter,2.04,Low,1,1.0
Upper West Side,Upper West Side,10,Sunday,1,Spring,0.6,Medium,3,1.3
Upper West Side,West Village,0,Sunday,1,Winter,2.58,Low,3,1.0
Harlem,Murray Hill,11,Thursday,0,Spring,3.2,Low,1,1.0
Harlem,Murray Hill,13,Tuesday,0,Spring,1.7,Low,1,1.0
Inwood,Harlem,3,Sunday,1,Spring,1.49,Low,1,1.0
Clinton Hill,Upper West Side,23,Wednesday,0,Spring,1.12,Low,1,1.0
Flatbush,Hell's Kitchen,16,Monday,0,Spring,0.94,Medium,1,1.3
Bedford-Stuyvesant,Chinatown,8,Monday,0,Winter,2.34,High,1,1.8
Bedford-Stuyvesant,East Harlem,14,Tuesday,0,Spring,5.6,Low,1,1.0
Upper West Side,Williamsburg,18,Tuesday,0,Spring,1.69,High,1,1.8
East Harlem,Kensington,19,Monday,0,Winter,3.23,High,1,1.8
Upper West Side,Fort Greene,23,Saturday,1,Summer,1.39,Low,1,1.0
Kensington,Kensington,16,Tuesday,0,Spring,2.23,Medium,1,1.3
Upper West Side,Windsor Terrace,23,Saturday,1,Summer,3.22,Low,1,1.0
Park Slope,South Slope,3,Sunday,1,Spring,1.65,Low,1,1.0
Chinatown,Park Slope,22,Friday,0,Spring,1.06,Low,1,1.0
Bedford-Stuyvesant,Midtown,13,Tuesday,0,Spring,2.54,Low,2,1.0
Tompkinsville,South Beach,10,Wednesday,0,Summer,3.11,Medium,1,1.3
Harlem,East Harlem,23,Thursday,0,Spring,5.19,Low,1,1.0
South Slope,Williamsburg,19,Wednesday,0,Spring,1.28,High,2,1.8
Hell's Kitchen,East Harlem,21,Thursday,0,Spring,1.52,Low,2,1.0
Flatbush,Midwood,6,Tuesday,0,Spring,3.39,Low,5,1.0
Fort Greene,Clinton Hill,18,Wednesday,0,Summer,2.67,High,1,1.8
Bedford-Stuyvesant,East Harlem,6,Friday,0,Spring,1.58,Low,6,1.0
Park Slope,Williamsburg,14,Saturday,1,Spring,2.62,Low,1,1.0
South Slope,Bedford-Stuyvesant,19,Sunday,1,Spring,1.82,High,1,1.8
Upper West Side,Bedford-Stuyvesant,10,Thursday,0,Winter,0.99,Medium,4,1.3
Tottenville,Tottenville,17,Sunday,1,Winter,0.0,High,1,1.8
South Slope,Harlem,14,Saturday,1,Spring,1.78,Low,2,1.0
Williamsburg,Fort Greene,0,Thursday,0,Spring,2.61,Low,1,1.0
Fort Greene,South Slope,18,Tuesday,0,Spring,2.68,High,1,1.8
"Bay Terrace, Staten Island",Sheepshead Bay,21,Wednesday,0,Summer,16.66,Low,1,1.0
Arden Heights,Midwood,11,Thursday,0,Summer,12.67,Low,1,1.0
Fort Greene,Upper West Side,18,Monday,0,Summer,6.97,High,2,1.8
Harlem,Harlem,14,Wednesday,0,Summer,2.02,Low,1,1.0
Bedford-Stuyvesant,Williamsburg,18,Sunday,1,Spring,0.98,High,2,1.8
East Harlem,Fort Greene,18,Tuesday,0,Winter,2.29,High,5,1.8
East Flatbush,Bensonhurst,6,Monday,0,Winter,1.39,Low,1,1.0
Williamsburg,Bedford-Stuyvesant,17,Friday,0,Summer,3.87,High,1,1.8
Fort Greene,Park Slope,11,Thursday,0,Spring,6.36,Low,1,1.0
Midtown,Inwood,16,Saturday,1,Winter,2.91,Medium,1,1.3
East Harlem,Williamsburg,23,Wednesday,0,Summer,3.01,Low,1,1.0
Harlem,Upper West Side,2,Monday,0,Summer,1.77,Low,3,1.0
Clinton Hill,East Harlem,10,Friday,0,Winter,0.72,Medium,1,1.3
South Slope,Clinton Hill,9,Thursday,0,Spring,1.75,High,1,1.8
Upper West Side,Bedford-Stuyvesant,10,Thursday,0,Spring,0.02,Medium,1,1.3
Upper West Side,Murray Hill,18,Tuesday,0,Spring,0.41,High,1,1.8
Upper West Side,Hell's Kitchen,20,Sunday,1,Winter,4.36,Medium,1,1.3
Midtown,Chelsea,21,Monday,0,Spring,1.85,Low,2,1.0
Williamsburg,Hell's Kitchen,0,Saturday,1,Spring,1.8,Low,5,1.0
Inwood,Harlem,8,Thursday,0,Winter,2.01,High,1,1.8
Bedford-Stuyvesant,Harlem,2,Monday,0,Winter,4.36,Low,1,1.0
Clinton Hill,Bedford-Stuyvesant,19,Tuesday,0,Spring,1.05,High,1,1.8
Harlem,Upper West Side,23,Thursday,0,Spring,2.83,Low,1,1.0
Harlem,Murray Hill,11,Monday,0,Spring,0.79,Low,1,1.0
Tottenville,Eltingville,17,Wednesday,0,Spring,26.17,High,4,1.8
Fort Greene,West Village,8,Saturday,1,Spring,1.17,High,1,1.8
Fort Greene,Upper West Side,8,Wednesday,0,Spring,2.11,High,1,1.8
Bedford-Stuyvesant,East Harlem,23,Tuesday,0,Spring,2.74,Low,1,1.0
Upper West Side,Upper West Side,20,Sunday,1,Spring,5.16,Medium,2,1.3
Upper West Side,Hell's Kitchen,16,Thursday,0,Summer,2.39,Medium,1,1.3
East Harlem,Fort Greene,14,Thursday,0,Summer,1.42,Low,1,1.0
Bedford-Stuyvesant,South Slope,20,Saturday,1,Spring,2.9,Medium,1,1.3
East Harlem,Midtown,20,Thursday,0,Spring,3.53,Medium,3,1.3
Bedford-Stuyvesant,East Harlem,21,Sunday,1,Spring,1.45,Low,2,1.0
Midtown,Chinatown,16,Thursday,0,Winter,1.79,Medium,2,1.3
East Harlem,Clinton Hill,17,Thursday,0,Summer,3.02,High,2,1.8
Bedford-Stuyvesant,South Slope,1,Wednesday,0,Spring,3.55,Low,1,1.0
Hell's Kitchen,East Harlem,16,Friday,0,Summer,1.52,Medium,1,1.3
Upper West Side,Upper West Side,21,Saturday,1,Spring,8.41,Low,2,1.0
Harlem,Upper West Side,23,Friday,0,Spring,3.59,Low,1,1.0
Fort Greene,Hell's Kitchen,12,Monday,0,Spring,5.65,Low,6,1.0
East Harlem,Upper West Side,12,Sunday,1,Winter,1.91,Low,1,1.0
West Village,West Village,14,Tuesday,0,Winter,1.67,Low,3,1.0
Arverne,Sheepshead Bay,15,Wednesday,0,Spring,1.97,Low,1,1.0
South Slope,East Harlem,10,Sunday,1,Winter,1.57,Medium,1,1.3
Prince's Bay,Woodrow,13,Thursday,0,Spring,23.43,Low,1,1.0
Kensington,Chinatown,2,Wednesday,0,Winter,3.84,Low,2,1.0
Upper West Side,Fort Greene,17,Wednesday,0,Winter,0.98,High,1,1.8
Crown Heights,Inwood,11,Friday,0,Spring,1.52,Low,1,1.0
West Village,Chelsea,13,Monday,0,Spring,0.78,Low,1,1.0
Rockaway Beach,Midwood,10,Saturday,1,Spring,2.7,Medium,1,1.3
Harlem,South Slope,21,Friday,0,Spring,6.77,Low,1,1.0
Hell's Kitchen,East Harlem,18,Wednesday,0,Summer,0.79,High,1,1.8
Harlem,Fort Greene,10,Wednesday,0,Spring,4.3,Medium,1,1.3
Bedford-Stuyvesant,Upper West Side,21,Tuesday,0,Winter,1.9,Low,1,1.0
Harlem,East Harlem,21,Saturday,1,Spring,1.27,Low,1,1.0
Sheepshead Bay,Bensonhurst,12,Sunday,1,Spring,1.07,Low,1,1.0
Crown Heights,Kensington,18,Tuesday,0,Spring,1.66,High,1,1.8
Chelsea,East Harlem,17,Thursday,0,Summer,0.97,High,2,1.8
South Slope,Williamsburg,23,Sunday,1,Winter,3.65,Low,1,1.0
Hell's Kitchen,Harlem,10,Wednesday,0,Summer,0.71,Medium,3,1.3
Harlem,Harlem,16,Tuesday,0,Spring,1.09,Medium,2,1.3
Bedford-Stuyvesant,East Harlem,9,Tuesday,0,Spring,0.91,High,1,1.8
Upper West Side,Murray Hill,23,Monday,0,Spring,4.78,Low,4,1.0
West Village,Bedford-Stuyvesant,11,Monday,0,Winter,1.94,Low,1,1.0
Gravesend,Bensonhurst,21,Friday,0,Winter,3.36,Low,5,1.0
Bedford-Stuyvesant,Bedford-Stuyvesant,19,Friday,0,Winter,1.02,High,1,1.8
Bedford-Stuyvesant,Kensington,6,Saturday,1,Spring,1.45,Low,4,1.0
Harlem,Fort Greene,3,Saturday,1,Spring,0.4,Low,1,1.0
Murray Hill,Upper West Side,1,Sunday,1,Spring,1.49,Low,1,1.0
Crown Heights,Hell's Kitchen,12,Friday,0,Spring,0.85,Low,2,1.0
Upper West Side,South Slope,21,Wednesday,0,Summer,3.33,Low,1,1.0
East Harlem,Upper West Side,22,Thursday,0,Spring,1.72,Low,1,1.0
West Village,Upper West Side,13,Wednesday,0,Winter,1.61,Low,1,1.0
Park Slope,Crown Heights,22,Thursday,0,Summer,3.38,Low,2,1.0
Harlem,Fort Greene,14,Saturday,1,Summer,3.35,Low,1,1.0
Murray Hill,Bedford-Stuyvesant,23,Saturday,1,Winter,8.55,Low,1,1.0
Inwood,Hell's Kitchen,9,Saturday,1,Summer,2.84,High,1,1.8
Williamsburg,West Village,1,Sunday,1,Summer,7.35,Low,2,1.0
Flatlands,Fort Hamilton,10,Saturday,1,Spring,1.54,Medium,1,1.3
Upper West Side,South Slope,2,Sunday,1,Winter,2.83,Low,1,1.0
Clinton Hill,Windsor Terrace,13,Saturday,1,Spring,3.58,Low,1,1.0
Arden Heights,Sheepshead Bay,15,Monday,0,Spring,9.31,Low,6,1.0
Fort Greene,Midtown,16,Sunday,1,Summer,2.21,Medium,1,1.3
Bedford-Stuyvesant,Upper West Side,18,Friday,0,Summer,1.65,High,1,1.8
Bath Beach,Clifton,13,Saturday,1,Spring,6.08,Low,5,1.0
South Slope,South Slope,1,Sunday,1,Spring,6.91,Low,1,1.0
Tottenville,Rossville,6,Wednesday,0,Spring,24.63,Low,1,1.0
Greenpoint,Crown Heights,21,Wednesday,0,Winter,3.02,Low,1,1.0
Upper West Side,Chinatown,18,Saturday,1,Winter,3.26,High,1,1.8
Harlem,Harlem,2,Sunday,1,Winter,11.83,Low,1,1.0
East Harlem,Williamsburg,17,Saturday,1,Spring,0.93,High,2,1.8
East Harlem,Kensington,6,Monday,0,Spring,4.7,Low,1,1.0
Crown Heights,Upper West Side,22,Saturday,1,Winter,2.23,Low,2,1.0
Harlem,Clinton Hill,16,Friday,0,Spring,1.11,Medium,1,1.3
Upper West Side,Upper West Side,8,Wednesday,0,Spring,1.61,High,1,1.8
Tottenville,Tottenville,21,Sunday,1,Summer,26.02,Low,1,1.0
South Slope,Bedford-Stuyvesant,12,Wednesday,0,Spring,0.84,Low,2,1.0
Bedford-Stuyvesant,West Village,7,Friday,0,Winter,2.16,Medium,4,1.3
West Village,South Slope,9,Wednesday,0,Spring,1.92,High,2,1.8
Clinton Hill,South Slope,23,Thursday,0,Summer,7.32,Low,1,1.0
Tompkinsville,Sheepshead Bay,14,Saturday,1,Spring,1.75,Low,6,1.0
Bedford-Stuyvesant,Upper West Side,19,Thursday,0,Spring,1.43,High,1,1.8
Hell's Kitchen,Inwood,22,Friday,0,Summer,2.06,Low,3,1.0
Bedford-Stuyvesant,Harlem,7,Monday,0,Spring,5.04,Medium,1,1.3
Harlem,Crown Heights,12,Tuesday,0,Spring,3.93,Low,1,1.0
South Slope,Fort Greene,20,Tuesday,0,Winter,2.11,Medium,2,1.3
"Bay Terrace, Staten Island",Midwood,11,Thursday,0,Spring,12.2,Low,1,1.0
Midtown,Bedford-Stuyvesant,15,Sunday,1,Winter,3.37,Low,2,1.0
Midtown,Clinton Hill,7,Friday,0,Summer,3.62,Medium,1,1.3
Upper West Side,Chinatown,9,Tuesday,0,Spring,3.19,High,2,1.8
Crown Heights,Harlem,9,Wednesday,0,Winter,1.95,High,1,1.8
Arverne,Bensonhurst,16,Saturday,1,Winter,0.93,Medium,1,1.3
East Harlem,Clinton Hill,17,Tuesday,0,Spring,3.07,High,1,1.8
Upper West Side,Harlem,9,Monday,0,Summer,1.58,High,4,1.8
East Harlem,East Harlem,8,Wednesday,0,Spring,1.5,High,1,1.8
Bayswater,Oakwood,5,Monday,0,Spring,11.18,Low,1,1.0
Chinatown,East Harlem,17,Saturday,1,Winter,0.55,High,2,1.8
Park Slope,Bedford-Stuyvesant,18,Friday,0,Winter,1.09,High,1,1.8
East Harlem,Crown Heights,12,Thursday,0,Spring,0.8,Low,1,1.0
Upper West Side,Midtown,8,Wednesday,0,Winter,2.18,High,1,1.8
Chinatown,Hell's Kitchen,3,Sunday,1,Winter,3.01,Low,1,1.0
Park Slope,Upper West Side,1,Wednesday,0,Spring,15.82,Low,1,1.0
Upper West Side,Fort Greene,0,Sunday,1,Winter,2.0,Low,1,1.0
Park Slope,Upper West Side,0,Sunday,1,Spring,2.22,Low,1,1.0
East Harlem,Greenpoint,22,Friday,0,Spring,1.28,Low,2,1.0
Chinatown,Williamsburg,22,Tuesday,0,Spring,5.9,Low,1,1.0
Tottenville,Great Kills,16,Monday,0,Spring,13.66,Medium,1,1.3
Harlem,Harlem,9,Thursday,0,Spring,1.06,High,1,1.8
West Village,Fort Greene,12,Saturday,1,Summer,0.35,Low,1,1.0
Kensington,Upper West Side,19,Monday,0,Spring,2.0,High,1,1.8
Upper West Side,East Harlem,8,Wednesday,0,Summer,1.38,High,1,1.8
Upper West Side,Inwood,21,Thursday,0,Spring,1.83,Low,1,1.0
Bedford-Stuyvesant,Harlem,22,Tuesday,0,Winter,0.76,Low,2,1.0
South Slope,Kensington,8,Monday,0,Spring,2.89,High,5,1.8
East Harlem,Murray Hill,20,Thursday,0,Winter,3.35,Medium,1,1.3
East Harlem,Chelsea,11,Monday,0,Winter,1.19,Low,1,1.0
Fort Greene,Kensington,12,Monday,0,Winter,3.11,Low,1,1.0
Greenpoint,Bedford-Stuyvesant,21,Saturday,1,Spring,1.2,Low,1,1.0
Fort Greene,Williamsburg,22,Sunday,1,Winter,0.44,Low,4,1.0
Midwood,Arverne,19,Thursday,0,Summer,0.75,High,1,1.8
Fort Greene,Williamsburg,22,Friday,0,Spring,0.2,Low,1,1.0
Park Slope,South Slope,3,Saturday,1,Spring,2.75,Low,2,1.0
Upper West Side,Upper West Side,0,Sunday,1,Winter,1.76,Low,2,1.0
Harlem,Chinatown,23,Saturday,1,Summer,2.52,Low,1,1.0
Upper West Side,Upper West Side,18,Tuesday,0,Spring,3.98,High,4,1.8
Murray Hill,Kensington,21,Thursday,0,Winter,5.25,Low,2,1.0
East Harlem,Harlem,16,Thursday,0,Spring,2.67,Medium,1,1.3
Kensington,Williamsburg,19,Friday,0,Winter,3.22,High,1,1.8
Park Slope,East Harlem,1,Saturday,1,Spring,6.28,Low,1,1.0
Murray Hill,Bedford-Stuyvesant,0,Monday,0,Winter,3.01,Low,1,1.0
Kensington,Bedford-Stuyvesant,21,Wednesday,0,Spring,2.16,Low,1,1.0
Harlem,Kensington,11,Sunday,1,Spring,2.32,Low,5,1.0
Upper West Side,Inwood,0,Saturday,1,Spring,1.5,Low,2,1.0
Grymes Hill,Bath Beach,14,Wednesday,0,Spring,2.54,Low,1,1.0
East Harlem,Upper West Side,17,Saturday,1,Spring,1.04,High,2,1.8
Harlem,Murray Hill,11,Thursday,0,Spring,6.55,Low,1,1.0
Upper West Side,Murray Hill,1,Wednesday,0,Winter,1.59,Low,1,1.0
"Bay Terrace, Staten Island",Castleton Corners,12,Monday,0,Summer,12.25,Low,1,1.0
Stapleton,"Bay Terrace, Staten Island",4,Monday,0,Winter,12.45,Low,2,1.0
Harlem,Windsor Terrace,21,Wednesday,0,Winter,1.51,Low,1,1.0
Prince's Bay,Tottenville,15,Sunday,1,Winter,24.01,Low,1,1.0
Great Kills,Tottenville,8,Friday,0,Spring,24.36,High,1,1.8
Harlem,Upper West Side,21,Sunday,1,Summer,6.2,Low,2,1.0
Harlem,Upper West Side,11,Tuesday,0,Winter,2.82,Low,1,1.0
Midtown,Upper West Side,5,Thursday,0,Spring,4.37,Low,1,1.0
Harlem,East Harlem,7,Friday,0,Spring,3.84,Medium,3,1.3
Bedford-Stuyvesant,Windsor Terrace,11,Monday,0,Spring,5.94,Low,2,1.0
Bedford-Stuyvesant,Kensington,14,Tuesday,0,Spring,5.63,Low,5,1.0
Clinton Hill,South Slope,22,Wednesday,0,Spring,5.52,Low,1,1.0
South Slope,Upper West Side,5,Wednesday,0,Spring,3.77,Low,1,1.0
Harlem,East Harlem,8,Monday,0,Summer,2.04,High,1,1.8
Tottenville,"Bay Terrace, Staten Island",15,Wednesday,0,Spring,24.39,Low,1,1.0
Harlem,Clinton Hill,10,Thursday,0,Spring,3.46,Medium,1,1.3
Arden Heights,Brighton Beach,23,Monday,0,Winter,3.21,Low,5,1.0
Crown Heights,East Harlem,11,Wednesday,0,Summer,2.11,Low,1,1.0
Harlem,Bedford-Stuyvesant,6,Monday,0,Spring,6.09,Low,5,1.0
Harlem,Upper West Side,13,Thursday,0,Spring,1.58,Low,1,1.0
West Village,Bedford-Stuyvesant,9,Tuesday,0,Spring,2.27,High,1,1.8
Harlem,Bedford-Stuyvesant,22,Monday,0,Spring,1.67,Low,5,1.0
Clinton Hill,Park Slope,0,Monday,0,Spring,2.64,Low,2,1.0
Midwood,Arverne,12,Sunday,1,Summer,5.04,Low,2,1.0
Harlem,Midtown,10,Tuesday,0,Winter,1.98,Medium,1,1.3
East Harlem,West Village,16,Tuesday,0,Summer,2.13,Medium,1,1.3
Inwood,South Slope,12,Monday,0,Spring,2.03,Low,1,1.0
South Slope,East Harlem,16,Saturday,1,Spring,4.64,Medium,1,1.3
Bedford-Stuyvesant,Bedford-Stuyvesant,4,Sunday,1,Spring,0.59,Low,6,1.0
Harlem,Murray Hill,14,Saturday,1,Spring,4.14,Low,1,1.0
Bedford-Stuyvesant,Bedford-Stuyvesant,12,Sunday,1,Spring,1.14,Low,5,1.0
Upper West Side,Bedford-Stuyvesant,23,Saturday,1,Winter,0.94,Low,3,1.0
Crown Heights,East Harlem,1,Sunday,1,Summer,7.88,Low,1,1.0
Harlem,Bedford-Stuyvesant,14,Friday,0,Winter,1.47,Low,1,1.0
Gravesend,Sheepshead Bay,10,Thursday,0,Spring,0.33,Medium,1,1.3
Park Slope,East Harlem,8,Tuesday,0,Winter,5.48,High,1,1.8
Fort Greene,Crown Heights,0,Monday,0,Winter,1.14,Low,1,1.0
Harlem,East Harlem,10,Tuesday,0,Summer,3.95,Medium,1,1.3
Upper West Side,East Harlem,17,Monday,0,Winter,0.76,High,2,1.8
Midwood,Bensonhurst,13,Sunday,1,Spring,2.69,Low,1,1.0
Kensington,Bedford-Stuyvesant,12,Tuesday,0,Spring,1.76,Low,1,1.0
Midtown,Upper West Side,18,Tuesday,0,Winter,3.18,High,1,1.8
Fort Greene,Windsor Terrace,8,Tuesday,0,Winter,2.76,High,1,1.8
Harlem,Crown Heights,3,Saturday,1,Winter,9.57,Low,2,1.0
Harlem,East Harlem,17,Wednesday,0,Spring,1.77,High,1,1.8
Williamsburg,Upper West Side,14,Sunday,1,Winter,3.92,Low,1,1.0
East Harlem,Bedford-Stuyvesant,12,Tuesday,0,Spring,3.1,Low,1,1.0
West Village,Crown Heights,1,Saturday,1,Spring,0.88,Low,1,1.0
Kensington,East Harlem,3,Tuesday,0,Spring,5.27,Low,1,1.0
Williamsburg,East Harlem,15,Saturday,1,Spring,1.32,Low,1,1.0
East Village,East Harlem,9,Sunday,1,Spring,3.9,High,1,1.8
Upper West Side,East Harlem,17,Friday,0,Spring,2.12,High,2,1.8
Murray Hill,Bedford-Stuyvesant,23,Saturday,1,Summer,5.52,Low,1,1.0
Williamsburg,Upper West Side,7,Wednesday,0,Spring,4.48,Medium,1,1.3
Fort Greene,Bedford-Stuyvesant,0,Wednesday,0,Winter,9.39,Low,1,1.0
Bedford-Stuyvesant,Upper West Side,22,Wednesday,0,Winter,1.75,Low,1,1.0
Fort Greene,Upper West Side,21,Saturday,1,Winter,2.59,Low,1,1.0
Murray Hill,Bedford-Stuyvesant,16,Saturday,1,Spring,5.23,Medium,1,1.3
East Harlem,Crown Heights,18,Monday,0,Winter,4.05,High,1,1.8
Great Kills,Flatlands,10,Sunday,1,Summer,13.83,Medium,6,1.3
East Harlem,Upper West Side,20,Monday,0,Winter,5.6,Medium,1,1.3
West Village,Bedford-Stuyvesant,23,Thursday,0,Summer,3.73,Low,1,1.0
Park Slope,Upper West Side,9,Saturday,1,Winter,3.51,High,2,1.8
Kensington,Hell's Kitchen,12,Saturday,1,Spring,3.68,Low,1,1.0
Midtown,Harlem,7,Tuesday,0,Summer,3.42,Medium,1,1.3
South Slope,South Slope,20,Friday,0,Spring,0.03,Medium,1,1.3
Upper West Side,Upper West Side,11,Thursday,0,Spring,2.33,Low,1,1.0
Kensington,Park Slope,19,Tuesday,0,Spring,2.19,High,1,1.8
Harlem,Upper West Side,16,Saturday,1,Summer,5.1,Medium,1,1.3
Park Slope,Upper West Side,23,Friday,0,Spring,2.44,Low,1,1.0
Bedford-Stuyvesant,Bedford-Stuyvesant,21,Sunday,1,Summer,0.88,Low,1,1.0
Tottenville,Great Kills,9,Friday,0,Spring,25.07,High,2,1.8
Harlem,Upper West Side,18,Friday,0,Winter,3.5,High,1,1.8
Bedford-Stuyvesant,Bedford-Stuyvesant,19,Thursday,0,Summer,4.06,High,5,1.8
Tottenville,Prince's Bay,16,Monday,0,Spring,24.94,Medium,1,1.3
Inwood,Windsor Terrace,5,Sunday,1,Spring,0.71,Low,1,1.0
Murray Hill,Hell's Kitchen,9,Thursday,0,Winter,8.29,High,1,1.8
Crown Heights,Upper West Side,3,Sunday,1,Winter,11.48,Low,4,1.0
Clinton Hill,Hell's Kitchen,15,Monday,0,Spring,2.38,Low,3,1.0
Chinatown,Park Slope,21,Monday,0,Winter,8.55,Low,1,1.0
West Village,Upper West Side,18,Thursday,0,Winter,1.03,High,1,1.8
Bedford-Stuyvesant,Bedford-Stuyvesant,14,Tuesday,0,Winter,2.52,Low,1,1.0
Upper West Side,Upper West Side,13,Sunday,1,Winter,1.44,Low,1,1.0
Upper West Side,Hell's Kitchen,8,Sunday,1,Summer,2.46,High,1,1.8
East Harlem,Upper West Side,17,Friday,0,Winter,1.25,High,1,1.8
Arden Heights,Midwood,17,Thursday,0,Spring,9.79,High,1,1.8
Bedford-Stuyvesant,Bedford-Stuyvesant,7,Thursday,0,Winter,1.39,Medium,1,1.3
Bushwick,Midtown,17,Friday,0,Spring,1.35,High,1,1.8
East Harlem,Midtown,9,Sunday,1,Winter,3.95,High,1,1.8
Harlem,Williamsburg,18,Wednesday,0,Winter,0.9,High,1,1.8
Great Kills,Arden Heights,12,Thursday,0,Summer,22.28,Low,1,1.0
Tottenville,Great Kills,4,Tuesday,0,Spring,24.05,Low,1,1.0
Upper West Side,Hell's Kitchen,2,Friday,0,Spring,4.66,Low,6,1.0
Harlem,Bedford-Stuyvesant,20,Friday,0,Spring,8.43,Medium,2,1.3
Kensington,Upper West Side,17,Thursday,0,Winter,1.64,High,1,1.8
Kensington,Upper West Side,23,Wednesday,0,Spring,2.45,Low,1,1.0
Arden Heights,Clifton,18,Wednesday,0,Spring,12.72,High,1,1.8
Windsor Terrace,Hell's Kitchen,22,Monday,0,Spring,1.93,Low,5,1.0
Upper West Side,South Slope,22,Tuesday,0,Summer,1.1,Low,6,1.0
Upper West Side,Kensington,21,Tuesday,0,Summer,3.42,Low,5,1.0
Upper West Side,East Harlem,19,Sunday,1,Winter,8.66,High,1,1.8
East Harlem,Kensington,7,Friday,0,Winter,7.18,Medium,2,1.3
Kensington,Kensington,17,Saturday,1,Summer,2.44,High,1,1.8
West Village,South Slope,0,Wednesday,0,Spring,2.08,Low,1,1.0
East Village,Inwood,15,Tuesday,0,Spring,4.06,Low,1,1.0
West Village,East Harlem,0,Sunday,1,Spring,1.81,Low,1,1.0
Harlem,Harlem,7,Friday,0,Spring,2.32,Medium,5,1.3
Murray Hill,Harlem,19,Wednesday,0,Spring,4.81,High,6,1.8
West Village,Upper West Side,15,Wednesday,0,Winter,5.34,Low,1,1.0
Harlem,Bedford-Stuyvesant,11,Sunday,1,Spring,2.27,Low,2,1.0
Chinatown,West Village,23,Friday,0,Spring,5.3,Low,1,1.0
Crown Heights,Upper West Side,7,Sunday,1,Spring,3.73,Medium,1,1.3
Midtown,Harlem,14,Monday,0,Winter,1.38,Low,1,1.0
Bedford-Stuyvesant,Upper West Side,23,Wednesday,0,Spring,4.69,Low,2,1.0
Bedford-Stuyvesant,Hell's Kitchen,21,Saturday,1,Winter,2.74,Low,2,1.0
Kensington,Bedford-Stuyvesant,19,Saturday,1,Spring,2.68,High,1,1.8
South Slope,West Village,21,Saturday,1,Winter,1.13,Low,2,1.0
Bensonhurst,Sheepshead Bay,9,Friday,0,Spring,3.67,High,1,1.8
Harlem,East Harlem,16,Tuesday,0,Summer,2.6,Medium,1,1.3
Bedford-Stuyvesant,Murray Hill,17,Tuesday,0,Spring,3.35,High,1,1.8
Tottenville,Rossville,13,Sunday,1,Winter,23.95,Low,2,1.0
Hell's Kitchen,Kensington,3,Wednesday,0,Winter,1.04,Low,1,1.0
East Harlem,Bedford-Stuyvesant,21,Wednesday,0,Winter,9.27,Low,2,1.0
Bedford-Stuyvesant,Williamsburg,18,Friday,0,Spring,1.53,High,5,1.8
Tottenville,Eltingville,15,Friday,0,Winter,23.38,Low,2,1.0
Upper West Side,Upper West Side,15,Thursday,0,Summer,1.64,Low,1,1.0
Upper West Side,Upper West Side,19,Thursday,0,Spring,1.83,High,1,1.8
Upper West Side,Hell's Kitchen,14,Tuesday,0,Winter,1.56,Low,1,1.0
Park Slope,Fort Greene,19,Sunday,1,Winter,4.06,High,1,1.8
Inwood,Upper West Side,22,Thursday,0,Winter,0.62,Low,1,1.0
East Harlem,Bedford-Stuyvesant,10,Saturday,1,Winter,0.87,Medium,1,1.3
East Harlem,South Slope,21,Sunday,1,Summer,4.71,Low,1,1.0
Williamsburg,South Slope,23,Wednesday,0,Spring,7.07,Low,1,1.0
West Brighton,Sheepshead Bay,8,Tuesday,0,Winter,2.97,High,1,1.8
Great Kills,Arverne,7,Friday,0,Spring,6.74,Medium,1,1.3
Harlem,Upper West Side,16,Friday,0,Spring,1.1,Medium,1,1.3
Arden Heights,Midwood,18,Thursday,0,Winter,12.83,High,2,1.8
East Harlem,Williamsburg,20,Wednesday,0,Spring,1.75,Medium,5,1.3
Kensington,South Slope,14,Sunday,1,Summer,2.3,Low,1,1.0
Upper West Side,Upper West Side,16,Saturday,1,Winter,3.95,Medium,5,1.3
East Harlem,Chinatown,8,Wednesday,0,Summer,1.85,High,1,1.8
Windsor Terrace,East Harlem,18,Friday,0,Spring,3.21,High,2,1.8
Oakwood,Graniteville,13,Thursday,0,Summer,12.33,Low,3,1.0
Tottenville,Tottenville,20,Wednesday,0,Spring,14.35,Medium,1,1.3
Castleton Corners,Flatlands,15,Saturday,1,Winter,3.11,Low,5,1.0
Chelsea,Kensington,23,Wednesday,0,Spring,8.75,Low,3,1.0
Fort Greene,Murray Hill,2,Saturday,1,Spring,1.5,Low,1,1.0
Sheepshead Bay,Arverne,9,Saturday,1,Spring,1.37,High,1,1.8
Upper West Side,Bedford-Stuyvesant,17,Wednesday,0,Spring,1.14,High,2,1.8
Midwood,Bayswater,17,Wednesday,0,Spring,2.18,High,2,1.8
Crown Heights,Murray Hill,17,Tuesday,0,Spring,1.42,High,1,1.8
Upper West Side,Kensington,22,Saturday,1,Spring,6.11,Low,1,1.0
Clinton Hill,Harlem,17,Tuesday,0,Winter,1.47,High,1,1.8
Clinton Hill,Upper West Side,10,Tuesday,0,Winter,1.92,Medium,1,1.3
Greenpoint,Bedford-Stuyvesant,17,Thursday,0,Summer,0.88,High,1,1.8
East Harlem,Harlem,3,Sunday,1,Winter,5.44,Low,1,1.0
Williamsburg,Harlem,11,Thursday,0,Winter,2.61,Low,1,1.0
Tottenville,Tottenville,11,Friday,0,Winter,0.01,Low,1,1.0
Harlem,South Slope,12,Thursday,0,Winter,1.66,Low,2,1.0
Inwood,Park Slope,23,Saturday,1,Winter,0.65,Low,1,1.0
East Harlem,Park Slope,21,Thursday,0,Winter,5.51,Low,1,1.0
Bedford-Stuyvesant,Williamsburg,21,Thursday,0,Spring,3.14,Low,1,1.0
Park Slope,Bedford-Stuyvesant,21,Thursday,0,Spring,2.33,Low,2,1.0
Williamsburg,Fort Greene,22,Monday,0,Winter,1.58,Low,1,1.0
Upper West Side,Midtown,1,Saturday,1,Winter,6.44,Low,1,1.0
Harlem,Harlem,23,Saturday,1,Summer,9.29,Low,2,1.0
Upper West Side,Upper West Side,19,Thursday,0,Winter,4.13,High,1,1.8
"Bay Terrace, Staten Island",Midwood,14,Tuesday,0,Spring,15.58,Low,1,1.0
Harlem,Murray Hill,0,Saturday,1,Winter,1.32,Low,1,1.0
Hell's Kitchen,Harlem,9,Thursday,0,Spring,4.21,High,6,1.8
Bedford-Stuyvesant,East Harlem,18,Saturday,1,Winter,2.08,High,1,1.8
Midtown,East Harlem,6,Friday,0,Spring,4.35,Low,1,1.0
Sheepshead Bay,Bensonhurst,0,Sunday,1,Winter,3.05,Low,2,1.0
Crown Heights,Upper West Side,8,Thursday,0,Spring,0.61,High,1,1.8
Chelsea,South Slope,13,Friday,0,Winter,1.67,Low,1,1.0
Harlem,East Harlem,15,Thursday,0,Winter,1.08,Low,1,1.0
Harlem,Midtown,1,Thursday,0,Summer,2.99,Low,1,1.0
Bedford-Stuyvesant,West Village,18,Saturday,1,Spring,0.63,High,2,1.8
Tottenville,Eltingville,22,Monday,0,Winter,25.78,Low,1,1.0
Far Rockaway,Flatbush,21,Saturday,1,Summer,2.01,Low,1,1.0
Upper West Side,Chelsea,23,Thursday,0,Spring,2.21,Low,6,1.0
East Harlem,South Slope,22,Tuesday,0,Winter,2.71,Low,1,1.0
Upper West Side,Clinton Hill,17,Monday,0,Spring,2.75,High,1,1.8
Upper West Side,Park Slope,21,Wednesday,0,Winter,1.85,Low,1,1.0
Greenpoint,Chelsea,19,Wednesday,0,Winter,0.87,High,1,1.8
Upper West Side,Harlem,1,Sunday,1,Winter,3.58,Low,1,1.0
Tottenville,Eltingville,21,Friday,0,Summer,25.67,Low,2,1.0
Crown Heights,Upper West Side,8,Tuesday,0,Winter,2.12,High,1,1.8
Prince's Bay,Huguenot,14,Saturday,1,Spring,25.71,Low,6,1.0
Bedford-Stuyvesant,Crown Heights,15,Sunday,1,Summer,1.39,Low,5,1.0
Harlem,Harlem,14,Wednesday,0,Winter,2.95,Low,1,1.0
Bedford-Stuyvesant,Upper West Side,1,Tuesday,0,Spring,7.59,Low,2,1.0
Bedford-Stuyvesant,South Slope,13,Sunday,1,Spring,3.3,Low,5,1.0
Park Slope,Chinatown,20,Thursday,0,Summer,0.25,Medium,2,1.3
Bedford-Stuyvesant,Hell's Kitchen,19,Saturday,1,Summer,1.19,High,3,1.8
Upper West Side,Fort Greene,6,Saturday,1,Spring,0.91,Low,1,1.0
Bedford-Stuyvesant,Harlem,19,Sunday,1,Spring,3.03,High,1,1.8
Bensonhurst,Sheepshead Bay,18,Saturday,1,Spring,0.99,High,1,1.8
Midtown,Bedford-Stuyvesant,16,Sunday,1,Winter,2.2,Medium,1,1.3
Hell's Kitchen,West Village,9,Tuesday,0,Winter,0.83,High,3,1.8
South Slope,Inwood,10,Wednesday,0,Spring,1.28,Medium,1,1.3
Inwood,Kensington,16,Saturday,1,Spring,2.16,Medium,1,1.3
Inwood,Harlem,0,Sunday,1,Winter,0.76,Low,1,1.0
Clinton Hill,Upper West Side,17,Monday,0,Winter,2.09,High,1,1.8
Bedford-Stuyvesant,Fort Greene,20,Friday,0,Spring,1.54,Medium,3,1.3
East Harlem,Williamsburg,9,Sunday,1,Winter,0.87,High,1,1.8
Bedford-Stuyvesant,Harlem,7,Monday,0,Winter,5.41,Medium,1,1.3
Flatbush,West Village,20,Wednesday,0,Spring,3.08,Medium,1,1.3
Upper West Side,East Harlem,16,Sunday,1,Spring,1.86,Medium,2,1.3
Harlem,Chinatown,23,Saturday,1,Spring,0.9,Low,2,1.0
Inwood,Midtown,18,Friday,0,Winter,0.64,High,1,1.8
Harlem,Bedford-Stuyvesant,17,Friday,0,Winter,3.41,High,4,1.8
Chinatown,Crown Heights,12,Saturday,1,Spring,0.94,Low,1,1.0
East Harlem,Kensington,13,Saturday,1,Spring,2.41,Low,1,1.0
Hell's Kitchen,Upper West Side,18,Monday,0,Spring,4.51,High,1,1.8
West Village,Murray Hill,14,Friday,0,Spring,2.92,Low,1,1.0
Harlem,Kensington,15,Saturday,1,Summer,5.32,Low,5,1.0
East Harlem,Bedford-Stuyvesant,21,Thursday,0,Summer,3.4,Low,1,1.0
South Slope,Crown Heights,11,Saturday,1,Spring,1.21,Low,1,1.0
Upper West Side,Upper West Side,6,Sunday,1,Summer,6.47,Low,1,1.0
Fort Greene,East Harlem,18,Monday,0,Spring,2.87,High,1,1.8
Fort Hamilton,Far Rockaway,6,Monday,0,Spring,4.63,Low,1,1.0
Hell's Kitchen,East Harlem,10,Thursday,0,Winter,1.47,Medium,2,1.3
Murray Hill,Bedford-Stuyvesant,15,Tuesday,0,Summer,0.56,Low,1,1.0
Upper West Side,Clinton Hill,9,Wednesday,0,Spring,0.7,High,1,1.8
Clinton Hill,Inwood,23,Saturday,1,Spring,1.39,Low,1,1.0
Sheepshead Bay,Arden Heights,12,Monday,0,Winter,8.75,Low,1,1.0
Harlem,Inwood,17,Monday,0,Summer,1.92,High,2,1.8
Park Slope,Upper West Side,20,Thursday,0,Winter,4.35,Medium,1,1.3
Bedford-Stuyvesant,Chinatown,17,Saturday,1,Winter,3.53,High,1,1.8
Chinatown,East Harlem,7,Monday,0,Winter,1.21,Medium,1,1.3
Bay Ridge,Sheepshead Bay,11,Sunday,1,Winter,2.72,Low,1,1.0
Upper West Side,Williamsburg,15,Saturday,1,Spring,2.26,Low,1,1.0
Bay Ridge,Fort Hamilton,17,Thursday,0,Spring,1.36,High,2,1.8
East Harlem,East Harlem,19,Wednesday,0,Winter,4.2,High,2,1.8
Huguenot,Tottenville,7,Thursday,0,Spring,23.31,Medium,1,1.3
Bedford-Stuyvesant,Upper West Side,19,Saturday,1,Winter,6.18,High,2,1.8
Fort Greene,Bedford-Stuyvesant,9,Tuesday,0,Summer,1.65,High,1,1.8
"Bay Terrace, Staten Island",Bay Ridge,11,Saturday,1,Spring,13.25,Low,1,1.0
Bedford-Stuyvesant,Upper West Side,21,Friday,0,Winter,3.57,Low,1,1.0
Upper West Side,Bedford-Stuyvesant,22,Wednesday,0,Spring,1.47,Low,1,1.0
Midwood,Great Kills,7,Wednesday,0,Winter,13.0,Medium,1,1.3
East Harlem,Upper West Side,9,Monday,0,Summer,1.86,High,1,1.8
Harlem,Clinton Hill,10,Monday,0,Summer,1.79,Medium,1,1.3
Murray Hill,Harlem,7,Friday,0,Winter,2.39,Medium,1,1.3
Tottenville,Huguenot,17,Tuesday,0,Spring,24.31,High,2,1.8
"Bay Terrace, Staten Island",Bensonhurst,22,Wednesday,0,Winter,12.03,Low,1,1.0
West Village,Upper West Side,10,Thursday,0,Spring,1.78,Medium,1,1.3
South Slope,Crown Heights,6,Wednesday,0,Spring,1.96,Low,1,1.0
Kensington,Fort Greene,0,Sunday,1,Winter,1.88,Low,1,1.0
South Slope,Harlem,20,Tuesday,0,Spring,1.3,Medium,1,1.3
Fort Greene,Clinton Hill,17,Thursday,0,Summer,1.71,High,1,1.8
Kensington,Fort Greene,19,Friday,0,Winter,1.05,High,1,1.8
Midwood,Fort Hamilton,8,Friday,0,Spring,1.62,High,1,1.8
Sheepshead Bay,Flatbush,6,Saturday,1,Spring,5.11,Low,1,1.0
Inwood,Bedford-Stuyvesant,17,Wednesday,0,Spring,0.8,High,6,1.8
Flatbush,Inwood,23,Tuesday,0,Winter,1.37,Low,2,1.0
West Village,Upper West Side,10,Thursday,0,Winter,2.08,Medium,1,1.3
"Bay Terrace, Staten Island",Gravesend,9,Wednesday,0,Spring,11.55,High,1,1.8
Clinton Hill,East Harlem,8,Saturday,1,Winter,2.91,High,1,1.8
East Harlem,Crown Heights,0,Monday,0,Spring,4.42,Low,1,1.0
Bedford-Stuyvesant,Kensington,1,Sunday,1,Winter,9.12,Low,5,1.0
Upper West Side,Fort Greene,18,Monday,0,Winter,2.77,High,2,1.8
Tottenville,Woodrow,14,Monday,0,Summer,23.5,Low,2,1.0
Fort Greene,Fort Greene,13,Thursday,0,Spring,3.08,Low,1,1.0
Bensonhurst,Rockaway Beach,12,Saturday,1,Spring,1.31,Low,4,1.0
Midtown,Harlem,9,Wednesday,0,Summer,2.56,High,1,1.8
Hell's Kitchen,Bedford-Stuyvesant,12,Friday,0,Spring,1.06,Low,2,1.0
Harlem,Bedford-Stuyvesant,18,Wednesday,0,Spring,1.52,High,1,1.8
Bedford-Stuyvesant,Murray Hill,10,Sunday,1,Spring,2.32,Medium,1,1.3
Harlem,Upper West Side,13,Wednesday,0,Spring,1.06,Low,1,1.0
Inwood,Bedford-Stuyvesant,9,Monday,0,Spring,1.73,High,1,1.8
Murray Hill,Chinatown,13,Wednesday,0,Spring,0.96,Low,2,1.0
Borough Park,Sheepshead Bay,10,Monday,0,Spring,2.86,Medium,1,1.3
South Slope,Upper East Side,2,Saturday,1,Winter,3.83,Low,1,1.0
Bedford-Stuyvesant,Upper West Side,20,Friday,0,Winter,1.1,Medium,1,1.3
Midtown,Crown Heights,17,Saturday,1,Spring,3.37,High,2,1.8
East Harlem,Hell's Kitchen,14,Saturday,1,Winter,0.86,Low,1,1.0
Midtown,East Harlem,11,Monday,0,Spring,3.73,Low,6,1.0
Williamsburg,Upper West Side,13,Saturday,1,Winter,2.71,Low,1,1.0
East Harlem,East Harlem,12,Tuesday,0,Summer,0.88,Low,2,1.0
Murray Hill,Harlem,6,Wednesday,0,Summer,2.4,Low,1,1.0
Harlem,West Village,23,Friday,0,Spring,7.07,Low,1,1.0
South Slope,Kensington,6,Tuesday,0,Winter,2.2,Low,1,1.0
East Harlem,West Village,19,Friday,0,Summer,5.45,High,1,1.8
South Slope,Crown Heights,9,Sunday,1,Spring,0.97,High,1,1.8
East Harlem,Upper West Side,10,Thursday,0,Winter,7.15,Medium,1,1.3
Chinatown,Kensington,17,Tuesday,0,Summer,1.6,High,1,1.8
Hell's Kitchen,East Harlem,11,Sunday,1,Spring,1.14,Low,1,1.0
Gravesend,Midwood,11,Saturday,1,Winter,2.31,Low,1,1.0
East Harlem,Fort Greene,20,Friday,0,Winter,5.48,Medium,1,1.3
Edgemere,Rockaway Beach,17,Friday,0,Winter,1.22,High,1,1.8
Bensonhurst,Bensonhurst,15,Saturday,1,Spring,1.92,Low,2,1.0
Bedford-Stuyvesant,Fort Greene,7,Monday,0,Spring,1.63,Medium,1,1.3
Park Slope,Harlem,4,Saturday,1,Spring,14.81,Low,2,1.0
Midtown,Midtown,20,Friday,0,Spring,1.48,Medium,1,1.3
Park Slope,Hell's Kitchen,23,Thursday,0,Winter,4.42,Low,2,1.0
Harlem,Fort Greene,17,Tuesday,0,Spring,1.58,High,1,1.8
Arrochar,Midwood,17,Friday,0,Spring,3.1,High,1,1.8
East Harlem,Murray Hill,23,Thursday,0,Spring,2.59,Low,3,1.0
Upper West Side,Bedford-Stuyvesant,11,Friday,0,Spring,15.07,Low,3,1.0
Greenpoint,Harlem,18,Friday,0,Spring,4.89,High,1,1.8
Park Slope,Williamsburg,22,Thursday,0,Spring,6.5,Low,5,1.0
Hell's Kitchen,East Harlem,13,Friday,0,Winter,0.63,Low,3,1.0
South Slope,East Harlem,11,Saturday,1,Winter,1.84,Low,1,1.0
Bedford-Stuyvesant,Hell's Kitchen,2,Thursday,0,Spring,0.86,Low,4,1.0
Bedford-Stuyvesant,Kensington,20,Wednesday,0,Spring,3.46,Medium,3,1.3
Kensington,Kensington,19,Friday,0,Summer,0.0,High,1,1.8
Fort Greene,East Harlem,0,Wednesday,0,Spring,3.22,Low,1,1.0
Bedford-Stuyvesant,East Harlem,19,Friday,0,Summer,5.67,High,1,1.8
Harlem,South Slope,10,Saturday,1,Winter,1.65,Medium,1,1.3
Harlem,Fort Greene,8,Saturday,1,Spring,1.42,High,1,1.8
Windsor Terrace,Hell's Kitchen,6,Monday,0,Winter,0.7,Low,3,1.0
West Village,Upper West Side,21,Tuesday,0,Winter,2.63,Low,1,1.0
Upper West Side,Park Slope,18,Saturday,1,Winter,2.54,High,2,1.8
Park Slope,Clinton Hill,19,Monday,0,Spring,0.67,High,1,1.8
Greenpoint,Chelsea,0,Monday,0,Winter,4.4,Low,1,1.0
Kensington,Bedford-Stuyvesant,17,Wednesday,0,Summer,1.96,High,1,1.8
West Village,East Harlem,14,Monday,0,Spring,1.12,Low,2,1.0
Kensington,Park Slope,13,Sunday,1,Spring,2.05,Low,2,1.0
Park Slope,Harlem,23,Saturday,1,Winter,1.13,Low,1,1.0
Windsor Terrace,South Slope,21,Tuesday,0,Summer,2.93,Low,1,1.0
Upper West Side,East Harlem,13,Friday,0,Winter,0.47,Low,1,1.0
Upper West Side,Fort Greene,18,Sunday,1,Winter,2.67,High,1,1.8
Bensonhurst,Bensonhurst,0,Sunday,1,Spring,2.14,Low,4,1.0
Chinatown,Chinatown,12,Friday,0,Winter,0.0,Low,1,1.0
Harlem,Upper West Side,0,Friday,0,Summer,5.6,Low,2,1.0
East Harlem,Harlem,16,Monday,0,Spring,2.09,Medium,1,1.3
Bedford-Stuyvesant,Clinton Hill,12,Sunday,1,Spring,2.36,Low,2,1.0
Chinatown,Bedford-Stuyvesant,0,Sunday,1,Spring,7.11,Low,1,1.0
Crown Heights,Inwood,23,Monday,0,Spring,3.62,Low,1,1.0
Hell's Kitchen,Bedford-Stuyvesant,3,Saturday,1,Spring,6.04,Low,1,1.0
Arverne,Arverne,8,Monday,0,Winter,3.32,High,1,1.8
Bedford-Stuyvesant,East Village,21,Monday,0,Spring,1.41,Low,5,1.0
South Slope,South Slope,15,Saturday,1,Spring,2.45,Low,1,1.0
Upper West Side,Hell's Kitchen,10,Saturday,1,Winter,0.77,Medium,1,1.3
Concord,Arverne,19,Monday,0,Summer,1.05,High,6,1.8
Midwood,Bayswater,13,Thursday,0,Summer,2.77,Low,1,1.0
Harlem,Hell's Kitchen,7,Tuesday,0,Spring,1.3,Medium,1,1.3
Clinton Hill,Harlem,15,Sunday,1,Winter,0.68,Low,1,1.0
Far Rockaway,"Bay Terrace, Staten Island",10,Tuesday,0,Spring,12.65,Medium,1,1.3
Upper West Side,Kensington,5,Sunday,1,Summer,12.03,Low,5,1.0
Kensington,Bedford-Stuyvesant,11,Saturday,1,Spring,2.48,Low,1,1.0
Harlem,Harlem,15,Friday,0,Spring,2.96,Low,1,1.0
Borough Park,Bull's Head,11,Friday,0,Spring,1.06,Low,1,1.0
Upper West Side,Inwood,10,Tuesday,0,Spring,0.73,Medium,6,1.3
Bedford-Stuyvesant,Clinton Hill,14,Sunday,1,Spring,1.81,Low,1,1.0
Clinton Hill,South Slope,15,Friday,0,Spring,1.79,Low,1,1.0
Upper West Side,South Slope,6,Sunday,1,Summer,1.99,Low,1,1.0
Upper West Side,Bedford-Stuyvesant,16,Friday,0,Winter,4.21,Medium,1,1.3
Williamsburg,Crown Heights,2,Saturday,1,Summer,0.72,Low,1,1.0
Clinton Hill,Midtown,19,Wednesday,0,Winter,1.49,High,5,1.8
Hell's Kitchen,Upper West Side,16,Saturday,1,Winter,3.4,Medium,1,1.3
Harlem,Hell's Kitchen,22,Monday,0,Spring,2.29,Low,2,1.0
Hell's Kitchen,Upper West Side,22,Monday,0,Spring,3.85,Low,1,1.0
Bedford-Stuyvesant,Upper West Side,23,Wednesday,0,Winter,1.75,Low,1,1.0
Fort Greene,Hell's Kitchen,19,Saturday,1,Winter,1.36,High,2,1.8
Harlem,Clinton Hill,9,Monday,0,Spring,3.42,High,1,1.8
Inwood,Harlem,18,Sunday,1,Spring,1.28,High,5,1.8
Bedford-Stuyvesant,Inwood,23,Saturday,1,Summer,1.35,Low,1,1.0
Harlem,Harlem,11,Sunday,1,Winter,1.79,Low,1,1.0
Bedford-Stuyvesant,Upper West Side,7,Thursday,0,Spring,2.81,Medium,1,1.3
Kensington,Flatbush,18,Friday,0,Spring,3.72,High,1,1.8
Williamsburg,Upper West Side,1,Saturday,1,Winter,11.31,Low,2,1.0
South Slope,Bedford-Stuyvesant,16,Thursday,0,Summer,0.71,Medium,1,1.3
Harlem,East Harlem,11,Wednesday,0,Summer,2.03,Low,2,1.0
Upper West Side,Fort Greene,15,Tuesday,0,Winter,4.77,Low,1,1.0
East Village,Bedford-Stuyvesant,1,Sunday,1,Spring,1.74,Low,5,1.0
Chinatown,Upper West Side,19,Friday,0,Summer,4.1,High,1,1.8
Upper West Side,Upper West Side,23,Thursday,0,Spring,6.88,Low,1,1.0
Harlem,Kensington,18,Monday,0,Spring,1.15,High,6,1.8
East Harlem,Williamsburg,19,Saturday,1,Spring,1.97,High,1,1.8
Upper West Side,Chinatown,10,Saturday,1,Spring,1.69,Medium,1,1.3
West Village,East Harlem,9,Thursday,0,Spring,1.01,High,1,1.8
Upper West Side,Williamsburg,22,Wednesday,0,Summer,1.73,Low,1,1.0
Concord,Rosebank,11,Sunday,1,Winter,3.62,Low,2,1.0
Williamsburg,Fort Greene,0,Sunday,1,Winter,2.33,Low,1,1.0
Bedford-Stuyvesant,Clinton Hill,17,Monday,0,Winter,1.38,High,1,1.8
Hell's Kitchen,Bedford-Stuyvesant,10,Wednesday,0,Summer,3.62,Medium,1,1.3
Upper West Side,Murray Hill,6,Wednesday,0,Summer,0.47,Low,1,1.0
Inwood,East Harlem,11,Wednesday,0,Summer,1.87,Low,1,1.0
East Harlem,Bedford-Stuyvesant,7,Thursday,0,Spring,3.95,Medium,5,1.3
Hell's Kitchen,Upper West Side,13,Thursday,0,Winter,3.18,Low,1,1.0
Upper West Side,East Harlem,17,Wednesday,0,Spring,0.96,High,1,1.8
Kensington,West Village,15,Thursday,0,Spring,2.77,Low,1,1.0
Harlem,East Harlem,14,Friday,0,Spring,3.36,Low,1,1.0
Hell's Kitchen,Upper West Side,12,Monday,0,Winter,2.37,Low,1,1.0
Harlem,Greenpoint,19,Monday,0,Summer,4.03,High,1,1.8
East Harlem,West Village,22,Saturday,1,Spring,10.23,Low,1,1.0
Kensington,Murray Hill,20,Wednesday,0,Spring,4.59,Medium,6,1.3
Park Slope,Bedford-Stuyvesant,19,Wednesday,0,Spring,1.64,High,1,1.8
Upper West Side,Bedford-Stuyvesant,13,Sunday,1,Spring,0.52,Low,1,1.0
Harlem,Hell's Kitchen,18,Wednesday,0,Spring,6.0,High,3,1.8
Harlem,Upper West Side,7,Thursday,0,Winter,2.42,Medium,1,1.3
Far Rockaway,East Flatbush,11,Saturday,1,Spring,6.3,Low,6,1.0
South Slope,Williamsburg,1,Friday,0,Spring,5.34,Low,1,1.0
East Harlem,Harlem,14,Sunday,1,Spring,7.23,Low,1,1.0
Murray Hill,Williamsburg,14,Friday,0,Spring,0.75,Low,5,1.0
West Village,Bedford-Stuyvesant,11,Wednesday,0,Summer,2.8,Low,1,1.0
Fort Greene,West Village,8,Friday,0,Winter,8.95,High,1,1.8
Fort Greene,Windsor Terrace,3,Sunday,1,Spring,1.07,Low,3,1.0
Harlem,Clinton Hill,13,Wednesday,0,Spring,3.14,Low,1,1.0
Upper West Side,South Slope,15,Tuesday,0,Spring,3.69,Low,5,1.0
Upper West Side,East Harlem,12,Sunday,1,Spring,3.4,Low,1,1.0
Bensonhurst,Bensonhurst,12,Monday,0,Winter,0.67,Low,1,1.0
Kensington,South Slope,2,Saturday,1,Spring,3.36,Low,2,1.0
Great Kills,Eltingville,18,Sunday,1,Spring,12.41,High,1,1.8
Great Kills,Great Kills,15,Saturday,1,Spring,21.02,Low,3,1.0
Harlem,Williamsburg,13,Sunday,1,Winter,2.69,Low,2,1.0
Harlem,East Harlem,13,Saturday,1,Spring,0.75,Low,1,1.0
Great Kills,Brighton Beach,16,Wednesday,0,Summer,4.92,Medium,1,1.3
Harlem,Upper West Side,13,Sunday,1,Spring,2.34,Low,1,1.0
Bedford-Stuyvesant,Bedford-Stuyvesant,18,Friday,0,Winter,3.5,High,1,1.8
Huguenot,Rossville,9,Friday,0,Winter,21.92,High,4,1.8
Upper West Side,Murray Hill,7,Tuesday,0,Summer,0.88,Medium,1,1.3
Upper West Side,Upper West Side,23,Wednesday,0,Winter,4.34,Low,1,1.0
Clinton Hill,Midtown,3,Sunday,1,Spring,9.18,Low,4,1.0
Bedford-Stuyvesant,Greenpoint,23,Thursday,0,Spring,3.22,Low,4,1.0
Murray Hill,Upper West Side,20,Thursday,0,Winter,2.04,Medium,1,1.3
Eltingville,Tottenville,16,Monday,0,Spring,23.65,Medium,2,1.3
Midtown,Harlem,15,Wednesday,0,Spring,0.77,Low,1,1.0
Upper West Side,Kensington,9,Tuesday,0,Spring,3.89,High,1,1.8
East Harlem,Lower East Side,0,Sunday,1,Winter,14.08,Low,1,1.0
Upper West Side,Fort Greene,21,Sunday,1,Spring,2.34,Low,1,1.0
East Village,East Harlem,8,Monday,0,Winter,1.01,High,1,1.8
Clinton Hill,Midtown,9,Saturday,1,Spring,3.55,High,2,1.8
West Village,West Village,10,Sunday,1,Winter,3.59,Medium,5,1.3
Crown Heights,Upper West Side,0,Thursday,0,Spring,3.46,Low,1,1.0
East Harlem,Bedford-Stuyvesant,9,Sunday,1,Summer,3.78,High,1,1.8
Bedford-Stuyvesant,Clinton Hill,7,Wednesday,0,Summer,5.53,Medium,1,1.3
East Harlem,Kensington,20,Wednesday,0,Spring,6.83,Medium,2,1.3
Dyker Heights,Midwood,14,Tuesday,0,Winter,1.21,Low,1,1.0
Bedford-Stuyvesant,East Harlem,21,Thursday,0,Winter,7.15,Low,1,1.0
Bedford-Stuyvesant,Bedford-Stuyvesant,12,Thursday,0,Winter,1.61,Low,5,1.0
Kensington,Chinatown,1,Saturday,1,Spring,1.05,Low,1,1.0
Upper West Side,Hell's Kitchen,21,Saturday,1,Spring,2.8,Low,1,1.0
Hell's Kitchen,Kensington,17,Saturday,1,Spring,4.0,High,1,1.8
Upper West Side,Chinatown,9,Wednesday,0,Spring,1.96,High,1,1.8
Upper West Side,Fort Greene,2,Friday,0,Winter,2.4,Low,6,1.0
Upper West Side,Upper West Side,17,Thursday,0,Winter,2.29,High,4,1.8
Harlem,South Slope,14,Sunday,1,Spring,2.11,Low,1,1.0
East Harlem,Clinton Hill,8,Thursday,0,Spring,2.6,High,1,1.8
Upper West Side,Bedford-Stuyvesant,22,Friday,0,Winter,2.28,Low,4,1.0
Upper West Side,Upper West Side,9,Monday,0,Winter,3.91,High,1,1.8
Clinton Hill,South Slope,10,Monday,0,Spring,5.54,Medium,2,1.3
South Slope,Midtown,22,Wednesday,0,Winter,2.27,Low,1,1.0
Bedford-Stuyvesant,Midtown,13,Friday,0,Winter,2.12,Low,1,1.0
Upper West Side,Chelsea,12,Saturday,1,Spring,2.73,Low,1,1.0
Bedford-Stuyvesant,Williamsburg,16,Sunday,1,Spring,1.71,Medium,4,1.3
East Harlem,Bedford-Stuyvesant,22,Saturday,1,Spring,1.11,Low,1,1.0
Chinatown,South Slope,2,Sunday,1,Spring,1.67,Low,3,1.0
Upper West Side,Bedford-Stuyvesant,18,Wednesday,0,Spring,5.41,High,1,1.8
Bedford-Stuyvesant,Upper West Side,18,Wednesday,0,Winter,2.35,High,1,1.8
Harlem,Midtown,21,Thursday,0,Spring,3.52,Low,2,1.0
Bedford-Stuyvesant,Bedford-Stuyvesant,12,Tuesday,0,Winter,2.08,Low,1,1.0
South Slope,Williamsburg,18,Wednesday,0,Spring,3.17,High,1,1.8
Murray Hill,Upper West Side,10,Thursday,0,Spring,2.01,Medium,2,1.3
Harlem,Upper West Side,1,Tuesday,0,Winter,2.34,Low,1,1.0
Bedford-Stuyvesant,Harlem,20,Saturday,1,Winter,7.19,Medium,1,1.3
Harlem,East Harlem,15,Saturday,1,Summer,0.58,Low,1,1.0
Upper West Side,East Harlem,13,Thursday,0,Summer,3.83,Low,1,1.0
Harlem,Midtown,5,Tuesday,0,Winter,7.29,Low,1,1.0
East Harlem,Upper West Side,16,Thursday,0,Summer,0.29,Medium,2,1.3
Oakwood,Oakwood,9,Wednesday,0,Spring,15.94,High,5,1.8
South Slope,Harlem,9,Friday,0,Winter,2.16,High,1,1.8
South Slope,Clinton Hill,15,Thursday,0,Summer,3.67,Low,1,1.0
East Harlem,Harlem,21,Wednesday,0,Spring,1.5,Low,1,1.0
Crown Heights,Upper West Side,14,Monday,0,Spring,0.46,Low,1,1.0
South Slope,Chelsea,14,Sunday,1,Winter,0.6,Low,1,1.0
Bedford-Stuyvesant,Murray Hill,12,Monday,0,Summer,2.26,Low,2,1.0
Clinton Hill,East Harlem,19,Friday,0,Spring,5.67,High,1,1.8
South Slope,Inwood,1,Tuesday,0,Winter,1.7,Low,3,1.0
Bedford-Stuyvesant,Upper West Side,21,Wednesday,0,Summer,11.72,Low,1,1.0
Hell's Kitchen,Chinatown,20,Monday,0,Winter,5.67,Medium,2,1.3
Bay Ridge,Oakwood,15,Thursday,0,Spring,13.17,Low,1,1.0
Upper West Side,Williamsburg,8,Friday,0,Winter,2.64,High,1,1.8
South Slope,West Village,5,Friday,0,Spring,1.03,Low,1,1.0
Murray Hill,South Slope,22,Saturday,1,Spring,1.87,Low,2,1.0
Harlem,West Village,22,Tuesday,0,Spring,8.79,Low,1,1.0
South Slope,Bedford-Stuyvesant,19,Wednesday,0,Spring,0.85,High,1,1.8
East Harlem,Midtown,6,Saturday,1,Winter,17.08,Low,1,1.0
Midtown,Upper West Side,19,Wednesday,0,Winter,1.23,High,1,1.8
Murray Hill,South Slope,14,Monday,0,Spring,3.59,Low,1,1.0
East Harlem,Upper West Side,9,Tuesday,0,Winter,0.43,High,2,1.8
Harlem,Hell's Kitchen,15,Monday,0,Summer,0.83,Low,1,1.0
Upper West Side,Williamsburg,22,Saturday,1,Winter,3.58,Low,1,1.0
Bayswater,Arden Heights,13,Wednesday,0,Summer,11.98,Low,1,1.0
Great Kills,Concord,19,Monday,0,Summer,11.87,High,2,1.8
Kensington,Hell's Kitchen,14,Wednesday,0,Spring,0.71,Low,1,1.0
Tottenville,Woodrow,10,Monday,0,Spring,25.58,Medium,1,1.3
Fort Hamilton,Bensonhurst,20,Wednesday,0,Winter,3.66,Medium,1,1.3
Upper West Side,Bedford-Stuyvesant,19,Saturday,1,Winter,5.02,High,1,1.8
Tottenville,Woodrow,15,Thursday,0,Spring,24.35,Low,2,1.0
Harlem,East Harlem,22,Friday,0,Winter,0.74,Low,1,1.0
East Harlem,Inwood,22,Saturday,1,Spring,2.7,Low,2,1.0
West Village,Murray Hill,6,Thursday,0,Winter,1.39,Low,2,1.0
East Harlem,Bedford-Stuyvesant,20,Saturday,1,Spring,4.08,Medium,1,1.3
Bath Beach,Sheepshead Bay,20,Monday,0,Summer,5.64,Medium,4,1.3
East Harlem,Hell's Kitchen,17,Monday,0,Spring,0.85,High,1,1.8
Hell's Kitchen,South Slope,9,Monday,0,Winter,2.11,High,5,1.8
Harlem,Bedford-Stuyvesant,6,Wednesday,0,Winter,2.31,Low,1,1.0
Bedford-Stuyvesant,East Harlem,1,Sunday,1,Summer,1.99,Low,1,1.0
East Harlem,Clinton Hill,21,Tuesday,0,Spring,1.98,Low,1,1.0
Bedford-Stuyvesant,Midtown,5,Monday,0,Winter,9.51,Low,1,1.0
West Village,Murray Hill,12,Monday,0,Winter,1.63,Low,5,1.0
Bedford-Stuyvesant,Chinatown,19,Friday,0,Spring,1.8,High,1,1.8
South Slope,Williamsburg,17,Sunday,1,Summer,0.67,High,1,1.8
Harlem,Harlem,23,Tuesday,0,Winter,2.67,Low,1,1.0
West Village,Upper West Side,9,Saturday,1,Summer,5.66,High,1,1.8
Fort Greene,East Harlem,8,Tuesday,0,Winter,3.47,High,2,1.8
Sheepshead Bay,Rockaway Beach,14,Saturday,1,Summer,2.3,Low,1,1.0
Chinatown,Upper West Side,7,Saturday,1,Spring,7.73,Medium,1,1.3
Harlem,Upper West Side,18,Saturday,1,Winter,1.21,High,1,1.8
Hell's Kitchen,Harlem,10,Friday,0,Spring,1.46,Medium,1,1.3
Kensington,West Village,15,Saturday,1,Spring,2.76,Low,4,1.0
Sheepshead Bay,New Dorp,15,Thursday,0,Summer,5.97,Low,5,1.0
Clifton,Sheepshead Bay,14,Friday,0,Spring,5.94,Low,1,1.0
Arrochar,Bensonhurst,11,Monday,0,Summer,1.51,Low,1,1.0
Upper West Side,Williamsburg,3,Sunday,1,Summer,2.29,Low,1,1.0
Flatbush,Park Slope,9,Monday,0,Spring,0.62,High,1,1.8
Bedford-Stuyvesant,Harlem,13,Saturday,1,Winter,3.87,Low,1,1.0
West Village,East Harlem,19,Thursday,0,Spring,2.61,High,1,1.8
South Slope,Chinatown,1,Saturday,1,Summer,4.18,Low,1,1.0
South Slope,Midtown,7,Tuesday,0,Winter,2.19,Medium,1,1.3
Borough Park,Borough Park,6,Tuesday,0,Spring,2.01,Low,3,1.0
Harlem,East Harlem,15,Wednesday,0,Winter,2.38,Low,1,1.0
Williamsburg,Long Island City,23,Saturday,1,Spring,1.33,Low,1,1.0
Arden Heights,Fort Hamilton,15,Monday,0,Spring,11.81,Low,1,1.0
Upper West Side,East Harlem,22,Saturday,1,Summer,1.14,Low,3,1.0
East Harlem,Harlem,8,Tuesday,0,Summer,4.88,High,5,1.8
Great Kills,Tottenville,18,Monday,0,Spring,24.39,High,1,1.8
Inwood,Greenpoint,19,Saturday,1,Spring,8.36,High,1,1.8
Flatlands,Brighton Beach,21,Saturday,1,Winter,13.66,Low,1,1.0
Harlem,Kensington,16,Tuesday,0,Spring,1.91,Medium,1,1.3
Upper West Side,Hell's Kitchen,21,Wednesday,0,Winter,1.07,Low,1,1.0
Williamsburg,Upper West Side,2,Saturday,1,Winter,1.5,Low,2,1.0
Crown Heights,Harlem,23,Friday,0,Summer,3.89,Low,1,1.0
Harlem,Harlem,0,Sunday,1,Winter,0.51,Low,5,1.0
Upper West Side,Harlem,20,Sunday,1,Winter,3.96,Medium,1,1.3
Hell's Kitchen,West Village,10,Thursday,0,Spring,3.88,Medium,1,1.3
South Slope,Clinton Hill,22,Thursday,0,Spring,2.39,Low,1,1.0
Fort Greene,Harlem,7,Wednesday,0,Spring,2.66,Medium,1,1.3
West Village,Crown Heights,8,Saturday,1,Spring,2.39,High,1,1.8
Inwood,Kensington,1,Thursday,0,Spring,11.94,Low,1,1.0
Williamsburg,Harlem,17,Saturday,1,Summer,2.83,High,1,1.8
East Harlem,Bedford-Stuyvesant,19,Monday,0,Spring,1.88,High,1,1.8
Park Slope,Kensington,8,Tuesday,0,Summer,1.51,High,2,1.8
Harlem,Bedford-Stuyvesant,22,Wednesday,0,Spring,0.86,Low,2,1.0
East Harlem,Bedford-Stuyvesant,9,Saturday,1,Spring,0.78,High,2,1.8
Upper West Side,Chinatown,20,Monday,0,Summer,1.16,Medium,1,1.3
"Bay Terrace, Staten Island",Borough Park,12,Tuesday,0,Spring,14.73,Low,1,1.0
Inwood,Harlem,0,Sunday,1,Winter,2.5,Low,1,1.0
Midtown,Murray Hill,14,Friday,0,Spring,2.25,Low,5,1.0
Tottenville,Eltingville,23,Thursday,0,Winter,6.08,Low,2,1.0
Inwood,Harlem,8,Thursday,0,Spring,1.76,High,6,1.8
Midtown,East Harlem,16,Tuesday,0,Winter,4.56,Medium,1,1.3
Clinton Hill,Bedford-Stuyvesant,14,Friday,0,Spring,1.21,Low,1,1.0
Williamsburg,Williamsburg,5,Monday,0,Winter,1.05,Low,1,1.0
East Harlem,Bedford-Stuyvesant,15,Tuesday,0,Spring,2.47,Low,5,1.0
Williamsburg,West Village,1,Wednesday,0,Winter,1.79,Low,1,1.0
East Harlem,Bedford-Stuyvesant,18,Wednesday,0,Winter,1.2,High,1,1.8
South Slope,Harlem,9,Sunday,1,Spring,3.06,High,1,1.8
Clinton Hill,Hell's Kitchen,16,Sunday,1,Winter,1.82,Medium,1,1.3
Kensington,Harlem,19,Thursday,0,Winter,0.79,High,1,1.8
Fort Greene,Bedford-Stuyvesant,16,Friday,0,Spring,1.26,Medium,1,1.3
Upper West Side,Harlem,23,Friday,0,Winter,1.72,Low,1,1.0
East Harlem,East Harlem,5,Thursday,0,Summer,3.01,Low,1,1.0
East Harlem,East Harlem,15,Tuesday,0,Spring,1.12,Low,1,1.0
Sheepshead Bay,Far Rockaway,11,Monday,0,Spring,1.43,Low,5,1.0
East Harlem,Harlem,17,Sunday,1,Summer,0.34,High,1,1.8
Upper West Side,Williamsburg,13,Sunday,1,Spring,1.42,Low,1,1.0
East Harlem,Midtown,20,Friday,0,Spring,4.57,Medium,1,1.3
Prince's Bay,Eltingville,2,Saturday,1,Winter,3.32,Low,1,1.0
Clinton Hill,Harlem,7,Friday,0,Spring,1.65,Medium,1,1.3
Crown Heights,East Harlem,4,Saturday,1,Winter,9.12,Low,1,1.0
Arverne,Arrochar,14,Wednesday,0,Spring,1.76,Low,1,1.0
Upper West Side,Crown Heights,0,Wednesday,0,Spring,4.08,Low,1,1.0
Inwood,Williamsburg,21,Saturday,1,Spring,2.14,Low,1,1.0
Upper West Side,South Slope,23,Sunday,1,Winter,0.9,Low,2,1.0
Bedford-Stuyvesant,South Slope,15,Tuesday,0,Spring,1.23,Low,1,1.0
Upper West Side,West Village,21,Sunday,1,Spring,1.28,Low,1,1.0
Park Slope,Harlem,13,Saturday,1,Spring,3.95,Low,1,1.0
"Bay Terrace, Staten Island",Sheepshead Bay,20,Friday,0,Spring,8.49,Medium,1,1.3
Harlem,East Village,17,Sunday,1,Spring,2.17,High,1,1.8
East Harlem,East Harlem,19,Tuesday,0,Spring,1.51,High,5,1.8
Flatbush,Williamsburg,9,Sunday,1,Spring,2.21,High,1,1.8
Murray Hill,Bedford-Stuyvesant,0,Friday,0,Summer,0.12,Low,1,1.0
Fort Greene,East Harlem,11,Thursday,0,Spring,0.99,Low,1,1.0
Fort Greene,Bedford-Stuyvesant,1,Friday,0,Winter,1.29,Low,1,1.0
Harlem,Fort Greene,22,Monday,0,Spring,1.84,Low,1,1.0
Bedford-Stuyvesant,Harlem,15,Tuesday,0,Winter,2.27,Low,3,1.0
Inwood,Park Slope,20,Sunday,1,Spring,0.47,Medium,1,1.3
Edgemere,Gravesend,8,Saturday,1,Summer,7.87,High,1,1.8
Kensington,Kensington,19,Tuesday,0,Winter,0.75,High,1,1.8
Hell's Kitchen,Hell's Kitchen,12,Wednesday,0,Winter,2.69,Low,2,1.0
Hell's Kitchen,East Harlem,19,Monday,0,Spring,6.3,High,1,1.8
Inwood,Inwood,23,Wednesday,0,Spring,1.62,Low,5,1.0
Upper West Side,Harlem,7,Thursday,0,Spring,3.04,Medium,5,1.3
Chinatown,Bedford-Stuyvesant,14,Tuesday,0,Spring,1.03,Low,1,1.0
Harlem,West Village,10,Saturday,1,Summer,1.17,Medium,2,1.3
Kensington,Clinton Hill,12,Saturday,1,Summer,1.97,Low,1,1.0
Hell's Kitchen,Kensington,9,Thursday,0,Summer,1.08,High,1,1.8
East Harlem,Williamsburg,12,Sunday,1,Winter,1.95,Low,3,1.0
Bensonhurst,Oakwood,11,Wednesday,0,Spring,9.8,Low,5,1.0
Harlem,South Slope,15,Sunday,1,Spring,6.98,Low,1,1.0
East Harlem,Fort Greene,8,Thursday,0,Spring,3.01,High,1,1.8
South Slope,Bedford-Stuyvesant,17,Wednesday,0,Spring,1.31,High,1,1.8
Williamsburg,Harlem,17,Friday,0,Spring,1.59,High,1,1.8
Bensonhurst,Bensonhurst,19,Friday,0,Summer,2.19,High,6,1.8
Williamsburg,East Harlem,18,Tuesday,0,Spring,1.67,High,1,1.8
Upper West Side,South Slope,12,Sunday,1,Winter,1.8,Low,3,1.0
Park Slope,Crown Heights,18,Sunday,1,Spring,0.84,High,1,1.8
Upper West Side,Bedford-Stuyvesant,21,Friday,0,Spring,2.38,Low,1,1.0
Bedford-Stuyvesant,Bedford-Stuyvesant,1,Sunday,1,Summer,2.62,Low,2,1.0
Bensonhurst,Bensonhurst,8,Wednesday,0,Winter,8.53,High,1,1.8
East Harlem,Kensington,6,Monday,0,Spring,3.31,Low,2,1.0
Midtown,Upper West Side,12,Sunday,1,Summer,2.46,Low,1,1.0
Clinton Hill,Midtown,15,Friday,0,Winter,4.9,Low,1,1.0
Fort Greene,Upper West Side,11,Wednesday,0,Spring,4.48,Low,1,1.0
Hell's Kitchen,Hell's Kitchen,20,Wednesday,0,Spring,2.91,Medium,1,1.3
Kips Bay,Upper West Side,22,Thursday,0,Spring,3.69,Low,1,1.0
Upper West Side,Upper West Side,18,Tuesday,0,Summer,4.33,High,5,1.8
East Harlem,Harlem,3,Sunday,1,Winter,6.92,Low,6,1.0
Edgemere,Bensonhurst,5,Wednesday,0,Spring,3.8,Low,1,1.0
Bensonhurst,Sheepshead Bay,15,Tuesday,0,Spring,4.5,Low,1,1.0
Upper West Side,East Harlem,22,Saturday,1,Spring,2.84,Low,1,1.0
Crown Heights,Bedford-Stuyvesant,12,Monday,0,Spring,0.79,Low,2,1.0
South Slope,Crown Heights,22,Saturday,1,Spring,3.45,Low,1,1.0
East Harlem,West Village,17,Saturday,1,Spring,1.02,High,6,1.8
East Harlem,Inwood,21,Tuesday,0,Summer,3.28,Low,2,1.0
Flatlands,Arverne,12,Thursday,0,Spring,4.78,Low,1,1.0
Kensington,Upper West Side,23,Thursday,0,Winter,5.46,Low,1,1.0
East Harlem,Bedford-Stuyvesant,17,Sunday,1,Summer,1.66,High,3,1.8
Kensington,Hell's Kitchen,16,Saturday,1,Summer,1.38,Medium,2,1.3
Bedford-Stuyvesant,Park Slope,18,Tuesday,0,Spring,2.52,High,1,1.8
Harlem,Bedford-Stuyvesant,21,Friday,0,Spring,6.11,Low,1,1.0
Hell's Kitchen,Upper West Side,13,Thursday,0,Winter,2.48,Low,1,1.0
Crown Heights,Crown Heights,0,Sunday,1,Spring,3.22,Low,6,1.0
Kensington,East Harlem,9,Friday,0,Spring,0.24,High,1,1.8
Park Slope,Kensington,6,Monday,0,Winter,2.34,Low,1,1.0
Harlem,Bedford-Stuyvesant,14,Thursday,0,Summer,5.11,Low,1,1.0
Great Kills,Fort Hamilton,10,Friday,0,Spring,13.11,Medium,1,1.3
Upper West Side,Bedford-Stuyvesant,11,Saturday,1,Winter,1.77,Low,1,1.0
Upper West Side,Bedford-Stuyvesant,14,Wednesday,0,Winter,0.86,Low,1,1.0
Bedford-Stuyvesant,East Harlem,19,Saturday,1,Winter,3.08,High,1,1.8
Midtown,Upper West Side,23,Friday,0,Spring,1.26,Low,1,1.0
Bedford-Stuyvesant,Upper West Side,13,Wednesday,0,Winter,1.56,Low,1,1.0
Chelsea,Clinton Hill,16,Sunday,1,Winter,1.61,Medium,1,1.3
South Slope,East Harlem,7,Wednesday,0,Winter,2.53,Medium,1,1.3
Upper West Side,Clinton Hill,7,Tuesday,0,Winter,3.1,Medium,2,1.3
Bedford-Stuyvesant,Clinton Hill,11,Thursday,0,Spring,1.65,Low,6,1.0
Fort Greene,Kensington,0,Friday,0,Spring,8.23,Low,1,1.0
South Slope,Upper West Side,23,Saturday,1,Spring,2.6,Low,1,1.0
Harlem,Upper West Side,6,Saturday,1,Winter,1.13,Low,2,1.0
Midtown,South Slope,7,Tuesday,0,Spring,1.37,Medium,1,1.3
Kensington,Harlem,20,Friday,0,Winter,3.76,Medium,1,1.3
Murray Hill,Bedford-Stuyvesant,19,Wednesday,0,Summer,1.12,High,1,1.8
Upper West Side,Harlem,8,Thursday,0,Summer,1.53,High,1,1.8
Tottenville,Eltingville,14,Thursday,0,Summer,26.87,Low,1,1.0
Upper West Side,Bedford-Stuyvesant,4,Wednesday,0,Spring,6.56,Low,1,1.0
Bedford-Stuyvesant,East Harlem,16,Tuesday,0,Spring,1.11,Medium,1,1.3
Arden Heights,Sheepshead Bay,11,Wednesday,0,Spring,17.22,Low,1,1.0
Upper West Side,Upper West Side,7,Friday,0,Summer,3.18,Medium,1,1.3
"Bay Terrace, Staten Island",Fort Hamilton,9,Sunday,1,Spring,10.51,High,1,1.8
Park Slope,Williamsburg,22,Friday,0,Spring,3.65,Low,1,1.0
Kensington,Kensington,16,Sunday,1,Winter,4.3,Medium,4,1.3
Upper West Side,Clinton Hill,6,Friday,0,Winter,8.45,Low,1,1.0
Harlem,Upper East Side,19,Monday,0,Winter,1.11,High,1,1.8
Bedford-Stuyvesant,East Harlem,6,Sunday,1,Winter,1.01,Low,4,1.0
Bedford-Stuyvesant,Upper West Side,7,Tuesday,0,Winter,2.82,Medium,1,1.3
Upper West Side,Park Slope,13,Tuesday,0,Winter,4.52,Low,1,1.0
Flatbush,East Village,1,Saturday,1,Summer,3.75,Low,1,1.0
Bedford-Stuyvesant,Harlem,0,Tuesday,0,Spring,5.39,Low,2,1.0
East Harlem,Upper West Side,10,Tuesday,0,Spring,0.9,Medium,1,1.3
Upper West Side,Kensington,19,Thursday,0,Summer,6.79,High,5,1.8
Clinton Hill,Clinton Hill,9,Friday,0,Spring,0.75,High,3,1.8
Upper West Side,Chinatown,10,Tuesday,0,Summer,0.79,Medium,6,1.3
Midtown,East Harlem,13,Friday,0,Winter,0.99,Low,1,1.0
Bedford-Stuyvesant,East Village,21,Saturday,1,Winter,0.87,Low,5,1.0
Hell's Kitchen,South Slope,13,Thursday,0,Winter,4.71,Low,3,1.0
Williamsburg,Park Slope,17,Friday,0,Spring,1.97,High,1,1.8
Upper West Side,Bedford-Stuyvesant,21,Wednesday,0,Spring,0.86,Low,2,1.0
Windsor Terrace,Crown Heights,19,Thursday,0,Spring,1.3,High,1,1.8
Bedford-Stuyvesant,Kensington,13,Monday,0,Winter,3.05,Low,4,1.0
West Village,East Harlem,15,Tuesday,0,Winter,1.99,Low,6,1.0
Harlem,Crown Heights,20,Saturday,1,Spring,1.22,Medium,1,1.3
Park Slope,Inwood,2,Sunday,1,Spring,1.07,Low,1,1.0
Murray Hill,Clinton Hill,18,Thursday,0,Winter,2.11,High,6,1.8
Chinatown,Clinton Hill,21,Wednesday,0,Summer,3.15,Low,4,1.0
Bensonhurst,Oakwood,14,Friday,0,Spring,12.82,Low,1,1.0
Upper West Side,Hell's Kitchen,17,Friday,0,Winter,4.56,High,1,1.8
Clinton Hill,Bedford-Stuyvesant,16,Thursday,0,Spring,0.34,Medium,1,1.3
Crown Heights,Clinton Hill,6,Wednesday,0,Winter,0.77,Low,1,1.0
Upper West Side,Chelsea,5,Tuesday,0,Summer,2.11,Low,2,1.0
Bedford-Stuyvesant,Harlem,11,Saturday,1,Summer,3.04,Low,1,1.0
Murray Hill,Inwood,9,Monday,0,Spring,0.5,High,2,1.8
Bedford-Stuyvesant,Upper West Side,16,Thursday,0,Winter,1.2,Medium,4,1.3
East Harlem,Hell's Kitchen,19,Friday,0,Spring,6.06,High,1,1.8
East Harlem,Kensington,22,Thursday,0,Winter,4.78,Low,1,1.0
Upper West Side,Harlem,21,Sunday,1,Spring,1.08,Low,2,1.0
Upper West Side,Harlem,18,Monday,0,Winter,2.52,High,1,1.8
South Slope,Harlem,6,Friday,0,Winter,2.26,Low,1,1.0
Upper West Side,Harlem,17,Tuesday,0,Spring,1.72,High,1,1.8
Bedford-Stuyvesant,Harlem,21,Wednesday,0,Summer,13.63,Low,3,1.0
Murray Hill,Crown Heights,0,Saturday,1,Spring,1.89,Low,1,1.0
Upper West Side,Park Slope,13,Tuesday,0,Winter,1.43,Low,1,1.0
East Harlem,Upper West Side,20,Saturday,1,Spring,1.43,Medium,6,1.3
Bedford-Stuyvesant,Murray Hill,13,Wednesday,0,Summer,4.69,Low,1,1.0
Chinatown,Harlem,17,Saturday,1,Spring,1.63,High,1,1.8
Inwood,Hell's Kitchen,22,Friday,0,Winter,0.53,Low,6,1.0
Crown Heights,Fort Greene,0,Saturday,1,Winter,3.6,Low,2,1.0
Sheepshead Bay,Oakwood,14,Wednesday,0,Spring,10.59,Low,6,1.0
Sheepshead Bay,Belle Harbor,16,Saturday,1,Spring,8.42,Medium,1,1.3
Clinton Hill,Prospect-Lefferts Gardens,11,Tuesday,0,Spring,5.02,Low,1,1.0
Upper West Side,Harlem,12,Saturday,1,Winter,1.9,Low,6,1.0
Kensington,Bedford-Stuyvesant,1,Friday,0,Summer,3.72,Low,1,1.0
Woodrow,Arden Heights,5,Tuesday,0,Winter,22.79,Low,1,1.0
Upper West Side,Upper West Side,17,Saturday,1,Spring,2.2,High,1,1.8
Harlem,East Harlem,19,Friday,0,Spring,5.13,High,1,1.8
Bedford-Stuyvesant,Fort Greene,23,Sunday,1,Winter,5.02,Low,1,1.0
Upper West Side,South Slope,13,Tuesday,0,Summer,1.47,Low,1,1.0
Harlem,Hell's Kitchen,20,Wednesday,0,Spring,1.32,Medium,1,1.3
Murray Hill,Williamsburg,0,Tuesday,0,Winter,1.69,Low,1,1.0
Upper West Side,Upper West Side,23,Monday,0,Winter,0.37,Low,1,1.0
Williamsburg,Bedford-Stuyvesant,0,Sunday,1,Spring,1.94,Low,2,1.0
Upper West Side,East Harlem,13,Saturday,1,Winter,5.02,Low,1,1.0
Prince's Bay,Tottenville,0,Friday,0,Summer,18.31,Low,1,1.0
Park Slope,Fort Greene,5,Sunday,1,Spring,1.59,Low,4,1.0
Crown Heights,Park Slope,17,Friday,0,Winter,2.77,High,2,1.8
Great Kills,Bath Beach,18,Tuesday,0,Summer,11.76,High,6,1.8
Harlem,Murray Hill,12,Wednesday,0,Winter,0.71,Low,1,1.0
Upper West Side,Bedford-Stuyvesant,20,Wednesday,0,Winter,3.49,Medium,1,1.3
Harlem,Bedford-Stuyvesant,8,Wednesday,0,Winter,3.06,High,1,1.8
South Slope,Harlem,12,Saturday,1,Summer,1.47,Low,1,1.0
SoHo,Bedford-Stuyvesant,17,Sunday,1,Spring,5.16,High,1,1.8
Edgemere,Bayswater,11,Saturday,1,Winter,5.86,Low,1,1.0
East Harlem,East Harlem,0,Wednesday,0,Summer,0.9,Low,5,1.0
Inwood,East Harlem,18,Tuesday,0,Spring,3.71,High,1,1.8
West Village,Upper West Side,11,Monday,0,Winter,2.95,Low,5,1.0
Great Kills,Flatbush,18,Friday,0,Winter,14.24,High,2,1.8
Upper West Side,East Harlem,1,Saturday,1,Winter,0.87,Low,6,1.0
Crown Heights,Harlem,14,Friday,0,Spring,3.05,Low,1,1.0
Hell's Kitchen,Harlem,19,Saturday,1,Spring,4.49,High,3,1.8
Murray Hill,Upper West Side,12,Tuesday,0,Winter,4.12,Low,1,1.0
West Village,Upper West Side,14,Monday,0,Summer,0.95,Low,1,1.0
Harlem,Kensington,14,Wednesday,0,Spring,14.29,Low,1,1.0
Bedford-Stuyvesant,Bedford-Stuyvesant,4,Tuesday,0,Winter,2.11,Low,1,1.0
Inwood,Bedford-Stuyvesant,0,Saturday,1,Winter,7.02,Low,2,1.0
South Slope,Upper West Side,11,Monday,0,Winter,4.94,Low,1,1.0
Bedford-Stuyvesant,Crown Heights,21,Thursday,0,Spring,1.76,Low,1,1.0
Upper West Side,Upper West Side,8,Tuesday,0,Spring,3.79,High,1,1.8
East Harlem,Chelsea,13,Thursday,0,Spring,2.37,Low,1,1.0
Hell's Kitchen,Midtown,4,Sunday,1,Spring,2.18,Low,2,1.0
Harlem,Harlem,21,Saturday,1,Summer,2.15,Low,1,1.0
"Bay Terrace, Staten Island",Dyker Heights,23,Monday,0,Spring,14.61,Low,1,1.0
East Harlem,Hell's Kitchen,3,Sunday,1,Summer,0.95,Low,1,1.0
Harlem,East Harlem,19,Tuesday,0,Summer,2.91,High,1,1.8
Upper West Side,Clinton Hill,13,Monday,0,Spring,3.75,Low,1,1.0
Williamsburg,Upper West Side,23,Thursday,0,Spring,9.18,Low,1,1.0
Harlem,Bedford-Stuyvesant,6,Friday,0,Summer,0.93,Low,1,1.0
Fort Greene,Bedford-Stuyvesant,4,Monday,0,Spring,8.79,Low,1,1.0
Sheepshead Bay,Great Kills,8,Friday,0,Spring,7.41,High,1,1.8
Murray Hill,Fort Greene,18,Wednesday,0,Spring,1.43,High,1,1.8
Harlem,Midtown,12,Monday,0,Spring,8.28,Low,1,1.0
Chinatown,West Village,3,Sunday,1,Winter,0.83,Low,1,1.0
Concord,Flatlands,14,Saturday,1,Spring,0.96,Low,1,1.0
Park Slope,Park Slope,19,Saturday,1,Spring,1.5,High,6,1.8
Kensington,Clinton Hill,11,Thursday,0,Summer,2.07,Low,1,1.0
Park Slope,Kensington,16,Monday,0,Spring,1.39,Medium,1,1.3
Park Slope,Upper West Side,20,Wednesday,0,Spring,0.87,Medium,5,1.3
Upper West Side,Hell's Kitchen,12,Wednesday,0,Summer,0.96,Low,2,1.0
Harlem,Harlem,9,Tuesday,0,Spring,0.83,High,1,1.8
Kensington,Chinatown,2,Tuesday,0,Winter,5.65,Low,1,1.0
Clinton Hill,Upper West Side,17,Thursday,0,Winter,6.55,High,2,1.8
Arverne,Arverne,15,Monday,0,Winter,2.36,Low,5,1.0
Upper West Side,Kensington,8,Tuesday,0,Spring,1.67,High,1,1.8
Williamsburg,East Harlem,17,Saturday,1,Spring,2.65,High,4,1.8
Murray Hill,Midtown,9,Saturday,1,Spring,1.14,High,5,1.8
East Village,Bedford-Stuyvesant,12,Tuesday,0,Spring,0.81,Low,1,1.0
East Village,South Slope,15,Sunday,1,Winter,3.39,Low,1,1.0
West Village,Upper West Side,17,Tuesday,0,Spring,1.6,High,1,1.8
East Harlem,Bedford-Stuyvesant,20,Thursday,0,Summer,1.17,Medium,5,1.3
Concord,"Bay Terrace, Staten Island",6,Saturday,1,Spring,10.52,Low,1,1.0
Greenpoint,Crown Heights,0,Saturday,1,Summer,4.81,Low,1,1.0
Bedford-Stuyvesant,East Harlem,11,Wednesday,0,Spring,3.1,Low,1,1.0
Harlem,Park Slope,0,Thursday,0,Spring,1.37,Low,1,1.0
Clinton Hill,Bedford-Stuyvesant,20,Thursday,0,Spring,1.89,Medium,2,1.3
Harlem,Harlem,10,Sunday,1,Summer,3.74,Medium,2,1.3
Prince's Bay,Great Kills,14,Sunday,1,Winter,23.06,Low,2,1.0
East Harlem,Chinatown,22,Friday,0,Spring,1.39,Low,1,1.0
South Slope,West Village,10,Thursday,0,Spring,3.18,Medium,1,1.3
East Harlem,Bedford-Stuyvesant,20,Tuesday,0,Winter,0.63,Medium,1,1.3
Williamsburg,South Slope,13,Thursday,0,Spring,1.5,Low,1,1.0
Hell's Kitchen,Harlem,16,Tuesday,0,Winter,1.75,Medium,1,1.3
East Harlem,Bedford-Stuyvesant,17,Sunday,1,Spring,1.89,High,1,1.8
Lower East Side,East Harlem,22,Thursday,0,Summer,2.94,Low,1,1.0
Harlem,Upper West Side,14,Friday,0,Winter,2.17,Low,1,1.0
Kensington,Fort Greene,7,Monday,0,Spring,5.68,Medium,1,1.3
Upper West Side,Harlem,0,Saturday,1,Winter,0.8,Low,1,1.0
Chinatown,Bedford-Stuyvesant,20,Sunday,1,Spring,3.85,Medium,1,1.3
Harlem,South Slope,19,Wednesday,0,Spring,1.76,High,3,1.8
Harlem,Clinton Hill,21,Tuesday,0,Summer,4.11,Low,1,1.0
Chinatown,Midtown,8,Thursday,0,Summer,1.74,High,1,1.8
Upper West Side,Upper West Side,11,Monday,0,Winter,0.82,Low,1,1.0
South Slope,East Harlem,20,Friday,0,Winter,1.8,Medium,1,1.3
Midwood,Bath Beach,13,Wednesday,0,Winter,3.82,Low,2,1.0
Upper West Side,Bedford-Stuyvesant,15,Sunday,1,Summer,2.36,Low,1,1.0
Clinton Hill,Upper West Side,1,Saturday,1,Spring,2.24,Low,2,1.0
Harlem,Harlem,22,Wednesday,0,Winter,5.48,Low,2,1.0
Grant City,Brighton Beach,16,Tuesday,0,Spring,1.39,Medium,1,1.3
Harlem,Harlem,12,Sunday,1,Spring,6.62,Low,1,1.0
Hell's Kitchen,East Harlem,8,Monday,0,Spring,1.52,High,1,1.8
Bedford-Stuyvesant,Bedford-Stuyvesant,23,Friday,0,Winter,1.16,Low,1,1.0
Upper West Side,Kensington,6,Tuesday,0,Spring,0.72,Low,1,1.0
East Harlem,Williamsburg,18,Friday,0,Spring,2.28,High,1,1.8
South Slope,Bedford-Stuyvesant,17,Saturday,1,Spring,5.05,High,5,1.8
Harlem,Midtown,20,Wednesday,0,Winter,5.73,Medium,1,1.3
Upper West Side,East Harlem,17,Wednesday,0,Spring,1.65,High,5,1.8
Clinton Hill,South Slope,9,Monday,0,Winter,4.58,High,1,1.8
Bedford-Stuyvesant,Bedford-Stuyvesant,23,Wednesday,0,Summer,6.35,Low,5,1.0
East Village,Murray Hill,17,Saturday,1,Spring,1.92,High,1,1.8
Mill Basin,New Dorp Beach,20,Wednesday,0,Summer,15.73,Medium,1,1.3
Murray Hill,East Harlem,20,Friday,0,Winter,4.74,Medium,1,1.3
Todt Hill,New Dorp Beach,21,Sunday,1,Winter,13.07,Low,3,1.0
Hell's Kitchen,Clinton Hill,6,Wednesday,0,Summer,2.53,Low,1,1.0
Murray Hill,Harlem,10,Saturday,1,Spring,2.71,Medium,1,1.3
East Harlem,Harlem,8,Tuesday,0,Winter,2.83,High,1,1.8
Concord,Gravesend,9,Wednesday,0,Winter,1.71,High,1,1.8
Murray Hill,Kensington,19,Tuesday,0,Winter,1.04,High,1,1.8
Murray Hill,Harlem,18,Friday,0,Spring,6.68,High,2,1.8
Fort Greene,Harlem,13,Wednesday,0,Summer,5.68,Low,1,1.0
Kensington,East Harlem,16,Tuesday,0,Winter,3.36,Medium,2,1.3
Bedford-Stuyvesant,Upper West Side,14,Monday,0,Summer,1.22,Low,1,1.0
Bedford-Stuyvesant,East Harlem,18,Thursday,0,Winter,1.07,High,1,1.8
Flatbush,Fort Hamilton,12,Sunday,1,Spring,1.81,Low,1,1.0
Arden Heights,Bensonhurst,22,Wednesday,0,Spring,15.44,Low,5,1.0
Murray Hill,Hell's Kitchen,13,Saturday,1,Winter,1.47,Low,2,1.0
Prince's Bay,Prince's Bay,16,Tuesday,0,Summer,19.35,Medium,1,1.3
South Slope,Harlem,22,Tuesday,0,Spring,1.98,Low,1,1.0
Upper West Side,Inwood,3,Saturday,1,Spring,2.93,Low,1,1.0
West Village,Hell's Kitchen,0,Friday,0,Spring,2.5,Low,5,1.0
Bay Ridge,Arverne,17,Friday,0,Summer,4.55,High,2,1.8
Oakwood,Brighton Beach,17,Saturday,1,Spring,7.57,High,2,1.8
Upper West Side,Harlem,21,Saturday,1,Summer,1.42,Low,1,1.0
Bedford-Stuyvesant,Bedford-Stuyvesant,23,Tuesday,0,Spring,1.67,Low,4,1.0
Upper West Side,Upper West Side,22,Thursday,0,Summer,3.36,Low,1,1.0
Hell's Kitchen,Park Slope,21,Tuesday,0,Spring,1.73,Low,1,1.0
Upper West Side,East Harlem,17,Saturday,1,Summer,0.88,High,1,1.8
Kensington,Midtown,0,Wednesday,0,Winter,0.88,Low,1,1.0
"Bay Terrace, Staten Island",Fort Hamilton,17,Thursday,0,Spring,12.43,High,1,1.8
Hell's Kitchen,South Slope,12,Thursday,0,Winter,2.95,Low,1,1.0
Harlem,Harlem,9,Monday,0,Spring,6.0,High,1,1.8
Oakwood,Midwood,23,Saturday,1,Spring,12.47,Low,1,1.0
Great Kills,Tottenville,9,Friday,0,Spring,23.76,High,1,1.8
Harlem,Chinatown,17,Sunday,1,Summer,1.82,High,1,1.8
"Bay Terrace, Staten Island",Randall Manor,23,Monday,0,Spring,14.31,Low,2,1.0
Fort Hamilton,South Beach,18,Tuesday,0,Summer,6.62,High,1,1.8
Kensington,Bedford-Stuyvesant,23,Friday,0,Spring,2.64,Low,1,1.0
Upper West Side,South Slope,4,Wednesday,0,Spring,4.07,Low,2,1.0
Fort Greene,South Slope,20,Thursday,0,Spring,2.62,Medium,1,1.3
South Slope,Murray Hill,10,Wednesday,0,Spring,0.94,Medium,1,1.3
Bedford-Stuyvesant,East Harlem,16,Wednesday,0,Winter,2.32,Medium,1,1.3
Kensington,South Slope,12,Friday,0,Spring,1.23,Low,1,1.0
Kensington,Harlem,11,Wednesday,0,Spring,7.06,Low,5,1.0
Fort Greene,Kensington,19,Wednesday,0,Winter,2.15,High,1,1.8
South Slope,Park Slope,8,Sunday,1,Spring,0.77,High,1,1.8
Upper West Side,Harlem,18,Friday,0,Spring,0.56,High,1,1.8
Harlem,Hell's Kitchen,18,Monday,0,Spring,0.66,High,1,1.8
Rockaway Beach,Brighton Beach,7,Monday,0,Summer,2.21,Medium,1,1.3
Harlem,Kensington,19,Wednesday,0,Spring,0.8,High,1,1.8
Midtown,East Harlem,11,Friday,0,Winter,1.17,Low,1,1.0
Bedford-Stuyvesant,Bedford-Stuyvesant,17,Thursday,0,Spring,2.68,High,1,1.8
Bedford-Stuyvesant,Upper West Side,20,Thursday,0,Spring,2.15,Medium,2,1.3
East Harlem,Hell's Kitchen,17,Thursday,0,Spring,1.66,High,1,1.8
Upper West Side,Murray Hill,10,Saturday,1,Winter,2.7,Medium,1,1.3
Upper West Side,East Harlem,8,Thursday,0,Spring,1.72,High,1,1.8
East Harlem,Harlem,21,Sunday,1,Spring,1.45,Low,1,1.0
Upper West Side,East Harlem,13,Tuesday,0,Spring,0.84,Low,2,1.0
East Harlem,Bedford-Stuyvesant,19,Wednesday,0,Spring,4.47,High,1,1.8
Hell's Kitchen,Upper West Side,2,Sunday,1,Winter,1.64,Low,1,1.0
Rockaway Beach,Stapleton,23,Wednesday,0,Winter,2.78,Low,1,1.0
Inwood,Hell's Kitchen,0,Wednesday,0,Spring,1.84,Low,1,1.0
South Slope,Bedford-Stuyvesant,8,Wednesday,0,Winter,0.39,High,5,1.8
Upper West Side,Upper West Side,15,Friday,0,Spring,1.16,Low,1,1.0
South Slope,Fort Greene,21,Monday,0,Winter,1.23,Low,3,1.0
Harlem,Upper West Side,18,Monday,0,Winter,0.92,High,1,1.8
East Village,Upper West Side,17,Monday,0,Spring,2.42,High,1,1.8
Midwood,Eltingville,10,Thursday,0,Summer,17.31,Medium,1,1.3
Inwood,South Slope,1,Friday,0,Spring,1.88,Low,3,1.0
Hell's Kitchen,Fort Greene,6,Monday,0,Winter,7.81,Low,1,1.0
Upper West Side,South Slope,8,Friday,0,Winter,1.36,High,1,1.8
East Harlem,Hell's Kitchen,19,Monday,0,Winter,3.42,High,6,1.8
East Harlem,Upper West Side,13,Tuesday,0,Summer,2.11,Low,5,1.0
Fort Hamilton,Bay Ridge,21,Monday,0,Winter,1.95,Low,1,1.0
West Village,Park Slope,15,Saturday,1,Winter,0.67,Low,2,1.0
Park Slope,Fort Greene,0,Sunday,1,Summer,3.01,Low,1,1.0
Great Kills,Tottenville,11,Sunday,1,Spring,25.72,Low,2,1.0
Chinatown,Fort Greene,8,Saturday,1,Winter,5.92,High,1,1.8
Midtown,Bedford-Stuyvesant,20,Friday,0,Winter,6.4,Medium,2,1.3
Hell's Kitchen,Harlem,6,Monday,0,Spring,0.68,Low,1,1.0
Hell's Kitchen,Bedford-Stuyvesant,0,Tuesday,0,Spring,2.37,Low,1,1.0
Greenpoint,Upper West Side,0,Sunday,1,Summer,1.05,Low,6,1.0
Tottenville,Huguenot,21,Tuesday,0,Spring,20.54,Low,1,1.0
Upper West Side,Kensington,22,Saturday,1,Winter,4.34,Low,1,1.0
West Village,Fort Greene,13,Saturday,1,Spring,0.63,Low,1,1.0
East Harlem,South Slope,15,Monday,0,Winter,2.42,Low,5,1.0
East Harlem,East Harlem,7,Monday,0,Winter,2.1,Medium,1,1.3
Inwood,Murray Hill,10,Tuesday,0,Spring,0.38,Medium,1,1.3
Harlem,Upper West Side,9,Tuesday,0,Spring,1.46,High,1,1.8
Harlem,Clinton Hill,21,Tuesday,0,Spring,8.91,Low,2,1.0
East Harlem,Williamsburg,21,Wednesday,0,Spring,3.76,Low,1,1.0
Inwood,Clinton Hill,16,Saturday,1,Spring,1.64,Medium,2,1.3
Crown Heights,Bedford-Stuyvesant,19,Thursday,0,Spring,6.74,High,1,1.8
Tottenville,Woodrow,22,Wednesday,0,Summer,24.97,Low,2,1.0
Prince's Bay,Tottenville,12,Thursday,0,Winter,24.5,Low,5,1.0
Upper West Side,Harlem,17,Thursday,0,Spring,3.77,High,1,1.8
Bedford-Stuyvesant,South Slope,9,Saturday,1,Winter,2.75,High,1,1.8
Midtown,South Slope,4,Wednesday,0,Summer,1.08,Low,1,1.0
Bedford-Stuyvesant,Bedford-Stuyvesant,11,Sunday,1,Spring,0.0,Low,2,1.0
Harlem,Harlem,1,Sunday,1,Winter,7.24,Low,1,1.0
East Harlem,Bedford-Stuyvesant,19,Friday,0,Spring,1.87,High,1,1.8
Bedford-Stuyvesant,Upper West Side,17,Saturday,1,Winter,3.91,High,1,1.8
Harlem,Bedford-Stuyvesant,18,Sunday,1,Spring,0.86,High,1,1.8
East Harlem,South Slope,18,Friday,0,Spring,5.79,High,1,1.8
Upper West Side,East Harlem,20,Thursday,0,Spring,1.81,Medium,6,1.3
West Village,Bedford-Stuyvesant,7,Friday,0,Winter,2.97,Medium,4,1.3
Bensonhurst,Breezy Point,23,Friday,0,Winter,23.45,Low,3,1.0
Greenpoint,Upper West Side,6,Friday,0,Spring,1.01,Low,1,1.0
Harlem,Williamsburg,15,Monday,0,Spring,3.12,Low,1,1.0
Prince's Bay,Tottenville,0,Sunday,1,Winter,27.8,Low,1,1.0
Upper West Side,Clinton Hill,7,Saturday,1,Summer,5.66,Medium,1,1.3
Silver Lake,Midwood,9,Thursday,0,Spring,1.96,High,6,1.8
Williamsburg,Fort Greene,19,Monday,0,Spring,2.6,High,1,1.8
Harlem,East Harlem,0,Wednesday,0,Winter,2.7,Low,1,1.0
Hell's Kitchen,East Village,20,Thursday,0,Spring,5.74,Medium,1,1.3
South Slope,Bedford-Stuyvesant,19,Tuesday,0,Winter,3.35,High,1,1.8
Bedford-Stuyvesant,Clinton Hill,10,Friday,0,Spring,1.09,Medium,1,1.3
Harlem,Chinatown,9,Sunday,1,Winter,6.47,High,1,1.8
Bedford-Stuyvesant,Harlem,22,Monday,0,Summer,2.97,Low,2,1.0
Hell's Kitchen,West Village,9,Tuesday,0,Spring,0.25,High,1,1.8
South Slope,Windsor Terrace,0,Sunday,1,Winter,1.55,Low,3,1.0
Park Slope,Upper West Side,19,Sunday,1,Winter,6.45,High,1,1.8
Harlem,Harlem,8,Monday,0,Spring,0.0,High,1,1.8
Howland Hook,Westerleigh,14,Tuesday,0,Winter,1.59,Low,1,1.0
Kensington,Harlem,23,Thursday,0,Winter,1.36,Low,1,1.0
Sheepshead Bay,Bensonhurst,16,Monday,0,Spring,0.86,Medium,4,1.3
Harlem,East Harlem,16,Wednesday,0,Winter,1.29,Medium,1,1.3
Upper West Side,Midtown,22,Friday,0,Summer,10.64,Low,1,1.0
Bedford-Stuyvesant,Harlem,22,Tuesday,0,Summer,3.1,Low,1,1.0
West Village,Upper West Side,0,Wednesday,0,Summer,1.99,Low,5,1.0
Fort Greene,Bedford-Stuyvesant,1,Sunday,1,Winter,1.5,Low,2,1.0
West Village,Bedford-Stuyvesant,9,Thursday,0,Winter,0.83,High,1,1.8
Kensington,Midtown,18,Wednesday,0,Winter,4.98,High,1,1.8
Park Slope,Murray Hill,22,Thursday,0,Spring,2.55,Low,1,1.0
Upper West Side,Upper West Side,16,Saturday,1,Winter,2.62,Medium,1,1.3
Harlem,Kensington,20,Sunday,1,Winter,1.3,Medium,1,1.3
Tottenville,Tottenville,8,Saturday,1,Spring,17.23,High,1,1.8
Clifton,Brighton Beach,20,Monday,0,Winter,2.15,Medium,1,1.3
Oakwood,Bensonhurst,21,Wednesday,0,Spring,12.02,Low,3,1.0
Crown Heights,Upper West Side,1,Friday,0,Winter,3.98,Low,2,1.0
Bedford-Stuyvesant,Midtown,8,Wednesday,0,Winter,2.58,High,1,1.8
Chelsea,Upper West Side,23,Friday,0,Winter,2.1,Low,1,1.0
Harlem,Kensington,23,Sunday,1,Spring,6.19,Low,1,1.0
South Slope,Crown Heights,17,Friday,0,Spring,4.43,High,1,1.8
Midtown,Bedford-Stuyvesant,22,Sunday,1,Winter,1.62,Low,1,1.0
Murray Hill,Williamsburg,12,Monday,0,Spring,1.33,Low,1,1.0
South Slope,East Harlem,9,Wednesday,0,Summer,2.2,High,6,1.8
Harlem,West Village,17,Thursday,0,Winter,2.07,High,1,1.8
Crown Heights,Upper West Side,8,Monday,0,Winter,0.68,High,1,1.8
Midtown,East Harlem,12,Monday,0,Spring,5.07,Low,1,1.0
Williamsburg,Bedford-Stuyvesant,22,Tuesday,0,Spring,1.89,Low,2,1.0
East Harlem,East Harlem,15,Thursday,0,Spring,6.06,Low,6,1.0
Bedford-Stuyvesant,Harlem,23,Tuesday,0,Summer,9.04,Low,1,1.0
Harlem,Harlem,14,Thursday,0,Spring,2.03,Low,1,1.0
Chinatown,East Harlem,7,Tuesday,0,Spring,2.8,Medium,1,1.3
Upper West Side,Fort Greene,12,Monday,0,Spring,2.46,Low,1,1.0
Hell's Kitchen,East Harlem,19,Friday,0,Spring,3.36,High,1,1.8
Midtown,Harlem,20,Wednesday,0,Spring,4.1,Medium,1,1.3
Oakwood,Sheepshead Bay,15,Tuesday,0,Spring,17.74,Low,1,1.0
South Slope,Chinatown,2,Saturday,1,Spring,5.4,Low,1,1.0
East Harlem,South Slope,12,Friday,0,Winter,2.54,Low,1,1.0
Fort Greene,Bedford-Stuyvesant,8,Thursday,0,Summer,2.41,High,5,1.8
Prince's Bay,Arden Heights,17,Wednesday,0,Summer,4.18,High,1,1.8
Bedford-Stuyvesant,Upper West Side,11,Tuesday,0,Spring,3.94,Low,1,1.0
Arverne,Arverne,13,Thursday,0,Winter,1.78,Low,1,1.0
Clinton Hill,East Harlem,6,Tuesday,0,Winter,1.46,Low,1,1.0
Arden Heights,Midwood,15,Thursday,0,Summer,12.56,Low,6,1.0
South Slope,East Harlem,19,Sunday,1,Spring,10.21,High,1,1.8
South Slope,Upper West Side,21,Sunday,1,Winter,2.77,Low,1,1.0
East Harlem,Upper West Side,13,Thursday,0,Winter,2.28,Low,1,1.0
South Slope,Hell's Kitchen,3,Friday,0,Spring,11.83,Low,3,1.0
Upper West Side,Kensington,19,Friday,0,Spring,1.3,High,5,1.8
Park Slope,East Harlem,7,Wednesday,0,Winter,1.11,Medium,1,1.3
West Village,Harlem,10,Friday,0,Spring,3.23,Medium,1,1.3
Tottenville,Great Kills,0,Wednesday,0,Spring,8.07,Low,1,1.0
Crown Heights,West Village,10,Monday,0,Spring,1.57,Medium,1,1.3
Crown Heights,Fort Greene,8,Tuesday,0,Spring,1.91,High,1,1.8
East Harlem,West Village,21,Wednesday,0,Winter,3.97,Low,1,1.0
Bushwick,East Harlem,13,Monday,0,Winter,2.12,Low,3,1.0
Harlem,Murray Hill,19,Thursday,0,Spring,2.71,High,1,1.8
Upper West Side,Park Slope,9,Wednesday,0,Summer,3.33,High,1,1.8
Arden Heights,Bayswater,22,Monday,0,Spring,8.0,Low,2,1.0
Park Slope,Kensington,10,Thursday,0,Spring,2.79,Medium,2,1.3
Upper West Side,Bedford-Stuyvesant,14,Friday,0,Spring,4.65,Low,1,1.0
Harlem,Crown Heights,21,Wednesday,0,Winter,2.4,Low,1,1.0
Park Slope,Clinton Hill,17,Tuesday,0,Summer,0.89,High,1,1.8
Bath Beach,Oakwood,17,Friday,0,Winter,10.37,High,1,1.8
Clinton Hill,Upper West Side,15,Saturday,1,Spring,4.88,Low,1,1.0
South Slope,East Harlem,17,Tuesday,0,Winter,3.07,High,1,1.8
Kensington,East Harlem,15,Monday,0,Spring,0.64,Low,1,1.0
East Harlem,Harlem,9,Monday,0,Winter,0.82,High,1,1.8
Bedford-Stuyvesant,Murray Hill,12,Friday,0,Spring,1.99,Low,1,1.0
Inwood,Upper West Side,20,Tuesday,0,Winter,3.5,Medium,1,1.3
Castleton Corners,Midwood,12,Sunday,1,Winter,0.03,Low,1,1.0
South Slope,Park Slope,13,Sunday,1,Winter,8.48,Low,1,1.0
Williamsburg,Bedford-Stuyvesant,12,Friday,0,Spring,4.13,Low,1,1.0
Harlem,Midtown,9,Tuesday,0,Spring,0.81,High,1,1.8
Fort Greene,Upper West Side,17,Sunday,1,Spring,4.63,High,2,1.8
East Harlem,Bedford-Stuyvesant,13,Tuesday,0,Winter,4.24,Low,1,1.0
Harlem,East Harlem,15,Thursday,0,Spring,1.43,Low,1,1.0
South Slope,East Harlem,7,Thursday,0,Winter,7.57,Medium,5,1.3
Prince's Bay,Prince's Bay,18,Sunday,1,Summer,25.45,High,1,1.8
East Harlem,East Harlem,15,Sunday,1,Spring,0.31,Low,6,1.0
East Harlem,Harlem,20,Saturday,1,Spring,1.94,Medium,5,1.3
Hell's Kitchen,Upper West Side,6,Monday,0,Winter,1.58,Low,6,1.0
Harlem,Clinton Hill,22,Tuesday,0,Spring,7.94,Low,2,1.0
Upper West Side,Inwood,22,Monday,0,Winter,1.45,Low,2,1.0
Upper West Side,Midtown,17,Wednesday,0,Spring,1.08,High,1,1.8
East Harlem,Harlem,5,Tuesday,0,Spring,7.5,Low,1,1.0
Williamsburg,Upper West Side,20,Tuesday,0,Summer,1.2,Medium,1,1.3
Fort Greene,Upper West Side,14,Sunday,1,Winter,5.15,Low,4,1.0
Clinton Hill,Bedford-Stuyvesant,14,Tuesday,0,Spring,1.39,Low,1,1.0
Upper West Side,Hell's Kitchen,11,Saturday,1,Summer,1.29,Low,2,1.0
Greenpoint,South Slope,19,Monday,0,Winter,1.9,High,1,1.8
Fort Greene,Harlem,12,Tuesday,0,Spring,1.08,Low,1,1.0
Harlem,Chelsea,18,Tuesday,0,Summer,2.06,High,1,1.8
East Harlem,Harlem,11,Saturday,1,Winter,1.33,Low,5,1.0
Upper West Side,Crown Heights,21,Wednesday,0,Spring,3.91,Low,4,1.0
Bedford-Stuyvesant,Harlem,20,Tuesday,0,Spring,0.82,Medium,1,1.3
Bedford-Stuyvesant,Long Island City,23,Monday,0,Winter,2.42,Low,1,1.0
Kensington,Harlem,11,Tuesday,0,Spring,3.92,Low,1,1.0
Harlem,Kensington,13,Wednesday,0,Winter,1.69,Low,1,1.0
Chelsea,Crown Heights,3,Thursday,0,Spring,11.62,Low,1,1.0
Williamsburg,West Village,12,Friday,0,Summer,2.91,Low,5,1.0
East Harlem,Crown Heights,22,Sunday,1,Spring,9.8,Low,1,1.0
East Harlem,East Harlem,22,Monday,0,Winter,2.83,Low,2,1.0
Harlem,East Harlem,9,Friday,0,Summer,2.76,High,1,1.8
Hell's Kitchen,Upper West Side,20,Wednesday,0,Summer,2.12,Medium,1,1.3
Harlem,Hell's Kitchen,1,Thursday,0,Spring,2.72,Low,1,1.0
Fort Greene,Fort Greene,10,Thursday,0,Spring,1.14,Medium,1,1.3
Bensonhurst,Flatlands,13,Tuesday,0,Winter,1.02,Low,1,1.0
Sheepshead Bay,Rockaway Beach,22,Thursday,0,Spring,5.85,Low,5,1.0
Fort Greene,East Harlem,9,Thursday,0,Summer,2.18,High,1,1.8
Harlem,Harlem,8,Wednesday,0,Spring,0.93,High,1,1.8
East Harlem,Hell's Kitchen,14,Friday,0,Spring,2.66,Low,2,1.0
Harlem,West Village,11,Wednesday,0,Spring,2.94,Low,1,1.0
Upper West Side,Upper West Side,7,Thursday,0,Spring,1.74,Medium,5,1.3
East Harlem,Park Slope,20,Wednesday,0,Winter,1.69,Medium,1,1.3
Arverne,Arverne,14,Wednesday,0,Summer,2.33,Low,1,1.0
East Harlem,Greenpoint,18,Saturday,1,Winter,3.88,High,1,1.8
Harlem,Park Slope,0,Saturday,1,Summer,3.68,Low,1,1.0
Inwood,Park Slope,10,Thursday,0,Spring,0.25,Medium,1,1.3
Gravesend,Prince's Bay,0,Monday,0,Spring,17.19,Low,2,1.0
Upper West Side,Bedford-Stuyvesant,12,Saturday,1,Summer,0.41,Low,1,1.0
South Slope,Upper West Side,12,Thursday,0,Winter,4.29,Low,1,1.0
Upper West Side,Bedford-Stuyvesant,2,Saturday,1,Summer,2.39,Low,2,1.0
Upper West Side,Bedford-Stuyvesant,13,Saturday,1,Spring,2.41,Low,2,1.0
Tottenville,Great Kills,19,Wednesday,0,Summer,25.95,High,1,1.8
Hell's Kitchen,Williamsburg,22,Friday,0,Spring,0.74,Low,1,1.0
Upper West Side,Kensington,15,Wednesday,0,Winter,6.73,Low,1,1.0
East Harlem,Bedford-Stuyvesant,18,Sunday,1,Winter,4.34,High,1,1.8
East Harlem,Long Island City,18,Thursday,0,Spring,3.06,High,1,1.8
Upper West Side,Clinton Hill,6,Tuesday,0,Spring,7.83,Low,1,1.0
East Harlem,Clinton Hill,10,Tuesday,0,Spring,7.55,Medium,1,1.3
Midtown,East Harlem,15,Thursday,0,Summer,0.46,Low,1,1.0
Upper West Side,Clinton Hill,23,Saturday,1,Winter,0.68,Low,1,1.0
Harlem,Harlem,18,Tuesday,0,Spring,3.29,High,1,1.8
Murray Hill,West Village,11,Tuesday,0,Winter,5.67,Low,1,1.0
Chinatown,Upper West Side,16,Sunday,1,Spring,2.95,Medium,5,1.3
West Village,Upper West Side,22,Tuesday,0,Winter,3.71,Low,6,1.0
Tottenville,Tottenville,13,Monday,0,Winter,23.56,Low,1,1.0
Clinton Hill,Harlem,20,Sunday,1,Spring,1.23,Medium,2,1.3
Park Slope,Bedford-Stuyvesant,19,Wednesday,0,Summer,2.84,High,1,1.8
Bedford-Stuyvesant,Chelsea,21,Monday,0,Spring,7.43,Low,3,1.0
East Harlem,Williamsburg,1,Saturday,1,Winter,1.68,Low,1,1.0
Grant City,Gravesend,6,Sunday,1,Spring,2.64,Low,1,1.0
Midwood,Fort Hamilton,6,Wednesday,0,Spring,2.07,Low,1,1.0
Williamsburg,Inwood,22,Monday,0,Spring,2.8,Low,1,1.0
East Harlem,Harlem,18,Friday,0,Spring,1.35,High,1,1.8
Harlem,Harlem,17,Tuesday,0,Winter,1.73,High,1,1.8
Crown Heights,Bedford-Stuyvesant,19,Saturday,1,Winter,11.37,High,2,1.8
South Slope,Hell's Kitchen,11,Friday,0,Spring,1.75,Low,2,1.0
Fort Greene,Clinton Hill,9,Tuesday,0,Winter,0.92,High,1,1.8
Inwood,Williamsburg,0,Wednesday,0,Spring,10.94,Low,1,1.0
Crown Heights,East Village,19,Friday,0,Spring,2.26,High,6,1.8
West Village,East Harlem,23,Friday,0,Spring,1.16,Low,2,1.0
Upper West Side,Crown Heights,20,Saturday,1,Winter,0.84,Medium,3,1.3
Upper West Side,Clinton Hill,10,Wednesday,0,Winter,4.19,Medium,1,1.3
Harlem,Upper West Side,17,Friday,0,Spring,1.58,High,2,1.8
Midwood,Arverne,16,Thursday,0,Winter,1.61,Medium,1,1.3
Harlem,Hell's Kitchen,12,Friday,0,Summer,1.03,Low,2,1.0
Fort Hamilton,Fort Hamilton,6,Monday,0,Spring,3.67,Low,1,1.0
East Harlem,Chinatown,21,Sunday,1,Spring,2.42,Low,1,1.0
East Harlem,Williamsburg,20,Wednesday,0,Spring,0.72,Medium,2,1.3
Williamsburg,Inwood,21,Saturday,1,Spring,2.59,Low,1,1.0
Arverne,Mill Basin,19,Sunday,1,Summer,2.29,High,1,1.8
Williamsburg,Upper West Side,13,Wednesday,0,Winter,1.03,Low,1,1.0
Harlem,East Harlem,4,Friday,0,Winter,3.53,Low,1,1.0
Inwood,Chelsea,20,Thursday,0,Summer,4.54,Medium,5,1.3
Harlem,Hell's Kitchen,1,Sunday,1,Spring,2.07,Low,1,1.0
South Slope,Bedford-Stuyvesant,19,Tuesday,0,Summer,1.21,High,5,1.8
Park Slope,East Harlem,12,Sunday,1,Spring,1.87,Low,1,1.0
Tottenville,Woodrow,12,Friday,0,Winter,24.8,Low,4,1.0
Arden Heights,Brighton Beach,1,Thursday,0,Spring,2.84,Low,1,1.0
Clinton Hill,East Harlem,19,Sunday,1,Winter,2.13,High,1,1.8
Tottenville,Prince's Bay,19,Saturday,1,Winter,27.74,High,1,1.8
South Slope,Bedford-Stuyvesant,18,Friday,0,Spring,6.94,High,1,1.8
Greenpoint,Crown Heights,21,Friday,0,Spring,1.96,Low,1,1.0
Flatlands,Shore Acres,10,Monday,0,Spring,2.31,Medium,1,1.3
Upper West Side,Upper West Side,19,Tuesday,0,Spring,3.19,High,1,1.8
Upper West Side,South Slope,6,Friday,0,Spring,0.73,Low,5,1.0
Upper West Side,Harlem,9,Wednesday,0,Spring,6.32,High,1,1.8
Upper West Side,Harlem,16,Monday,0,Winter,1.08,Medium,1,1.3
Fort Greene,Upper West Side,3,Sunday,1,Spring,1.85,Low,1,1.0
South Slope,Upper West Side,19,Sunday,1,Winter,1.68,High,5,1.8
East Flatbush,Rockaway Beach,17,Wednesday,0,Summer,2.68,High,1,1.8
Murray Hill,West Village,23,Wednesday,0,Winter,1.25,Low,1,1.0
Harlem,Murray Hill,8,Wednesday,0,Winter,1.76,High,1,1.8
Bedford-Stuyvesant,Chinatown,22,Monday,0,Spring,8.04,Low,1,1.0
Williamsburg,Midtown,12,Sunday,1,Summer,2.51,Low,1,1.0
Williamsburg,Murray Hill,7,Friday,0,Winter,1.51,Medium,1,1.3
Flatlands,Gravesend,11,Tuesday,0,Summer,4.69,Low,1,1.0
Dongan Hills,Woodrow,17,Friday,0,Winter,12.45,High,1,1.8
Arverne,Fort Hamilton,16,Tuesday,0,Spring,4.02,Medium,1,1.3
Crown Heights,South Slope,14,Monday,0,Spring,0.47,Low,3,1.0
Bedford-Stuyvesant,Bedford-Stuyvesant,4,Monday,0,Winter,9.42,Low,1,1.0
Rossville,Tottenville,12,Tuesday,0,Winter,23.92,Low,1,1.0
Upper West Side,Upper West Side,11,Thursday,0,Winter,1.42,Low,1,1.0
East Harlem,Kensington,17,Saturday,1,Spring,8.77,High,1,1.8
Upper West Side,South Slope,0,Saturday,1,Winter,1.07,Low,2,1.0
Upper West Side,East Harlem,16,Monday,0,Spring,1.14,Medium,1,1.3
Clinton Hill,Bedford-Stuyvesant,11,Thursday,0,Summer,0.74,Low,1,1.0
Bedford-Stuyvesant,Greenpoint,0,Tuesday,0,Spring,4.16,Low,2,1.0
New Dorp Beach,Fort Hamilton,7,Saturday,1,Spring,12.19,Medium,5,1.3
Tottenville,Great Kills,10,Friday,0,Winter,25.48,Medium,5,1.3
Upper West Side,Upper West Side,11,Saturday,1,Spring,1.42,Low,1,1.0
East Harlem,East Harlem,7,Monday,0,Summer,2.52,Medium,1,1.3
Chinatown,Upper West Side,11,Saturday,1,Spring,1.44,Low,1,1.0
Fort Greene,East Harlem,11,Friday,0,Winter,0.75,Low,1,1.0
Harlem,Clinton Hill,20,Friday,0,Spring,2.27,Medium,1,1.3
Upper West Side,East Harlem,12,Saturday,1,Winter,1.57,Low,1,1.0
Bedford-Stuyvesant,Upper West Side,8,Wednesday,0,Winter,1.99,High,2,1.8
Crown Heights,Bedford-Stuyvesant,10,Monday,0,Spring,0.83,Medium,5,1.3
Bedford-Stuyvesant,East Harlem,14,Saturday,1,Spring,1.3,Low,1,1.0
East Harlem,Chinatown,6,Thursday,0,Winter,1.29,Low,1,1.0
Crown Heights,Midtown,8,Friday,0,Winter,3.52,High,1,1.8
Harlem,Bedford-Stuyvesant,16,Thursday,0,Spring,5.0,Medium,5,1.3
Sheepshead Bay,Arverne,8,Monday,0,Summer,1.02,High,1,1.8
Park Slope,South Slope,18,Monday,0,Winter,4.47,High,1,1.8
Hell's Kitchen,West Village,19,Wednesday,0,Summer,4.18,High,2,1.8
Bedford-Stuyvesant,South Slope,0,Sunday,1,Winter,0.68,Low,1,1.0
Greenpoint,Clinton Hill,19,Tuesday,0,Winter,3.7,High,1,1.8
East Flatbush,Oakwood,16,Tuesday,0,Winter,13.91,Medium,1,1.3
Park Slope,Fort Greene,20,Saturday,1,Spring,0.81,Medium,1,1.3
Upper West Side,East Harlem,14,Wednesday,0,Spring,2.09,Low,3,1.0
Rosedale,Oakwood,14,Thursday,0,Spring,33.7,Low,1,1.0
Williamsburg,South Slope,12,Sunday,1,Spring,1.76,Low,1,1.0
East Harlem,Harlem,18,Monday,0,Spring,1.23,High,2,1.8
Woodrow,Tottenville,5,Friday,0,Spring,24.04,Low,1,1.0
East Harlem,Bedford-Stuyvesant,18,Thursday,0,Winter,1.19,High,1,1.8
Prince's Bay,Tottenville,14,Sunday,1,Winter,0.11,Low,6,1.0
East Harlem,Upper West Side,20,Tuesday,0,Winter,8.44,Medium,1,1.3
Upper West Side,Harlem,20,Tuesday,0,Spring,1.33,Medium,1,1.3
Eltingville,St. George,10,Saturday,1,Spring,20.43,Medium,1,1.3
Upper West Side,Hell's Kitchen,12,Tuesday,0,Spring,1.05,Low,2,1.0
East Harlem,Bedford-Stuyvesant,20,Tuesday,0,Summer,2.05,Medium,2,1.3
Murray Hill,East Harlem,19,Friday,0,Winter,4.48,High,1,1.8
Williamsburg,Clinton Hill,23,Thursday,0,Spring,4.32,Low,1,1.0
Harlem,Upper West Side,19,Sunday,1,Spring,2.47,High,1,1.8
Midtown,Hell's Kitchen,13,Thursday,0,Summer,2.18,Low,1,1.0
Williamsburg,Hell's Kitchen,23,Thursday,0,Winter,3.9,Low,1,1.0
Flatbush,Williamsburg,22,Wednesday,0,Spring,5.26,Low,1,1.0
Castleton Corners,Bensonhurst,23,Monday,0,Spring,2.51,Low,1,1.0
West Village,Crown Heights,23,Friday,0,Summer,10.47,Low,5,1.0
Upper West Side,Clinton Hill,23,Saturday,1,Summer,2.15,Low,3,1.0
Clifton,Flatlands,8,Thursday,0,Spring,3.53,High,1,1.8
Bedford-Stuyvesant,Upper West Side,20,Sunday,1,Winter,0.42,Medium,2,1.3
East Harlem,South Slope,12,Friday,0,Winter,0.63,Low,2,1.0
Great Kills,Canarsie,20,Thursday,0,Spring,14.23,Medium,1,1.3
Bushwick,South Slope,4,Wednesday,0,Winter,1.94,Low,1,1.0
Clinton Hill,South Slope,23,Sunday,1,Spring,0.69,Low,1,1.0
Tottenville,Huguenot,6,Saturday,1,Winter,23.66,Low,1,1.0
Crown Heights,Crown Heights,10,Wednesday,0,Winter,3.21,Medium,6,1.3
Harlem,Fort Greene,18,Thursday,0,Winter,1.67,High,1,1.8
Bedford-Stuyvesant,Harlem,9,Monday,0,Spring,5.13,High,1,1.8
Clinton Hill,South Slope,15,Friday,0,Winter,0.27,Low,1,1.0
Williamsburg,Bedford-Stuyvesant,11,Sunday,1,Summer,4.02,Low,2,1.0
Bedford-Stuyvesant,Chelsea,12,Saturday,1,Spring,0.85,Low,1,1.0
Harlem,Upper West Side,14,Friday,0,Spring,1.91,Low,1,1.0
Upper West Side,West Village,8,Thursday,0,Winter,3.51,High,1,1.8
Hell's Kitchen,Harlem,19,Thursday,0,Spring,8.29,High,6,1.8
West Village,Bedford-Stuyvesant,20,Sunday,1,Spring,5.7,Medium,1,1.3
Chelsea,Harlem,8,Thursday,0,Spring,1.33,High,1,1.8
West Village,Bedford-Stuyvesant,11,Saturday,1,Winter,6.91,Low,1,1.0
East Harlem,East Harlem,15,Thursday,0,Winter,1.25,Low,1,1.0
Bedford-Stuyvesant,East Harlem,8,Monday,0,Winter,1.89,High,5,1.8
Sheepshead Bay,Prince's Bay,22,Monday,0,Spring,17.39,Low,1,1.0
Williamsburg,Chinatown,14,Sunday,1,Winter,6.55,Low,1,1.0
Harlem,Williamsburg,0,Sunday,1,Winter,2.01,Low,2,1.0
Park Slope,Harlem,0,Sunday,1,Spring,1.25,Low,2,1.0
East Village,Harlem,15,Monday,0,Spring,3.46,Low,1,1.0
Bedford-Stuyvesant,Bedford-Stuyvesant,23,Friday,0,Summer,3.76,Low,2,1.0
Harlem,Harlem,15,Thursday,0,Spring,1.48,Low,1,1.0
Great Kills,Arden Heights,5,Friday,0,Winter,18.65,Low,2,1.0
Upper West Side,Bedford-Stuyvesant,22,Thursday,0,Spring,3.13,Low,3,1.0
Midtown,Park Slope,19,Sunday,1,Spring,7.13,High,1,1.8
Clinton Hill,Bedford-Stuyvesant,10,Thursday,0,Winter,2.48,Medium,1,1.3
Oakwood,New Dorp Beach,19,Wednesday,0,Spring,9.18,High,1,1.8
Upper West Side,West Village,0,Tuesday,0,Spring,0.79,Low,1,1.0
South Slope,West Village,18,Friday,0,Summer,1.07,High,1,1.8
Murray Hill,Harlem,2,Friday,0,Spring,5.25,Low,5,1.0
West Village,East Harlem,3,Sunday,1,Spring,3.6,Low,2,1.0
South Slope,Upper West Side,10,Saturday,1,Winter,1.26,Medium,1,1.3
Upper West Side,Crown Heights,17,Monday,0,Spring,1.21,High,1,1.8
Gravesend,"Bay Terrace, Staten Island",11,Thursday,0,Spring,10.96,Low,1,1.0
Upper West Side,Fort Greene,8,Tuesday,0,Winter,1.33,High,1,1.8
East Harlem,East Harlem,6,Saturday,1,Spring,10.24,Low,1,1.0
Upper West Side,Midtown,10,Wednesday,0,Spring,2.05,Medium,1,1.3
Murray Hill,Crown Heights,21,Sunday,1,Spring,1.85,Low,1,1.0
Edgemere,Arverne,16,Tuesday,0,Spring,3.49,Medium,1,1.3
Inwood,Upper West Side,8,Tuesday,0,Summer,2.9,High,1,1.8
Fort Greene,Upper West Side,14,Saturday,1,Winter,1.38,Low,5,1.0
Harlem,Upper West Side,22,Sunday,1,Winter,2.42,Low,4,1.0
Upper West Side,Harlem,14,Tuesday,0,Spring,1.41,Low,1,1.0
Upper West Side,East Harlem,6,Tuesday,0,Spring,5.3,Low,1,1.0
Upper West Side,Upper West Side,12,Monday,0,Winter,2.73,Low,1,1.0
Upper West Side,Bedford-Stuyvesant,13,Thursday,0,Spring,1.38,Low,1,1.0
Bushwick,Murray Hill,22,Tuesday,0,Spring,2.53,Low,1,1.0
Chelsea,Harlem,12,Monday,0,Summer,1.78,Low,1,1.0
East Harlem,West Village,5,Friday,0,Winter,0.72,Low,1,1.0
Clinton Hill,Crown Heights,8,Friday,0,Winter,9.47,High,1,1.8
Harlem,Bedford-Stuyvesant,22,Monday,0,Winter,7.85,Low,1,1.0
Harlem,Hell's Kitchen,12,Monday,0,Winter,1.1,Low,1,1.0
Murray Hill,Upper West Side,9,Saturday,1,Spring,0.6,High,1,1.8
West Village,East Harlem,5,Saturday,1,Summer,2.64,Low,1,1.0
Upper West Side,Hell's Kitchen,13,Thursday,0,Summer,2.09,Low,1,1.0
Bedford-Stuyvesant,Upper West Side,19,Monday,0,Winter,0.72,High,1,1.8
Chinatown,Upper West Side,13,Friday,0,Winter,1.08,Low,1,1.0
Upper West Side,East Harlem,11,Saturday,1,Spring,5.25,Low,5,1.0
Inwood,East Harlem,22,Thursday,0,Summer,2.98,Low,1,1.0
Upper West Side,East Harlem,8,Tuesday,0,Spring,3.24,High,1,1.8
South Slope,East Village,18,Sunday,1,Summer,1.38,High,2,1.8
Hell's Kitchen,East Harlem,15,Sunday,1,Winter,1.14,Low,1,1.0
Upper West Side,Fort Greene,14,Saturday,1,Spring,0.89,Low,2,1.0
Harlem,Midtown,15,Thursday,0,Summer,2.75,Low,1,1.0
Bedford-Stuyvesant,South Slope,21,Wednesday,0,Winter,2.11,Low,1,1.0
Fort Greene,Chinatown,20,Tuesday,0,Spring,2.87,Medium,2,1.3
Fort Hamilton,Flatlands,0,Monday,0,Spring,1.58,Low,2,1.0
Williamsburg,Harlem,19,Monday,0,Winter,1.3,High,1,1.8
East Harlem,West Village,2,Sunday,1,Spring,2.52,Low,2,1.0
Kensington,West Village,20,Thursday,0,Spring,1.35,Medium,5,1.3
Williamsburg,Fort Greene,4,Sunday,1,Winter,1.6,Low,3,1.0
South Slope,Upper West Side,22,Thursday,0,Spring,5.82,Low,1,1.0
Inwood,Park Slope,22,Sunday,1,Spring,2.55,Low,1,1.0
Upper West Side,Clinton Hill,12,Saturday,1,Winter,0.9,Low,1,1.0
Chelsea,Bedford-Stuyvesant,22,Friday,0,Spring,1.14,Low,6,1.0
Harlem,Upper West Side,1,Wednesday,0,Spring,6.88,Low,1,1.0
South Slope,Fort Greene,11,Saturday,1,Spring,1.05,Low,2,1.0
East Harlem,Upper West Side,21,Sunday,1,Spring,2.58,Low,1,1.0
Chinatown,Upper West Side,7,Thursday,0,Spring,1.63,Medium,1,1.3
Hell's Kitchen,Upper West Side,12,Tuesday,0,Winter,0.5,Low,1,1.0
Williamsburg,Inwood,13,Saturday,1,Spring,3.71,Low,1,1.0
Tottenville,Great Kills,22,Tuesday,0,Spring,23.66,Low,2,1.0
East Harlem,Bedford-Stuyvesant,6,Tuesday,0,Winter,2.04,Low,2,1.0
Upper West Side,East Harlem,10,Friday,0,Spring,3.12,Medium,1,1.3
Bedford-Stuyvesant,South Slope,18,Saturday,1,Summer,1.5,High,2,1.8
Bedford-Stuyvesant,South Slope,12,Tuesday,0,Spring,7.97,Low,1,1.0
Bedford-Stuyvesant,South Slope,1,Monday,0,Winter,5.49,Low,2,1.0
Upper West Side,Upper West Side,10,Saturday,1,Spring,0.81,Medium,1,1.3
Harlem,Crown Heights,0,Friday,0,Spring,3.0,Low,2,1.0
Fort Greene,Bedford-Stuyvesant,14,Thursday,0,Winter,3.98,Low,1,1.0
East Harlem,Fort Greene,14,Wednesday,0,Winter,3.15,Low,1,1.0
Murray Hill,Crown Heights,16,Thursday,0,Winter,1.92,Medium,1,1.3
Inwood,Upper West Side,2,Saturday,1,Spring,7.76,Low,1,1.0
Bedford-Stuyvesant,Hell's Kitchen,17,Friday,0,Spring,1.59,High,1,1.8
South Slope,Chinatown,7,Sunday,1,Spring,3.86,Medium,1,1.3
West Village,East Harlem,0,Sunday,1,Spring,0.77,Low,1,1.0
East Harlem,West Village,20,Thursday,0,Summer,3.94,Medium,2,1.3
Upper West Side,Park Slope,19,Friday,0,Spring,8.62,High,1,1.8
Midtown,Upper West Side,18,Monday,0,Spring,1.93,High,1,1.8
Bedford-Stuyvesant,Fort Greene,21,Thursday,0,Winter,1.31,Low,1,1.0
Hell's Kitchen,East Harlem,16,Tuesday,0,Summer,1.26,Medium,1,1.3
Mill Basin,Clifton,16,Monday,0,Winter,0.79,Medium,1,1.3
Park Slope,South Slope,21,Sunday,1,Summer,1.82,Low,5,1.0
Bedford-Stuyvesant,Park Slope,13,Friday,0,Summer,0.97,Low,1,1.0
West Village,Bedford-Stuyvesant,14,Monday,0,Spring,3.11,Low,2,1.0
Upper West Side,East Harlem,5,Friday,0,Winter,4.43,Low,1,1.0
Murray Hill,Upper West Side,15,Friday,0,Spring,1.48,Low,1,1.0
Fort Greene,East Harlem,17,Wednesday,0,Spring,1.12,High,1,1.8
Hell's Kitchen,East Harlem,0,Thursday,0,Spring,1.37,Low,1,1.0
Inwood,South Slope,4,Sunday,1,Spring,6.98,Low,1,1.0
Kensington,Williamsburg,1,Sunday,1,Spring,0.43,Low,1,1.0
Windsor Terrace,Chelsea,15,Wednesday,0,Winter,3.42,Low,1,1.0
Borough Park,Arverne,17,Saturday,1,Winter,5.06,High,1,1.8
Rossville,Rockaway Beach,22,Friday,0,Spring,14.79,Low,1,1.0
Flatbush,Clinton Hill,23,Saturday,1,Summer,5.6,Low,1,1.0
East Harlem,Kensington,10,Tuesday,0,Spring,1.74,Medium,1,1.3
"Bay Terrace, Staten Island",Canarsie,9,Friday,0,Winter,13.47,High,1,1.8
Tottenville,Tottenville,16,Thursday,0,Summer,19.2,Medium,1,1.3
Canarsie,Mill Basin,2,Saturday,1,Winter,1.83,Low,4,1.0
Park Slope,Bedford-Stuyvesant,22,Monday,0,Spring,10.53,Low,1,1.0
Upper West Side,Midtown,9,Saturday,1,Winter,3.94,High,1,1.8
Harlem,East Harlem,15,Friday,0,Summer,1.82,Low,1,1.0
Williamsburg,Upper West Side,10,Thursday,0,Spring,1.87,Medium,1,1.3
Midtown,Williamsburg,7,Friday,0,Winter,2.7,Medium,1,1.3
Williamsburg,South Slope,5,Friday,0,Winter,1.37,Low,1,1.0
Hell's Kitchen,Murray Hill,21,Friday,0,Winter,1.29,Low,1,1.0
Fort Greene,Bedford-Stuyvesant,1,Wednesday,0,Winter,1.5,Low,1,1.0
Upper West Side,Hell's Kitchen,13,Monday,0,Spring,7.98,Low,1,1.0
Harlem,Flatbush,13,Saturday,1,Spring,3.94,Low,1,1.0
Clinton Hill,Midtown,11,Saturday,1,Spring,1.7,Low,2,1.0
Upper West Side,Upper West Side,0,Wednesday,0,Winter,6.97,Low,2,1.0
Fort Greene,Inwood,15,Wednesday,0,Winter,2.44,Low,1,1.0
Bensonhurst,Shore Acres,12,Sunday,1,Winter,3.1,Low,2,1.0
South Slope,East Harlem,11,Saturday,1,Spring,3.31,Low,1,1.0
Kensington,South Slope,17,Tuesday,0,Spring,1.28,High,1,1.8
Upper West Side,Upper West Side,9,Monday,0,Spring,3.26,High,1,1.8
Inwood,South Slope,3,Sunday,1,Winter,7.41,Low,2,1.0
East Harlem,Bedford-Stuyvesant,13,Sunday,1,Spring,1.13,Low,1,1.0
East Harlem,East Harlem,21,Monday,0,Winter,1.0,Low,1,1.0
Harlem,Upper West Side,13,Wednesday,0,Summer,1.24,Low,1,1.0
Murray Hill,East Harlem,21,Tuesday,0,Spring,2.8,Low,1,1.0
Upper West Side,East Harlem,6,Wednesday,0,Spring,2.69,Low,1,1.0
Bedford-Stuyvesant,West Village,23,Tuesday,0,Spring,0.4,Low,1,1.0
Upper West Side,East Harlem,0,Saturday,1,Spring,6.35,Low,2,1.0
West Village,Upper West Side,23,Friday,0,Winter,2.56,Low,5,1.0
Upper West Side,Upper West Side,22,Monday,0,Spring,4.28,Low,2,1.0
Murray Hill,Harlem,9,Thursday,0,Winter,2.05,High,1,1.8
East Harlem,East Harlem,17,Tuesday,0,Winter,2.32,High,1,1.8
Bedford-Stuyvesant,Park Slope,9,Saturday,1,Spring,3.2,High,1,1.8
Flatlands,Gravesend,12,Thursday,0,Spring,2.1,Low,3,1.0
Bedford-Stuyvesant,East Harlem,1,Saturday,1,Winter,1.77,Low,1,1.0
East Harlem,East Harlem,10,Thursday,0,Spring,1.25,Medium,5,1.3
Harlem,East Harlem,13,Monday,0,Spring,8.89,Low,1,1.0
East Harlem,Kensington,7,Sunday,1,Winter,2.1,Medium,1,1.3
Midtown,Chinatown,8,Sunday,1,Spring,2.38,High,2,1.8
Chelsea,Murray Hill,20,Wednesday,0,Spring,1.64,Medium,1,1.3
Bedford-Stuyvesant,East Harlem,2,Friday,0,Winter,1.78,Low,1,1.0
Bedford-Stuyvesant,Harlem,12,Saturday,1,Spring,1.63,Low,1,1.0
Upper West Side,Hell's Kitchen,12,Sunday,1,Winter,0.9,Low,2,1.0
Bedford-Stuyvesant,Hell's Kitchen,11,Saturday,1,Spring,2.47,Low,2,1.0
Fort Greene,Bedford-Stuyvesant,0,Saturday,1,Spring,6.02,Low,1,1.0
Chinatown,Greenpoint,19,Wednesday,0,Spring,2.29,High,1,1.8
Upper West Side,Midtown,7,Friday,0,Spring,2.63,Medium,1,1.3
Williamsburg,Harlem,18,Wednesday,0,Spring,3.71,High,1,1.8
Rockaway Beach,Midwood,16,Monday,0,Summer,4.75,Medium,1,1.3
South Slope,Murray Hill,10,Saturday,1,Spring,3.37,Medium,3,1.3
Clinton Hill,Greenpoint,20,Sunday,1,Spring,1.08,Medium,1,1.3
Crown Heights,Clinton Hill,19,Monday,0,Winter,1.04,High,1,1.8
Clinton Hill,East Harlem,12,Friday,0,Summer,5.15,Low,1,1.0
Bay Ridge,Bensonhurst,18,Sunday,1,Spring,0.91,High,1,1.8
Bedford-Stuyvesant,East Village,19,Wednesday,0,Winter,1.34,High,1,1.8
East Harlem,Williamsburg,11,Sunday,1,Winter,1.09,Low,1,1.0
Clinton Hill,Hell's Kitchen,1,Sunday,1,Spring,5.64,Low,1,1.0
Bedford-Stuyvesant,Harlem,15,Sunday,1,Spring,1.66,Low,1,1.0
Prince's Bay,Tottenville,7,Monday,0,Spring,27.52,Medium,4,1.3
Kensington,Kensington,7,Monday,0,Spring,0.0,Medium,2,1.3
Upper West Side,Long Island City,22,Tuesday,0,Spring,4.27,Low,2,1.0
Bedford-Stuyvesant,West Village,17,Wednesday,0,Winter,1.07,High,1,1.8
Bedford-Stuyvesant,Upper West Side,9,Sunday,1,Spring,1.28,High,1,1.8
Upper West Side,Harlem,23,Thursday,0,Winter,2.62,Low,1,1.0
East Harlem,Harlem,16,Thursday,0,Spring,1.76,Medium,1,1.3
Hell's Kitchen,Midtown,11,Friday,0,Spring,2.38,Low,1,1.0
Gravesend,Arverne,18,Wednesday,0,Winter,0.98,High,2,1.8
Gravesend,Bensonhurst,19,Sunday,1,Winter,4.14,High,1,1.8
Bedford-Stuyvesant,Harlem,10,Wednesday,0,Winter,3.68,Medium,1,1.3
Bedford-Stuyvesant,East Harlem,23,Sunday,1,Winter,1.89,Low,1,1.0
Upper West Side,Harlem,21,Saturday,1,Summer,2.61,Low,2,1.0
Rossville,Clifton,22,Thursday,0,Winter,10.37,Low,5,1.0
Murray Hill,Midtown,22,Sunday,1,Spring,1.92,Low,1,1.0
East Harlem,Hell's Kitchen,20,Monday,0,Winter,7.91,Medium,1,1.3
Upper West Side,Chelsea,22,Thursday,0,Winter,1.39,Low,5,1.0
Clinton Hill,Upper West Side,15,Saturday,1,Winter,7.12,Low,1,1.0
Midtown,Bedford-Stuyvesant,12,Wednesday,0,Spring,1.56,Low,1,1.0
East Harlem,Harlem,8,Thursday,0,Spring,1.33,High,3,1.8
East Harlem,Murray Hill,13,Thursday,0,Spring,4.46,Low,1,1.0
Bedford-Stuyvesant,Upper West Side,14,Sunday,1,Summer,2.46,Low,1,1.0
South Slope,Bedford-Stuyvesant,17,Saturday,1,Winter,1.03,High,1,1.8
Harlem,Hell's Kitchen,12,Wednesday,0,Spring,1.73,Low,2,1.0
Murray Hill,West Village,8,Monday,0,Spring,5.72,High,1,1.8
Park Slope,East Harlem,7,Monday,0,Spring,4.4,Medium,1,1.3
Upper West Side,South Slope,13,Wednesday,0,Spring,0.88,Low,1,1.0
Upper West Side,Kensington,0,Saturday,1,Spring,5.31,Low,2,1.0
South Slope,Inwood,14,Tuesday,0,Spring,2.94,Low,1,1.0
Kensington,Kensington,12,Wednesday,0,Summer,1.59,Low,1,1.0
Williamsburg,Kensington,15,Saturday,1,Summer,4.34,Low,1,1.0
Harlem,East Harlem,3,Saturday,1,Summer,9.77,Low,2,1.0
West Village,East Harlem,22,Saturday,1,Spring,1.04,Low,1,1.0
South Slope,East Harlem,21,Friday,0,Spring,1.9,Low,1,1.0
Harlem,Midtown,2,Saturday,1,Summer,9.39,Low,5,1.0
West Village,Park Slope,20,Tuesday,0,Winter,2.46,Medium,2,1.3
Harlem,South Slope,0,Sunday,1,Winter,5.42,Low,1,1.0
Great Kills,Tottenville,15,Thursday,0,Winter,24.89,Low,6,1.0
Hell's Kitchen,Hell's Kitchen,11,Monday,0,Winter,4.02,Low,1,1.0
Upper West Side,Murray Hill,18,Wednesday,0,Winter,3.48,High,1,1.8
Upper West Side,Harlem,12,Friday,0,Spring,2.56,Low,1,1.0
Murray Hill,East Harlem,20,Wednesday,0,Summer,1.29,Medium,1,1.3
Harlem,Bedford-Stuyvesant,12,Tuesday,0,Spring,1.67,Low,1,1.0
Upper West Side,Upper West Side,16,Tuesday,0,Winter,2.67,Medium,1,1.3
Bedford-Stuyvesant,Upper West Side,4,Monday,0,Spring,1.73,Low,2,1.0
Bedford-Stuyvesant,Midtown,13,Saturday,1,Spring,1.93,Low,5,1.0
East Harlem,Harlem,14,Monday,0,Spring,2.51,Low,1,1.0
Midtown,Fort Greene,9,Sunday,1,Winter,2.72,High,1,1.8
Harlem,East Harlem,11,Saturday,1,Winter,2.96,Low,1,1.0
South Slope,Bedford-Stuyvesant,21,Wednesday,0,Winter,4.13,Low,1,1.0
East Harlem,East Harlem,14,Wednesday,0,Winter,1.23,Low,2,1.0
West Village,Chinatown,23,Saturday,1,Spring,2.46,Low,1,1.0
East Harlem,Harlem,19,Thursday,0,Spring,2.64,High,1,1.8
Greenpoint,Murray Hill,23,Friday,0,Spring,1.17,Low,1,1.0
Upper West Side,Harlem,9,Monday,0,Spring,1.04,High,1,1.8
East Harlem,Clinton Hill,0,Saturday,1,Spring,1.09,Low,5,1.0
South Slope,Upper West Side,0,Tuesday,0,Summer,4.53,Low,1,1.0
Fort Greene,Bedford-Stuyvesant,20,Saturday,1,Spring,2.55,Medium,2,1.3
Fort Hamilton,Neponsit,2,Tuesday,0,Spring,14.76,Low,1,1.0
Williamsburg,Harlem,2,Saturday,1,Spring,0.96,Low,1,1.0
Upper West Side,Bedford-Stuyvesant,16,Monday,0,Summer,3.37,Medium,5,1.3
Harlem,Kensington,8,Tuesday,0,Spring,1.07,High,2,1.8
Upper West Side,Upper West Side,0,Sunday,1,Spring,3.07,Low,1,1.0
South Slope,West Village,0,Sunday,1,Spring,2.07,Low,6,1.0
Crown Heights,Kensington,22,Saturday,1,Spring,0.7,Low,6,1.0
Manhattan Beach,Great Kills,8,Saturday,1,Summer,3.93,High,1,1.8
Midtown,Harlem,14,Friday,0,Winter,0.62,Low,6,1.0
Bedford-Stuyvesant,South Slope,3,Sunday,1,Spring,2.92,Low,3,1.0
Hell's Kitchen,East Harlem,10,Friday,0,Winter,4.99,Medium,6,1.3
Crown Heights,Bedford-Stuyvesant,10,Tuesday,0,Spring,2.76,Medium,1,1.3
East Harlem,South Slope,15,Monday,0,Winter,4.87,Low,1,1.0
Bayswater,Arrochar,19,Wednesday,0,Spring,2.29,High,5,1.8
Kensington,South Slope,22,Sunday,1,Spring,0.61,Low,1,1.0
Midtown,East Harlem,22,Thursday,0,Summer,1.73,Low,1,1.0
Upper West Side,Harlem,7,Tuesday,0,Summer,1.29,Medium,6,1.3
Tottenville,"Bay Terrace, Staten Island",15,Wednesday,0,Summer,25.51,Low,1,1.0
Upper West Side,Upper West Side,20,Saturday,1,Winter,2.15,Medium,2,1.3
West Village,East Harlem,1,Wednesday,0,Winter,9.89,Low,1,1.0
Chelsea,Harlem,17,Thursday,0,Spring,3.28,High,1,1.8
Park Slope,Bedford-Stuyvesant,13,Saturday,1,Spring,3.87,Low,1,1.0
Bedford-Stuyvesant,Clinton Hill,18,Thursday,0,Winter,4.57,High,1,1.8
South Slope,East Harlem,12,Wednesday,0,Spring,1.65,Low,1,1.0
South Slope,South Slope,15,Tuesday,0,Winter,2.83,Low,1,1.0
Hell's Kitchen,East Harlem,18,Saturday,1,Summer,4.34,High,1,1.8
Bensonhurst,Bergen Beach,13,Sunday,1,Spring,0.63,Low,1,1.0
Flatlands,Sheepshead Bay,1,Saturday,1,Winter,10.35,Low,1,1.0
Midtown,Bedford-Stuyvesant,22,Wednesday,0,Spring,2.68,Low,1,1.0
Bedford-Stuyvesant,East Harlem,13,Sunday,1,Spring,1.27,Low,1,1.0
Hell's Kitchen,Murray Hill,15,Thursday,0,Winter,3.11,Low,1,1.0
Bedford-Stuyvesant,West Village,10,Sunday,1,Spring,0.93,Medium,1,1.3
Hell's Kitchen,Upper West Side,14,Tuesday,0,Spring,1.42,Low,1,1.0
Harlem,East Harlem,23,Sunday,1,Spring,0.47,Low,2,1.0
South Slope,Williamsburg,8,Monday,0,Spring,1.02,High,1,1.8
Fort Greene,East Harlem,7,Thursday,0,Spring,7.38,Medium,1,1.3
Upper West Side,Bedford-Stuyvesant,22,Tuesday,0,Spring,1.89,Low,1,1.0
Arverne,Bull's Head,21,Monday,0,Spring,1.01,Low,1,1.0
West Village,Bedford-Stuyvesant,6,Friday,0,Winter,4.15,Low,1,1.0
Fort Greene,East Harlem,10,Friday,0,Winter,3.55,Medium,4,1.3
Fort Greene,Bedford-Stuyvesant,19,Tuesday,0,Spring,1.87,High,1,1.8
Midtown,West Village,8,Thursday,0,Spring,3.1,High,1,1.8
New Springville,Brighton Beach,12,Friday,0,Summer,0.98,Low,1,1.0
Hell's Kitchen,Williamsburg,15,Monday,0,Spring,2.54,Low,1,1.0
Midtown,Harlem,14,Friday,0,Spring,2.07,Low,1,1.0
Harlem,Harlem,10,Tuesday,0,Spring,1.6,Medium,1,1.3
Borough Park,Arden Heights,14,Friday,0,Spring,12.45,Low,1,1.0
Harlem,East Harlem,20,Thursday,0,Spring,6.06,Medium,1,1.3
Upper West Side,Upper West Side,0,Sunday,1,Spring,3.23,Low,5,1.0
Bedford-Stuyvesant,Harlem,9,Friday,0,Spring,6.05,High,4,1.8
Arden Heights,Midwood,23,Tuesday,0,Summer,12.5,Low,1,1.0
Flatbush,East Harlem,0,Tuesday,0,Spring,10.39,Low,2,1.0
Upper West Side,Upper West Side,18,Monday,0,Spring,1.46,High,3,1.8
East Harlem,East Harlem,17,Sunday,1,Spring,5.5,High,1,1.8
South Slope,Fort Greene,21,Friday,0,Spring,3.25,Low,4,1.0
Hell's Kitchen,Upper West Side,17,Monday,0,Spring,3.1,High,1,1.8
Oakwood,Sheepshead Bay,18,Friday,0,Spring,15.72,High,1,1.8
Fort Greene,Upper West Side,0,Tuesday,0,Spring,2.51,Low,1,1.0
Murray Hill,Fort Greene,23,Saturday,1,Spring,0.95,Low,1,1.0
Harlem,Williamsburg,9,Friday,0,Spring,3.3,High,1,1.8
Midwood,Clifton,12,Saturday,1,Summer,1.59,Low,5,1.0
Tottenville,Great Kills,22,Tuesday,0,Spring,25.06,Low,1,1.0
East Harlem,Harlem,4,Tuesday,0,Summer,1.69,Low,1,1.0
Upper West Side,Bedford-Stuyvesant,16,Wednesday,0,Spring,2.8,Medium,1,1.3
East Harlem,Park Slope,21,Monday,0,Spring,2.23,Low,5,1.0
Park Slope,Hell's Kitchen,17,Monday,0,Spring,2.68,High,2,1.8
Murray Hill,Harlem,20,Saturday,1,Spring,2.74,Medium,4,1.3
Upper West Side,Bedford-Stuyvesant,22,Friday,0,Summer,4.08,Low,1,1.0
West Village,Harlem,17,Wednesday,0,Summer,1.29,High,2,1.8
Crown Heights,Bedford-Stuyvesant,11,Sunday,1,Winter,1.07,Low,5,1.0
Clifton,Midwood,15,Wednesday,0,Spring,1.85,Low,5,1.0
Upper West Side,East Harlem,1,Sunday,1,Winter,1.74,Low,1,1.0
Park Slope,Fort Greene,5,Monday,0,Summer,2.57,Low,1,1.0
Clinton Hill,West Village,17,Tuesday,0,Winter,1.14,High,1,1.8
Upper West Side,Bedford-Stuyvesant,12,Thursday,0,Spring,0.99,Low,1,1.0
Hell's Kitchen,Harlem,2,Sunday,1,Summer,3.84,Low,1,1.0
Oakwood,Bensonhurst,8,Tuesday,0,Winter,11.45,High,1,1.8
West Village,West Village,12,Friday,0,Spring,1.04,Low,1,1.0
Flatlands,Todt Hill,8,Friday,0,Spring,1.34,High,1,1.8
Kensington,East Harlem,13,Friday,0,Spring,2.23,Low,1,1.0
Midtown,Bedford-Stuyvesant,23,Saturday,1,Winter,3.92,Low,1,1.0
Williamsburg,Murray Hill,19,Thursday,0,Spring,7.83,High,1,1.8
Bedford-Stuyvesant,East Harlem,14,Monday,0,Winter,2.51,Low,5,1.0
Bedford-Stuyvesant,Park Slope,21,Friday,0,Spring,2.18,Low,1,1.0
West Village,Upper West Side,2,Saturday,1,Winter,2.21,Low,5,1.0
Fort Greene,East Harlem,11,Monday,0,Summer,3.55,Low,2,1.0
Murray Hill,East Harlem,16,Tuesday,0,Spring,0.9,Medium,1,1.3
East Harlem,Park Slope,19,Tuesday,0,Summer,1.55,High,1,1.8
Hell's Kitchen,East Harlem,19,Thursday,0,Spring,10.29,High,1,1.8
Hell's Kitchen,Clinton Hill,13,Wednesday,0,Spring,1.44,Low,1,1.0
Bedford-Stuyvesant,Upper West Side,11,Wednesday,0,Winter,1.47,Low,1,1.0
Bedford-Stuyvesant,Inwood,16,Tuesday,0,Summer,2.8,Medium,1,1.3
Upper West Side,Upper West Side,20,Friday,0,Spring,2.75,Medium,2,1.3
Harlem,Bedford-Stuyvesant,17,Sunday,1,Spring,6.5,High,1,1.8
Clinton Hill,Kensington,19,Thursday,0,Winter,2.27,High,1,1.8
Bedford-Stuyvesant,Bedford-Stuyvesant,19,Thursday,0,Spring,1.27,High,1,1.8
Bedford-Stuyvesant,Upper West Side,14,Monday,0,Spring,3.27,Low,1,1.0
Chelsea,Clinton Hill,9,Wednesday,0,Spring,2.73,High,4,1.8
Upper West Side,Kensington,5,Wednesday,0,Spring,3.0,Low,6,1.0
Upper West Side,Harlem,18,Thursday,0,Spring,2.04,High,1,1.8
Fort Greene,Harlem,15,Tuesday,0,Winter,1.96,Low,1,1.0
East Harlem,Bedford-Stuyvesant,8,Friday,0,Spring,1.05,High,2,1.8
Bedford-Stuyvesant,Kensington,10,Monday,0,Winter,2.33,Medium,2,1.3
Great Kills,Brighton Beach,11,Friday,0,Spring,7.11,Low,1,1.0
Crown Heights,Crown Heights,23,Tuesday,0,Spring,1.7,Low,1,1.0
Fort Greene,Bedford-Stuyvesant,0,Thursday,0,Spring,4.47,Low,1,1.0
Park Slope,Chinatown,14,Sunday,1,Winter,1.27,Low,1,1.0
Williamsburg,Harlem,21,Wednesday,0,Summer,3.7,Low,5,1.0
Hell's Kitchen,Williamsburg,11,Tuesday,0,Spring,1.59,Low,1,1.0
Midtown,Harlem,16,Sunday,1,Summer,2.73,Medium,2,1.3
Park Slope,East Harlem,18,Sunday,1,Winter,3.38,High,3,1.8
Bedford-Stuyvesant,Hell's Kitchen,20,Wednesday,0,Summer,0.99,Medium,1,1.3
Harlem,Harlem,9,Thursday,0,Summer,0.87,High,1,1.8
Huguenot,Prince's Bay,20,Friday,0,Spring,31.79,Medium,1,1.3
South Slope,East Harlem,13,Wednesday,0,Winter,3.14,Low,1,1.0
Midtown,Bedford-Stuyvesant,0,Saturday,1,Spring,3.39,Low,1,1.0
South Slope,Upper West Side,0,Sunday,1,Spring,9.63,Low,1,1.0
Kensington,East Harlem,12,Thursday,0,Summer,2.05,Low,1,1.0
Harlem,Bedford-Stuyvesant,11,Saturday,1,Winter,6.98,Low,5,1.0
Harlem,Upper West Side,21,Tuesday,0,Winter,3.98,Low,1,1.0
Upper West Side,East Harlem,18,Thursday,0,Spring,1.75,High,1,1.8
Midwood,Midwood,0,Friday,0,Winter,3.67,Low,1,1.0
Arverne,Tompkinsville,10,Saturday,1,Spring,2.11,Medium,2,1.3
East Harlem,East Harlem,23,Thursday,0,Spring,2.49,Low,1,1.0
Harlem,Upper West Side,1,Thursday,0,Spring,8.57,Low,5,1.0
East Harlem,Upper West Side,21,Tuesday,0,Spring,1.63,Low,1,1.0
East Harlem,Harlem,16,Friday,0,Spring,5.37,Medium,2,1.3
Clinton Hill,Chinatown,10,Wednesday,0,Winter,1.46,Medium,1,1.3
Flatlands,Rockaway Beach,9,Thursday,0,Winter,3.91,High,5,1.8
Harlem,Kensington,7,Friday,0,Spring,0.52,Medium,1,1.3
Kensington,West Village,22,Wednesday,0,Summer,1.97,Low,1,1.0
Upper West Side,Upper West Side,17,Monday,0,Spring,2.65,High,1,1.8
Williamsburg,Bedford-Stuyvesant,0,Tuesday,0,Spring,2.02,Low,1,1.0
Upper West Side,Murray Hill,15,Saturday,1,Winter,2.55,Low,2,1.0
East Harlem,East Harlem,17,Monday,0,Winter,2.91,High,1,1.8
Harlem,Midtown,19,Monday,0,Winter,0.21,High,1,1.8
East Harlem,Clinton Hill,11,Tuesday,0,Spring,0.74,Low,1,1.0
East Harlem,Bedford-Stuyvesant,21,Thursday,0,Spring,1.16,Low,2,1.0
Prince's Bay,Great Kills,3,Thursday,0,Spring,11.09,Low,1,1.0
Arverne,Sheepshead Bay,17,Friday,0,Summer,3.14,High,1,1.8
Clinton Hill,South Slope,18,Thursday,0,Spring,1.61,High,1,1.8
Murray Hill,Kensington,6,Tuesday,0,Spring,2.9,Low,1,1.0
Harlem,Williamsburg,15,Friday,0,Spring,2.12,Low,1,1.0
Arden Heights,Borough Park,11,Wednesday,0,Spring,13.32,Low,1,1.0
East Harlem,Harlem,1,Sunday,1,Spring,2.14,Low,1,1.0
Kensington,Hell's Kitchen,18,Sunday,1,Spring,1.81,High,1,1.8
Upper West Side,Crown Heights,18,Sunday,1,Winter,3.88,High,1,1.8
Murray Hill,South Slope,12,Tuesday,0,Spring,2.5,Low,1,1.0
Upper West Side,Bedford-Stuyvesant,7,Friday,0,Spring,1.25,Medium,1,1.3
Harlem,Bedford-Stuyvesant,14,Wednesday,0,Winter,1.32,Low,2,1.0
Crown Heights,Crown Heights,10,Tuesday,0,Summer,4.33,Medium,1,1.3
Bedford-Stuyvesant,Fort Greene,15,Wednesday,0,Winter,1.35,Low,1,1.0
Woodrow,Tottenville,12,Thursday,0,Spring,23.64,Low,1,1.0
Chinatown,Inwood,0,Friday,0,Winter,1.8,Low,1,1.0
South Slope,West Village,18,Thursday,0,Summer,4.06,High,3,1.8
Bedford-Stuyvesant,Upper West Side,19,Monday,0,Summer,1.89,High,4,1.8
Clinton Hill,Fort Greene,21,Sunday,1,Spring,2.6,Low,2,1.0
South Slope,Bedford-Stuyvesant,21,Wednesday,0,Winter,3.31,Low,1,1.0
East Harlem,Hell's Kitchen,21,Sunday,1,Spring,0.9,Low,1,1.0
Midtown,West Village,22,Saturday,1,Spring,1.92,Low,1,1.0
"Bay Terrace, Staten Island",Mill Basin,18,Sunday,1,Summer,12.11,High,1,1.8
Harlem,East Harlem,21,Thursday,0,Spring,8.74,Low,2,1.0
Fort Greene,East Harlem,20,Wednesday,0,Summer,2.09,Medium,1,1.3
Murray Hill,South Slope,7,Friday,0,Spring,0.84,Medium,4,1.3
Midtown,Park Slope,15,Thursday,0,Spring,2.22,Low,6,1.0
East Harlem,East Harlem,13,Saturday,1,Spring,1.36,Low,1,1.0
East Harlem,Bedford-Stuyvesant,10,Friday,0,Spring,10.16,Medium,5,1.3
West Village,Upper West Side,12,Friday,0,Winter,3.14,Low,1,1.0
Tottenville,Prince's Bay,0,Monday,0,Spring,19.11,Low,1,1.0
Upper West Side,Harlem,13,Monday,0,Spring,1.19,Low,6,1.0
Flatlands,Concord,11,Saturday,1,Spring,3.33,Low,3,1.0
Upper West Side,South Slope,1,Friday,0,Spring,1.73,Low,2,1.0
Clinton Hill,West Village,20,Thursday,0,Winter,4.77,Medium,1,1.3
Midtown,Upper West Side,16,Monday,0,Winter,4.57,Medium,1,1.3
East Harlem,Bedford-Stuyvesant,15,Friday,0,Spring,1.75,Low,1,1.0
Harlem,Harlem,7,Saturday,1,Winter,4.44,Medium,1,1.3
Harlem,Clinton Hill,4,Saturday,1,Spring,11.34,Low,1,1.0
Great Kills,Tottenville,22,Thursday,0,Summer,24.78,Low,1,1.0
Park Slope,Upper West Side,17,Tuesday,0,Summer,1.61,High,1,1.8
Harlem,Bedford-Stuyvesant,7,Tuesday,0,Spring,2.36,Medium,1,1.3
Upper West Side,Bedford-Stuyvesant,22,Friday,0,Summer,4.73,Low,1,1.0
East Harlem,Park Slope,9,Monday,0,Spring,4.24,High,1,1.8
Tottenville,Arden Heights,6,Monday,0,Summer,24.18,Low,1,1.0
Midtown,Harlem,9,Wednesday,0,Summer,0.96,High,1,1.8
Crown Heights,Greenpoint,0,Tuesday,0,Winter,0.41,Low,1,1.0
Upper West Side,Clinton Hill,19,Tuesday,0,Summer,1.05,High,1,1.8
South Slope,Fort Greene,9,Saturday,1,Winter,0.95,High,1,1.8
Upper West Side,Midtown,22,Monday,0,Spring,15.65,Low,1,1.0
Upper West Side,Midtown,22,Sunday,1,Spring,4.41,Low,1,1.0
Bedford-Stuyvesant,Williamsburg,13,Sunday,1,Winter,3.14,Low,1,1.0
Midwood,Borough Park,13,Friday,0,Winter,0.81,Low,1,1.0
Crown Heights,Midtown,21,Thursday,0,Spring,1.65,Low,1,1.0
Upper West Side,Upper West Side,0,Friday,0,Summer,2.0,Low,1,1.0
Bedford-Stuyvesant,South Slope,0,Sunday,1,Spring,5.35,Low,1,1.0
Sheepshead Bay,Rockaway Beach,11,Tuesday,0,Winter,2.15,Low,1,1.0
Fort Hamilton,Arverne,20,Tuesday,0,Spring,1.82,Medium,1,1.3
Harlem,Williamsburg,16,Thursday,0,Spring,1.49,Medium,2,1.3
Chinatown,Kensington,6,Wednesday,0,Spring,1.39,Low,1,1.0
East Harlem,Kensington,12,Friday,0,Winter,0.77,Low,2,1.0
Midtown,Harlem,16,Friday,0,Spring,0.36,Medium,6,1.3
Crown Heights,Inwood,21,Saturday,1,Winter,1.36,Low,4,1.0
East Harlem,West Village,14,Saturday,1,Spring,0.88,Low,2,1.0
Murray Hill,Harlem,14,Thursday,0,Spring,2.98,Low,1,1.0
Chinatown,East Harlem,17,Tuesday,0,Winter,5.58,High,3,1.8
Upper West Side,South Slope,22,Tuesday,0,Spring,1.5,Low,2,1.0
West Village,East Harlem,11,Saturday,1,Summer,2.15,Low,1,1.0
Murray Hill,Midtown,10,Friday,0,Winter,3.37,Medium,1,1.3
West Village,Park Slope,9,Thursday,0,Spring,5.65,High,1,1.8
Upper West Side,Upper West Side,19,Wednesday,0,Spring,3.21,High,1,1.8
Clifton,Bensonhurst,8,Tuesday,0,Summer,1.22,High,1,1.8
Great Kills,Borough Park,20,Wednesday,0,Spring,13.09,Medium,5,1.3
Woodrow,Woodrow,8,Saturday,1,Summer,0.01,High,1,1.8
Sheepshead Bay,Arverne,8,Friday,0,Spring,1.84,High,1,1.8
Harlem,South Slope,16,Tuesday,0,Winter,1.69,Medium,1,1.3
Chelsea,East Harlem,13,Thursday,0,Winter,2.6,Low,1,1.0
Harlem,Bedford-Stuyvesant,8,Wednesday,0,Spring,2.06,High,1,1.8
Tompkinsville,Sheepshead Bay,20,Monday,0,Summer,2.16,Medium,1,1.3
Harlem,East Harlem,1,Saturday,1,Winter,8.07,Low,1,1.0
East Harlem,Bedford-Stuyvesant,23,Saturday,1,Spring,9.85,Low,1,1.0
East Harlem,Lower East Side,18,Sunday,1,Summer,0.96,High,1,1.8
Hell's Kitchen,Harlem,10,Saturday,1,Summer,6.71,Medium,1,1.3
Upper West Side,East Harlem,10,Friday,0,Spring,1.58,Medium,1,1.3
Clifton,Arverne,11,Saturday,1,Spring,3.93,Low,1,1.0
Fort Greene,South Slope,10,Thursday,0,Spring,0.41,Medium,1,1.3
Sheepshead Bay,Sheepshead Bay,21,Sunday,1,Winter,1.06,Low,1,1.0
Midtown,Inwood,2,Saturday,1,Spring,5.6,Low,3,1.0
Harlem,Harlem,11,Friday,0,Spring,1.65,Low,1,1.0
Great Kills,Flatbush,8,Tuesday,0,Winter,13.46,High,2,1.8
Murray Hill,Bedford-Stuyvesant,22,Monday,0,Summer,3.59,Low,1,1.0
Sheepshead Bay,"Bay Terrace, Staten Island",16,Tuesday,0,Spring,11.22,Medium,1,1.3
Upper West Side,Harlem,0,Wednesday,0,Spring,0.87,Low,1,1.0
Upper West Side,East Harlem,4,Sunday,1,Spring,8.0,Low,3,1.0
Bedford-Stuyvesant,Chinatown,8,Saturday,1,Summer,1.92,High,1,1.8
Midwood,Arverne,11,Thursday,0,Winter,2.96,Low,6,1.0
South Slope,Hell's Kitchen,0,Thursday,0,Summer,3.99,Low,5,1.0
Upper West Side,Harlem,8,Thursday,0,Winter,0.58,High,1,1.8
East Harlem,Harlem,8,Tuesday,0,Winter,2.04,High,1,1.8
East Harlem,Harlem,17,Thursday,0,Spring,2.0,High,1,1.8
Hell's Kitchen,South Slope,18,Saturday,1,Winter,4.14,High,1,1.8
West Village,Fort Greene,21,Thursday,0,Spring,3.1,Low,6,1.0
Inwood,Harlem,14,Thursday,0,Spring,1.12,Low,1,1.0
East Harlem,South Slope,13,Thursday,0,Spring,1.29,Low,1,1.0
Bedford-Stuyvesant,Kensington,7,Thursday,0,Spring,1.56,Medium,2,1.3
Upper West Side,East Harlem,13,Sunday,1,Spring,5.24,Low,6,1.0
Upper West Side,Harlem,9,Friday,0,Spring,1.01,High,1,1.8
Upper West Side,Chelsea,1,Friday,0,Spring,4.7,Low,2,1.0
Bedford-Stuyvesant,Clinton Hill,11,Saturday,1,Winter,2.31,Low,1,1.0
East Harlem,East Harlem,11,Tuesday,0,Spring,4.96,Low,1,1.0
Inwood,South Slope,1,Saturday,1,Winter,3.3,Low,1,1.0
Midtown,Upper West Side,16,Tuesday,0,Winter,4.16,Medium,1,1.3
Kensington,Harlem,14,Saturday,1,Spring,1.68,Low,4,1.0
Upper West Side,Inwood,9,Wednesday,0,Spring,1.26,High,1,1.8
Arverne,Midwood,11,Sunday,1,Winter,1.93,Low,2,1.0
South Slope,Upper West Side,19,Thursday,0,Summer,1.18,High,2,1.8
Kensington,Harlem,12,Wednesday,0,Spring,5.9,Low,6,1.0
Clinton Hill,South Slope,12,Sunday,1,Spring,0.83,Low,6,1.0
East Harlem,Williamsburg,17,Monday,0,Spring,4.2,High,1,1.8
Bensonhurst,Great Kills,11,Thursday,0,Spring,12.62,Low,5,1.0
Randall Manor,Castleton Corners,8,Tuesday,0,Spring,1.49,High,2,1.8
Murray Hill,Harlem,20,Monday,0,Spring,3.77,Medium,1,1.3
Midwood,Rockaway Beach,20,Monday,0,Spring,3.02,Medium,1,1.3
Fort Greene,Williamsburg,19,Wednesday,0,Summer,0.78,High,1,1.8
East Harlem,East Harlem,15,Wednesday,0,Spring,3.28,Low,3,1.0
Upper West Side,Harlem,9,Monday,0,Winter,1.78,High,1,1.8
Upper West Side,Upper West Side,21,Wednesday,0,Spring,5.63,Low,1,1.0
Fort Hamilton,Fort Hamilton,15,Monday,0,Spring,1.04,Low,1,1.0
East Harlem,Fort Greene,11,Sunday,1,Winter,2.16,Low,1,1.0
Kensington,East Harlem,17,Thursday,0,Winter,1.94,High,2,1.8
West Village,Harlem,6,Wednesday,0,Winter,1.85,Low,1,1.0
East Harlem,Upper West Side,9,Thursday,0,Winter,0.84,High,1,1.8
South Slope,Chinatown,5,Tuesday,0,Spring,0.63,Low,2,1.0
Hell's Kitchen,Kensington,18,Monday,0,Spring,6.22,High,1,1.8
Bedford-Stuyvesant,Midtown,8,Saturday,1,Summer,1.26,High,2,1.8
Williamsburg,Harlem,5,Wednesday,0,Spring,1.12,Low,1,1.0
Fort Greene,Harlem,23,Thursday,0,Spring,3.64,Low,1,1.0
Chelsea,Inwood,22,Friday,0,Winter,0.67,Low,1,1.0
Hell's Kitchen,Bedford-Stuyvesant,7,Tuesday,0,Winter,0.51,Medium,4,1.3
Arverne,Brighton Beach,23,Monday,0,Winter,12.72,Low,1,1.0
Chinatown,Upper West Side,23,Saturday,1,Summer,5.78,Low,2,1.0
South Slope,Inwood,3,Saturday,1,Summer,0.93,Low,1,1.0
Williamsburg,Upper West Side,9,Thursday,0,Winter,2.16,High,4,1.8
Upper West Side,East Harlem,19,Wednesday,0,Spring,8.56,High,1,1.8
Clinton Hill,Midtown,10,Tuesday,0,Winter,1.63,Medium,1,1.3
Crown Heights,Upper West Side,18,Wednesday,0,Summer,2.41,High,1,1.8
Bedford-Stuyvesant,Fort Greene,8,Wednesday,0,Winter,2.68,High,1,1.8
Midtown,East Harlem,11,Saturday,1,Spring,2.39,Low,2,1.0
Upper West Side,West Village,7,Wednesday,0,Spring,0.53,Medium,1,1.3
Bedford-Stuyvesant,Midtown,7,Thursday,0,Spring,1.53,Medium,1,1.3
East Harlem,Fort Greene,14,Sunday,1,Spring,9.49,Low,2,1.0
Fort Greene,Midtown,17,Monday,0,Winter,4.29,High,1,1.8
East Harlem,Fort Greene,7,Friday,0,Summer,2.42,Medium,1,1.3
Oakwood,Bensonhurst,21,Wednesday,0,Winter,11.46,Low,5,1.0
Harlem,Clinton Hill,21,Saturday,1,Spring,2.16,Low,3,1.0
Kensington,Tottenville,22,Tuesday,0,Spring,16.31,Low,1,1.0
Bedford-Stuyvesant,Harlem,8,Wednesday,0,Spring,2.2,High,1,1.8
Inwood,Crown Heights,23,Friday,0,Spring,4.01,Low,1,1.0
Bedford-Stuyvesant,Kensington,6,Sunday,1,Winter,15.29,Low,1,1.0
East Harlem,Bedford-Stuyvesant,16,Tuesday,0,Spring,1.25,Medium,2,1.3
Great Kills,New Dorp Beach,21,Saturday,1,Spring,25.23,Low,2,1.0
Park Slope,Harlem,17,Thursday,0,Spring,1.59,High,1,1.8
Harlem,South Slope,18,Tuesday,0,Winter,1.89,High,1,1.8
Arden Heights,Arverne,16,Wednesday,0,Spring,10.56,Medium,1,1.3
Tottenville,Tottenville,11,Wednesday,0,Spring,4.19,Low,1,1.0
Tottenville,Rossville,20,Wednesday,0,Summer,25.41,Medium,1,1.3
Harlem,Fort Greene,18,Wednesday,0,Summer,3.63,High,1,1.8
Bayswater,Arden Heights,7,Wednesday,0,Spring,10.39,Medium,3,1.3
East Harlem,Greenpoint,9,Monday,0,Winter,1.35,High,1,1.8
Harlem,Fort Greene,17,Wednesday,0,Spring,1.08,High,1,1.8
Rockaway Beach,Bath Beach,15,Thursday,0,Winter,1.46,Low,5,1.0
Murray Hill,Williamsburg,23,Tuesday,0,Winter,2.77,Low,2,1.0
Crown Heights,East Harlem,11,Monday,0,Spring,5.28,Low,1,1.0
Upper West Side,Bedford-Stuyvesant,18,Monday,0,Spring,2.47,High,1,1.8
Tottenville,Prince's Bay,12,Saturday,1,Winter,21.74,Low,1,1.0
Harlem,Hell's Kitchen,12,Wednesday,0,Spring,2.48,Low,2,1.0
Fort Hamilton,Coney Island,10,Saturday,1,Spring,6.64,Medium,1,1.3
Hell's Kitchen,Chelsea,23,Sunday,1,Winter,0.88,Low,1,1.0
South Slope,Harlem,13,Saturday,1,Summer,1.45,Low,1,1.0
East Harlem,South Slope,11,Friday,0,Spring,1.31,Low,1,1.0
Arden Heights,Randall Manor,12,Thursday,0,Summer,12.71,Low,2,1.0
Hell's Kitchen,Kensington,4,Sunday,1,Spring,3.53,Low,5,1.0
Upper West Side,Clinton Hill,14,Monday,0,Winter,3.0,Low,1,1.0
Long Island City,Inwood,0,Thursday,0,Spring,2.41,Low,1,1.0
Clinton Hill,South Slope,13,Saturday,1,Winter,3.03,Low,2,1.0
Crown Heights,Hell's Kitchen,23,Saturday,1,Spring,13.43,Low,1,1.0
Hell's Kitchen,Bedford-Stuyvesant,17,Wednesday,0,Spring,3.43,High,1,1.8
West Village,East Harlem,6,Tuesday,0,Winter,2.79,Low,1,1.0
Great Kills,Brighton Beach,23,Tuesday,0,Winter,9.13,Low,1,1.0
"Bay Terrace, Staten Island",Midwood,14,Friday,0,Summer,10.11,Low,1,1.0
Harlem,Chinatown,22,Saturday,1,Summer,5.9,Low,6,1.0
Midtown,Upper West Side,19,Saturday,1,Summer,3.32,High,2,1.8
Rossville,Tottenville,16,Tuesday,0,Spring,25.2,Medium,1,1.3
Williamsburg,South Slope,1,Saturday,1,Winter,7.14,Low,1,1.0
Upper West Side,Upper West Side,21,Tuesday,0,Winter,7.38,Low,6,1.0
"Bay Terrace, Staten Island",Flatlands,8,Tuesday,0,Summer,13.98,High,1,1.8
Harlem,Upper West Side,1,Tuesday,0,Spring,6.46,Low,6,1.0
Tottenville,Huguenot,23,Saturday,1,Spring,25.49,Low,2,1.0
Bedford-Stuyvesant,Harlem,17,Saturday,1,Spring,1.0,High,2,1.8
Harlem,Murray Hill,13,Sunday,1,Spring,0.87,Low,1,1.0
Kensington,Upper West Side,6,Friday,0,Winter,3.24,Low,1,1.0
Arrochar,Gravesend,6,Wednesday,0,Winter,0.94,Low,1,1.0
Long Island City,Upper West Side,22,Wednesday,0,Summer,10.13,Low,3,1.0
Upper West Side,Chinatown,15,Tuesday,0,Spring,1.13,Low,1,1.0
Upper West Side,Hell's Kitchen,20,Tuesday,0,Winter,2.59,Medium,1,1.3
Harlem,Bedford-Stuyvesant,20,Sunday,1,Winter,2.1,Medium,1,1.3
Upper West Side,East Harlem,13,Tuesday,0,Spring,1.34,Low,1,1.0
South Slope,Kensington,11,Sunday,1,Spring,0.98,Low,1,1.0
Greenpoint,East Harlem,11,Wednesday,0,Spring,5.06,Low,1,1.0
Murray Hill,Harlem,18,Thursday,0,Winter,1.72,High,6,1.8
Midtown,Bedford-Stuyvesant,15,Sunday,1,Spring,4.18,Low,2,1.0
Park Slope,Inwood,20,Friday,0,Summer,1.01,Medium,2,1.3
Harlem,Chinatown,14,Tuesday,0,Winter,2.62,Low,1,1.0
Upper West Side,Crown Heights,17,Sunday,1,Winter,0.66,High,2,1.8
Bedford-Stuyvesant,Kensington,2,Thursday,0,Spring,6.01,Low,1,1.0
West Village,Clinton Hill,0,Thursday,0,Spring,1.21,Low,1,1.0
Upper West Side,Fort Greene,4,Saturday,1,Spring,4.68,Low,1,1.0
Hell's Kitchen,Harlem,22,Saturday,1,Spring,1.05,Low,1,1.0
Upper West Side,Harlem,12,Thursday,0,Winter,1.89,Low,1,1.0
Chelsea,South Slope,22,Monday,0,Spring,0.8,Low,1,1.0
Harlem,Inwood,23,Saturday,1,Winter,6.52,Low,1,1.0
Harlem,West Village,18,Tuesday,0,Winter,1.26,High,1,1.8
East Harlem,Upper West Side,19,Friday,0,Winter,2.53,High,1,1.8
East Harlem,Harlem,16,Monday,0,Winter,2.82,Medium,1,1.3
Harlem,Bedford-Stuyvesant,21,Monday,0,Spring,5.44,Low,1,1.0
Harlem,Chelsea,14,Tuesday,0,Spring,0.52,Low,1,1.0
South Slope,East Harlem,20,Saturday,1,Winter,2.16,Medium,1,1.3
South Slope,Harlem,20,Wednesday,0,Winter,12.25,Medium,1,1.3
Harlem,Park Slope,12,Wednesday,0,Winter,2.27,Low,1,1.0
Williamsburg,Harlem,0,Monday,0,Spring,1.1,Low,2,1.0
Upper West Side,East Village,0,Monday,0,Summer,1.99,Low,1,1.0
East Harlem,East Harlem,3,Monday,0,Summer,0.17,Low,1,1.0
Kensington,Upper West Side,21,Wednesday,0,Spring,4.47,Low,2,1.0
East Harlem,Bedford-Stuyvesant,0,Saturday,1,Spring,6.4,Low,1,1.0
Midwood,Eltingville,20,Monday,0,Winter,16.85,Medium,5,1.3
Murray Hill,Upper West Side,16,Friday,0,Spring,0.26,Medium,1,1.3
Bedford-Stuyvesant,East Harlem,7,Saturday,1,Summer,2.19,Medium,1,1.3
Kensington,Upper West Side,19,Tuesday,0,Spring,2.67,High,1,1.8
Tottenville,Eltingville,10,Friday,0,Winter,25.75,Medium,1,1.3
Murray Hill,Murray Hill,21,Thursday,0,Winter,3.16,Low,1,1.0
East Harlem,Park Slope,20,Monday,0,Winter,2.87,Medium,1,1.3
Kensington,South Slope,12,Friday,0,Spring,2.51,Low,1,1.0
Bedford-Stuyvesant,East Harlem,19,Thursday,0,Winter,1.4,High,1,1.8
Hell's Kitchen,Bedford-Stuyvesant,16,Saturday,1,Winter,4.18,Medium,1,1.3
Harlem,East Harlem,16,Friday,0,Spring,1.64,Medium,2,1.3
Upper West Side,Upper West Side,11,Friday,0,Spring,2.25,Low,1,1.0
Clinton Hill,Harlem,13,Tuesday,0,Winter,1.17,Low,1,1.0
East Harlem,Upper West Side,14,Monday,0,Summer,1.34,Low,2,1.0
Upper West Side,Clinton Hill,9,Tuesday,0,Winter,2.76,High,1,1.8
East Harlem,Chelsea,18,Saturday,1,Winter,1.12,High,4,1.8
Bedford-Stuyvesant,Bedford-Stuyvesant,13,Friday,0,Winter,0.99,Low,1,1.0
West Village,East Harlem,9,Friday,0,Spring,1.15,High,2,1.8
East Harlem,East Harlem,9,Monday,0,Spring,2.04,High,1,1.8
Upper West Side,Clinton Hill,9,Tuesday,0,Spring,1.32,High,1,1.8
Hell's Kitchen,Upper West Side,11,Monday,0,Summer,1.26,Low,1,1.0
Midtown,Crown Heights,22,Monday,0,Spring,1.0,Low,1,1.0
Bay Ridge,Gravesend,9,Sunday,1,Spring,7.42,High,2,1.8
Bedford-Stuyvesant,Harlem,9,Monday,0,Spring,2.68,High,3,1.8
Harlem,Harlem,5,Friday,0,Winter,1.37,Low,1,1.0
Bedford-Stuyvesant,West Village,2,Sunday,1,Spring,3.26,Low,1,1.0
Harlem,West Village,17,Sunday,1,Winter,1.28,High,1,1.8
Chinatown,Upper West Side,12,Monday,0,Summer,1.66,Low,1,1.0
Upper West Side,Williamsburg,20,Sunday,1,Spring,4.04,Medium,1,1.3
Bedford-Stuyvesant,Chinatown,23,Monday,0,Summer,0.76,Low,1,1.0
Crown Heights,South Slope,15,Friday,0,Winter,1.13,Low,1,1.0
Fort Greene,West Village,2,Saturday,1,Winter,2.76,Low,5,1.0
Harlem,South Slope,8,Tuesday,0,Spring,4.82,High,1,1.8
Park Slope,Park Slope,1,Saturday,1,Spring,2.15,Low,1,1.0
Harlem,Upper West Side,15,Tuesday,0,Winter,2.64,Low,1,1.0
Bedford-Stuyvesant,South Slope,19,Wednesday,0,Spring,5.61,High,1,1.8
Upper West Side,Upper West Side,7,Wednesday,0,Spring,3.29,Medium,3,1.3
Harlem,Upper West Side,5,Wednesday,0,Spring,5.92,Low,1,1.0
South Slope,Clinton Hill,21,Saturday,1,Summer,2.39,Low,1,1.0
East Harlem,Murray Hill,18,Sunday,1,Spring,1.64,High,2,1.8
Kensington,Upper West Side,20,Thursday,0,Winter,1.94,Medium,2,1.3
Harlem,East Harlem,10,Tuesday,0,Winter,2.5,Medium,1,1.3
Midwood,Great Kills,7,Friday,0,Winter,15.88,Medium,1,1.3
Crown Heights,Bedford-Stuyvesant,7,Tuesday,0,Winter,0.85,Medium,1,1.3
Harlem,Hell's Kitchen,10,Friday,0,Spring,8.7,Medium,1,1.3
West Village,South Slope,13,Thursday,0,Winter,0.74,Low,2,1.0
Clinton Hill,Midtown,21,Wednesday,0,Spring,2.36,Low,1,1.0
Upper West Side,Harlem,7,Wednesday,0,Winter,3.73,Medium,1,1.3
Harlem,Crown Heights,12,Monday,0,Winter,3.84,Low,1,1.0
Fort Greene,Inwood,11,Tuesday,0,Summer,1.5,Low,5,1.0
West Village,Chinatown,13,Sunday,1,Spring,0.97,Low,1,1.0
East Harlem,Chinatown,3,Thursday,0,Spring,4.22,Low,1,1.0
Inwood,Harlem,20,Friday,0,Winter,1.19,Medium,1,1.3
East Harlem,Hell's Kitchen,13,Tuesday,0,Spring,3.08,Low,2,1.0
Tottenville,Tottenville,19,Friday,0,Spring,29.06,High,1,1.8
Bedford-Stuyvesant,East Harlem,0,Tuesday,0,Spring,7.42,Low,5,1.0
Upper West Side,Upper West Side,12,Sunday,1,Spring,2.53,Low,1,1.0
Midtown,Chinatown,21,Monday,0,Spring,1.35,Low,1,1.0
Inwood,East Harlem,19,Tuesday,0,Spring,2.4,High,1,1.8
Midwood,Midwood,17,Saturday,1,Summer,1.85,High,4,1.8
West Village,Bedford-Stuyvesant,19,Tuesday,0,Spring,3.16,High,1,1.8
Clinton Hill,Midtown,15,Saturday,1,Summer,2.29,Low,6,1.0
Hell's Kitchen,Bedford-Stuyvesant,11,Monday,0,Spring,3.9,Low,1,1.0
Chelsea,Murray Hill,18,Thursday,0,Winter,2.31,High,1,1.8
Harlem,South Slope,11,Thursday,0,Spring,2.97,Low,1,1.0
Clinton Hill,Bedford-Stuyvesant,18,Thursday,0,Winter,4.59,High,3,1.8
Crown Heights,Chelsea,19,Wednesday,0,Spring,1.93,High,1,1.8
West Village,Harlem,9,Friday,0,Winter,1.62,High,4,1.8
Upper West Side,South Slope,13,Saturday,1,Spring,0.39,Low,1,1.0
Hell's Kitchen,South Slope,18,Thursday,0,Spring,1.94,High,3,1.8
South Slope,Murray Hill,6,Tuesday,0,Winter,2.65,Low,1,1.0
Bay Ridge,Midwood,20,Thursday,0,Spring,0.97,Medium,3,1.3
Clinton Hill,East Harlem,17,Friday,0,Winter,3.06,High,1,1.8
East Harlem,Midtown,13,Thursday,0,Summer,2.31,Low,1,1.0
Midtown,Harlem,6,Monday,0,Spring,0.95,Low,1,1.0
Upper West Side,Inwood,20,Wednesday,0,Spring,2.7,Medium,1,1.3
Harlem,Bedford-Stuyvesant,19,Wednesday,0,Winter,3.6,High,1,1.8
East Harlem,Crown Heights,20,Friday,0,Winter,6.94,Medium,2,1.3
Kensington,Inwood,18,Monday,0,Summer,0.76,High,2,1.8
Upper West Side,Bedford-Stuyvesant,3,Saturday,1,Spring,1.1,Low,1,1.0
East Harlem,Harlem,6,Friday,0,Winter,1.13,Low,1,1.0
East Harlem,Bedford-Stuyvesant,7,Friday,0,Spring,1.6,Medium,1,1.3
Midtown,East Harlem,21,Saturday,1,Spring,5.37,Low,1,1.0
Clinton Hill,Park Slope,18,Sunday,1,Spring,3.12,High,1,1.8
Upper West Side,Harlem,18,Monday,0,Spring,3.14,High,1,1.8
Fort Greene,Fort Greene,22,Sunday,1,Spring,0.96,Low,1,1.0
Park Slope,Harlem,18,Wednesday,0,Spring,3.38,High,5,1.8
Fort Greene,Murray Hill,21,Sunday,1,Spring,2.89,Low,1,1.0
Bedford-Stuyvesant,Bedford-Stuyvesant,17,Saturday,1,Spring,0.15,High,1,1.8
Harlem,Harlem,14,Saturday,1,Spring,2.04,Low,1,1.0
Murray Hill,East Harlem,0,Sunday,1,Spring,0.61,Low,1,1.0
Hell's Kitchen,South Slope,12,Saturday,1,Winter,3.54,Low,2,1.0
Harlem,Harlem,6,Tuesday,0,Spring,0.89,Low,1,1.0
East Harlem,Park Slope,13,Sunday,1,Spring,0.86,Low,1,1.0
Arrochar,South Beach,22,Monday,0,Spring,0.55,Low,1,1.0
Murray Hill,Murray Hill,7,Wednesday,0,Winter,1.36,Medium,1,1.3
Midtown,Kensington,22,Thursday,0,Spring,2.76,Low,3,1.0
Bensonhurst,Castleton Corners,10,Tuesday,0,Winter,1.79,Medium,1,1.3
Bedford-Stuyvesant,Clinton Hill,9,Thursday,0,Spring,1.53,High,1,1.8
Greenpoint,West Village,17,Sunday,1,Winter,2.07,High,5,1.8
Murray Hill,Bedford-Stuyvesant,17,Sunday,1,Summer,5.9,High,1,1.8
Murray Hill,Upper West Side,20,Thursday,0,Spring,3.03,Medium,1,1.3
Murray Hill,Kensington,7,Tuesday,0,Winter,1.89,Medium,1,1.3
Bedford-Stuyvesant,South Slope,21,Wednesday,0,Spring,8.57,Low,1,1.0
Upper West Side,Kensington,7,Monday,0,Spring,2.64,Medium,1,1.3
Bedford-Stuyvesant,Upper West Side,20,Saturday,1,Winter,0.33,Medium,1,1.3
Inwood,Bedford-Stuyvesant,14,Friday,0,Summer,1.29,Low,5,1.0
Arden Heights,Sheepshead Bay,0,Friday,0,Summer,12.27,Low,1,1.0
Bedford-Stuyvesant,Crown Heights,14,Friday,0,Spring,1.76,Low,1,1.0
Clinton Hill,East Harlem,15,Sunday,1,Spring,0.4,Low,1,1.0
Upper West Side,Upper West Side,20,Monday,0,Spring,6.37,Medium,1,1.3
Harlem,Williamsburg,20,Friday,0,Winter,0.91,Medium,1,1.3
East Harlem,Upper West Side,19,Thursday,0,Winter,1.37,High,1,1.8
Upper West Side,Bedford-Stuyvesant,6,Thursday,0,Summer,2.18,Low,1,1.0
Chelsea,Chelsea,18,Wednesday,0,Spring,0.47,High,1,1.8
Park Slope,Bedford-Stuyvesant,22,Tuesday,0,Winter,2.61,Low,1,1.0
Far Rockaway,Sheepshead Bay,21,Tuesday,0,Spring,0.44,Low,2,1.0
Borough Park,Woodrow,7,Monday,0,Spring,16.11,Medium,1,1.3
Park Slope,Park Slope,14,Tuesday,0,Spring,0.93,Low,1,1.0
Harlem,Murray Hill,15,Thursday,0,Winter,5.47,Low,1,1.0
Harlem,Bedford-Stuyvesant,3,Friday,0,Summer,1.72,Low,2,1.0
East Harlem,Harlem,15,Thursday,0,Winter,1.48,Low,1,1.0
Bedford-Stuyvesant,Upper West Side,14,Sunday,1,Spring,2.54,Low,1,1.0
Kensington,Crown Heights,20,Saturday,1,Spring,3.1,Medium,1,1.3
East Harlem,Hell's Kitchen,21,Saturday,1,Winter,3.26,Low,2,1.0
Upper West Side,Harlem,18,Saturday,1,Spring,1.0,High,1,1.8
Harlem,Fort Greene,12,Sunday,1,Spring,6.17,Low,2,1.0
Williamsburg,Park Slope,18,Monday,0,Winter,0.02,High,1,1.8
Upper West Side,Hell's Kitchen,0,Wednesday,0,Spring,2.06,Low,1,1.0
Brighton Beach,Brighton Beach,22,Sunday,1,Winter,3.59,Low,2,1.0
Upper West Side,Hell's Kitchen,10,Friday,0,Winter,2.68,Medium,1,1.3
Arverne,Far Rockaway,19,Saturday,1,Winter,1.91,High,1,1.8
Murray Hill,East Harlem,14,Friday,0,Winter,2.08,Low,2,1.0
Clinton Hill,Upper West Side,21,Monday,0,Winter,2.61,Low,1,1.0
Kensington,East Harlem,13,Tuesday,0,Spring,2.22,Low,1,1.0
Bedford-Stuyvesant,Clinton Hill,0,Monday,0,Spring,9.66,Low,1,1.0
Harlem,Upper West Side,7,Saturday,1,Spring,1.17,Medium,1,1.3
Prince's Bay,Tottenville,6,Wednesday,0,Spring,24.29,Low,1,1.0
Harlem,Murray Hill,17,Sunday,1,Spring,3.18,High,1,1.8
Harlem,East Harlem,22,Saturday,1,Summer,3.53,Low,1,1.0
Harlem,Harlem,23,Thursday,0,Winter,4.37,Low,2,1.0
Tottenville,Prince's Bay,3,Thursday,0,Winter,16.24,Low,1,1.0
Harlem,Harlem,21,Monday,0,Spring,2.54,Low,6,1.0
Bedford-Stuyvesant,Crown Heights,18,Friday,0,Summer,6.46,High,1,1.8
Bedford-Stuyvesant,Harlem,13,Tuesday,0,Winter,3.61,Low,1,1.0
Inwood,Bedford-Stuyvesant,0,Thursday,0,Spring,2.57,Low,1,1.0
Chinatown,Upper West Side,18,Thursday,0,Spring,1.64,High,1,1.8
Bedford-Stuyvesant,Bedford-Stuyvesant,18,Friday,0,Spring,4.61,High,1,1.8
Greenpoint,Inwood,2,Friday,0,Winter,0.4,Low,6,1.0
Bedford-Stuyvesant,Midtown,11,Tuesday,0,Winter,2.21,Low,1,1.0
Fort Greene,East Harlem,0,Sunday,1,Spring,3.36,Low,1,1.0
Murray Hill,East Harlem,20,Saturday,1,Spring,1.1,Medium,4,1.3
Harlem,Murray Hill,21,Saturday,1,Spring,2.13,Low,1,1.0
Bedford-Stuyvesant,Clinton Hill,9,Monday,0,Summer,0.83,High,1,1.8
Upper West Side,Midtown,8,Monday,0,Spring,1.82,High,1,1.8
Upper West Side,Fort Greene,19,Wednesday,0,Summer,2.43,High,5,1.8
Park Slope,Murray Hill,17,Saturday,1,Winter,2.67,High,1,1.8
East Harlem,Williamsburg,13,Saturday,1,Spring,5.39,Low,4,1.0
Bedford-Stuyvesant,Upper West Side,14,Friday,0,Spring,2.31,Low,1,1.0
Upper West Side,West Village,17,Friday,0,Winter,1.35,High,2,1.8
Hell's Kitchen,Upper West Side,16,Sunday,1,Winter,2.64,Medium,1,1.3
Windsor Terrace,Kensington,23,Thursday,0,Summer,3.43,Low,1,1.0
South Slope,Upper West Side,15,Saturday,1,Spring,1.33,Low,1,1.0
East Harlem,Bedford-Stuyvesant,15,Sunday,1,Spring,1.18,Low,1,1.0
Tottenville,Tottenville,20,Thursday,0,Spring,0.0,Medium,1,1.3
Bedford-Stuyvesant,Harlem,16,Tuesday,0,Spring,1.33,Medium,1,1.3
Chinatown,East Harlem,20,Sunday,1,Spring,1.6,Medium,1,1.3
Upper West Side,East Harlem,18,Sunday,1,Summer,1.0,High,1,1.8
Park Slope,East Harlem,0,Wednesday,0,Summer,3.47,Low,1,1.0
East Harlem,West Village,13,Saturday,1,Spring,1.6,Low,1,1.0
Park Slope,Murray Hill,23,Tuesday,0,Winter,2.18,Low,1,1.0
Chinatown,South Slope,22,Thursday,0,Winter,6.38,Low,1,1.0
Harlem,Hell's Kitchen,15,Friday,0,Spring,1.88,Low,1,1.0
Fort Hamilton,Grymes Hill,10,Wednesday,0,Spring,2.06,Medium,1,1.3
South Slope,East Harlem,22,Thursday,0,Winter,1.85,Low,2,1.0
Upper West Side,Upper West Side,17,Wednesday,0,Spring,7.03,High,2,1.8
Upper West Side,Williamsburg,10,Saturday,1,Summer,3.5,Medium,1,1.3
Clinton Hill,East Harlem,14,Monday,0,Winter,2.01,Low,3,1.0
Oakwood,Bensonhurst,11,Tuesday,0,Spring,11.35,Low,1,1.0
Upper West Side,Clinton Hill,13,Sunday,1,Spring,4.22,Low,1,1.0
East Harlem,Harlem,18,Friday,0,Spring,4.23,High,2,1.8
Murray Hill,Williamsburg,22,Saturday,1,Winter,2.25,Low,2,1.0
Upper West Side,Greenpoint,11,Sunday,1,Winter,4.52,Low,2,1.0
Inwood,East Harlem,0,Saturday,1,Spring,8.97,Low,1,1.0
West Village,East Harlem,10,Monday,0,Summer,3.38,Medium,2,1.3
Upper West Side,Park Slope,8,Friday,0,Winter,0.75,High,1,1.8
Fort Greene,East Harlem,20,Saturday,1,Spring,1.15,Medium,1,1.3
Park Slope,East Harlem,12,Friday,0,Spring,6.66,Low,2,1.0
Arden Heights,Midwood,21,Tuesday,0,Spring,12.52,Low,1,1.0
Harlem,Chinatown,22,Saturday,1,Winter,1.89,Low,2,1.0
Upper West Side,Upper West Side,14,Tuesday,0,Spring,1.95,Low,1,1.0
Bedford-Stuyvesant,Upper West Side,18,Tuesday,0,Winter,2.44,High,5,1.8
Fort Greene,Fort Greene,17,Thursday,0,Spring,2.86,High,1,1.8
Harlem,Clinton Hill,20,Thursday,0,Spring,1.94,Medium,5,1.3
Kensington,Harlem,23,Saturday,1,Summer,5.92,Low,1,1.0
Bedford-Stuyvesant,Kensington,13,Friday,0,Spring,1.06,Low,1,1.0
Bedford-Stuyvesant,Bedford-Stuyvesant,22,Friday,0,Winter,2.11,Low,2,1.0
Hell's Kitchen,Upper West Side,3,Saturday,1,Winter,4.18,Low,2,1.0
Harlem,East Harlem,12,Friday,0,Summer,4.42,Low,1,1.0
Williamsburg,Harlem,22,Saturday,1,Spring,8.06,Low,4,1.0
Fort Greene,Park Slope,21,Tuesday,0,Spring,3.7,Low,1,1.0
Harlem,Harlem,8,Monday,0,Spring,3.78,High,1,1.8
Hell's Kitchen,Upper West Side,18,Tuesday,0,Summer,0.5,High,5,1.8
West Village,Fort Greene,10,Friday,0,Spring,2.26,Medium,2,1.3
South Slope,Harlem,12,Wednesday,0,Spring,2.97,Low,1,1.0
Bedford-Stuyvesant,Murray Hill,22,Sunday,1,Spring,1.05,Low,1,1.0
West Village,Chinatown,10,Tuesday,0,Winter,0.82,Medium,1,1.3
Harlem,Harlem,14,Sunday,1,Winter,0.56,Low,1,1.0
East Harlem,Hell's Kitchen,8,Wednesday,0,Summer,1.61,High,1,1.8
East Harlem,Upper West Side,20,Thursday,0,Spring,3.01,Medium,1,1.3
Bay Ridge,Grymes Hill,20,Tuesday,0,Winter,1.05,Medium,1,1.3
East Harlem,Kensington,15,Wednesday,0,Winter,1.91,Low,5,1.0
Crown Heights,Chinatown,15,Sunday,1,Spring,1.39,Low,1,1.0
Tottenville,Great Kills,21,Sunday,1,Spring,22.95,Low,2,1.0
Upper West Side,East Harlem,20,Monday,0,Summer,0.41,Medium,2,1.3
South Slope,South Slope,21,Friday,0,Winter,0.88,Low,1,1.0
Upper West Side,East Harlem,10,Friday,0,Winter,3.65,Medium,1,1.3
Greenpoint,Upper West Side,8,Thursday,0,Spring,0.6,High,1,1.8
Arden Heights,Canarsie,21,Sunday,1,Summer,12.7,Low,5,1.0
Fort Greene,Harlem,14,Sunday,1,Spring,1.5,Low,1,1.0
Inwood,Upper West Side,15,Friday,0,Summer,4.92,Low,2,1.0
Bedford-Stuyvesant,Upper West Side,14,Saturday,1,Spring,0.82,Low,1,1.0
East Harlem,East Harlem,12,Thursday,0,Spring,1.42,Low,2,1.0
Chinatown,Bedford-Stuyvesant,0,Tuesday,0,Spring,8.68,Low,1,1.0
Fort Hamilton,Bath Beach,7,Saturday,1,Spring,4.75,Medium,2,1.3
East Harlem,East Harlem,18,Monday,0,Spring,5.15,High,1,1.8
Kensington,Bedford-Stuyvesant,13,Wednesday,0,Winter,1.21,Low,5,1.0
South Slope,West Village,18,Wednesday,0,Spring,8.05,High,1,1.8
East Harlem,Fort Greene,14,Sunday,1,Spring,3.6,Low,2,1.0
Bedford-Stuyvesant,Hell's Kitchen,1,Saturday,1,Winter,2.11,Low,4,1.0
Upper West Side,Midtown,22,Sunday,1,Spring,2.05,Low,1,1.0
Murray Hill,Murray Hill,17,Wednesday,0,Spring,2.59,High,1,1.8
East Harlem,Upper West Side,19,Monday,0,Spring,3.09,High,1,1.8
Chinatown,West Village,7,Wednesday,0,Spring,1.53,Medium,1,1.3
Tottenville,Eltingville,18,Friday,0,Spring,23.45,High,5,1.8
West Village,South Slope,17,Friday,0,Winter,3.01,High,6,1.8
Hell's Kitchen,West Village,13,Saturday,1,Spring,0.88,Low,1,1.0
Fort Greene,Chinatown,12,Wednesday,0,Spring,2.87,Low,1,1.0
Hell's Kitchen,South Slope,2,Friday,0,Spring,3.54,Low,1,1.0
Upper West Side,Bedford-Stuyvesant,12,Tuesday,0,Spring,0.7,Low,1,1.0
West Village,Kensington,9,Sunday,1,Spring,1.0,High,2,1.8
Harlem,Bushwick,20,Friday,0,Summer,2.1,Medium,4,1.3
Harlem,Fort Greene,4,Sunday,1,Winter,8.78,Low,2,1.0
Clinton Hill,Hell's Kitchen,23,Tuesday,0,Spring,2.6,Low,1,1.0
South Slope,Upper West Side,14,Tuesday,0,Summer,0.8,Low,1,1.0
Upper West Side,Upper West Side,18,Wednesday,0,Spring,4.14,High,1,1.8
Crown Heights,Upper West Side,21,Friday,0,Winter,10.68,Low,5,1.0
Arverne,Rockaway Beach,11,Monday,0,Spring,6.98,Low,1,1.0
Upper West Side,Harlem,17,Monday,0,Summer,0.39,High,2,1.8
Williamsburg,Park Slope,22,Saturday,1,Spring,0.5,Low,1,1.0
Chinatown,Clinton Hill,8,Friday,0,Spring,1.15,High,1,1.8
Bedford-Stuyvesant,Bedford-Stuyvesant,8,Tuesday,0,Winter,1.38,High,1,1.8
Kensington,West Village,11,Wednesday,0,Spring,1.8,Low,1,1.0
Bedford-Stuyvesant,South Slope,22,Sunday,1,Winter,3.04,Low,1,1.0
Upper West Side,Clinton Hill,7,Saturday,1,Summer,3.29,Medium,1,1.3
Murray Hill,Midtown,7,Tuesday,0,Summer,2.58,Medium,1,1.3
Bedford-Stuyvesant,Upper West Side,13,Saturday,1,Winter,1.93,Low,2,1.0
East Harlem,Harlem,17,Monday,0,Spring,1.67,High,1,1.8
Tottenville,Tottenville,21,Monday,0,Winter,18.07,Low,1,1.0
Arden Heights,Far Rockaway,18,Friday,0,Spring,10.9,High,1,1.8
East Harlem,Bedford-Stuyvesant,11,Wednesday,0,Winter,1.95,Low,1,1.0
Bedford-Stuyvesant,Upper West Side,16,Tuesday,0,Winter,0.97,Medium,2,1.3
East Harlem,Hell's Kitchen,18,Thursday,0,Spring,1.97,High,1,1.8
Flatlands,Arverne,20,Tuesday,0,Winter,2.07,Medium,3,1.3
Upper West Side,Midtown,15,Thursday,0,Winter,1.84,Low,1,1.0
Fort Greene,Bedford-Stuyvesant,18,Thursday,0,Spring,1.63,High,4,1.8
Clinton Hill,South Slope,13,Tuesday,0,Spring,5.29,Low,1,1.0
Bedford-Stuyvesant,Harlem,17,Wednesday,0,Winter,0.91,High,4,1.8
Greenpoint,Bedford-Stuyvesant,1,Wednesday,0,Winter,7.83,Low,1,1.0
Bedford-Stuyvesant,Harlem,14,Tuesday,0,Winter,4.35,Low,1,1.0
Bedford-Stuyvesant,Upper West Side,14,Sunday,1,Spring,0.52,Low,1,1.0
Inwood,Upper West Side,2,Sunday,1,Spring,1.28,Low,5,1.0
Clinton Hill,East Harlem,23,Tuesday,0,Spring,1.37,Low,1,1.0
Crown Heights,Bedford-Stuyvesant,21,Saturday,1,Summer,3.62,Low,1,1.0
East Harlem,Harlem,19,Monday,0,Winter,1.07,High,1,1.8
Upper West Side,Midtown,8,Friday,0,Winter,2.1,High,1,1.8
Chinatown,Midtown,11,Friday,0,Spring,1.81,Low,1,1.0
Sheepshead Bay,Sheepshead Bay,22,Thursday,0,Winter,3.3,Low,1,1.0
East Harlem,Upper West Side,18,Friday,0,Spring,1.67,High,2,1.8
Harlem,Williamsburg,2,Wednesday,0,Spring,2.98,Low,1,1.0
Fort Greene,Hell's Kitchen,16,Friday,0,Spring,0.95,Medium,1,1.3
Bedford-Stuyvesant,East Harlem,20,Wednesday,0,Winter,2.32,Medium,1,1.3
Park Slope,Fort Greene,1,Monday,0,Winter,2.32,Low,1,1.0
Oakwood,Bensonhurst,12,Sunday,1,Winter,10.05,Low,1,1.0
Hell's Kitchen,Williamsburg,2,Thursday,0,Spring,1.19,Low,1,1.0
South Slope,Williamsburg,23,Friday,0,Summer,3.77,Low,1,1.0
Inwood,Park Slope,17,Thursday,0,Spring,0.05,High,3,1.8
Midtown,Upper East Side,11,Wednesday,0,Spring,3.34,Low,1,1.0
Murray Hill,Williamsburg,19,Tuesday,0,Spring,1.29,High,1,1.8
Bedford-Stuyvesant,Clinton Hill,16,Tuesday,0,Winter,5.24,Medium,1,1.3
Harlem,Upper West Side,17,Saturday,1,Winter,1.97,High,1,1.8
Harlem,East Harlem,8,Thursday,0,Summer,1.44,High,1,1.8
East Harlem,Bedford-Stuyvesant,13,Sunday,1,Spring,3.89,Low,5,1.0
East Harlem,Hell's Kitchen,22,Sunday,1,Summer,11.55,Low,1,1.0
Harlem,Upper West Side,8,Friday,0,Spring,2.74,High,1,1.8
Midwood,Rockaway Beach,9,Monday,0,Spring,1.64,High,1,1.8
Upper West Side,Murray Hill,22,Tuesday,0,Winter,4.79,Low,1,1.0
Harlem,Upper West Side,23,Friday,0,Winter,1.22,Low,6,1.0
East Harlem,East Harlem,18,Thursday,0,Winter,1.54,High,1,1.8
Flatbush,Crown Heights,23,Saturday,1,Spring,3.18,Low,1,1.0
Midwood,Fort Hamilton,9,Tuesday,0,Winter,1.73,High,1,1.8
Crown Heights,East Harlem,20,Saturday,1,Winter,7.43,Medium,1,1.3
Harlem,Upper West Side,13,Wednesday,0,Spring,1.88,Low,1,1.0
Midtown,South Slope,14,Saturday,1,Summer,5.77,Low,2,1.0
Upper West Side,East Harlem,6,Wednesday,0,Summer,2.01,Low,1,1.0
Williamsburg,Harlem,21,Thursday,0,Summer,2.43,Low,5,1.0
Fort Greene,Upper West Side,18,Thursday,0,Spring,1.92,High,1,1.8
Upper West Side,East Harlem,23,Saturday,1,Summer,11.52,Low,1,1.0
Concord,Bensonhurst,10,Saturday,1,Winter,3.37,Medium,2,1.3
Harlem,Upper West Side,20,Saturday,1,Spring,1.9,Medium,1,1.3
Park Slope,Bedford-Stuyvesant,23,Friday,0,Winter,7.72,Low,1,1.0
Kensington,Bedford-Stuyvesant,13,Saturday,1,Spring,5.14,Low,1,1.0
South Slope,East Harlem,8,Thursday,0,Spring,1.6,High,5,1.8
South Slope,South Slope,9,Wednesday,0,Summer,2.75,High,1,1.8
East Harlem,Upper West Side,15,Saturday,1,Spring,4.24,Low,6,1.0
East Harlem,East Harlem,2,Monday,0,Winter,0.13,Low,1,1.0
Great Kills,Bay Ridge,11,Thursday,0,Spring,12.25,Low,1,1.0
East Harlem,Park Slope,14,Wednesday,0,Winter,1.55,Low,1,1.0
Upper West Side,Hell's Kitchen,0,Saturday,1,Winter,0.47,Low,1,1.0
East Village,Kensington,6,Wednesday,0,Winter,1.39,Low,1,1.0
Bedford-Stuyvesant,West Village,18,Sunday,1,Winter,1.41,High,1,1.8
Upper West Side,Upper West Side,11,Monday,0,Spring,2.81,Low,1,1.0
Park Slope,Murray Hill,21,Tuesday,0,Winter,1.34,Low,1,1.0
Upper West Side,Bedford-Stuyvesant,19,Thursday,0,Spring,3.18,High,1,1.8
Sheepshead Bay,Westerleigh,7,Monday,0,Spring,5.37,Medium,1,1.3
Upper West Side,West Village,18,Saturday,1,Spring,3.33,High,2,1.8
West Village,Chelsea,22,Thursday,0,Spring,4.8,Low,3,1.0
Flatbush,Coney Island,3,Saturday,1,Winter,11.77,Low,2,1.0
Harlem,Kensington,13,Monday,0,Winter,1.51,Low,1,1.0
Midtown,Harlem,8,Wednesday,0,Winter,1.0,High,1,1.8
Oakwood,Arverne,16,Tuesday,0,Spring,10.15,Medium,1,1.3
Harlem,South Slope,19,Tuesday,0,Spring,0.56,High,2,1.8
Clinton Hill,Harlem,8,Thursday,0,Spring,2.65,High,1,1.8
Williamsburg,Long Island City,1,Sunday,1,Spring,4.54,Low,1,1.0
Hell's Kitchen,Fort Greene,9,Friday,0,Spring,1.78,High,1,1.8
Upper West Side,Hell's Kitchen,9,Tuesday,0,Spring,1.28,High,1,1.8
Midtown,East Harlem,20,Friday,0,Spring,1.49,Medium,2,1.3
Clinton Hill,East Harlem,21,Thursday,0,Spring,4.6,Low,1,1.0
Murray Hill,Bedford-Stuyvesant,11,Saturday,1,Spring,2.17,Low,3,1.0
East Harlem,Fort Greene,18,Monday,0,Spring,2.47,High,1,1.8
Clinton Hill,East Harlem,20,Tuesday,0,Winter,0.52,Medium,1,1.3
Clinton Hill,Clinton Hill,9,Sunday,1,Winter,2.95,High,1,1.8
South Slope,Williamsburg,14,Thursday,0,Summer,0.26,Low,1,1.0
Rossville,Tottenville,20,Friday,0,Spring,6.05,Medium,1,1.3
Fort Greene,Williamsburg,18,Monday,0,Spring,2.0,High,1,1.8
Bedford-Stuyvesant,Midtown,18,Monday,0,Winter,1.75,High,3,1.8
Sheepshead Bay,Sheepshead Bay,8,Sunday,1,Spring,0.6,High,5,1.8
South Slope,Hell's Kitchen,3,Sunday,1,Spring,2.6,Low,1,1.0
Kensington,Kensington,14,Sunday,1,Summer,1.18,Low,2,1.0
Kensington,East Harlem,19,Saturday,1,Winter,0.79,High,2,1.8
Sheepshead Bay,Arden Heights,5,Monday,0,Summer,13.01,Low,1,1.0
Williamsburg,East Harlem,3,Saturday,1,Spring,2.87,Low,1,1.0
Arden Heights,Bay Ridge,19,Tuesday,0,Summer,13.48,High,1,1.8
Williamsburg,Upper West Side,18,Wednesday,0,Spring,4.53,High,6,1.8
Murray Hill,Upper West Side,18,Thursday,0,Summer,6.64,High,1,1.8
West Village,Bedford-Stuyvesant,19,Monday,0,Winter,3.03,High,1,1.8
Clinton Hill,Williamsburg,14,Monday,0,Winter,2.82,Low,2,1.0
Chinatown,Hell's Kitchen,21,Sunday,1,Spring,7.25,Low,1,1.0
Bedford-Stuyvesant,Clinton Hill,21,Saturday,1,Spring,1.86,Low,1,1.0
Murray Hill,South Slope,19,Wednesday,0,Spring,2.46,High,1,1.8
Bedford-Stuyvesant,Harlem,7,Monday,0,Spring,1.72,Medium,5,1.3
"Bay Terrace, Staten Island",Dongan Hills,21,Sunday,1,Spring,7.93,Low,1,1.0
Upper West Side,Upper West Side,0,Thursday,0,Spring,0.93,Low,2,1.0
South Slope,South Slope,12,Sunday,1,Spring,2.9,Low,1,1.0
Upper West Side,Murray Hill,21,Monday,0,Winter,3.63,Low,1,1.0
Williamsburg,Fort Greene,11,Thursday,0,Winter,1.12,Low,1,1.0
Tottenville,Prince's Bay,21,Sunday,1,Summer,25.28,Low,2,1.0
Chinatown,Upper West Side,12,Monday,0,Winter,1.53,Low,1,1.0
Harlem,Chinatown,14,Sunday,1,Winter,1.24,Low,6,1.0
East Harlem,Fort Greene,14,Wednesday,0,Summer,1.01,Low,1,1.0
Huguenot,Tottenville,14,Friday,0,Spring,23.09,Low,1,1.0
Bedford-Stuyvesant,East Harlem,15,Friday,0,Spring,2.73,Low,5,1.0
Chinatown,Kensington,8,Thursday,0,Spring,3.5,High,1,1.8
Murray Hill,West Village,15,Sunday,1,Spring,1.55,Low,1,1.0
Hell's Kitchen,Harlem,15,Friday,0,Summer,1.92,Low,4,1.0
Upper West Side,Upper West Side,20,Friday,0,Spring,1.19,Medium,1,1.3
Upper West Side,Williamsburg,16,Monday,0,Winter,1.6,Medium,1,1.3
Upper West Side,Clinton Hill,5,Friday,0,Winter,7.75,Low,1,1.0
Bedford-Stuyvesant,Murray Hill,14,Saturday,1,Winter,1.74,Low,1,1.0
Bedford-Stuyvesant,Bedford-Stuyvesant,13,Saturday,1,Spring,1.0,Low,1,1.0
Upper West Side,Upper West Side,17,Sunday,1,Spring,1.8,High,3,1.8
Windsor Terrace,Chelsea,1,Friday,0,Summer,3.12,Low,2,1.0
West Village,Midtown,16,Sunday,1,Spring,2.17,Medium,1,1.3
Inwood,Upper West Side,17,Tuesday,0,Winter,3.97,High,1,1.8
Murray Hill,Harlem,12,Monday,0,Spring,2.05,Low,1,1.0
Upper West Side,Murray Hill,17,Tuesday,0,Summer,4.1,High,1,1.8
Bedford-Stuyvesant,East Harlem,18,Thursday,0,Spring,1.14,High,1,1.8
Hell's Kitchen,Murray Hill,16,Saturday,1,Spring,2.49,Medium,2,1.3
Upper West Side,Williamsburg,8,Monday,0,Winter,2.65,High,1,1.8
South Slope,Crown Heights,17,Tuesday,0,Spring,2.12,High,1,1.8
Harlem,East Harlem,19,Thursday,0,Spring,6.42,High,1,1.8
Tottenville,"Bay Terrace, Staten Island",6,Saturday,1,Winter,24.01,Low,1,1.0
Chinatown,Harlem,0,Monday,0,Winter,2.58,Low,1,1.0
Harlem,Bedford-Stuyvesant,20,Wednesday,0,Spring,2.26,Medium,1,1.3
Harlem,East Harlem,12,Sunday,1,Winter,5.54,Low,1,1.0
Park Slope,Hell's Kitchen,1,Saturday,1,Spring,3.97,Low,2,1.0
Harlem,Murray Hill,8,Wednesday,0,Summer,1.74,High,5,1.8
Williamsburg,Kensington,18,Sunday,1,Spring,1.52,High,2,1.8
Clinton Hill,West Village,9,Thursday,0,Winter,2.4,High,1,1.8
Midtown,Murray Hill,15,Monday,0,Summer,4.79,Low,2,1.0
Park Slope,Park Slope,22,Monday,0,Spring,2.76,Low,1,1.0
Great Kills,Great Kills,1,Friday,0,Winter,4.04,Low,2,1.0
Flatbush,Arden Heights,15,Sunday,1,Summer,12.96,Low,1,1.0
West Village,Harlem,13,Sunday,1,Winter,1.15,Low,1,1.0
Upper West Side,Bedford-Stuyvesant,15,Sunday,1,Spring,1.31,Low,5,1.0
Harlem,East Harlem,21,Sunday,1,Spring,0.74,Low,1,1.0
West Brighton,Fort Hamilton,23,Thursday,0,Summer,1.11,Low,5,1.0
Upper West Side,Midtown,9,Thursday,0,Summer,11.71,High,2,1.8
Bedford-Stuyvesant,East Harlem,23,Friday,0,Spring,4.09,Low,1,1.0
Upper West Side,Midtown,0,Saturday,1,Winter,8.96,Low,1,1.0
West Village,Upper West Side,3,Monday,0,Spring,5.63,Low,1,1.0
Bedford-Stuyvesant,South Slope,18,Thursday,0,Summer,2.97,High,1,1.8
Bay Ridge,Eltingville,9,Thursday,0,Spring,13.32,High,1,1.8
Bedford-Stuyvesant,Bedford-Stuyvesant,17,Sunday,1,Winter,3.11,High,1,1.8
"Bay Terrace, Staten Island",Arverne,13,Wednesday,0,Spring,11.83,Low,3,1.0
Tottenville,Tottenville,16,Wednesday,0,Spring,27.53,Medium,5,1.3
Upper West Side,Harlem,17,Friday,0,Spring,3.89,High,2,1.8
East Harlem,East Harlem,9,Thursday,0,Summer,1.49,High,1,1.8
Chelsea,East Harlem,16,Thursday,0,Winter,3.52,Medium,1,1.3
East Harlem,Murray Hill,2,Sunday,1,Summer,7.0,Low,1,1.0
Bensonhurst,Bensonhurst,21,Tuesday,0,Winter,0.87,Low,1,1.0
Upper West Side,Bedford-Stuyvesant,13,Friday,0,Spring,1.84,Low,1,1.0
Fort Greene,Bushwick,3,Sunday,1,Winter,2.86,Low,1,1.0
Harlem,East Harlem,3,Sunday,1,Spring,1.05,Low,1,1.0
Flatbush,Hell's Kitchen,19,Wednesday,0,Spring,2.63,High,1,1.8
East Harlem,South Slope,0,Saturday,1,Summer,1.93,Low,2,1.0
East Harlem,West Village,22,Saturday,1,Spring,1.47,Low,1,1.0
Bedford-Stuyvesant,Harlem,21,Sunday,1,Spring,9.05,Low,2,1.0
Fort Greene,Hell's Kitchen,16,Thursday,0,Summer,4.13,Medium,2,1.3
Bensonhurst,Sheepshead Bay,11,Monday,0,Winter,2.14,Low,1,1.0
East Harlem,Kensington,10,Monday,0,Summer,2.44,Medium,1,1.3
Greenpoint,Upper West Side,21,Thursday,0,Spring,0.87,Low,1,1.0
Eltingville,Tottenville,4,Tuesday,0,Winter,24.9,Low,1,1.0
East Harlem,Park Slope,18,Thursday,0,Spring,1.6,High,1,1.8
Hell's Kitchen,Kensington,11,Friday,0,Summer,2.47,Low,5,1.0
South Slope,Upper West Side,16,Monday,0,Spring,0.95,Medium,1,1.3
Chinatown,Upper West Side,18,Wednesday,0,Winter,0.74,High,1,1.8
Harlem,East Harlem,16,Friday,0,Spring,2.34,Medium,1,1.3
Kensington,Kensington,8,Friday,0,Winter,1.16,High,1,1.8
Harlem,Bedford-Stuyvesant,15,Tuesday,0,Spring,4.73,Low,1,1.0
Bedford-Stuyvesant,Clinton Hill,8,Monday,0,Spring,1.03,High,5,1.8
Harlem,Bedford-Stuyvesant,1,Saturday,1,Winter,7.92,Low,1,1.0
West Village,Harlem,13,Sunday,1,Spring,0.98,Low,1,1.0
Kensington,Harlem,14,Tuesday,0,Spring,1.69,Low,1,1.0
Upper West Side,Midtown,23,Friday,0,Winter,8.18,Low,1,1.0
Upper West Side,Upper West Side,18,Tuesday,0,Spring,3.4,High,3,1.8
Williamsburg,Harlem,6,Monday,0,Winter,2.02,Low,2,1.0
Midtown,Harlem,2,Saturday,1,Winter,2.31,Low,1,1.0
West Village,Upper West Side,21,Tuesday,0,Winter,2.08,Low,2,1.0
Williamsburg,Hell's Kitchen,15,Friday,0,Winter,4.37,Low,1,1.0
South Slope,Inwood,17,Friday,0,Winter,3.79,High,1,1.8
Bedford-Stuyvesant,Kensington,21,Monday,0,Winter,14.31,Low,1,1.0
East Harlem,Bedford-Stuyvesant,17,Sunday,1,Spring,1.0,High,1,1.8
East Harlem,Murray Hill,23,Sunday,1,Summer,1.8,Low,1,1.0
Borough Park,Sheepshead Bay,23,Saturday,1,Spring,9.92,Low,5,1.0
Clinton Hill,Bedford-Stuyvesant,23,Saturday,1,Spring,4.32,Low,5,1.0
Far Rockaway,Arrochar,9,Tuesday,0,Spring,1.94,High,1,1.8
East Harlem,Upper West Side,20,Tuesday,0,Spring,4.61,Medium,1,1.3
Clinton Hill,Park Slope,11,Saturday,1,Spring,1.97,Low,1,1.0
South Slope,West Village,23,Thursday,0,Spring,4.05,Low,1,1.0
Great Kills,Far Rockaway,18,Saturday,1,Spring,10.26,High,1,1.8
Upper West Side,Harlem,17,Thursday,0,Spring,6.74,High,1,1.8
Fort Greene,Kensington,8,Thursday,0,Spring,8.39,High,2,1.8
Clinton Hill,Park Slope,19,Sunday,1,Spring,2.43,High,1,1.8
Crown Heights,Harlem,6,Friday,0,Spring,1.27,Low,2,1.0
Park Slope,Upper West Side,9,Wednesday,0,Summer,2.0,High,5,1.8
Bay Ridge,Arden Heights,11,Wednesday,0,Summer,13.87,Low,1,1.0
Clinton Hill,Murray Hill,17,Saturday,1,Spring,7.92,High,1,1.8
Upper West Side,Fort Greene,14,Monday,0,Winter,1.41,Low,6,1.0
South Slope,Harlem,17,Sunday,1,Winter,2.26,High,1,1.8
Inwood,Harlem,22,Tuesday,0,Spring,0.01,Low,1,1.0
"Bay Terrace, Staten Island",Tottenville,15,Wednesday,0,Spring,25.32,Low,2,1.0
Williamsburg,Fort Greene,13,Wednesday,0,Summer,5.29,Low,3,1.0
Clinton Hill,Upper West Side,10,Tuesday,0,Winter,3.57,Medium,1,1.3
Chinatown,Chinatown,10,Friday,0,Spring,0.57,Medium,1,1.3
Park Slope,East Harlem,14,Saturday,1,Winter,9.6,Low,1,1.0
Inwood,Clinton Hill,3,Sunday,1,Spring,3.02,Low,1,1.0
Sheepshead Bay,Sheepshead Bay,8,Thursday,0,Spring,7.17,High,1,1.8
East Harlem,Hell's Kitchen,23,Tuesday,0,Spring,5.64,Low,1,1.0
Inwood,Upper West Side,3,Friday,0,Spring,2.24,Low,1,1.0
East Harlem,Chinatown,13,Thursday,0,Summer,1.29,Low,1,1.0
East Harlem,West Village,22,Thursday,0,Summer,1.98,Low,2,1.0
Bath Beach,Bensonhurst,10,Saturday,1,Spring,2.55,Medium,1,1.3
Harlem,Clinton Hill,11,Thursday,0,Winter,1.01,Low,1,1.0
East Harlem,Midtown,15,Friday,0,Spring,2.84,Low,5,1.0
Bedford-Stuyvesant,Chelsea,17,Wednesday,0,Spring,1.11,High,1,1.8
Great Kills,Flatlands,22,Tuesday,0,Summer,16.25,Low,3,1.0
Chelsea,Upper West Side,14,Monday,0,Spring,6.66,Low,1,1.0
Crown Heights,Fort Greene,19,Friday,0,Winter,3.04,High,1,1.8
Bedford-Stuyvesant,Fort Greene,11,Monday,0,Spring,7.87,Low,1,1.0
Great Kills,Bergen Beach,13,Tuesday,0,Summer,13.23,Low,1,1.0
Bedford-Stuyvesant,Kensington,17,Monday,0,Winter,0.89,High,2,1.8
East Village,Harlem,9,Monday,0,Spring,1.27,High,1,1.8
Hell's Kitchen,Upper West Side,14,Saturday,1,Spring,2.16,Low,2,1.0
Hell's Kitchen,Upper West Side,15,Saturday,1,Spring,2.19,Low,1,1.0
Inwood,Midtown,23,Sunday,1,Winter,2.26,Low,1,1.0
Harlem,Harlem,12,Wednesday,0,Spring,7.9,Low,1,1.0
Bedford-Stuyvesant,Midtown,19,Sunday,1,Spring,4.65,High,4,1.8
Midtown,Kensington,22,Wednesday,0,Winter,2.82,Low,1,1.0
Fort Greene,Upper West Side,13,Sunday,1,Summer,0.91,Low,1,1.0
Williamsburg,East Harlem,15,Monday,0,Spring,2.52,Low,1,1.0
Upper West Side,Harlem,14,Thursday,0,Spring,2.19,Low,1,1.0
Midtown,Harlem,0,Thursday,0,Winter,2.63,Low,1,1.0
Upper West Side,Upper West Side,21,Thursday,0,Spring,1.51,Low,3,1.0
East Harlem,Harlem,18,Monday,0,Winter,0.98,High,1,1.8
Park Slope,East Harlem,0,Friday,0,Winter,1.73,Low,2,1.0
Arverne,Gravesend,15,Tuesday,0,Summer,1.19,Low,2,1.0
Harlem,West Village,0,Sunday,1,Spring,1.28,Low,1,1.0
East Harlem,Murray Hill,11,Monday,0,Winter,1.02,Low,2,1.0
Hell's Kitchen,Harlem,10,Tuesday,0,Spring,4.84,Medium,1,1.3
Harlem,East Harlem,20,Sunday,1,Winter,3.21,Medium,2,1.3
Upper West Side,Bedford-Stuyvesant,2,Saturday,1,Spring,7.22,Low,1,1.0
Bedford-Stuyvesant,Harlem,21,Friday,0,Spring,4.49,Low,1,1.0
West Village,Chinatown,4,Friday,0,Spring,2.48,Low,1,1.0
Williamsburg,Park Slope,12,Tuesday,0,Winter,2.25,Low,5,1.0
East Harlem,Hell's Kitchen,15,Tuesday,0,Summer,1.87,Low,1,1.0
Midwood,Far Rockaway,7,Sunday,1,Winter,1.97,Medium,1,1.3
Clinton Hill,Upper West Side,17,Tuesday,0,Winter,2.16,High,1,1.8
Crown Heights,West Village,18,Thursday,0,Spring,3.17,High,1,1.8
Fort Greene,Harlem,12,Monday,0,Winter,3.63,Low,1,1.0
West Village,Bedford-Stuyvesant,20,Friday,0,Spring,1.35,Medium,2,1.3
East Harlem,Upper West Side,9,Tuesday,0,Summer,2.62,High,6,1.8
Chelsea,Harlem,22,Wednesday,0,Winter,4.18,Low,1,1.0
Bedford-Stuyvesant,East Harlem,6,Wednesday,0,Spring,3.18,Low,1,1.0
East Harlem,Fort Greene,8,Friday,0,Spring,2.05,High,4,1.8
Windsor Terrace,Upper West Side,0,Saturday,1,Spring,2.47,Low,1,1.0
East Harlem,Upper West Side,18,Tuesday,0,Summer,1.48,High,1,1.8
Midtown,Upper West Side,20,Tuesday,0,Spring,3.82,Medium,1,1.3
Far Rockaway,Bensonhurst,11,Tuesday,0,Spring,2.67,Low,2,1.0
Bedford-Stuyvesant,Bedford-Stuyvesant,17,Monday,0,Winter,2.75,High,1,1.8
Upper West Side,Crown Heights,22,Thursday,0,Spring,2.41,Low,1,1.0
West Village,East Harlem,23,Saturday,1,Winter,2.63,Low,1,1.0
Upper West Side,Harlem,10,Saturday,1,Spring,1.05,Medium,1,1.3
East Harlem,Harlem,16,Friday,0,Spring,2.28,Medium,1,1.3
Hell's Kitchen,Midtown,14,Wednesday,0,Summer,2.45,Low,1,1.0
Upper West Side,South Slope,19,Thursday,0,Spring,3.37,High,1,1.8
Midwood,Castleton Corners,6,Wednesday,0,Spring,2.46,Low,1,1.0
Midtown,Chinatown,10,Wednesday,0,Spring,0.4,Medium,2,1.3
Crown Heights,East Harlem,18,Monday,0,Spring,0.88,High,2,1.8
Williamsburg,East Harlem,20,Thursday,0,Spring,2.35,Medium,6,1.3
East Harlem,Kensington,20,Tuesday,0,Winter,2.77,Medium,5,1.3
Inwood,Harlem,23,Thursday,0,Spring,4.37,Low,1,1.0
Tottenville,Tottenville,1,Tuesday,0,Summer,17.58,Low,1,1.0
Inwood,Greenpoint,9,Monday,0,Summer,0.17,High,1,1.8
West Village,Harlem,9,Sunday,1,Winter,0.7,High,1,1.8
Clinton Hill,Upper West Side,12,Sunday,1,Winter,1.89,Low,1,1.0
Midtown,West Village,16,Wednesday,0,Spring,2.98,Medium,2,1.3
Harlem,East Harlem,17,Friday,0,Winter,3.57,High,1,1.8
Chinatown,East Village,4,Wednesday,0,Summer,0.68,Low,6,1.0
Harlem,Upper West Side,16,Friday,0,Spring,2.38,Medium,2,1.3
Grymes Hill,"Bay Terrace, Staten Island",23,Monday,0,Winter,23.3,Low,1,1.0
East Harlem,East Harlem,12,Wednesday,0,Winter,2.68,Low,1,1.0
East Harlem,Midtown,20,Tuesday,0,Spring,2.31,Medium,1,1.3
Harlem,Williamsburg,19,Sunday,1,Summer,3.46,High,1,1.8
Inwood,Greenpoint,14,Monday,0,Spring,2.6,Low,5,1.0
Upper West Side,Murray Hill,11,Friday,0,Spring,1.63,Low,1,1.0
Kensington,Upper West Side,6,Thursday,0,Spring,3.86,Low,1,1.0
Murray Hill,Chelsea,7,Thursday,0,Summer,1.2,Medium,1,1.3
Upper West Side,East Harlem,23,Saturday,1,Winter,6.18,Low,3,1.0
Bedford-Stuyvesant,Murray Hill,2,Sunday,1,Spring,4.74,Low,1,1.0
Murray Hill,East Village,10,Sunday,1,Spring,2.75,Medium,1,1.3
Chelsea,Harlem,1,Friday,0,Spring,2.72,Low,1,1.0
Chinatown,Fort Greene,11,Wednesday,0,Spring,2.93,Low,1,1.0
Chinatown,Harlem,8,Friday,0,Spring,0.62,High,6,1.8
Upper West Side,Murray Hill,19,Tuesday,0,Summer,4.35,High,1,1.8
Murray Hill,Park Slope,15,Friday,0,Spring,3.1,Low,1,1.0
South Slope,Fort Greene,1,Sunday,1,Spring,3.5,Low,1,1.0
Upper West Side,Chinatown,13,Saturday,1,Summer,2.74,Low,1,1.0
Harlem,South Slope,20,Wednesday,0,Winter,0.93,Medium,2,1.3
Chinatown,East Harlem,12,Friday,0,Summer,1.47,Low,1,1.0
Windsor Terrace,Murray Hill,17,Thursday,0,Spring,0.84,High,1,1.8
East Harlem,Kensington,14,Thursday,0,Winter,2.72,Low,2,1.0
Fort Greene,Crown Heights,22,Wednesday,0,Spring,2.97,Low,1,1.0
Harlem,East Harlem,10,Saturday,1,Spring,1.04,Medium,1,1.3
Fort Greene,Park Slope,0,Saturday,1,Winter,0.37,Low,6,1.0
Midtown,Upper West Side,20,Monday,0,Winter,3.94,Medium,2,1.3
Flatlands,Sheepshead Bay,9,Thursday,0,Spring,5.19,High,3,1.8
Harlem,Midtown,16,Monday,0,Winter,3.3,Medium,1,1.3
Upper West Side,Upper West Side,21,Thursday,0,Summer,1.36,Low,1,1.0
Arverne,Flatlands,23,Thursday,0,Winter,4.55,Low,1,1.0
Bedford-Stuyvesant,Harlem,13,Tuesday,0,Spring,1.27,Low,1,1.0
East Harlem,Upper West Side,23,Wednesday,0,Spring,2.45,Low,1,1.0
Upper West Side,East Harlem,15,Friday,0,Spring,2.31,Low,1,1.0
Bedford-Stuyvesant,East Harlem,15,Monday,0,Spring,10.05,Low,2,1.0
Inwood,Midtown,5,Sunday,1,Summer,11.64,Low,1,1.0
Bedford-Stuyvesant,South Slope,21,Wednesday,0,Summer,1.6,Low,1,1.0
Upper West Side,Inwood,19,Thursday,0,Winter,3.87,High,1,1.8
Rockaway Beach,Gravesend,10,Wednesday,0,Spring,0.06,Medium,6,1.3
Harlem,Harlem,14,Friday,0,Winter,1.4,Low,4,1.0
Murray Hill,Chinatown,15,Monday,0,Spring,1.76,Low,1,1.0
East Harlem,Harlem,22,Friday,0,Spring,1.22,Low,1,1.0
Greenpoint,Hell's Kitchen,23,Monday,0,Spring,5.68,Low,2,1.0
Harlem,Midtown,13,Wednesday,0,Spring,1.37,Low,6,1.0
East Harlem,Harlem,14,Tuesday,0,Spring,0.82,Low,1,1.0
Harlem,Harlem,16,Tuesday,0,Winter,0.81,Medium,1,1.3
Arrochar,Bayswater,10,Tuesday,0,Winter,1.19,Medium,1,1.3
Far Rockaway,Eltingville,16,Friday,0,Winter,4.71,Medium,1,1.3
Fort Greene,Clinton Hill,13,Tuesday,0,Spring,1.45,Low,5,1.0
East Harlem,Harlem,18,Sunday,1,Spring,3.82,High,1,1.8
Park Slope,Bedford-Stuyvesant,19,Friday,0,Spring,4.69,High,5,1.8
East Harlem,Upper West Side,1,Wednesday,0,Spring,9.53,Low,1,1.0
West Village,Upper West Side,17,Tuesday,0,Spring,2.65,High,1,1.8
Kensington,West Village,6,Thursday,0,Summer,2.31,Low,1,1.0
Harlem,Upper West Side,2,Wednesday,0,Winter,3.96,Low,1,1.0
Arden Heights,Canarsie,20,Thursday,0,Winter,13.5,Medium,2,1.3
Harlem,Crown Heights,3,Thursday,0,Winter,3.82,Low,1,1.0
Great Kills,Bensonhurst,10,Tuesday,0,Summer,15.93,Medium,1,1.3
East Harlem,Hell's Kitchen,13,Saturday,1,Winter,2.45,Low,1,1.0
Murray Hill,Upper West Side,15,Monday,0,Spring,0.81,Low,1,1.0
Bedford-Stuyvesant,East Harlem,16,Friday,0,Spring,2.54,Medium,1,1.3
East Harlem,Chelsea,22,Sunday,1,Spring,2.07,Low,1,1.0
Inwood,Hell's Kitchen,13,Sunday,1,Winter,5.97,Low,1,1.0
Fort Greene,Murray Hill,21,Monday,0,Spring,2.77,Low,1,1.0
East Harlem,Harlem,23,Thursday,0,Spring,3.19,Low,1,1.0
Upper West Side,Clinton Hill,18,Friday,0,Summer,1.62,High,2,1.8
Williamsburg,Upper West Side,11,Thursday,0,Winter,2.03,Low,1,1.0
Upper West Side,West Village,21,Wednesday,0,Spring,4.53,Low,5,1.0
Tottenville,Rossville,17,Monday,0,Spring,25.91,High,2,1.8
Midtown,West Village,11,Saturday,1,Spring,1.31,Low,1,1.0
Bedford-Stuyvesant,Upper West Side,10,Sunday,1,Spring,7.02,Medium,5,1.3
Flatbush,Harlem,8,Friday,0,Spring,1.39,High,1,1.8
Park Slope,Hell's Kitchen,3,Sunday,1,Spring,1.36,Low,1,1.0
Williamsburg,Crown Heights,0,Friday,0,Summer,2.68,Low,1,1.0
Williamsburg,Upper West Side,16,Saturday,1,Spring,2.76,Medium,6,1.3
East Harlem,Chinatown,21,Wednesday,0,Winter,1.52,Low,4,1.0
Inwood,Upper West Side,0,Sunday,1,Winter,4.7,Low,1,1.0
Bedford-Stuyvesant,Harlem,11,Thursday,0,Summer,2.49,Low,5,1.0
Arden Heights,Sheepshead Bay,13,Saturday,1,Spring,10.77,Low,1,1.0
South Slope,Williamsburg,18,Monday,0,Spring,0.62,High,1,1.8
Harlem,Fort Greene,19,Monday,0,Winter,6.96,High,1,1.8
East Harlem,Chinatown,17,Friday,0,Winter,3.44,High,1,1.8
Harlem,Inwood,18,Monday,0,Spring,1.46,High,1,1.8
Fort Greene,Upper West Side,23,Thursday,0,Spring,4.98,Low,1,1.0
West Village,Williamsburg,13,Wednesday,0,Winter,3.06,Low,6,1.0
Harlem,Harlem,18,Thursday,0,Spring,1.64,High,1,1.8
Midtown,Upper West Side,13,Sunday,1,Winter,2.81,Low,1,1.0
Bedford-Stuyvesant,Williamsburg,19,Tuesday,0,Summer,1.22,High,6,1.8
South Slope,Upper West Side,1,Sunday,1,Spring,2.39,Low,1,1.0
Harlem,Kensington,10,Thursday,0,Winter,2.18,Medium,1,1.3
Murray Hill,Clinton Hill,9,Thursday,0,Winter,1.69,High,5,1.8
Fort Greene,Upper West Side,18,Sunday,1,Spring,6.31,High,1,1.8
Hell's Kitchen,Clinton Hill,19,Sunday,1,Spring,2.7,High,1,1.8
Upper West Side,Clinton Hill,6,Sunday,1,Spring,7.81,Low,1,1.0
Midtown,East Harlem,14,Tuesday,0,Spring,2.15,Low,2,1.0
East Harlem,East Harlem,16,Thursday,0,Winter,1.03,Medium,1,1.3
Upper West Side,Upper West Side,8,Sunday,1,Winter,5.16,High,2,1.8
South Slope,Harlem,14,Monday,0,Winter,1.82,Low,1,1.0
Harlem,Kensington,12,Tuesday,0,Spring,1.34,Low,1,1.0
East Harlem,East Harlem,15,Sunday,1,Spring,1.53,Low,1,1.0
Bensonhurst,"Bay Terrace, Staten Island",12,Thursday,0,Winter,11.61,Low,1,1.0
Williamsburg,South Slope,0,Thursday,0,Spring,3.09,Low,1,1.0
Harlem,West Village,2,Sunday,1,Spring,1.0,Low,5,1.0
Chinatown,Upper West Side,10,Thursday,0,Spring,2.98,Medium,2,1.3
Kensington,Kensington,23,Friday,0,Spring,14.68,Low,1,1.0
Bedford-Stuyvesant,East Harlem,21,Thursday,0,Winter,1.14,Low,1,1.0
Midtown,Upper West Side,16,Sunday,1,Spring,2.07,Medium,6,1.3
Rockaway Beach,Midwood,18,Friday,0,Spring,2.82,High,1,1.8
Murray Hill,Bedford-Stuyvesant,18,Friday,0,Winter,1.5,High,1,1.8
Upper West Side,Harlem,13,Friday,0,Winter,2.3,Low,1,1.0
Harlem,Midtown,14,Tuesday,0,Spring,3.49,Low,1,1.0
Murray Hill,Midtown,23,Sunday,1,Winter,1.55,Low,1,1.0
Huguenot,Tottenville,4,Thursday,0,Winter,24.75,Low,2,1.0
Clifton,Bensonhurst,9,Wednesday,0,Winter,1.5,High,1,1.8
Arden Heights,Great Kills,1,Sunday,1,Spring,22.01,Low,2,1.0
Fort Greene,Park Slope,0,Friday,0,Spring,0.54,Low,1,1.0
Upper West Side,Bedford-Stuyvesant,20,Tuesday,0,Summer,1.37,Medium,1,1.3
South Slope,Upper West Side,7,Wednesday,0,Spring,2.93,Medium,1,1.3
Park Slope,South Slope,9,Sunday,1,Summer,2.42,High,1,1.8
Upper West Side,Flatbush,9,Wednesday,0,Summer,2.35,High,1,1.8
Harlem,East Harlem,16,Wednesday,0,Spring,3.68,Medium,1,1.3
Upper West Side,Harlem,16,Friday,0,Summer,1.09,Medium,1,1.3
Harlem,Kensington,9,Saturday,1,Winter,0.48,High,1,1.8
Park Slope,Upper West Side,20,Thursday,0,Winter,2.36,Medium,2,1.3
Arden Heights,Concord,20,Tuesday,0,Spring,8.87,Medium,1,1.3
Crown Heights,Harlem,20,Wednesday,0,Spring,5.22,Medium,2,1.3
Harlem,Upper West Side,2,Friday,0,Winter,2.65,Low,2,1.0
East Harlem,Bedford-Stuyvesant,12,Wednesday,0,Winter,1.62,Low,1,1.0
Hell's Kitchen,Fort Greene,22,Saturday,1,Spring,1.65,Low,2,1.0
Bedford-Stuyvesant,Upper West Side,19,Monday,0,Spring,3.06,High,1,1.8
Midtown,East Harlem,12,Sunday,1,Spring,2.15,Low,1,1.0
Upper West Side,Kensington,16,Sunday,1,Spring,1.99,Medium,1,1.3
Bedford-Stuyvesant,South Slope,18,Tuesday,0,Winter,2.29,High,1,1.8
Fort Greene,East Village,0,Tuesday,0,Spring,1.8,Low,1,1.0
South Slope,East Harlem,12,Monday,0,Winter,1.05,Low,5,1.0
Eltingville,Tottenville,10,Sunday,1,Spring,24.41,Medium,1,1.3
South Slope,East Harlem,23,Thursday,0,Winter,1.69,Low,3,1.0
Harlem,East Harlem,8,Friday,0,Spring,3.45,High,1,1.8
Bedford-Stuyvesant,Bedford-Stuyvesant,16,Wednesday,0,Spring,1.77,Medium,1,1.3
Harlem,Upper West Side,14,Sunday,1,Spring,1.42,Low,1,1.0
Tottenville,Woodrow,9,Saturday,1,Summer,24.37,High,1,1.8
Chinatown,Crown Heights,23,Saturday,1,Spring,1.75,Low,1,1.0
Inwood,Murray Hill,10,Saturday,1,Winter,2.08,Medium,1,1.3
Harlem,South Slope,8,Wednesday,0,Winter,7.64,High,1,1.8
Flatlands,Bensonhurst,11,Friday,0,Spring,2.22,Low,1,1.0
Hell's Kitchen,Upper West Side,20,Saturday,1,Summer,1.06,Medium,1,1.3
Arverne,Sheepshead Bay,10,Friday,0,Spring,0.62,Medium,4,1.3
Williamsburg,Bedford-Stuyvesant,19,Friday,0,Winter,3.5,High,2,1.8
Clifton,Midwood,9,Tuesday,0,Summer,4.51,High,1,1.8
Harlem,East Harlem,11,Saturday,1,Winter,1.44,Low,2,1.0
South Slope,Clinton Hill,5,Thursday,0,Summer,1.37,Low,3,1.0
Bedford-Stuyvesant,Kensington,12,Wednesday,0,Spring,2.17,Low,1,1.0
Harlem,Chinatown,20,Thursday,0,Winter,5.15,Medium,1,1.3
Upper West Side,Fort Greene,23,Friday,0,Spring,1.22,Low,1,1.0
Harlem,Harlem,19,Wednesday,0,Winter,3.88,High,3,1.8
Crown Heights,Hell's Kitchen,21,Saturday,1,Winter,3.18,Low,1,1.0
East Harlem,East Harlem,21,Wednesday,0,Spring,0.76,Low,1,1.0
Canarsie,Eltingville,22,Monday,0,Winter,18.06,Low,1,1.0
Murray Hill,Harlem,2,Monday,0,Spring,13.61,Low,1,1.0
South Slope,Flatbush,18,Sunday,1,Winter,1.95,High,2,1.8
Midwood,Bay Ridge,22,Wednesday,0,Summer,0.65,Low,1,1.0
Bedford-Stuyvesant,Hell's Kitchen,19,Wednesday,0,Spring,1.69,High,1,1.8
Harlem,East Harlem,9,Saturday,1,Spring,1.62,High,1,1.8
Upper West Side,Harlem,23,Thursday,0,Summer,2.12,Low,2,1.0
West Village,Williamsburg,17,Monday,0,Winter,2.38,High,1,1.8
Hell's Kitchen,Upper West Side,14,Saturday,1,Summer,0.87,Low,6,1.0
Chinatown,Bedford-Stuyvesant,9,Friday,0,Summer,0.34,High,1,1.8
Midtown,Bedford-Stuyvesant,7,Monday,0,Winter,3.03,Medium,4,1.3
Upper West Side,Williamsburg,22,Wednesday,0,Spring,0.58,Low,1,1.0
Bedford-Stuyvesant,Kensington,0,Friday,0,Winter,1.17,Low,4,1.0
Inwood,Harlem,15,Sunday,1,Winter,9.15,Low,2,1.0
Borough Park,Sheepshead Bay,20,Thursday,0,Spring,3.14,Medium,2,1.3
Murray Hill,Upper West Side,0,Thursday,0,Winter,2.42,Low,1,1.0
Bedford-Stuyvesant,Bedford-Stuyvesant,8,Wednesday,0,Winter,1.29,High,1,1.8
Park Slope,West Village,22,Saturday,1,Winter,1.22,Low,1,1.0
Upper West Side,Upper West Side,15,Wednesday,0,Winter,0.78,Low,1,1.0
Midwood,Far Rockaway,18,Tuesday,0,Spring,0.98,High,2,1.8
Chinatown,Bedford-Stuyvesant,13,Tuesday,0,Spring,1.45,Low,1,1.0
Clinton Hill,Harlem,14,Friday,0,Spring,2.01,Low,1,1.0
Bedford-Stuyvesant,Chinatown,10,Monday,0,Winter,2.39,Medium,1,1.3
East Harlem,Chinatown,0,Thursday,0,Spring,5.3,Low,1,1.0
Harlem,Harlem,15,Saturday,1,Winter,2.78,Low,1,1.0
Clinton Hill,Bedford-Stuyvesant,10,Tuesday,0,Winter,1.61,Medium,1,1.3
East Harlem,Bedford-Stuyvesant,12,Wednesday,0,Spring,2.2,Low,2,1.0
Harlem,Bedford-Stuyvesant,5,Monday,0,Winter,0.45,Low,1,1.0
Sheepshead Bay,Arverne,12,Monday,0,Winter,0.68,Low,1,1.0
Upper West Side,Murray Hill,13,Sunday,1,Winter,4.73,Low,1,1.0
Prince's Bay,Rossville,0,Tuesday,0,Spring,19.31,Low,1,1.0
Upper West Side,Bedford-Stuyvesant,8,Tuesday,0,Spring,2.71,High,1,1.8
South Slope,Bedford-Stuyvesant,2,Saturday,1,Winter,3.54,Low,1,1.0
Murray Hill,Fort Greene,22,Friday,0,Winter,2.27,Low,5,1.0
Midwood,Castleton Corners,15,Saturday,1,Summer,0.76,Low,1,1.0
Midwood,"Bay Terrace, Staten Island",14,Thursday,0,Spring,12.39,Low,2,1.0
Harlem,East Harlem,13,Wednesday,0,Summer,5.55,Low,1,1.0
Fort Greene,Midtown,12,Saturday,1,Spring,1.05,Low,5,1.0
Inwood,Harlem,21,Friday,0,Winter,1.37,Low,1,1.0
Harlem,Flatbush,18,Friday,0,Summer,1.07,High,1,1.8
Park Slope,Clinton Hill,7,Monday,0,Spring,0.81,Medium,1,1.3
Harlem,Inwood,18,Wednesday,0,Spring,1.34,High,1,1.8
East Village,Chelsea,3,Friday,0,Summer,11.99,Low,1,1.0
Murray Hill,Upper West Side,14,Thursday,0,Spring,4.57,Low,1,1.0
Brighton Beach,Flatlands,7,Saturday,1,Winter,4.66,Medium,1,1.3
West Village,Upper West Side,21,Tuesday,0,Spring,1.86,Low,2,1.0
Rockaway Beach,Arrochar,16,Monday,0,Winter,1.13,Medium,1,1.3
Upper West Side,Clinton Hill,17,Thursday,0,Summer,1.78,High,2,1.8
Bedford-Stuyvesant,Upper West Side,7,Friday,0,Winter,3.78,Medium,1,1.3
Upper West Side,Harlem,13,Monday,0,Spring,1.5,Low,1,1.0
Williamsburg,Crown Heights,15,Saturday,1,Spring,1.67,Low,1,1.0
Clinton Hill,South Slope,1,Sunday,1,Spring,0.3,Low,1,1.0
Chinatown,West Village,23,Thursday,0,Spring,3.2,Low,2,1.0
Kensington,Fort Greene,9,Friday,0,Winter,0.95,High,2,1.8
Crown Heights,Williamsburg,21,Thursday,0,Spring,1.21,Low,1,1.0
East Harlem,West Village,13,Thursday,0,Spring,2.97,Low,1,1.0
Hell's Kitchen,Midtown,13,Tuesday,0,Winter,1.87,Low,4,1.0
Bedford-Stuyvesant,Park Slope,20,Saturday,1,Spring,3.18,Medium,1,1.3
South Slope,Harlem,7,Friday,0,Spring,4.38,Medium,1,1.3
Park Slope,Windsor Terrace,22,Thursday,0,Winter,4.33,Low,1,1.0
Upper West Side,West Village,17,Wednesday,0,Winter,1.85,High,5,1.8
Kensington,Hell's Kitchen,20,Tuesday,0,Spring,3.42,Medium,1,1.3
South Slope,South Slope,18,Sunday,1,Winter,1.43,High,1,1.8
Upper West Side,Bedford-Stuyvesant,8,Friday,0,Spring,5.81,High,1,1.8
Fort Greene,Williamsburg,6,Saturday,1,Spring,2.08,Low,1,1.0
Tottenville,Great Kills,22,Wednesday,0,Spring,27.15,Low,2,1.0
West Village,Inwood,17,Thursday,0,Spring,1.65,High,3,1.8
Upper West Side,Harlem,20,Sunday,1,Spring,2.09,Medium,1,1.3
Hell's Kitchen,Harlem,15,Friday,0,Spring,3.33,Low,5,1.0
Great Kills,Arrochar,23,Friday,0,Spring,16.1,Low,1,1.0
Oakwood,Sheepshead Bay,21,Sunday,1,Winter,11.21,Low,2,1.0
Kensington,South Slope,19,Thursday,0,Spring,1.41,High,1,1.8
Murray Hill,Inwood,19,Wednesday,0,Winter,1.46,High,1,1.8
Clinton Hill,East Harlem,18,Wednesday,0,Winter,3.09,High,1,1.8
Harlem,Harlem,20,Friday,0,Spring,1.25,Medium,5,1.3
Park Slope,Inwood,6,Monday,0,Summer,0.95,Low,1,1.0
Flatlands,Fort Hamilton,12,Monday,0,Winter,0.87,Low,6,1.0
Clinton Hill,Bedford-Stuyvesant,13,Wednesday,0,Winter,2.07,Low,3,1.0
West Village,Bedford-Stuyvesant,10,Thursday,0,Summer,5.17,Medium,1,1.3
Park Slope,Midtown,10,Wednesday,0,Summer,1.52,Medium,1,1.3
Kensington,Park Slope,8,Tuesday,0,Spring,2.35,High,1,1.8
Chinatown,Upper West Side,17,Sunday,1,Winter,1.43,High,1,1.8
Midtown,Clinton Hill,18,Wednesday,0,Winter,4.25,High,1,1.8
West Village,Clinton Hill,9,Saturday,1,Spring,2.97,High,1,1.8
East Harlem,South Slope,18,Wednesday,0,Spring,1.64,High,2,1.8
Great Kills,Sheepshead Bay,22,Thursday,0,Spring,10.5,Low,1,1.0
Flatlands,Sheepshead Bay,11,Wednesday,0,Winter,2.27,Low,1,1.0
Inwood,Kensington,22,Thursday,0,Summer,2.66,Low,6,1.0
West Village,Murray Hill,8,Friday,0,Spring,4.87,High,1,1.8
South Slope,West Village,19,Thursday,0,Spring,3.28,High,1,1.8
Clinton Hill,East Harlem,13,Wednesday,0,Spring,1.81,Low,1,1.0
Sheepshead Bay,Arverne,6,Wednesday,0,Summer,1.35,Low,3,1.0
Park Slope,Inwood,11,Saturday,1,Spring,7.3,Low,3,1.0
Oakwood,Midwood,14,Thursday,0,Spring,12.28,Low,1,1.0
"Bay Terrace, Staten Island",Prince's Bay,15,Thursday,0,Summer,11.45,Low,1,1.0
Clinton Hill,Bedford-Stuyvesant,14,Friday,0,Spring,2.77,Low,1,1.0
Harlem,Bedford-Stuyvesant,15,Friday,0,Winter,1.67,Low,2,1.0
Upper West Side,Murray Hill,17,Saturday,1,Summer,2.09,High,1,1.8
Upper West Side,East Harlem,19,Friday,0,Winter,1.39,High,1,1.8
Fort Greene,Fort Greene,22,Saturday,1,Spring,1.16,Low,1,1.0
West Village,Inwood,10,Saturday,1,Summer,2.84,Medium,2,1.3
Hell's Kitchen,Upper West Side,23,Tuesday,0,Spring,8.67,Low,1,1.0
Murray Hill,South Slope,22,Saturday,1,Summer,2.28,Low,1,1.0
Harlem,West Village,20,Wednesday,0,Spring,1.39,Medium,1,1.3
Harlem,East Harlem,8,Monday,0,Summer,1.55,High,1,1.8
Chinatown,East Harlem,18,Tuesday,0,Spring,5.9,High,1,1.8
Harlem,Harlem,18,Sunday,1,Summer,3.92,High,1,1.8
Chinatown,Bedford-Stuyvesant,12,Friday,0,Spring,1.28,Low,1,1.0
East Harlem,Bedford-Stuyvesant,18,Sunday,1,Winter,2.12,High,2,1.8
Harlem,Upper West Side,17,Tuesday,0,Winter,2.15,High,1,1.8
Fort Greene,Bedford-Stuyvesant,23,Wednesday,0,Winter,5.16,Low,2,1.0
East Harlem,Upper West Side,13,Friday,0,Winter,3.67,Low,3,1.0
Chinatown,Harlem,5,Monday,0,Spring,0.84,Low,1,1.0
Bedford-Stuyvesant,Upper West Side,9,Sunday,1,Winter,0.6,High,1,1.8
South Slope,Fort Greene,17,Tuesday,0,Spring,3.36,High,1,1.8
Murray Hill,Fort Greene,18,Sunday,1,Winter,6.35,High,1,1.8
Bedford-Stuyvesant,East Harlem,10,Sunday,1,Spring,3.23,Medium,2,1.3
Upper West Side,Hell's Kitchen,18,Wednesday,0,Winter,1.57,High,1,1.8
Tottenville,Woodrow,23,Monday,0,Winter,23.75,Low,2,1.0
Great Kills,Clifton,10,Wednesday,0,Summer,14.95,Medium,1,1.3
Park Slope,Harlem,15,Tuesday,0,Summer,1.52,Low,1,1.0
Upper West Side,East Harlem,1,Saturday,1,Spring,1.87,Low,1,1.0
Upper West Side,Williamsburg,22,Wednesday,0,Spring,2.11,Low,1,1.0
Williamsburg,Bedford-Stuyvesant,7,Wednesday,0,Winter,6.89,Medium,1,1.3
Chelsea,Upper West Side,17,Sunday,1,Winter,3.62,High,1,1.8
West Village,Harlem,8,Wednesday,0,Spring,4.11,High,1,1.8
Clinton Hill,Upper West Side,21,Friday,0,Spring,0.5,Low,1,1.0
Upper West Side,Park Slope,2,Sunday,1,Summer,0.51,Low,1,1.0
Bushwick,South Slope,0,Saturday,1,Summer,3.92,Low,1,1.0
West Village,Upper West Side,22,Tuesday,0,Spring,1.18,Low,1,1.0
Tompkinsville,Arden Heights,14,Sunday,1,Winter,14.11,Low,1,1.0
West Village,Upper West Side,7,Wednesday,0,Winter,2.76,Medium,1,1.3
Bedford-Stuyvesant,East Harlem,22,Sunday,1,Spring,6.15,Low,1,1.0
Kensington,Clinton Hill,13,Sunday,1,Spring,1.13,Low,1,1.0
Harlem,East Harlem,18,Tuesday,0,Summer,2.76,High,1,1.8
Borough Park,Arden Heights,15,Thursday,0,Summer,12.32,Low,2,1.0
Bedford-Stuyvesant,Harlem,8,Tuesday,0,Spring,1.91,High,1,1.8
East Harlem,Harlem,19,Tuesday,0,Winter,0.81,High,1,1.8
Bedford-Stuyvesant,West Village,13,Friday,0,Spring,5.27,Low,1,1.0
East Harlem,Hell's Kitchen,20,Sunday,1,Summer,1.2,Medium,1,1.3
Great Kills,Tottenville,16,Friday,0,Spring,25.22,Medium,1,1.3
Chelsea,Kensington,8,Friday,0,Spring,13.93,High,1,1.8
Harlem,Bedford-Stuyvesant,13,Tuesday,0,Summer,1.11,Low,4,1.0
Upper West Side,Midtown,5,Tuesday,0,Winter,2.9,Low,1,1.0
Murray Hill,East Harlem,1,Wednesday,0,Winter,2.63,Low,1,1.0
Sheepshead Bay,Arverne,17,Thursday,0,Winter,1.43,High,2,1.8
Chinatown,Crown Heights,0,Saturday,1,Winter,3.2,Low,2,1.0
Arverne,Arverne,13,Wednesday,0,Spring,1.17,Low,1,1.0
Chinatown,Kensington,0,Wednesday,0,Winter,2.01,Low,1,1.0
Bedford-Stuyvesant,Park Slope,4,Thursday,0,Spring,4.72,Low,1,1.0
Kensington,Clinton Hill,11,Monday,0,Spring,4.24,Low,1,1.0
Harlem,Upper West Side,19,Monday,0,Spring,4.39,High,1,1.8
Inwood,East Village,7,Tuesday,0,Spring,0.26,Medium,1,1.3
Clinton Hill,East Village,23,Monday,0,Winter,2.08,Low,1,1.0
Midtown,Upper West Side,0,Monday,0,Winter,8.48,Low,3,1.0
Park Slope,Harlem,9,Wednesday,0,Summer,0.77,High,1,1.8
Harlem,Fort Greene,15,Friday,0,Summer,3.41,Low,1,1.0
Neponsit,Far Rockaway,17,Friday,0,Spring,10.82,High,1,1.8
South Slope,Upper West Side,18,Thursday,0,Spring,4.6,High,1,1.8
Harlem,Harlem,5,Monday,0,Spring,3.38,Low,1,1.0
Bedford-Stuyvesant,Harlem,21,Monday,0,Winter,3.68,Low,1,1.0
Bedford-Stuyvesant,Greenpoint,19,Thursday,0,Spring,1.15,High,5,1.8
Upper West Side,Harlem,21,Monday,0,Spring,0.28,Low,1,1.0
Upper West Side,Kensington,9,Tuesday,0,Summer,3.47,High,1,1.8
Fort Hamilton,Bensonhurst,11,Monday,0,Spring,2.04,Low,6,1.0
Harlem,Bedford-Stuyvesant,8,Thursday,0,Winter,5.17,High,1,1.8
Hell's Kitchen,Harlem,12,Sunday,1,Winter,1.8,Low,1,1.0
Bedford-Stuyvesant,Fort Greene,17,Monday,0,Spring,4.46,High,2,1.8
Harlem,Upper West Side,23,Wednesday,0,Winter,3.9,Low,5,1.0
East Harlem,Upper West Side,18,Sunday,1,Summer,2.21,High,5,1.8
Williamsburg,Upper West Side,18,Sunday,1,Winter,3.73,High,1,1.8
East Harlem,Upper West Side,19,Thursday,0,Spring,1.37,High,5,1.8
Harlem,Midtown,12,Tuesday,0,Spring,3.04,Low,5,1.0
Harlem,Fort Greene,22,Tuesday,0,Spring,6.56,Low,1,1.0
Oakwood,South Beach,14,Sunday,1,Spring,16.16,Low,1,1.0
Inwood,Upper West Side,12,Tuesday,0,Spring,2.09,Low,2,1.0
West Village,Park Slope,23,Saturday,1,Spring,1.13,Low,1,1.0
Harlem,Upper West Side,3,Saturday,1,Spring,1.77,Low,1,1.0
Bedford-Stuyvesant,Fort Greene,15,Monday,0,Spring,3.4,Low,5,1.0
South Slope,Harlem,7,Wednesday,0,Spring,1.41,Medium,1,1.3
Kensington,Harlem,18,Thursday,0,Spring,12.39,High,1,1.8
West Village,Bedford-Stuyvesant,19,Tuesday,0,Spring,2.05,High,1,1.8
Gravesend,East Flatbush,20,Tuesday,0,Spring,2.9,Medium,1,1.3
Clinton Hill,Upper West Side,2,Friday,0,Spring,9.21,Low,1,1.0
Upper West Side,Hell's Kitchen,22,Tuesday,0,Spring,1.78,Low,2,1.0
Kensington,East Harlem,14,Sunday,1,Spring,3.79,Low,2,1.0
West Village,Upper West Side,19,Saturday,1,Spring,2.15,High,1,1.8
Fort Hamilton,Bensonhurst,12,Friday,0,Spring,1.79,Low,1,1.0
East Harlem,South Slope,2,Sunday,1,Winter,0.78,Low,1,1.0
Kensington,Fort Greene,15,Wednesday,0,Winter,1.3,Low,1,1.0
East Harlem,East Harlem,17,Saturday,1,Spring,1.34,High,5,1.8
East Harlem,East Harlem,21,Thursday,0,Summer,2.83,Low,1,1.0
East Harlem,Windsor Terrace,20,Monday,0,Winter,0.97,Medium,1,1.3
Murray Hill,Upper West Side,19,Monday,0,Winter,3.21,High,1,1.8
Clinton Hill,East Harlem,19,Saturday,1,Winter,3.9,High,1,1.8
Bedford-Stuyvesant,Bedford-Stuyvesant,6,Wednesday,0,Winter,4.64,Low,1,1.0
Williamsburg,Bedford-Stuyvesant,17,Wednesday,0,Spring,2.79,High,1,1.8
Murray Hill,Clinton Hill,12,Thursday,0,Winter,1.8,Low,1,1.0
South Slope,Upper West Side,7,Thursday,0,Winter,1.88,Medium,3,1.3
Inwood,Hell's Kitchen,8,Sunday,1,Winter,1.27,High,1,1.8
Upper West Side,Harlem,22,Monday,0,Winter,1.34,Low,2,1.0
Chelsea,Murray Hill,22,Saturday,1,Winter,2.65,Low,2,1.0
Clinton Hill,East Harlem,13,Thursday,0,Spring,3.86,Low,1,1.0
East Harlem,Fort Greene,22,Saturday,1,Winter,2.86,Low,2,1.0
Harlem,Fort Greene,21,Sunday,1,Spring,1.62,Low,1,1.0
Bedford-Stuyvesant,Kensington,8,Friday,0,Winter,3.0,High,1,1.8
Midtown,Fort Greene,22,Friday,0,Spring,2.78,Low,1,1.0
Kensington,Murray Hill,7,Saturday,1,Summer,1.52,Medium,1,1.3
Kensington,Kensington,16,Friday,0,Summer,1.23,Medium,1,1.3
South Slope,Midtown,16,Saturday,1,Spring,4.91,Medium,1,1.3
South Slope,Upper West Side,10,Monday,0,Spring,3.26,Medium,2,1.3
Upper West Side,Bedford-Stuyvesant,23,Wednesday,0,Winter,1.43,Low,1,1.0
Murray Hill,East Harlem,2,Thursday,0,Summer,1.59,Low,1,1.0
Hell's Kitchen,East Harlem,22,Tuesday,0,Winter,3.66,Low,1,1.0
Harlem,East Harlem,13,Monday,0,Winter,2.76,Low,1,1.0
East Harlem,Harlem,8,Monday,0,Summer,7.77,High,1,1.8
Tottenville,Huguenot,16,Wednesday,0,Spring,24.63,Medium,1,1.3
East Harlem,Harlem,17,Sunday,1,Spring,1.99,High,1,1.8
East Harlem,Harlem,19,Tuesday,0,Winter,1.35,High,1,1.8
East Harlem,Upper West Side,19,Thursday,0,Winter,4.25,High,1,1.8
Bensonhurst,Arrochar,23,Saturday,1,Spring,3.96,Low,1,1.0
Harlem,West Village,0,Sunday,1,Spring,1.06,Low,1,1.0
Bay Ridge,Arrochar,22,Thursday,0,Summer,2.85,Low,2,1.0
Upper West Side,East Harlem,18,Tuesday,0,Summer,1.14,High,3,1.8
Harlem,Midtown,21,Monday,0,Summer,3.23,Low,1,1.0
Clinton Hill,Murray Hill,13,Wednesday,0,Spring,2.76,Low,1,1.0
Harlem,East Harlem,6,Tuesday,0,Spring,3.04,Low,1,1.0
East Harlem,Bedford-Stuyvesant,22,Thursday,0,Winter,2.25,Low,5,1.0
Clinton Hill,Fort Greene,22,Wednesday,0,Spring,1.05,Low,1,1.0
Harlem,Upper West Side,19,Sunday,1,Spring,4.86,High,1,1.8
East Harlem,Murray Hill,22,Saturday,1,Winter,2.33,Low,3,1.0
South Slope,Park Slope,13,Friday,0,Spring,0.97,Low,5,1.0
Clinton Hill,Inwood,1,Sunday,1,Spring,1.52,Low,1,1.0
South Slope,Kensington,8,Monday,0,Spring,2.52,High,1,1.8
West Village,Upper West Side,18,Tuesday,0,Spring,2.78,High,1,1.8
East Harlem,Park Slope,21,Wednesday,0,Spring,1.43,Low,1,1.0
Upper West Side,Harlem,0,Saturday,1,Winter,10.07,Low,2,1.0
Chelsea,South Slope,7,Sunday,1,Spring,1.36,Medium,1,1.3
Tottenville,Huguenot,7,Friday,0,Winter,19.24,Medium,2,1.3
Chelsea,Crown Heights,19,Friday,0,Summer,1.16,High,1,1.8
Kensington,Park Slope,17,Saturday,1,Winter,1.28,High,2,1.8
Midtown,Hell's Kitchen,23,Tuesday,0,Spring,12.36,Low,1,1.0
Tottenville,Rossville,0,Wednesday,0,Spring,19.8,Low,1,1.0
Harlem,Harlem,14,Tuesday,0,Spring,0.76,Low,1,1.0
Clinton Hill,East Harlem,3,Sunday,1,Summer,0.07,Low,1,1.0
South Slope,South Slope,13,Sunday,1,Winter,3.52,Low,1,1.0
East Harlem,Flatbush,18,Sunday,1,Spring,3.03,High,1,1.8
East Harlem,East Harlem,14,Thursday,0,Spring,3.03,Low,1,1.0
West Village,Harlem,9,Friday,0,Summer,4.05,High,1,1.8
Tottenville,Eltingville,19,Tuesday,0,Spring,21.04,High,2,1.8
South Slope,Upper West Side,16,Tuesday,0,Spring,2.16,Medium,2,1.3
South Slope,Murray Hill,12,Monday,0,Spring,2.38,Low,2,1.0
West Village,West Village,21,Tuesday,0,Spring,1.68,Low,1,1.0
Midwood,Bensonhurst,11,Friday,0,Spring,2.77,Low,1,1.0
Chinatown,East Harlem,4,Tuesday,0,Spring,6.16,Low,1,1.0
West Village,Midtown,15,Friday,0,Spring,4.86,Low,1,1.0
Upper West Side,West Village,13,Friday,0,Spring,1.7,Low,2,1.0
South Slope,Fort Greene,19,Sunday,1,Winter,1.25,High,2,1.8
Great Kills,Far Rockaway,8,Thursday,0,Spring,18.07,High,1,1.8
Concord,Bergen Beach,13,Wednesday,0,Spring,1.66,Low,1,1.0
Sheepshead Bay,Midwood,13,Monday,0,Spring,1.56,Low,2,1.0
West Village,Kensington,9,Thursday,0,Spring,1.2,High,1,1.8
Tottenville,Tottenville,10,Tuesday,0,Winter,25.78,Medium,1,1.3
Harlem,East Harlem,22,Wednesday,0,Spring,5.02,Low,2,1.0
South Slope,Midtown,11,Friday,0,Winter,0.86,Low,1,1.0
East Harlem,East Harlem,14,Thursday,0,Spring,1.85,Low,1,1.0
Bedford-Stuyvesant,Upper West Side,15,Tuesday,0,Winter,3.38,Low,1,1.0
Harlem,Williamsburg,10,Friday,0,Winter,5.57,Medium,2,1.3
Hell's Kitchen,Park Slope,19,Tuesday,0,Spring,10.33,High,1,1.8
Bedford-Stuyvesant,Harlem,19,Thursday,0,Spring,3.18,High,5,1.8
West Village,East Harlem,8,Friday,0,Winter,0.93,High,2,1.8
Murray Hill,Kensington,7,Tuesday,0,Spring,1.5,Medium,1,1.3
Stapleton,Gravesend,12,Sunday,1,Spring,4.2,Low,2,1.0
Kensington,East Harlem,20,Saturday,1,Spring,0.96,Medium,3,1.3
Tottenville,Prince's Bay,6,Wednesday,0,Spring,12.84,Low,1,1.0
Greenpoint,Kensington,17,Wednesday,0,Winter,1.48,High,1,1.8
Bedford-Stuyvesant,Inwood,0,Sunday,1,Summer,3.87,Low,6,1.0
Arden Heights,Flatlands,11,Wednesday,0,Spring,12.49,Low,2,1.0
East Harlem,Upper West Side,14,Tuesday,0,Spring,2.27,Low,1,1.0
Harlem,Bedford-Stuyvesant,10,Thursday,0,Spring,1.17,Medium,1,1.3
Edgemere,Mill Basin,6,Friday,0,Winter,3.85,Low,1,1.0
Fort Greene,East Harlem,18,Friday,0,Winter,1.99,High,1,1.8
Greenpoint,Greenpoint,2,Friday,0,Winter,0.0,Low,1,1.0
Long Island City,Harlem,21,Sunday,1,Spring,2.38,Low,1,1.0
Gravesend,Bensonhurst,18,Wednesday,0,Summer,0.99,High,2,1.8
Chelsea,Crown Heights,16,Wednesday,0,Winter,1.6,Medium,1,1.3
Bedford-Stuyvesant,Upper West Side,21,Saturday,1,Winter,0.93,Low,1,1.0
Williamsburg,Upper West Side,3,Saturday,1,Spring,1.83,Low,1,1.0
Bedford-Stuyvesant,Upper West Side,21,Friday,0,Winter,3.75,Low,1,1.0
Harlem,Chinatown,23,Thursday,0,Summer,6.47,Low,5,1.0
Great Kills,Tottenville,22,Tuesday,0,Spring,11.68,Low,1,1.0
Park Slope,Harlem,22,Thursday,0,Winter,4.15,Low,1,1.0
Harlem,East Harlem,13,Tuesday,0,Spring,3.03,Low,4,1.0
East Harlem,Inwood,1,Saturday,1,Spring,2.91,Low,1,1.0
Great Kills,Tottenville,17,Tuesday,0,Winter,24.41,High,1,1.8
Gravesend,Bay Ridge,10,Monday,0,Spring,1.97,Medium,1,1.3
Crown Heights,Hell's Kitchen,16,Monday,0,Winter,1.27,Medium,1,1.3
Bedford-Stuyvesant,Bedford-Stuyvesant,9,Monday,0,Spring,2.01,High,1,1.8
Fort Hamilton,Grymes Hill,14,Friday,0,Spring,4.73,Low,2,1.0
Clinton Hill,Midtown,15,Wednesday,0,Spring,1.54,Low,1,1.0
East Harlem,Upper West Side,22,Thursday,0,Summer,2.28,Low,1,1.0
Upper West Side,Harlem,19,Thursday,0,Summer,7.18,High,1,1.8
Woodrow,Tottenville,2,Sunday,1,Winter,11.94,Low,4,1.0
East Harlem,Upper West Side,22,Tuesday,0,Spring,2.87,Low,1,1.0
Kensington,Greenpoint,18,Friday,0,Winter,3.02,High,2,1.8
East Harlem,Clinton Hill,9,Thursday,0,Winter,1.44,High,1,1.8
Upper West Side,Harlem,11,Thursday,0,Spring,2.93,Low,5,1.0
Emerson Hill,Westerleigh,13,Sunday,1,Spring,1.99,Low,1,1.0
Upper West Side,Fort Greene,16,Tuesday,0,Winter,2.06,Medium,1,1.3
Williamsburg,Upper West Side,19,Friday,0,Winter,1.87,High,1,1.8
Upper West Side,Midtown,18,Wednesday,0,Spring,1.43,High,1,1.8
Great Kills,Arrochar,17,Sunday,1,Summer,16.27,High,2,1.8
Midwood,Arverne,12,Sunday,1,Spring,3.92,Low,1,1.0
Harlem,Clinton Hill,16,Wednesday,0,Winter,1.29,Medium,1,1.3
Upper West Side,Upper West Side,12,Wednesday,0,Spring,1.1,Low,1,1.0
South Slope,Chinatown,22,Thursday,0,Winter,1.72,Low,1,1.0
Stapleton,Prince's Bay,20,Monday,0,Winter,25.02,Medium,1,1.3
South Slope,Chinatown,14,Tuesday,0,Spring,2.01,Low,1,1.0
Crown Heights,Bedford-Stuyvesant,23,Saturday,1,Spring,0.82,Low,3,1.0
Williamsburg,Harlem,6,Tuesday,0,Spring,4.3,Low,1,1.0
Prince's Bay,Tottenville,11,Tuesday,0,Summer,27.23,Low,1,1.0
Clinton Hill,East Harlem,13,Saturday,1,Spring,3.11,Low,1,1.0
Harlem,East Harlem,23,Friday,0,Summer,2.94,Low,1,1.0
East Harlem,Fort Greene,9,Wednesday,0,Spring,5.97,High,1,1.8
Harlem,Greenpoint,15,Saturday,1,Winter,0.94,Low,1,1.0
Clinton Hill,South Slope,22,Monday,0,Spring,1.08,Low,1,1.0
Harlem,Upper West Side,12,Thursday,0,Spring,3.63,Low,1,1.0
Inwood,East Harlem,16,Thursday,0,Spring,2.78,Medium,1,1.3
Harlem,East Harlem,9,Sunday,1,Winter,1.4,High,1,1.8
South Slope,Upper West Side,12,Saturday,1,Spring,0.2,Low,1,1.0
Inwood,Bedford-Stuyvesant,15,Sunday,1,Winter,2.86,Low,2,1.0
Chinatown,Bedford-Stuyvesant,18,Wednesday,0,Spring,2.84,High,1,1.8
Sheepshead Bay,Arverne,18,Tuesday,0,Winter,1.55,High,1,1.8
Upper West Side,Fort Greene,20,Thursday,0,Summer,0.92,Medium,1,1.3
Murray Hill,Bedford-Stuyvesant,15,Tuesday,0,Summer,1.33,Low,1,1.0
Bedford-Stuyvesant,Murray Hill,6,Thursday,0,Spring,2.0,Low,1,1.0
Upper West Side,Upper West Side,17,Thursday,0,Spring,2.37,High,1,1.8
West Village,Harlem,9,Friday,0,Summer,2.16,High,2,1.8
Harlem,Upper West Side,18,Tuesday,0,Summer,2.02,High,6,1.8
Upper West Side,Clinton Hill,17,Wednesday,0,Spring,0.88,High,4,1.8
Hell's Kitchen,Hell's Kitchen,4,Friday,0,Winter,3.42,Low,1,1.0
Hell's Kitchen,Fort Greene,16,Friday,0,Winter,5.24,Medium,1,1.3
Harlem,Bedford-Stuyvesant,17,Saturday,1,Winter,1.96,High,1,1.8
Greenpoint,Crown Heights,22,Thursday,0,Spring,1.89,Low,2,1.0
Coney Island,Sheepshead Bay,14,Friday,0,Spring,4.09,Low,3,1.0
Bedford-Stuyvesant,Crown Heights,19,Wednesday,0,Summer,3.64,High,1,1.8
Upper West Side,Park Slope,23,Sunday,1,Summer,2.51,Low,1,1.0
Upper West Side,Murray Hill,17,Sunday,1,Spring,3.34,High,3,1.8
Bedford-Stuyvesant,Bedford-Stuyvesant,0,Sunday,1,Spring,1.58,Low,1,1.0
South Slope,Hell's Kitchen,19,Friday,0,Summer,2.8,High,3,1.8
Clinton Hill,Murray Hill,22,Friday,0,Winter,1.38,Low,2,1.0
Midwood,Flatlands,16,Monday,0,Spring,1.56,Medium,1,1.3
Bedford-Stuyvesant,Upper West Side,22,Tuesday,0,Winter,9.55,Low,1,1.0
East Harlem,Murray Hill,22,Wednesday,0,Summer,6.65,Low,1,1.0
East Harlem,Upper West Side,13,Monday,0,Summer,2.29,Low,1,1.0
Hell's Kitchen,Upper West Side,17,Friday,0,Spring,0.94,High,5,1.8
West Village,Upper West Side,10,Saturday,1,Summer,4.31,Medium,2,1.3
Midtown,Kensington,16,Saturday,1,Winter,3.4,Medium,1,1.3
Upper West Side,Chinatown,22,Monday,0,Winter,1.87,Low,1,1.0
South Slope,Murray Hill,14,Thursday,0,Winter,0.24,Low,4,1.0
Bedford-Stuyvesant,Crown Heights,2,Saturday,1,Spring,2.83,Low,1,1.0
Murray Hill,Kensington,7,Tuesday,0,Spring,1.39,Medium,1,1.3
Rockaway Beach,Far Rockaway,16,Friday,0,Spring,1.35,Medium,1,1.3
East Harlem,Upper West Side,16,Saturday,1,Winter,1.03,Medium,1,1.3
East Harlem,Park Slope,4,Sunday,1,Summer,3.76,Low,1,1.0
Kensington,East Harlem,14,Wednesday,0,Summer,1.7,Low,1,1.0
Upper West Side,Upper West Side,20,Thursday,0,Winter,1.15,Medium,1,1.3
Harlem,West Village,11,Saturday,1,Spring,3.78,Low,6,1.0
Williamsburg,Murray Hill,23,Tuesday,0,Spring,1.53,Low,2,1.0
South Slope,Crown Heights,13,Friday,0,Winter,1.24,Low,6,1.0
East Harlem,East Harlem,0,Monday,0,Winter,0.89,Low,1,1.0
Harlem,Harlem,18,Wednesday,0,Summer,1.03,High,5,1.8
Harlem,South Slope,20,Tuesday,0,Winter,5.36,Medium,1,1.3
Harlem,Crown Heights,15,Wednesday,0,Winter,1.55,Low,1,1.0
Bayswater,Sheepshead Bay,15,Saturday,1,Summer,2.98,Low,1,1.0
Williamsburg,Hell's Kitchen,20,Friday,0,Winter,6.36,Medium,1,1.3
Hell's Kitchen,South Slope,17,Friday,0,Summer,1.32,High,1,1.8
East Harlem,East Harlem,6,Tuesday,0,Spring,1.95,Low,1,1.0
Upper West Side,Crown Heights,13,Saturday,1,Spring,2.92,Low,2,1.0
East Harlem,Clinton Hill,16,Monday,0,Summer,1.21,Medium,1,1.3
South Slope,East Harlem,23,Friday,0,Winter,4.92,Low,1,1.0
South Slope,Chinatown,19,Sunday,1,Spring,2.19,High,1,1.8
Midtown,Harlem,18,Thursday,0,Spring,2.81,High,1,1.8
Kensington,Bedford-Stuyvesant,18,Saturday,1,Spring,6.47,High,1,1.8
Upper West Side,Hell's Kitchen,10,Wednesday,0,Spring,1.69,Medium,1,1.3
Hell's Kitchen,Kensington,9,Wednesday,0,Spring,15.43,High,1,1.8
Williamsburg,Park Slope,18,Monday,0,Winter,0.9,High,1,1.8
Bedford-Stuyvesant,Upper West Side,23,Wednesday,0,Summer,9.19,Low,1,1.0
Harlem,Bedford-Stuyvesant,18,Wednesday,0,Spring,1.93,High,1,1.8
Clinton Hill,Bedford-Stuyvesant,8,Thursday,0,Winter,0.91,High,1,1.8
Upper West Side,Kensington,18,Sunday,1,Spring,1.9,High,2,1.8
Harlem,Upper West Side,13,Monday,0,Spring,1.44,Low,1,1.0
East Harlem,Murray Hill,9,Thursday,0,Spring,5.35,High,4,1.8
Murray Hill,Bedford-Stuyvesant,15,Saturday,1,Winter,1.18,Low,1,1.0
Woodrow,Tottenville,17,Thursday,0,Winter,16.56,High,1,1.8
East Harlem,Williamsburg,6,Saturday,1,Spring,1.31,Low,1,1.0
Upper West Side,Bedford-Stuyvesant,9,Friday,0,Winter,4.18,High,1,1.8
Greenpoint,Chelsea,10,Saturday,1,Spring,1.55,Medium,2,1.3
Hell's Kitchen,South Slope,11,Saturday,1,Winter,0.9,Low,1,1.0
Park Slope,Inwood,16,Sunday,1,Winter,2.44,Medium,1,1.3
Harlem,Harlem,20,Monday,0,Spring,3.29,Medium,2,1.3
West Village,Upper West Side,8,Friday,0,Spring,0.74,High,1,1.8
South Slope,Upper West Side,16,Friday,0,Spring,3.06,Medium,1,1.3
West Village,Harlem,12,Sunday,1,Spring,6.78,Low,1,1.0
Hell's Kitchen,Clinton Hill,20,Tuesday,0,Spring,4.16,Medium,1,1.3
South Slope,Harlem,9,Saturday,1,Winter,4.92,High,1,1.8
"Bay Terrace, Staten Island",Bensonhurst,20,Tuesday,0,Spring,16.59,Medium,1,1.3
Fort Greene,Park Slope,20,Wednesday,0,Spring,2.89,Medium,1,1.3
Rockaway Beach,Midwood,20,Wednesday,0,Spring,4.19,Medium,3,1.3
West Village,Hell's Kitchen,12,Tuesday,0,Summer,1.0,Low,1,1.0
Oakwood,Midwood,8,Monday,0,Spring,11.52,High,2,1.8
Midtown,Harlem,19,Saturday,1,Summer,1.86,High,2,1.8
Williamsburg,Windsor Terrace,21,Saturday,1,Summer,1.49,Low,1,1.0
Bedford-Stuyvesant,Williamsburg,21,Wednesday,0,Winter,1.98,Low,1,1.0
Upper West Side,Park Slope,20,Thursday,0,Spring,1.34,Medium,1,1.3
Bensonhurst,Tompkinsville,12,Sunday,1,Spring,3.45,Low,1,1.0
Chinatown,West Village,19,Saturday,1,Winter,1.09,High,2,1.8
West Village,Harlem,19,Friday,0,Spring,3.45,High,1,1.8
Crown Heights,West Village,20,Monday,0,Spring,4.43,Medium,1,1.3
Chelsea,Harlem,10,Wednesday,0,Summer,3.0,Medium,1,1.3
Chelsea,Bedford-Stuyvesant,19,Sunday,1,Spring,5.03,High,2,1.8
West Village,Clinton Hill,8,Saturday,1,Spring,1.01,High,1,1.8
Prince's Bay,Arden Heights,7,Wednesday,0,Spring,23.5,Medium,1,1.3
Fort Greene,Kensington,8,Tuesday,0,Winter,1.82,High,2,1.8
Midtown,South Slope,13,Wednesday,0,Summer,1.58,Low,1,1.0
Kensington,Harlem,5,Monday,0,Spring,2.33,Low,1,1.0
Harlem,Inwood,21,Tuesday,0,Winter,1.02,Low,1,1.0
Inwood,Williamsburg,11,Saturday,1,Spring,5.81,Low,1,1.0
Upper West Side,Inwood,11,Wednesday,0,Spring,1.78,Low,1,1.0
Inwood,Hell's Kitchen,21,Friday,0,Winter,3.0,Low,3,1.0
South Slope,Midtown,17,Thursday,0,Summer,2.37,High,5,1.8
Harlem,Harlem,22,Wednesday,0,Spring,1.7,Low,2,1.0
Kensington,Harlem,13,Tuesday,0,Winter,1.36,Low,1,1.0
Bedford-Stuyvesant,South Slope,18,Wednesday,0,Spring,2.69,High,1,1.8
Kensington,Bedford-Stuyvesant,8,Friday,0,Winter,3.52,High,1,1.8
Harlem,Harlem,2,Monday,0,Spring,2.73,Low,1,1.0
"Bay Terrace, Staten Island",Borough Park,22,Tuesday,0,Spring,11.67,Low,6,1.0
Clinton Hill,Park Slope,20,Saturday,1,Spring,2.69,Medium,2,1.3
East Harlem,Crown Heights,20,Wednesday,0,Spring,2.09,Medium,1,1.3
Harlem,Chelsea,22,Monday,0,Spring,2.31,Low,6,1.0
Arverne,Bay Ridge,6,Monday,0,Spring,4.54,Low,1,1.0
East Harlem,Bedford-Stuyvesant,17,Thursday,0,Winter,0.63,High,1,1.8
Hell's Kitchen,Upper West Side,15,Sunday,1,Winter,0.95,Low,3,1.0
Williamsburg,Upper West Side,18,Saturday,1,Spring,1.74,High,1,1.8
Kensington,Kensington,14,Tuesday,0,Spring,0.67,Low,5,1.0
East Flatbush,Far Rockaway,15,Tuesday,0,Spring,3.09,Low,3,1.0
South Slope,Hell's Kitchen,12,Saturday,1,Winter,1.33,Low,1,1.0
Upper West Side,Midtown,3,Sunday,1,Winter,3.91,Low,1,1.0
New Springville,Great Kills,5,Thursday,0,Spring,16.01,Low,1,1.0
Bedford-Stuyvesant,Chelsea,23,Friday,0,Winter,1.01,Low,2,1.0
East Harlem,East Harlem,11,Tuesday,0,Spring,1.08,Low,1,1.0
Upper West Side,Harlem,7,Thursday,0,Spring,3.22,Medium,1,1.3
Harlem,Hell's Kitchen,9,Tuesday,0,Summer,1.09,High,1,1.8
Murray Hill,Williamsburg,22,Thursday,0,Spring,3.84,Low,1,1.0
Tottenville,Eltingville,5,Sunday,1,Summer,20.69,Low,1,1.0
Inwood,Williamsburg,3,Friday,0,Spring,4.51,Low,1,1.0
Harlem,Chelsea,13,Wednesday,0,Spring,1.73,Low,1,1.0
Upper West Side,Bedford-Stuyvesant,3,Friday,0,Spring,6.85,Low,2,1.0
Far Rockaway,Arden Heights,5,Thursday,0,Spring,11.53,Low,1,1.0
Great Kills,Prince's Bay,13,Wednesday,0,Spring,24.91,Low,1,1.0
Upper West Side,South Slope,3,Friday,0,Summer,1.45,Low,1,1.0
Fort Greene,Upper West Side,17,Thursday,0,Winter,1.42,High,1,1.8
Williamsburg,Hell's Kitchen,23,Wednesday,0,Winter,0.79,Low,1,1.0
Harlem,Harlem,10,Tuesday,0,Spring,2.87,Medium,5,1.3
Upper West Side,East Harlem,12,Monday,0,Spring,2.13,Low,5,1.0
Harlem,Chinatown,13,Friday,0,Spring,1.16,Low,1,1.0
Harlem,Upper West Side,0,Sunday,1,Spring,1.37,Low,2,1.0
West Village,East Harlem,23,Saturday,1,Spring,0.73,Low,1,1.0
East Harlem,Kensington,2,Friday,0,Winter,6.38,Low,1,1.0
Harlem,Harlem,13,Friday,0,Winter,1.0,Low,1,1.0
Murray Hill,West Village,7,Wednesday,0,Summer,3.32,Medium,5,1.3
Hell's Kitchen,Harlem,9,Saturday,1,Spring,0.75,High,6,1.8
Murray Hill,Bedford-Stuyvesant,23,Sunday,1,Spring,0.6,Low,1,1.0
Harlem,Upper West Side,14,Saturday,1,Winter,1.54,Low,2,1.0
Tottenville,Woodrow,8,Sunday,1,Winter,25.77,High,5,1.8
East Harlem,West Village,9,Monday,0,Spring,1.0,High,1,1.8
Midtown,Harlem,20,Friday,0,Summer,2.02,Medium,1,1.3
Upper West Side,Williamsburg,23,Thursday,0,Spring,1.93,Low,2,1.0
Midtown,East Harlem,19,Monday,0,Summer,1.19,High,1,1.8
Hell's Kitchen,Harlem,16,Sunday,1,Spring,2.09,Medium,6,1.3
East Harlem,Clinton Hill,19,Thursday,0,Spring,0.8,High,6,1.8
Fort Hamilton,Sheepshead Bay,12,Wednesday,0,Summer,2.8,Low,1,1.0
Bedford-Stuyvesant,Bedford-Stuyvesant,13,Saturday,1,Winter,3.49,Low,1,1.0
East Harlem,Harlem,12,Tuesday,0,Winter,0.52,Low,1,1.0
Upper West Side,Bedford-Stuyvesant,14,Sunday,1,Spring,1.39,Low,1,1.0
East Harlem,East Harlem,21,Tuesday,0,Spring,7.33,Low,3,1.0
Williamsburg,Upper West Side,22,Saturday,1,Spring,1.07,Low,2,1.0
Upper West Side,Upper West Side,20,Wednesday,0,Spring,4.47,Medium,1,1.3
South Slope,Upper West Side,16,Monday,0,Spring,1.06,Medium,1,1.3
Fort Greene,South Slope,18,Tuesday,0,Spring,0.72,High,5,1.8
Hell's Kitchen,Upper West Side,19,Friday,0,Winter,1.36,High,1,1.8
Bedford-Stuyvesant,Fort Greene,14,Friday,0,Winter,2.75,Low,1,1.0
Kensington,Bedford-Stuyvesant,9,Sunday,1,Winter,0.61,High,1,1.8
East Harlem,East Harlem,17,Friday,0,Spring,1.24,High,1,1.8
Hell's Kitchen,South Slope,19,Saturday,1,Spring,4.83,High,1,1.8
Upper West Side,Harlem,7,Thursday,0,Winter,2.9,Medium,1,1.3
Upper West Side,Clinton Hill,23,Thursday,0,Spring,7.3,Low,1,1.0
Clifton,Bensonhurst,20,Monday,0,Spring,7.57,Medium,1,1.3
Fort Hamilton,Silver Lake,8,Monday,0,Spring,1.13,High,1,1.8
Tottenville,Great Kills,15,Saturday,1,Spring,24.44,Low,1,1.0
Chinatown,Chinatown,18,Monday,0,Winter,1.27,High,1,1.8
Williamsburg,Harlem,21,Friday,0,Winter,1.26,Low,1,1.0
Hell's Kitchen,East Harlem,8,Wednesday,0,Spring,1.5,High,1,1.8
Harlem,Bedford-Stuyvesant,19,Sunday,1,Summer,1.93,High,1,1.8
Fort Greene,Upper West Side,17,Sunday,1,Spring,1.1,High,1,1.8
East Harlem,Upper West Side,20,Thursday,0,Winter,2.96,Medium,6,1.3
East Harlem,Upper West Side,16,Monday,0,Spring,1.84,Medium,5,1.3
East Harlem,Harlem,8,Wednesday,0,Spring,2.6,High,2,1.8
East Harlem,Williamsburg,3,Thursday,0,Spring,0.47,Low,1,1.0
South Slope,Hell's Kitchen,11,Wednesday,0,Spring,3.17,Low,1,1.0
Tottenville,Tottenville,8,Monday,0,Winter,18.36,High,1,1.8
Arverne,Castleton Corners,13,Wednesday,0,Winter,2.79,Low,1,1.0
Upper West Side,Upper West Side,13,Saturday,1,Spring,2.58,Low,1,1.0
Oakwood,West Brighton,15,Tuesday,0,Summer,12.43,Low,6,1.0
Bedford-Stuyvesant,Fort Greene,17,Wednesday,0,Spring,1.27,High,1,1.8
Harlem,Upper West Side,23,Thursday,0,Winter,7.44,Low,1,1.0
East Harlem,Upper West Side,17,Monday,0,Winter,6.13,High,2,1.8
East Harlem,Harlem,17,Monday,0,Spring,4.94,High,1,1.8
Upper West Side,Harlem,12,Friday,0,Spring,3.14,Low,1,1.0
East Harlem,Hell's Kitchen,19,Thursday,0,Spring,0.91,High,1,1.8
South Slope,Bedford-Stuyvesant,11,Sunday,1,Summer,4.13,Low,1,1.0
Murray Hill,Chelsea,19,Friday,0,Winter,2.35,High,1,1.8
Windsor Terrace,Bedford-Stuyvesant,2,Tuesday,0,Summer,6.68,Low,1,1.0
Clinton Hill,East Harlem,19,Tuesday,0,Summer,0.75,High,1,1.8
South Slope,Bedford-Stuyvesant,4,Friday,0,Winter,3.03,Low,2,1.0
South Slope,South Slope,4,Tuesday,0,Spring,0.47,Low,6,1.0
Murray Hill,Crown Heights,14,Thursday,0,Spring,3.53,Low,1,1.0
East Harlem,Murray Hill,18,Friday,0,Spring,4.64,High,2,1.8
Eltingville,Tottenville,12,Tuesday,0,Winter,23.49,Low,2,1.0
East Harlem,Clinton Hill,9,Thursday,0,Winter,1.47,High,1,1.8
Hell's Kitchen,East Harlem,16,Friday,0,Summer,0.81,Medium,3,1.3
Crown Heights,Bedford-Stuyvesant,7,Tuesday,0,Spring,2.61,Medium,2,1.3
Windsor Terrace,Crown Heights,1,Wednesday,0,Spring,4.1,Low,1,1.0
East Harlem,Upper West Side,15,Friday,0,Winter,0.37,Low,1,1.0
Park Slope,Fort Greene,0,Saturday,1,Spring,4.07,Low,1,1.0
Lower East Side,East Harlem,17,Sunday,1,Winter,5.1,High,3,1.8
Sheepshead Bay,"Bay Terrace, Staten Island",5,Friday,0,Winter,12.37,Low,1,1.0
Park Slope,Bedford-Stuyvesant,23,Friday,0,Winter,0.95,Low,2,1.0
Crown Heights,Bedford-Stuyvesant,20,Thursday,0,Spring,0.48,Medium,1,1.3
Upper West Side,Harlem,10,Friday,0,Winter,1.43,Medium,4,1.3
Bedford-Stuyvesant,Chelsea,19,Tuesday,0,Summer,5.33,High,5,1.8
Upper West Side,Midtown,5,Saturday,1,Winter,5.88,Low,1,1.0
Midtown,Fort Greene,21,Monday,0,Spring,1.88,Low,1,1.0
Harlem,East Village,1,Friday,0,Winter,3.1,Low,1,1.0
Harlem,Chinatown,15,Wednesday,0,Spring,1.83,Low,1,1.0
Kensington,Hell's Kitchen,12,Saturday,1,Winter,6.69,Low,1,1.0
Fort Greene,Crown Heights,10,Wednesday,0,Spring,4.0,Medium,1,1.3
Park Slope,Windsor Terrace,21,Monday,0,Spring,1.14,Low,2,1.0
West Village,Bedford-Stuyvesant,9,Wednesday,0,Spring,0.79,High,1,1.8
East Harlem,Kensington,8,Wednesday,0,Spring,1.5,High,1,1.8
Harlem,Clinton Hill,18,Saturday,1,Summer,2.87,High,1,1.8
Upper West Side,Harlem,15,Tuesday,0,Spring,1.27,Low,1,1.0
Gravesend,Arden Heights,13,Thursday,0,Spring,12.44,Low,1,1.0
Chinatown,East Harlem,21,Monday,0,Spring,2.7,Low,1,1.0
Hell's Kitchen,Harlem,18,Saturday,1,Spring,1.35,High,2,1.8
Murray Hill,Harlem,12,Thursday,0,Spring,1.14,Low,1,1.0
Harlem,Harlem,14,Thursday,0,Spring,2.32,Low,1,1.0
Harlem,Clinton Hill,6,Wednesday,0,Spring,4.08,Low,3,1.0
East Harlem,Fort Greene,18,Sunday,1,Spring,2.18,High,1,1.8
Williamsburg,Upper West Side,22,Saturday,1,Spring,3.71,Low,2,1.0
Bedford-Stuyvesant,Clinton Hill,9,Monday,0,Winter,3.69,High,1,1.8
Bedford-Stuyvesant,Harlem,23,Saturday,1,Spring,1.68,Low,2,1.0
Murray Hill,Williamsburg,23,Sunday,1,Winter,1.81,Low,1,1.0
Hell's Kitchen,Harlem,2,Saturday,1,Winter,1.11,Low,1,1.0
West Village,Upper West Side,15,Friday,0,Summer,0.07,Low,1,1.0
Harlem,Harlem,14,Tuesday,0,Summer,0.93,Low,4,1.0
Upper West Side,Hell's Kitchen,20,Tuesday,0,Winter,2.19,Medium,1,1.3
Park Slope,Upper West Side,2,Sunday,1,Summer,2.66,Low,1,1.0
Midtown,South Slope,10,Tuesday,0,Spring,1.24,Medium,1,1.3
Hell's Kitchen,West Village,7,Monday,0,Spring,0.64,Medium,1,1.3
Brighton Beach,Gravesend,19,Monday,0,Summer,3.11,High,1,1.8
Crown Heights,West Village,23,Thursday,0,Winter,0.54,Low,2,1.0
Williamsburg,Upper West Side,17,Thursday,0,Spring,1.29,High,1,1.8
Bedford-Stuyvesant,Bedford-Stuyvesant,6,Tuesday,0,Spring,4.12,Low,1,1.0
Clinton Hill,Upper West Side,19,Thursday,0,Spring,1.16,High,2,1.8
Inwood,Midtown,22,Wednesday,0,Spring,2.17,Low,3,1.0
East Harlem,West Village,21,Sunday,1,Spring,2.63,Low,1,1.0
Harlem,Murray Hill,14,Tuesday,0,Spring,3.15,Low,1,1.0
East Harlem,Harlem,20,Sunday,1,Winter,2.44,Medium,1,1.3
Harlem,East Harlem,12,Wednesday,0,Spring,1.24,Low,5,1.0
Bedford-Stuyvesant,Harlem,7,Sunday,1,Winter,2.7,Medium,5,1.3
Upper West Side,West Village,14,Friday,0,Winter,3.42,Low,1,1.0
Inwood,Williamsburg,13,Tuesday,0,Winter,1.35,Low,1,1.0
Williamsburg,Park Slope,23,Monday,0,Winter,0.84,Low,1,1.0
Upper West Side,Williamsburg,22,Sunday,1,Spring,2.28,Low,1,1.0
Williamsburg,South Slope,23,Saturday,1,Summer,1.46,Low,1,1.0
Hell's Kitchen,Bedford-Stuyvesant,2,Sunday,1,Spring,3.04,Low,1,1.0
East Harlem,Upper West Side,13,Saturday,1,Spring,1.25,Low,1,1.0
Upper West Side,Hell's Kitchen,17,Thursday,0,Winter,1.4,High,1,1.8
Harlem,Park Slope,12,Friday,0,Spring,4.1,Low,6,1.0
Arden Heights,New Dorp Beach,16,Sunday,1,Winter,9.75,Medium,1,1.3
Bedford-Stuyvesant,East Harlem,23,Sunday,1,Spring,1.99,Low,1,1.0
Fort Greene,Harlem,10,Wednesday,0,Winter,2.22,Medium,1,1.3
Flatbush,Bensonhurst,10,Tuesday,0,Summer,2.95,Medium,2,1.3
Flatlands,Sheepshead Bay,21,Sunday,1,Spring,7.06,Low,3,1.0
Upper West Side,Fort Greene,19,Tuesday,0,Spring,2.84,High,1,1.8
Murray Hill,Harlem,19,Sunday,1,Winter,1.42,High,1,1.8
Harlem,Upper West Side,17,Saturday,1,Spring,0.48,High,2,1.8
Bedford-Stuyvesant,East Harlem,14,Monday,0,Spring,0.78,Low,2,1.0
East Harlem,Fort Greene,10,Saturday,1,Spring,1.96,Medium,1,1.3
Midwood,Borough Park,20,Friday,0,Winter,0.82,Medium,1,1.3
Fort Greene,Williamsburg,10,Thursday,0,Winter,3.56,Medium,1,1.3
Clinton Hill,South Slope,10,Sunday,1,Spring,7.71,Medium,2,1.3
Bedford-Stuyvesant,Williamsburg,0,Monday,0,Summer,0.44,Low,1,1.0
Park Slope,Upper West Side,17,Sunday,1,Spring,1.84,High,2,1.8
Harlem,Harlem,21,Wednesday,0,Spring,5.67,Low,2,1.0
Crown Heights,Midtown,14,Friday,0,Spring,4.51,Low,1,1.0
Upper West Side,East Harlem,13,Thursday,0,Summer,1.18,Low,1,1.0
Harlem,Williamsburg,16,Thursday,0,Winter,5.35,Medium,1,1.3
Bedford-Stuyvesant,Upper West Side,0,Thursday,0,Spring,1.13,Low,1,1.0
Bedford-Stuyvesant,Midtown,23,Thursday,0,Spring,1.87,Low,1,1.0
Harlem,Hell's Kitchen,11,Sunday,1,Spring,6.65,Low,1,1.0
Harlem,Fort Greene,10,Sunday,1,Summer,3.98,Medium,1,1.3
Upper West Side,East Harlem,20,Sunday,1,Spring,1.06,Medium,4,1.3
Williamsburg,Harlem,20,Friday,0,Winter,1.2,Medium,2,1.3
Crown Heights,Upper West Side,7,Saturday,1,Spring,2.07,Medium,1,1.3
Chinatown,Chinatown,4,Sunday,1,Spring,0.0,Low,1,1.0
Flatlands,Midwood,11,Friday,0,Spring,2.48,Low,1,1.0
East Harlem,Clinton Hill,21,Tuesday,0,Spring,1.11,Low,1,1.0
Harlem,East Harlem,22,Thursday,0,Summer,6.87,Low,1,1.0
Harlem,Lower East Side,2,Sunday,1,Summer,1.52,Low,1,1.0
Upper West Side,Midtown,14,Friday,0,Summer,1.84,Low,1,1.0
East Harlem,East Harlem,21,Thursday,0,Spring,2.47,Low,1,1.0
Harlem,Clinton Hill,1,Friday,0,Spring,4.07,Low,6,1.0
Upper West Side,Upper West Side,21,Friday,0,Winter,1.47,Low,2,1.0
Arverne,Concord,7,Thursday,0,Spring,9.03,Medium,1,1.3
Prince's Bay,Prince's Bay,9,Wednesday,0,Spring,0.0,High,1,1.8
South Slope,Inwood,13,Wednesday,0,Spring,1.7,Low,1,1.0
Inwood,Greenpoint,23,Saturday,1,Winter,6.56,Low,3,1.0
Harlem,Midtown,22,Wednesday,0,Summer,6.71,Low,1,1.0
Williamsburg,Williamsburg,22,Wednesday,0,Spring,4.72,Low,2,1.0
East Harlem,Bedford-Stuyvesant,6,Tuesday,0,Spring,1.25,Low,1,1.0
Hell's Kitchen,Upper West Side,19,Saturday,1,Spring,7.96,High,1,1.8
West Village,Upper West Side,23,Thursday,0,Summer,4.66,Low,2,1.0
Great Kills,Neponsit,18,Sunday,1,Spring,3.54,High,1,1.8
Park Slope,Bedford-Stuyvesant,12,Sunday,1,Spring,2.38,Low,6,1.0
West Village,Chelsea,6,Thursday,0,Winter,13.42,Low,1,1.0
East Harlem,East Harlem,20,Tuesday,0,Spring,2.7,Medium,1,1.3
Clinton Hill,Harlem,13,Tuesday,0,Winter,1.33,Low,1,1.0
Upper West Side,Bedford-Stuyvesant,23,Saturday,1,Summer,3.16,Low,1,1.0
Oakwood,Bensonhurst,16,Thursday,0,Winter,11.64,Medium,5,1.3
Arrochar,Arrochar,13,Saturday,1,Spring,1.21,Low,1,1.0
Bedford-Stuyvesant,Bedford-Stuyvesant,9,Sunday,1,Winter,0.59,High,1,1.8
Harlem,Inwood,21,Saturday,1,Winter,2.9,Low,1,1.0
Harlem,South Slope,18,Tuesday,0,Winter,1.95,High,1,1.8
Inwood,East Harlem,16,Monday,0,Winter,1.11,Medium,1,1.3
Great Kills,Arden Heights,10,Wednesday,0,Summer,14.46,Medium,4,1.3
Clifton,Arrochar,9,Thursday,0,Summer,3.21,High,1,1.8
Brighton Beach,Brighton Beach,16,Wednesday,0,Spring,0.0,Medium,1,1.3
Sheepshead Bay,"Bay Terrace, Staten Island",16,Thursday,0,Summer,16.9,Medium,2,1.3
Upper West Side,Harlem,5,Thursday,0,Winter,4.88,Low,5,1.0
Harlem,Harlem,0,Friday,0,Spring,4.97,Low,1,1.0
Murray Hill,Kensington,22,Tuesday,0,Winter,1.03,Low,1,1.0
East Harlem,Kensington,13,Tuesday,0,Summer,1.13,Low,3,1.0
Kensington,Park Slope,15,Saturday,1,Spring,1.39,Low,1,1.0
East Harlem,Upper West Side,17,Friday,0,Winter,2.06,High,2,1.8
Murray Hill,East Harlem,19,Wednesday,0,Summer,1.75,High,2,1.8
Clinton Hill,Midtown,22,Thursday,0,Winter,6.18,Low,5,1.0
Midtown,Harlem,12,Friday,0,Spring,3.31,Low,1,1.0
Harlem,Inwood,22,Friday,0,Spring,4.1,Low,2,1.0
Williamsburg,East Harlem,15,Friday,0,Spring,2.25,Low,6,1.0
Upper West Side,Kensington,12,Friday,0,Summer,4.85,Low,5,1.0
Hell's Kitchen,Hell's Kitchen,12,Friday,0,Spring,0.16,Low,2,1.0
Bedford-Stuyvesant,Greenpoint,19,Sunday,1,Winter,0.44,High,1,1.8
Park Slope,Greenpoint,20,Friday,0,Spring,1.04,Medium,1,1.3
East Harlem,Bedford-Stuyvesant,20,Tuesday,0,Spring,1.66,Medium,1,1.3
Harlem,East Harlem,10,Monday,0,Winter,1.48,Medium,1,1.3
Crown Heights,Murray Hill,17,Saturday,1,Summer,3.52,High,2,1.8
Chinatown,Crown Heights,20,Monday,0,Spring,1.14,Medium,1,1.3
Bedford-Stuyvesant,South Slope,15,Saturday,1,Spring,1.8,Low,1,1.0
Murray Hill,Harlem,18,Thursday,0,Spring,0.58,High,1,1.8
Bedford-Stuyvesant,Upper West Side,13,Sunday,1,Spring,1.21,Low,5,1.0
Upper West Side,Park Slope,8,Thursday,0,Winter,2.6,High,1,1.8
Midtown,Hell's Kitchen,1,Saturday,1,Summer,0.74,Low,1,1.0
Harlem,East Harlem,20,Tuesday,0,Summer,4.33,Medium,1,1.3
South Slope,Harlem,16,Saturday,1,Spring,0.85,Medium,1,1.3
Tottenville,Prince's Bay,1,Tuesday,0,Winter,56.94,Low,1,1.0
Midtown,Upper West Side,12,Wednesday,0,Spring,1.96,Low,1,1.0
Clinton Hill,West Village,21,Wednesday,0,Spring,4.95,Low,2,1.0
Arden Heights,Brighton Beach,19,Sunday,1,Winter,2.78,High,1,1.8
Bedford-Stuyvesant,East Harlem,0,Sunday,1,Summer,4.76,Low,5,1.0
Murray Hill,Bedford-Stuyvesant,16,Tuesday,0,Winter,2.95,Medium,1,1.3
Crown Heights,Harlem,9,Thursday,0,Spring,1.07,High,1,1.8
Inwood,Upper West Side,22,Saturday,1,Winter,1.59,Low,1,1.0
West Village,Murray Hill,20,Saturday,1,Spring,2.11,Medium,1,1.3
Huguenot,Huguenot,18,Saturday,1,Winter,0.0,High,1,1.8
Bedford-Stuyvesant,East Harlem,3,Wednesday,0,Summer,0.56,Low,1,1.0
Fort Greene,Hell's Kitchen,22,Monday,0,Spring,1.18,Low,3,1.0
Upper West Side,South Slope,16,Thursday,0,Spring,1.9,Medium,1,1.3
Fort Greene,Harlem,7,Friday,0,Summer,5.18,Medium,1,1.3
Inwood,Upper West Side,21,Saturday,1,Winter,0.88,Low,1,1.0
Williamsburg,Harlem,14,Saturday,1,Winter,0.59,Low,1,1.0
Arrochar,Far Rockaway,10,Sunday,1,Spring,1.91,Medium,1,1.3
Greenpoint,East Harlem,16,Friday,0,Spring,0.83,Medium,1,1.3
Fort Greene,East Harlem,8,Thursday,0,Spring,3.09,High,1,1.8
Williamsburg,Murray Hill,13,Monday,0,Summer,1.09,Low,1,1.0
Harlem,Harlem,11,Monday,0,Winter,0.71,Low,1,1.0
Arden Heights,Westerleigh,15,Monday,0,Spring,12.08,Low,6,1.0
Inwood,West Village,15,Monday,0,Spring,1.33,Low,1,1.0
Harlem,Upper West Side,13,Wednesday,0,Winter,3.63,Low,1,1.0
Upper West Side,Upper West Side,5,Wednesday,0,Winter,0.12,Low,2,1.0
Rockaway Beach,Arrochar,7,Monday,0,Spring,4.59,Medium,3,1.3
Bedford-Stuyvesant,East Harlem,12,Saturday,1,Summer,2.91,Low,6,1.0
Bedford-Stuyvesant,Harlem,11,Tuesday,0,Spring,1.3,Low,2,1.0
South Slope,Bedford-Stuyvesant,19,Saturday,1,Spring,4.35,High,1,1.8
Harlem,Kensington,22,Wednesday,0,Winter,0.99,Low,1,1.0
Clinton Hill,Upper West Side,17,Tuesday,0,Winter,1.69,High,1,1.8
Breezy Point,Concord,8,Tuesday,0,Spring,17.1,High,1,1.8
Bensonhurst,Bensonhurst,7,Friday,0,Spring,0.99,Medium,1,1.3
Great Kills,Concord,22,Tuesday,0,Spring,17.08,Low,5,1.0
Harlem,Williamsburg,11,Saturday,1,Winter,2.26,Low,1,1.0
Arden Heights,Brighton Beach,16,Thursday,0,Spring,4.87,Medium,6,1.3
Harlem,Clinton Hill,12,Friday,0,Spring,0.49,Low,1,1.0
Kensington,Kensington,12,Friday,0,Winter,4.8,Low,1,1.0
Inwood,Murray Hill,1,Tuesday,0,Spring,3.67,Low,1,1.0
East Harlem,Kensington,23,Friday,0,Winter,4.19,Low,2,1.0
Concord,Fort Hamilton,11,Thursday,0,Spring,0.92,Low,1,1.0
Upper West Side,Bedford-Stuyvesant,11,Friday,0,Winter,1.5,Low,2,1.0
Upper West Side,Williamsburg,20,Tuesday,0,Spring,1.95,Medium,1,1.3
Bedford-Stuyvesant,Harlem,20,Friday,0,Summer,6.29,Medium,1,1.3
Harlem,Harlem,21,Saturday,1,Spring,0.64,Low,1,1.0
Upper West Side,Kensington,6,Saturday,1,Winter,22.19,Low,2,1.0
Harlem,Midtown,0,Thursday,0,Winter,12.77,Low,1,1.0
Arden Heights,Bergen Beach,11,Wednesday,0,Spring,12.06,Low,1,1.0
Hell's Kitchen,Midtown,13,Thursday,0,Spring,1.84,Low,1,1.0
Chelsea,Murray Hill,7,Friday,0,Spring,2.19,Medium,1,1.3
Harlem,South Slope,22,Friday,0,Spring,7.03,Low,1,1.0
Hell's Kitchen,Kensington,22,Sunday,1,Winter,5.0,Low,1,1.0
Harlem,East Harlem,22,Wednesday,0,Spring,3.39,Low,1,1.0
Hell's Kitchen,Kensington,16,Saturday,1,Spring,5.25,Medium,1,1.3
East Harlem,Midtown,8,Thursday,0,Spring,1.16,High,1,1.8
Upper West Side,Upper West Side,14,Thursday,0,Spring,1.97,Low,1,1.0
Harlem,Harlem,9,Friday,0,Winter,2.58,High,1,1.8
Bedford-Stuyvesant,Kensington,12,Sunday,1,Spring,1.39,Low,1,1.0
Kensington,Midtown,16,Monday,0,Winter,1.74,Medium,1,1.3
Inwood,Hell's Kitchen,17,Saturday,1,Winter,3.11,High,1,1.8
Upper West Side,Midtown,9,Friday,0,Winter,1.53,High,3,1.8
Murray Hill,Park Slope,12,Friday,0,Spring,0.8,Low,1,1.0
East Harlem,Greenpoint,18,Wednesday,0,Winter,2.44,High,1,1.8
Park Slope,East Harlem,9,Friday,0,Winter,2.94,High,1,1.8
Upper West Side,Hell's Kitchen,14,Tuesday,0,Spring,2.45,Low,1,1.0
Upper West Side,Fort Greene,21,Saturday,1,Summer,2.3,Low,1,1.0
Murray Hill,Harlem,15,Tuesday,0,Summer,2.64,Low,1,1.0
Bedford-Stuyvesant,Hell's Kitchen,6,Sunday,1,Winter,2.0,Low,5,1.0
East Harlem,Windsor Terrace,1,Saturday,1,Winter,1.5,Low,1,1.0
East Harlem,Williamsburg,20,Saturday,1,Winter,0.99,Medium,1,1.3
East Harlem,Upper West Side,23,Friday,0,Winter,4.42,Low,1,1.0
Park Slope,Inwood,15,Saturday,1,Winter,3.25,Low,1,1.0
Hell's Kitchen,Kensington,3,Thursday,0,Summer,2.67,Low,1,1.0
Bedford-Stuyvesant,Bedford-Stuyvesant,12,Thursday,0,Spring,0.0,Low,1,1.0
Upper West Side,Hell's Kitchen,17,Sunday,1,Winter,2.71,High,5,1.8
Upper West Side,Inwood,10,Friday,0,Summer,1.35,Medium,4,1.3
Harlem,West Village,21,Wednesday,0,Spring,4.29,Low,5,1.0
Harlem,Hell's Kitchen,0,Saturday,1,Spring,8.4,Low,1,1.0
Park Slope,Hell's Kitchen,23,Friday,0,Spring,1.6,Low,2,1.0
Crown Heights,Upper West Side,9,Tuesday,0,Winter,0.71,High,1,1.8
South Slope,South Slope,8,Thursday,0,Spring,10.51,High,2,1.8
Tottenville,Great Kills,7,Sunday,1,Spring,23.94,Medium,1,1.3
Kensington,East Harlem,19,Tuesday,0,Spring,8.55,High,1,1.8
Crown Heights,Upper West Side,0,Monday,0,Summer,1.27,Low,1,1.0
Bedford-Stuyvesant,Clinton Hill,20,Tuesday,0,Winter,2.2,Medium,1,1.3
Upper West Side,Bedford-Stuyvesant,15,Sunday,1,Winter,1.78,Low,3,1.0
East Harlem,Kensington,19,Monday,0,Winter,5.23,High,1,1.8
Kensington,Harlem,18,Tuesday,0,Spring,1.37,High,1,1.8
Midtown,Fort Greene,0,Tuesday,0,Spring,1.18,Low,1,1.0
Canarsie,Arden Heights,14,Sunday,1,Spring,12.94,Low,3,1.0
South Slope,Hell's Kitchen,15,Wednesday,0,Summer,1.7,Low,5,1.0
Crown Heights,East Harlem,9,Monday,0,Winter,4.53,High,1,1.8
Bedford-Stuyvesant,West Village,18,Friday,0,Winter,4.56,High,1,1.8
South Slope,Kensington,15,Sunday,1,Spring,3.07,Low,5,1.0
East Harlem,Hell's Kitchen,17,Saturday,1,Spring,3.69,High,1,1.8
Upper West Side,Clinton Hill,11,Friday,0,Winter,1.84,Low,1,1.0
Bedford-Stuyvesant,Upper West Side,13,Sunday,1,Spring,0.93,Low,1,1.0
Gravesend,Flatlands,16,Saturday,1,Spring,2.07,Medium,3,1.3
Upper West Side,East Harlem,18,Saturday,1,Spring,2.64,High,6,1.8
Upper West Side,Bedford-Stuyvesant,6,Friday,0,Winter,1.49,Low,1,1.0
Kensington,Harlem,12,Saturday,1,Spring,3.6,Low,1,1.0
East Harlem,Harlem,8,Friday,0,Summer,0.75,High,1,1.8
Clinton Hill,Midtown,17,Tuesday,0,Winter,1.21,High,1,1.8
South Slope,Chinatown,21,Monday,0,Winter,3.12,Low,1,1.0
East Harlem,Murray Hill,14,Friday,0,Winter,0.49,Low,2,1.0
South Slope,Chinatown,17,Friday,0,Spring,4.06,High,2,1.8
Windsor Terrace,Hell's Kitchen,6,Monday,0,Winter,6.5,Low,1,1.0
Upper West Side,Harlem,20,Thursday,0,Spring,6.15,Medium,1,1.3
Bedford-Stuyvesant,Bedford-Stuyvesant,21,Tuesday,0,Winter,2.14,Low,1,1.0
Williamsburg,Harlem,16,Wednesday,0,Winter,1.77,Medium,1,1.3
Clinton Hill,East Harlem,9,Tuesday,0,Winter,5.59,High,1,1.8
Harlem,Upper West Side,17,Saturday,1,Spring,4.08,High,1,1.8
Sheepshead Bay,Flatlands,17,Tuesday,0,Summer,1.62,High,1,1.8
Hell's Kitchen,South Slope,20,Saturday,1,Winter,2.45,Medium,1,1.3
Harlem,Hell's Kitchen,12,Thursday,0,Winter,1.77,Low,1,1.0
Hell's Kitchen,Upper West Side,23,Saturday,1,Spring,0.98,Low,1,1.0
Harlem,Chelsea,10,Friday,0,Winter,0.98,Medium,1,1.3
East Harlem,Kensington,23,Monday,0,Summer,2.11,Low,1,1.0
East Harlem,South Slope,19,Sunday,1,Spring,1.8,High,1,1.8
Kensington,Harlem,17,Tuesday,0,Spring,0.33,High,1,1.8
East Harlem,Upper West Side,18,Friday,0,Spring,1.68,High,5,1.8
East Harlem,East Harlem,8,Monday,0,Winter,2.18,High,1,1.8
Bedford-Stuyvesant,Chelsea,11,Wednesday,0,Spring,2.36,Low,1,1.0
Fort Greene,Hell's Kitchen,8,Monday,0,Summer,2.24,High,1,1.8
Harlem,Crown Heights,10,Friday,0,Summer,1.65,Medium,5,1.3
Upper West Side,Upper West Side,17,Saturday,1,Summer,5.99,High,5,1.8
South Slope,Bedford-Stuyvesant,11,Tuesday,0,Spring,1.27,Low,1,1.0
Harlem,Harlem,9,Friday,0,Winter,3.26,High,2,1.8
Upper West Side,Hell's Kitchen,8,Thursday,0,Winter,1.8,High,1,1.8
Flatbush,Upper West Side,22,Monday,0,Spring,2.99,Low,1,1.0
Bayswater,Eltingville,13,Sunday,1,Winter,10.53,Low,3,1.0
Fort Greene,Prospect-Lefferts Gardens,20,Friday,0,Winter,0.62,Medium,1,1.3
Harlem,Inwood,13,Sunday,1,Spring,7.88,Low,1,1.0
Bedford-Stuyvesant,Kensington,0,Sunday,1,Winter,1.69,Low,1,1.0
Fort Greene,Harlem,2,Sunday,1,Winter,0.34,Low,4,1.0
West Village,Upper West Side,21,Friday,0,Spring,1.46,Low,1,1.0
Lower East Side,East Harlem,12,Tuesday,0,Spring,2.27,Low,1,1.0
Inwood,Upper West Side,21,Friday,0,Spring,15.03,Low,1,1.0
Bedford-Stuyvesant,Kensington,21,Wednesday,0,Summer,3.58,Low,1,1.0
Bedford-Stuyvesant,Upper West Side,2,Sunday,1,Spring,0.72,Low,5,1.0
Williamsburg,West Village,20,Friday,0,Winter,1.92,Medium,2,1.3
Fort Greene,Harlem,18,Tuesday,0,Spring,1.82,High,1,1.8
Crown Heights,East Harlem,15,Wednesday,0,Spring,6.9,Low,1,1.0
Bayswater,Arverne,12,Wednesday,0,Summer,5.97,Low,3,1.0
Inwood,Murray Hill,21,Friday,0,Spring,3.01,Low,5,1.0
Upper West Side,Bedford-Stuyvesant,2,Friday,0,Summer,8.74,Low,1,1.0
Midtown,Harlem,10,Friday,0,Spring,1.14,Medium,1,1.3
Clinton Hill,Fort Greene,10,Monday,0,Spring,1.03,Medium,1,1.3
East Harlem,Bedford-Stuyvesant,14,Wednesday,0,Spring,0.05,Low,1,1.0
Kensington,Upper West Side,23,Thursday,0,Spring,4.12,Low,1,1.0
Hell's Kitchen,South Slope,18,Friday,0,Winter,1.77,High,1,1.8
Arverne,Midwood,18,Monday,0,Spring,3.87,High,1,1.8
East Harlem,Fort Greene,21,Saturday,1,Spring,0.71,Low,1,1.0
Kensington,Harlem,19,Saturday,1,Winter,2.34,High,1,1.8
Kensington,Kensington,12,Sunday,1,Spring,0.0,Low,1,1.0
East Harlem,East Harlem,20,Thursday,0,Spring,2.05,Medium,2,1.3
Upper West Side,Clinton Hill,14,Sunday,1,Summer,1.61,Low,1,1.0
Fort Hamilton,Great Kills,10,Thursday,0,Spring,12.28,Medium,1,1.3
Williamsburg,Bedford-Stuyvesant,18,Friday,0,Spring,0.67,High,1,1.8
Midtown,Inwood,18,Monday,0,Summer,1.35,High,1,1.8
Murray Hill,Kensington,9,Thursday,0,Winter,3.63,High,1,1.8
Murray Hill,Upper West Side,6,Thursday,0,Spring,1.64,Low,1,1.0
Harlem,Clinton Hill,9,Monday,0,Spring,6.47,High,1,1.8
Bedford-Stuyvesant,Clinton Hill,11,Tuesday,0,Winter,0.72,Low,1,1.0
Harlem,Murray Hill,15,Monday,0,Winter,2.61,Low,1,1.0
Harlem,Upper West Side,20,Saturday,1,Winter,1.33,Medium,3,1.3
Upper West Side,Harlem,14,Friday,0,Winter,2.65,Low,3,1.0
Park Slope,East Harlem,21,Thursday,0,Spring,4.17,Low,1,1.0
East Harlem,Chinatown,22,Thursday,0,Summer,3.86,Low,1,1.0
East Harlem,Crown Heights,21,Thursday,0,Summer,2.37,Low,1,1.0
East Harlem,East Harlem,14,Sunday,1,Winter,2.22,Low,1,1.0
Kensington,Kensington,1,Thursday,0,Winter,0.0,Low,6,1.0
Upper West Side,Windsor Terrace,20,Thursday,0,Summer,0.75,Medium,2,1.3
Upper West Side,East Harlem,19,Tuesday,0,Spring,1.15,High,1,1.8
Harlem,Upper West Side,20,Monday,0,Spring,3.89,Medium,1,1.3
East Village,Harlem,19,Saturday,1,Spring,0.61,High,1,1.8
Upper West Side,Crown Heights,17,Tuesday,0,Spring,3.84,High,1,1.8
Chinatown,West Village,7,Monday,0,Winter,1.22,Medium,1,1.3
South Slope,Harlem,21,Sunday,1,Spring,12.57,Low,1,1.0
Chelsea,Murray Hill,7,Monday,0,Winter,1.89,Medium,1,1.3
Harlem,East Harlem,19,Wednesday,0,Spring,2.7,High,1,1.8
Crown Heights,Murray Hill,21,Sunday,1,Winter,2.67,Low,3,1.0
Inwood,Crown Heights,4,Sunday,1,Summer,6.02,Low,1,1.0
Harlem,East Harlem,4,Saturday,1,Winter,1.05,Low,3,1.0
Brighton Beach,Sea Gate,20,Saturday,1,Spring,2.7,Medium,1,1.3
Upper West Side,Harlem,18,Sunday,1,Spring,3.58,High,1,1.8
East Harlem,Murray Hill,12,Wednesday,0,Summer,1.52,Low,3,1.0
Park Slope,South Slope,6,Monday,0,Winter,1.61,Low,2,1.0
Upper West Side,Upper West Side,12,Sunday,1,Spring,1.41,Low,1,1.0
Clinton Hill,Harlem,19,Saturday,1,Spring,2.59,High,1,1.8
Chinatown,Park Slope,9,Sunday,1,Winter,3.73,High,1,1.8
Midwood,Arden Heights,14,Wednesday,0,Summer,13.45,Low,2,1.0
Mill Basin,Bensonhurst,17,Friday,0,Winter,4.5,High,1,1.8
Upper West Side,Inwood,14,Thursday,0,Spring,2.21,Low,2,1.0
Midtown,Upper West Side,21,Wednesday,0,Summer,1.97,Low,5,1.0
Harlem,East Harlem,14,Tuesday,0,Spring,1.83,Low,1,1.0
East Harlem,Greenpoint,1,Sunday,1,Spring,8.26,Low,1,1.0
"Bay Terrace, Staten Island",Rockaway Beach,0,Thursday,0,Spring,16.05,Low,1,1.0
Hell's Kitchen,East Harlem,21,Wednesday,0,Summer,4.79,Low,1,1.0
Chinatown,East Harlem,8,Tuesday,0,Winter,0.97,High,4,1.8
Upper West Side,East Harlem,20,Saturday,1,Summer,1.07,Medium,3,1.3
Fort Greene,Williamsburg,17,Monday,0,Summer,2.06,High,1,1.8
Hell's Kitchen,Upper West Side,17,Tuesday,0,Spring,1.16,High,1,1.8
South Slope,Clinton Hill,11,Saturday,1,Spring,2.85,Low,1,1.0
Harlem,Upper West Side,20,Sunday,1,Spring,4.06,Medium,1,1.3
Inwood,Murray Hill,20,Sunday,1,Spring,1.62,Medium,2,1.3
Fort Greene,Clinton Hill,2,Sunday,1,Winter,2.04,Low,1,1.0
Murray Hill,Murray Hill,22,Monday,0,Winter,1.75,Low,2,1.0
Upper West Side,East Harlem,2,Thursday,0,Winter,5.9,Low,2,1.0
South Slope,Chinatown,17,Thursday,0,Winter,2.74,High,1,1.8
Kensington,South Slope,14,Saturday,1,Winter,5.93,Low,1,1.0
Chinatown,Murray Hill,7,Friday,0,Winter,2.59,Medium,1,1.3
Bensonhurst,Fort Hamilton,14,Monday,0,Spring,1.03,Low,3,1.0
East Harlem,Upper West Side,0,Sunday,1,Spring,8.61,Low,1,1.0
Kensington,Upper West Side,9,Thursday,0,Spring,1.29,High,6,1.8
East Harlem,East Harlem,15,Saturday,1,Spring,1.38,Low,1,1.0
Great Kills,Oakwood,1,Saturday,1,Summer,1.11,Low,1,1.0
Murray Hill,Chinatown,13,Tuesday,0,Winter,1.09,Low,1,1.0
Harlem,Fort Greene,22,Tuesday,0,Spring,3.45,Low,2,1.0
East Flatbush,Midwood,9,Tuesday,0,Spring,3.52,High,5,1.8
West Village,East Harlem,8,Tuesday,0,Summer,2.48,High,3,1.8
East Harlem,Harlem,23,Monday,0,Spring,1.29,Low,2,1.0
West Village,Bedford-Stuyvesant,15,Sunday,1,Winter,1.04,Low,6,1.0
Bensonhurst,Bay Ridge,11,Monday,0,Spring,1.6,Low,1,1.0
Crown Heights,Murray Hill,18,Saturday,1,Summer,0.79,High,1,1.8
Murray Hill,East Harlem,20,Tuesday,0,Spring,2.7,Medium,2,1.3
Bedford-Stuyvesant,East Harlem,19,Saturday,1,Winter,2.09,High,1,1.8
Prince's Bay,Tottenville,17,Thursday,0,Spring,24.93,High,1,1.8
Bedford-Stuyvesant,Clinton Hill,19,Friday,0,Spring,1.92,High,4,1.8
Harlem,Upper West Side,19,Monday,0,Spring,5.59,High,1,1.8
Fort Greene,South Slope,19,Sunday,1,Spring,4.26,High,1,1.8
Kensington,Fort Greene,18,Tuesday,0,Spring,1.2,High,2,1.8
Williamsburg,East Harlem,12,Friday,0,Summer,2.22,Low,5,1.0
Park Slope,Kensington,11,Tuesday,0,Spring,1.53,Low,1,1.0
Park Slope,Chinatown,0,Sunday,1,Summer,13.12,Low,2,1.0
Midtown,Kensington,17,Wednesday,0,Spring,1.12,High,1,1.8
Williamsburg,Inwood,12,Thursday,0,Summer,2.18,Low,1,1.0
West Village,Greenpoint,19,Saturday,1,Summer,2.44,High,1,1.8
Williamsburg,South Slope,12,Thursday,0,Summer,3.81,Low,1,1.0
Inwood,Long Island City,20,Thursday,0,Winter,3.5,Medium,1,1.3
East Harlem,Park Slope,6,Monday,0,Summer,3.14,Low,1,1.0
Clinton Hill,East Harlem,23,Thursday,0,Winter,4.31,Low,6,1.0
Harlem,Harlem,11,Wednesday,0,Spring,0.87,Low,1,1.0
Fort Greene,Upper West Side,14,Monday,0,Winter,1.34,Low,2,1.0
Upper West Side,South Slope,8,Friday,0,Spring,0.88,High,1,1.8
Upper West Side,West Village,8,Thursday,0,Winter,0.41,High,1,1.8
South Slope,Harlem,6,Wednesday,0,Winter,2.08,Low,1,1.0
East Harlem,Hell's Kitchen,19,Wednesday,0,Spring,1.86,High,1,1.8
Greenpoint,Upper West Side,10,Thursday,0,Spring,0.99,Medium,1,1.3
South Slope,Upper West Side,13,Saturday,1,Winter,1.84,Low,5,1.0
Upper West Side,West Village,19,Wednesday,0,Spring,2.5,High,1,1.8
East Harlem,East Harlem,17,Sunday,1,Winter,4.08,High,1,1.8
Harlem,Kensington,10,Friday,0,Winter,13.47,Medium,2,1.3
Bedford-Stuyvesant,Clinton Hill,21,Tuesday,0,Spring,1.4,Low,1,1.0
Harlem,Hell's Kitchen,8,Tuesday,0,Spring,0.81,High,1,1.8
Park Slope,East Harlem,18,Wednesday,0,Spring,2.0,High,2,1.8
Prince's Bay,Tottenville,7,Friday,0,Spring,27.19,Medium,1,1.3
Oakwood,Kensington,9,Thursday,0,Winter,13.68,High,2,1.8
Midtown,East Harlem,0,Friday,0,Winter,12.36,Low,1,1.0
Clinton Hill,Fort Greene,18,Monday,0,Spring,2.77,High,1,1.8
Williamsburg,South Slope,12,Thursday,0,Summer,2.23,Low,1,1.0
Bedford-Stuyvesant,Harlem,20,Monday,0,Winter,2.4,Medium,5,1.3
Upper West Side,Bedford-Stuyvesant,8,Wednesday,0,Winter,2.17,High,1,1.8
Midtown,Bedford-Stuyvesant,8,Tuesday,0,Spring,0.92,High,1,1.8
Upper West Side,Park Slope,21,Friday,0,Spring,7.18,Low,1,1.0
Midtown,Murray Hill,16,Wednesday,0,Winter,1.65,Medium,1,1.3
Bedford-Stuyvesant,Hell's Kitchen,19,Tuesday,0,Winter,5.29,High,1,1.8
Bedford-Stuyvesant,Fort Greene,9,Tuesday,0,Winter,1.96,High,1,1.8
Woodrow,Tottenville,12,Thursday,0,Spring,17.59,Low,1,1.0
Inwood,Hell's Kitchen,7,Sunday,1,Spring,1.17,Medium,1,1.3
Midtown,Harlem,18,Monday,0,Summer,2.3,High,2,1.8
Upper West Side,Bedford-Stuyvesant,5,Sunday,1,Spring,4.52,Low,1,1.0
East Harlem,Upper West Side,21,Tuesday,0,Spring,1.23,Low,1,1.0
West Village,Bedford-Stuyvesant,19,Tuesday,0,Spring,1.07,High,1,1.8
Crown Heights,Bedford-Stuyvesant,17,Tuesday,0,Winter,2.39,High,1,1.8
Upper West Side,East Harlem,18,Tuesday,0,Winter,4.12,High,1,1.8
Clinton Hill,West Village,18,Wednesday,0,Winter,2.1,High,4,1.8
Sheepshead Bay,Bensonhurst,12,Friday,0,Spring,5.95,Low,2,1.0
Gravesend,Midland Beach,0,Saturday,1,Spring,4.63,Low,1,1.0
Murray Hill,Williamsburg,22,Sunday,1,Summer,1.44,Low,1,1.0
Harlem,Harlem,6,Thursday,0,Spring,4.15,Low,1,1.0
South Slope,Williamsburg,16,Sunday,1,Spring,5.21,Medium,1,1.3
Bedford-Stuyvesant,Midtown,22,Tuesday,0,Summer,0.99,Low,1,1.0
Clinton Hill,Upper West Side,14,Sunday,1,Winter,0.98,Low,6,1.0
Bedford-Stuyvesant,Bedford-Stuyvesant,16,Saturday,1,Spring,1.44,Medium,1,1.3
Chelsea,Murray Hill,10,Friday,0,Spring,2.58,Medium,2,1.3
Midtown,South Slope,11,Tuesday,0,Spring,1.86,Low,1,1.0
East Harlem,Park Slope,17,Monday,0,Spring,2.09,High,1,1.8
Clinton Hill,East Harlem,13,Thursday,0,Spring,1.58,Low,1,1.0
East Harlem,Murray Hill,22,Friday,0,Summer,1.83,Low,1,1.0
Tompkinsville,Edgemere,17,Sunday,1,Spring,2.33,High,1,1.8
Hell's Kitchen,West Village,11,Thursday,0,Summer,1.37,Low,5,1.0
Chinatown,East Harlem,15,Sunday,1,Spring,3.01,Low,2,1.0
South Slope,Harlem,16,Thursday,0,Spring,0.97,Medium,1,1.3
Harlem,Chinatown,7,Sunday,1,Spring,0.93,Medium,1,1.3
Upper West Side,Murray Hill,0,Thursday,0,Summer,1.55,Low,1,1.0
East Harlem,Upper West Side,17,Monday,0,Winter,2.63,High,1,1.8
Flatlands,"Bay Terrace, Staten Island",16,Thursday,0,Winter,12.86,Medium,1,1.3
Bedford-Stuyvesant,Upper West Side,8,Saturday,1,Winter,1.73,High,1,1.8
Bushwick,Williamsburg,21,Thursday,0,Spring,8.82,Low,1,1.0
Great Kills,Tottenville,16,Wednesday,0,Spring,25.39,Medium,2,1.3
Bedford-Stuyvesant,West Village,7,Wednesday,0,Summer,0.58,Medium,1,1.3
Bedford-Stuyvesant,Chelsea,2,Saturday,1,Spring,3.07,Low,1,1.0
South Slope,East Harlem,16,Tuesday,0,Spring,1.1,Medium,5,1.3
Upper West Side,Bedford-Stuyvesant,16,Friday,0,Winter,1.23,Medium,4,1.3
Kensington,Chinatown,7,Thursday,0,Spring,3.19,Medium,1,1.3
Inwood,Hell's Kitchen,1,Saturday,1,Winter,1.83,Low,2,1.0
Harlem,Harlem,21,Thursday,0,Spring,14.47,Low,3,1.0
Clinton Hill,Williamsburg,16,Thursday,0,Winter,0.93,Medium,1,1.3
Fort Greene,East Harlem,22,Saturday,1,Winter,0.82,Low,1,1.0
Harlem,Harlem,10,Monday,0,Winter,1.21,Medium,1,1.3
West Village,Bedford-Stuyvesant,21,Thursday,0,Spring,3.01,Low,1,1.0
Upper West Side,Harlem,16,Sunday,1,Winter,2.68,Medium,1,1.3
Upper West Side,Park Slope,18,Tuesday,0,Spring,3.48,High,1,1.8
South Slope,Hell's Kitchen,22,Sunday,1,Spring,1.28,Low,1,1.0
"Bay Terrace, Staten Island",Fort Hamilton,22,Thursday,0,Winter,11.33,Low,2,1.0
Midtown,Bedford-Stuyvesant,18,Tuesday,0,Spring,6.22,High,1,1.8
Bedford-Stuyvesant,Harlem,14,Tuesday,0,Spring,4.93,Low,1,1.0
Inwood,Bedford-Stuyvesant,14,Tuesday,0,Spring,1.92,Low,1,1.0
Harlem,East Harlem,18,Saturday,1,Spring,3.95,High,2,1.8
Kensington,Upper West Side,19,Thursday,0,Summer,1.58,High,1,1.8
Harlem,West Village,19,Thursday,0,Spring,3.44,High,1,1.8
"Bay Terrace, Staten Island",Bayswater,12,Monday,0,Summer,10.17,Low,2,1.0
Inwood,South Slope,1,Thursday,0,Winter,2.35,Low,1,1.0
South Slope,Murray Hill,7,Wednesday,0,Spring,2.29,Medium,1,1.3
Upper West Side,Harlem,22,Saturday,1,Spring,3.13,Low,6,1.0
Bedford-Stuyvesant,Harlem,1,Saturday,1,Spring,1.49,Low,1,1.0
Harlem,West Village,19,Monday,0,Spring,2.13,High,1,1.8
East Harlem,East Harlem,16,Tuesday,0,Winter,1.92,Medium,1,1.3
Harlem,Upper West Side,10,Saturday,1,Spring,5.25,Medium,2,1.3
Park Slope,Harlem,20,Friday,0,Winter,5.59,Medium,1,1.3
Harlem,Upper West Side,9,Thursday,0,Spring,0.97,High,1,1.8
Clinton Hill,South Slope,8,Monday,0,Winter,0.39,High,2,1.8
Upper West Side,Upper West Side,19,Saturday,1,Winter,3.75,High,1,1.8
Fort Greene,East Harlem,14,Friday,0,Spring,4.07,Low,1,1.0
Inwood,West Village,21,Thursday,0,Winter,2.5,Low,1,1.0
Inwood,East Harlem,10,Saturday,1,Winter,1.46,Medium,1,1.3
Upper West Side,Upper West Side,17,Thursday,0,Winter,0.88,High,1,1.8
East Harlem,Clinton Hill,21,Saturday,1,Winter,1.34,Low,1,1.0
Harlem,East Harlem,20,Saturday,1,Winter,6.32,Medium,1,1.3
Harlem,Hell's Kitchen,13,Wednesday,0,Spring,0.73,Low,1,1.0
Bedford-Stuyvesant,Upper West Side,10,Wednesday,0,Spring,5.22,Medium,5,1.3
East Harlem,East Harlem,11,Friday,0,Summer,1.59,Low,1,1.0
Upper West Side,West Village,14,Saturday,1,Spring,3.07,Low,1,1.0
East Harlem,Inwood,19,Wednesday,0,Winter,1.1,High,1,1.8
Chelsea,Harlem,9,Sunday,1,Winter,2.78,High,2,1.8
Upper West Side,Windsor Terrace,20,Tuesday,0,Summer,1.5,Medium,1,1.3
Bedford-Stuyvesant,East Harlem,14,Tuesday,0,Summer,2.73,Low,1,1.0
Great Kills,Tottenville,5,Tuesday,0,Winter,25.61,Low,3,1.0
Harlem,Upper West Side,8,Friday,0,Winter,1.28,High,1,1.8
Hell's Kitchen,Hell's Kitchen,9,Thursday,0,Spring,2.94,High,1,1.8
Upper West Side,East Harlem,10,Thursday,0,Summer,1.2,Medium,1,1.3
Bedford-Stuyvesant,Bedford-Stuyvesant,18,Monday,0,Spring,1.97,High,1,1.8
Crown Heights,Fort Greene,2,Sunday,1,Spring,5.75,Low,1,1.0
Hell's Kitchen,Harlem,2,Saturday,1,Spring,3.24,Low,1,1.0
Upper West Side,Upper West Side,17,Monday,0,Summer,1.29,High,1,1.8
Upper West Side,Bedford-Stuyvesant,22,Thursday,0,Winter,2.63,Low,1,1.0
Park Slope,Clinton Hill,6,Monday,0,Spring,0.84,Low,1,1.0
Kensington,Upper West Side,21,Thursday,0,Spring,1.89,Low,1,1.0
Harlem,Inwood,21,Friday,0,Summer,1.33,Low,2,1.0
Upper West Side,Fort Greene,12,Sunday,1,Spring,0.98,Low,6,1.0
Upper West Side,Upper West Side,19,Tuesday,0,Spring,5.39,High,1,1.8
Harlem,Hell's Kitchen,17,Sunday,1,Spring,5.41,High,1,1.8
Upper West Side,Upper West Side,1,Sunday,1,Spring,1.19,Low,4,1.0
Clinton Hill,East Harlem,20,Thursday,0,Spring,2.84,Medium,5,1.3
East Harlem,Fort Greene,19,Saturday,1,Winter,1.51,High,1,1.8
Bedford-Stuyvesant,East Harlem,20,Sunday,1,Summer,3.05,Medium,1,1.3
Emerson Hill,Midwood,15,Wednesday,0,Spring,3.44,Low,1,1.0
Williamsburg,Midtown,9,Friday,0,Spring,2.97,High,1,1.8
East Harlem,Upper West Side,0,Friday,0,Winter,0.76,Low,4,1.0
East Harlem,Harlem,18,Monday,0,Spring,1.2,High,1,1.8
South Slope,Williamsburg,22,Thursday,0,Summer,0.78,Low,1,1.0
Inwood,Bedford-Stuyvesant,13,Thursday,0,Winter,2.98,Low,1,1.0
Bedford-Stuyvesant,Fort Greene,22,Tuesday,0,Spring,1.01,Low,1,1.0
Harlem,Midtown,8,Friday,0,Winter,0.37,High,1,1.8
Upper West Side,Upper West Side,21,Thursday,0,Spring,3.13,Low,1,1.0
Park Slope,East Harlem,6,Sunday,1,Summer,4.97,Low,1,1.0
Harlem,Harlem,14,Thursday,0,Winter,1.75,Low,1,1.0
Murray Hill,Kensington,19,Monday,0,Winter,3.27,High,1,1.8
Fort Hamilton,New Springville,9,Thursday,0,Spring,1.57,High,1,1.8
Arverne,Fort Hamilton,15,Thursday,0,Spring,1.5,Low,2,1.0
Bedford-Stuyvesant,Bedford-Stuyvesant,0,Sunday,1,Spring,3.07,Low,2,1.0
Bensonhurst,Gravesend,14,Friday,0,Winter,3.3,Low,1,1.0
East Harlem,East Harlem,0,Sunday,1,Spring,1.25,Low,1,1.0
West Village,West Village,13,Saturday,1,Spring,0.84,Low,1,1.0
Bedford-Stuyvesant,Kensington,23,Tuesday,0,Spring,10.73,Low,1,1.0
Harlem,Harlem,14,Tuesday,0,Spring,1.76,Low,1,1.0
Hell's Kitchen,Crown Heights,12,Thursday,0,Summer,1.37,Low,1,1.0
East Harlem,Crown Heights,16,Wednesday,0,Spring,0.66,Medium,1,1.3
Hell's Kitchen,Clinton Hill,18,Wednesday,0,Summer,0.65,High,3,1.8
Bedford-Stuyvesant,Hell's Kitchen,10,Friday,0,Winter,2.08,Medium,1,1.3
Upper West Side,East Harlem,10,Wednesday,0,Spring,1.71,Medium,2,1.3
South Slope,South Slope,18,Wednesday,0,Summer,2.78,High,1,1.8
Williamsburg,Park Slope,0,Friday,0,Spring,0.03,Low,5,1.0
Upper West Side,Park Slope,23,Wednesday,0,Spring,5.42,Low,4,1.0
Hell's Kitchen,Upper West Side,4,Sunday,1,Winter,0.48,Low,1,1.0
Prince's Bay,Tottenville,10,Friday,0,Winter,23.37,Medium,1,1.3
Bedford-Stuyvesant,East Harlem,10,Monday,0,Spring,1.16,Medium,1,1.3
Bedford-Stuyvesant,South Slope,17,Monday,0,Spring,2.4,High,1,1.8
Murray Hill,Murray Hill,9,Sunday,1,Winter,4.13,High,2,1.8
Clinton Hill,Clinton Hill,21,Thursday,0,Spring,2.2,Low,1,1.0
Upper West Side,Kensington,8,Wednesday,0,Winter,6.22,High,1,1.8
Upper West Side,Crown Heights,19,Friday,0,Winter,1.11,High,1,1.8
Kensington,Upper West Side,0,Sunday,1,Spring,3.88,Low,1,1.0
South Slope,East Harlem,22,Wednesday,0,Summer,0.77,Low,5,1.0
Edgemere,Borough Park,21,Tuesday,0,Winter,2.95,Low,2,1.0
East Harlem,Clinton Hill,20,Friday,0,Spring,1.01,Medium,6,1.3
Tompkinsville,Shore Acres,5,Monday,0,Summer,1.6,Low,1,1.0
Harlem,Inwood,1,Saturday,1,Spring,1.04,Low,3,1.0
East Harlem,Upper West Side,17,Saturday,1,Spring,2.77,High,2,1.8
Great Kills,Bay Ridge,20,Sunday,1,Summer,13.94,Medium,1,1.3
Fort Greene,East Harlem,4,Saturday,1,Summer,5.63,Low,1,1.0
Murray Hill,Flatbush,8,Tuesday,0,Spring,0.81,High,5,1.8
Fort Hamilton,Far Rockaway,9,Monday,0,Spring,6.96,High,5,1.8
Fort Greene,Upper West Side,19,Thursday,0,Winter,1.26,High,1,1.8
Harlem,South Slope,0,Sunday,1,Winter,2.83,Low,1,1.0
Harlem,Park Slope,4,Monday,0,Spring,1.53,Low,1,1.0
Arrochar,Gravesend,11,Thursday,0,Spring,0.79,Low,6,1.0
Upper West Side,Kensington,19,Wednesday,0,Summer,3.25,High,1,1.8
Clinton Hill,Upper West Side,16,Friday,0,Winter,1.4,Medium,2,1.3
Clinton Hill,Chelsea,17,Saturday,1,Spring,5.59,High,2,1.8
Kensington,Williamsburg,22,Thursday,0,Spring,6.96,Low,1,1.0
Hell's Kitchen,Upper West Side,16,Wednesday,0,Winter,0.91,Medium,1,1.3
South Slope,Williamsburg,10,Thursday,0,Winter,4.17,Medium,1,1.3
Bedford-Stuyvesant,Bedford-Stuyvesant,6,Wednesday,0,Winter,3.8,Low,1,1.0
Harlem,Crown Heights,22,Saturday,1,Spring,1.53,Low,1,1.0
Clinton Hill,Bedford-Stuyvesant,13,Saturday,1,Spring,2.69,Low,1,1.0
Harlem,Park Slope,12,Thursday,0,Spring,6.29,Low,1,1.0
Harlem,Upper West Side,22,Wednesday,0,Spring,3.19,Low,1,1.0
Arverne,Sheepshead Bay,7,Tuesday,0,Spring,1.75,Medium,1,1.3
East Harlem,Upper West Side,23,Tuesday,0,Winter,8.39,Low,1,1.0
Bedford-Stuyvesant,Upper West Side,8,Monday,0,Spring,2.35,High,1,1.8
Clinton Hill,Bedford-Stuyvesant,21,Friday,0,Summer,1.59,Low,1,1.0
East Harlem,Upper West Side,11,Monday,0,Summer,1.35,Low,1,1.0
Upper West Side,Bedford-Stuyvesant,21,Tuesday,0,Spring,1.05,Low,2,1.0
Prince's Bay,Tottenville,17,Monday,0,Winter,0.03,High,1,1.8
Bedford-Stuyvesant,Williamsburg,2,Sunday,1,Spring,1.57,Low,1,1.0
Murray Hill,Chinatown,12,Wednesday,0,Winter,1.8,Low,1,1.0
Fort Greene,South Slope,12,Monday,0,Spring,0.72,Low,1,1.0
Williamsburg,Bedford-Stuyvesant,13,Monday,0,Spring,0.72,Low,6,1.0
Murray Hill,Bedford-Stuyvesant,20,Tuesday,0,Winter,6.77,Medium,1,1.3
Greenpoint,Crown Heights,22,Tuesday,0,Winter,7.95,Low,1,1.0
Greenpoint,Harlem,10,Saturday,1,Spring,0.0,Medium,1,1.3
Tottenville,Huguenot,19,Tuesday,0,Spring,20.63,High,1,1.8
"Bay Terrace, Staten Island",Tottenville,14,Friday,0,Spring,26.22,Low,5,1.0
Murray Hill,Bedford-Stuyvesant,11,Saturday,1,Spring,1.37,Low,1,1.0
East Harlem,Williamsburg,22,Thursday,0,Spring,2.35,Low,2,1.0
West Village,Williamsburg,22,Thursday,0,Summer,1.55,Low,5,1.0
Bensonhurst,Great Kills,5,Wednesday,0,Spring,12.98,Low,1,1.0
Harlem,Chelsea,14,Wednesday,0,Spring,1.44,Low,1,1.0
Bedford-Stuyvesant,Harlem,12,Wednesday,0,Spring,4.17,Low,1,1.0
Tottenville,Eltingville,8,Monday,0,Winter,18.61,High,6,1.8
East Harlem,East Harlem,7,Friday,0,Winter,2.09,Medium,1,1.3
Harlem,East Harlem,0,Tuesday,0,Spring,6.66,Low,2,1.0
South Slope,South Slope,10,Thursday,0,Spring,3.79,Medium,1,1.3
East Harlem,Hell's Kitchen,15,Tuesday,0,Summer,1.64,Low,2,1.0
Oakwood,Kensington,15,Saturday,1,Spring,15.01,Low,1,1.0
Chelsea,Harlem,23,Thursday,0,Spring,0.82,Low,1,1.0
Bath Beach,Midwood,11,Thursday,0,Spring,2.72,Low,1,1.0
Hell's Kitchen,Upper West Side,13,Saturday,1,Winter,2.12,Low,1,1.0
Eltingville,Tottenville,16,Thursday,0,Spring,26.86,Medium,1,1.3
Harlem,Upper West Side,18,Tuesday,0,Winter,5.69,High,1,1.8
Upper West Side,Chinatown,19,Thursday,0,Spring,3.88,High,1,1.8
East Harlem,Fort Greene,15,Wednesday,0,Spring,0.75,Low,1,1.0
Murray Hill,Clinton Hill,18,Saturday,1,Spring,2.3,High,1,1.8
Park Slope,South Slope,6,Monday,0,Winter,4.54,Low,1,1.0
East Harlem,Upper West Side,16,Monday,0,Summer,2.48,Medium,1,1.3
Bayswater,"Bay Terrace, Staten Island",7,Thursday,0,Spring,9.22,Medium,1,1.3
West Village,East Harlem,12,Saturday,1,Winter,1.47,Low,1,1.0
Eltingville,Tottenville,18,Sunday,1,Winter,26.65,High,2,1.8
Flatbush,Clinton Hill,19,Wednesday,0,Winter,1.07,High,1,1.8
Harlem,Inwood,22,Wednesday,0,Summer,5.16,Low,1,1.0
Bensonhurst,Gravesend,0,Tuesday,0,Spring,7.32,Low,2,1.0
Upper West Side,Upper West Side,4,Monday,0,Spring,0.78,Low,4,1.0
South Slope,Fort Greene,20,Saturday,1,Winter,1.12,Medium,1,1.3
Harlem,South Slope,16,Saturday,1,Spring,1.49,Medium,5,1.3
Harlem,Upper West Side,22,Wednesday,0,Summer,5.36,Low,1,1.0
Upper West Side,Harlem,1,Thursday,0,Spring,8.94,Low,2,1.0
Flatbush,Kensington,2,Sunday,1,Summer,3.16,Low,2,1.0
East Harlem,Chinatown,16,Thursday,0,Spring,1.26,Medium,1,1.3
Harlem,Fort Greene,17,Monday,0,Spring,1.41,High,1,1.8
Gowanus,Oakwood,15,Saturday,1,Spring,34.11,Low,1,1.0
Borough Park,Sheepshead Bay,11,Wednesday,0,Winter,1.81,Low,1,1.0
Park Slope,Upper West Side,3,Monday,0,Winter,4.8,Low,2,1.0
Upper West Side,Fort Greene,22,Saturday,1,Spring,5.13,Low,1,1.0
Upper West Side,Harlem,17,Thursday,0,Summer,1.52,High,5,1.8
Crown Heights,Harlem,10,Saturday,1,Spring,3.35,Medium,2,1.3
Midtown,Upper West Side,21,Tuesday,0,Spring,6.56,Low,5,1.0
East Harlem,South Slope,5,Wednesday,0,Winter,2.1,Low,1,1.0
Upper West Side,Inwood,3,Sunday,1,Spring,1.75,Low,2,1.0
Oakwood,Stapleton,19,Monday,0,Summer,14.3,High,1,1.8
Bedford-Stuyvesant,Upper West Side,2,Sunday,1,Winter,1.71,Low,2,1.0
Bushwick,Upper West Side,15,Saturday,1,Winter,1.13,Low,2,1.0
South Slope,East Harlem,16,Thursday,0,Spring,1.72,Medium,1,1.3
East Harlem,Kensington,18,Tuesday,0,Winter,2.94,High,1,1.8
East Harlem,Clinton Hill,19,Saturday,1,Winter,2.15,High,2,1.8
Arrochar,Midland Beach,20,Sunday,1,Spring,3.69,Medium,1,1.3
Westerleigh,Bull's Head,15,Tuesday,0,Spring,1.28,Low,1,1.0
Hell's Kitchen,Chinatown,1,Sunday,1,Summer,2.88,Low,5,1.0
Hell's Kitchen,Murray Hill,10,Monday,0,Winter,4.12,Medium,5,1.3
Bedford-Stuyvesant,Harlem,23,Tuesday,0,Spring,7.39,Low,5,1.0
Midtown,Midtown,5,Sunday,1,Winter,1.9,Low,1,1.0
Midwood,Gravesend,18,Wednesday,0,Spring,2.9,High,1,1.8
Park Slope,Chelsea,2,Sunday,1,Winter,5.96,Low,2,1.0
Oakwood,Breezy Point,10,Sunday,1,Spring,18.11,Medium,5,1.3
Midwood,Tompkinsville,16,Tuesday,0,Spring,2.83,Medium,1,1.3
Kensington,Upper West Side,16,Sunday,1,Spring,1.03,Medium,2,1.3
Upper West Side,Upper West Side,23,Thursday,0,Winter,6.79,Low,1,1.0
Harlem,Harlem,0,Wednesday,0,Spring,11.02,Low,1,1.0
Chinatown,East Harlem,20,Sunday,1,Winter,2.02,Medium,1,1.3
Bedford-Stuyvesant,Crown Heights,23,Friday,0,Winter,1.46,Low,1,1.0
Harlem,Chinatown,14,Saturday,1,Spring,2.78,Low,3,1.0
Great Kills,Great Kills,9,Friday,0,Spring,17.94,High,1,1.8
Bensonhurst,"Bay Terrace, Staten Island",13,Thursday,0,Winter,11.4,Low,1,1.0
West Village,Harlem,21,Friday,0,Spring,2.21,Low,1,1.0
East Harlem,Upper West Side,12,Tuesday,0,Summer,2.48,Low,1,1.0
Crown Heights,South Slope,22,Monday,0,Spring,1.83,Low,1,1.0
Bedford-Stuyvesant,Lower East Side,22,Wednesday,0,Spring,3.95,Low,1,1.0
Kensington,Kensington,20,Thursday,0,Winter,2.69,Medium,1,1.3
Park Slope,Park Slope,0,Sunday,1,Winter,0.0,Low,1,1.0
Upper West Side,Williamsburg,20,Wednesday,0,Winter,0.77,Medium,1,1.3
South Slope,Murray Hill,17,Wednesday,0,Winter,3.48,High,1,1.8
Chinatown,Williamsburg,0,Friday,0,Spring,3.73,Low,1,1.0
Chinatown,Kensington,9,Monday,0,Spring,0.88,High,1,1.8
Crown Heights,Harlem,6,Thursday,0,Spring,1.52,Low,1,1.0
East Harlem,Chelsea,0,Friday,0,Spring,2.06,Low,1,1.0
Woodrow,Tottenville,11,Saturday,1,Winter,25.09,Low,1,1.0
Clinton Hill,Fort Greene,11,Thursday,0,Spring,1.78,Low,1,1.0
Grymes Hill,Sheepshead Bay,22,Monday,0,Spring,3.24,Low,1,1.0
West Village,East Harlem,9,Sunday,1,Summer,11.32,High,1,1.8
East Harlem,Inwood,7,Friday,0,Spring,2.61,Medium,1,1.3
Hell's Kitchen,Crown Heights,22,Sunday,1,Spring,3.21,Low,1,1.0
Harlem,Harlem,16,Monday,0,Spring,2.36,Medium,5,1.3
Upper West Side,Bedford-Stuyvesant,19,Thursday,0,Spring,1.95,High,1,1.8
Bedford-Stuyvesant,South Slope,19,Tuesday,0,Spring,2.74,High,2,1.8
Midtown,South Slope,18,Saturday,1,Spring,0.86,High,2,1.8
Williamsburg,East Harlem,2,Tuesday,0,Winter,0.88,Low,1,1.0
South Slope,Bedford-Stuyvesant,7,Friday,0,Summer,3.25,Medium,3,1.3
East Harlem,East Harlem,19,Sunday,1,Winter,1.64,High,4,1.8
East Harlem,Bedford-Stuyvesant,11,Sunday,1,Spring,2.44,Low,1,1.0
Upper West Side,Upper West Side,2,Sunday,1,Summer,1.23,Low,1,1.0
Bensonhurst,South Beach,9,Tuesday,0,Spring,0.99,High,1,1.8
East Harlem,Kensington,9,Tuesday,0,Spring,2.71,High,1,1.8
Bensonhurst,Arden Heights,9,Sunday,1,Spring,14.14,High,1,1.8
Chinatown,East Harlem,17,Sunday,1,Spring,2.42,High,2,1.8
Williamsburg,East Harlem,9,Sunday,1,Spring,2.96,High,1,1.8
South Slope,Murray Hill,12,Wednesday,0,Spring,4.8,Low,1,1.0
East Harlem,Chelsea,22,Friday,0,Winter,6.0,Low,2,1.0
Harlem,Midtown,8,Saturday,1,Spring,3.18,High,1,1.8
Tottenville,Prince's Bay,23,Tuesday,0,Spring,0.1,Low,2,1.0
Harlem,Bedford-Stuyvesant,11,Thursday,0,Spring,1.97,Low,1,1.0
Fort Greene,Bedford-Stuyvesant,23,Saturday,1,Spring,2.85,Low,1,1.0
Williamsburg,East Harlem,22,Thursday,0,Winter,1.88,Low,1,1.0
"Bay Terrace, Staten Island",Rossville,20,Tuesday,0,Winter,44.07,Medium,1,1.3
Chelsea,Clinton Hill,8,Thursday,0,Summer,1.11,High,1,1.8
Fort Greene,Midtown,10,Friday,0,Winter,1.88,Medium,5,1.3
Upper West Side,Bedford-Stuyvesant,18,Sunday,1,Winter,1.08,High,1,1.8
Upper West Side,Midtown,12,Wednesday,0,Spring,1.87,Low,1,1.0
South Slope,East Harlem,17,Sunday,1,Winter,3.49,High,1,1.8
Sheepshead Bay,Canarsie,0,Monday,0,Spring,7.22,Low,1,1.0
Windsor Terrace,Upper West Side,8,Friday,0,Spring,1.44,High,6,1.8
Grymes Hill,Arden Heights,6,Monday,0,Winter,11.75,Low,1,1.0
South Slope,Bedford-Stuyvesant,23,Friday,0,Spring,0.42,Low,3,1.0
Fort Hamilton,Far Rockaway,22,Saturday,1,Summer,8.17,Low,1,1.0
Bedford-Stuyvesant,Clinton Hill,7,Wednesday,0,Summer,2.59,Medium,1,1.3
Harlem,Fort Greene,6,Friday,0,Spring,6.49,Low,2,1.0
Crown Heights,East Harlem,9,Monday,0,Spring,1.41,High,1,1.8
Upper West Side,Chinatown,17,Friday,0,Winter,7.25,High,1,1.8
Bedford-Stuyvesant,Williamsburg,12,Friday,0,Spring,0.87,Low,3,1.0
Bensonhurst,Sheepshead Bay,0,Friday,0,Spring,2.53,Low,5,1.0
Bedford-Stuyvesant,Chinatown,21,Wednesday,0,Summer,6.76,Low,1,1.0
Coney Island,Brighton Beach,4,Sunday,1,Summer,0.22,Low,1,1.0
Harlem,Chelsea,1,Saturday,1,Winter,10.05,Low,1,1.0
East Harlem,Harlem,13,Friday,0,Spring,0.14,Low,1,1.0
Harlem,Harlem,11,Monday,0,Spring,3.23,Low,5,1.0
Edgemere,Bay Ridge,18,Thursday,0,Winter,3.79,High,1,1.8
Murray Hill,Upper West Side,12,Monday,0,Summer,4.82,Low,1,1.0
Bedford-Stuyvesant,South Slope,17,Saturday,1,Spring,1.72,High,1,1.8
Williamsburg,East Harlem,8,Wednesday,0,Spring,0.85,High,6,1.8
Hell's Kitchen,Chinatown,9,Monday,0,Winter,0.58,High,1,1.8
South Slope,Harlem,9,Saturday,1,Winter,2.73,High,1,1.8
Upper West Side,Upper West Side,2,Sunday,1,Winter,2.88,Low,1,1.0
Harlem,Lower East Side,20,Friday,0,Spring,4.67,Medium,1,1.3
Arden Heights,Bensonhurst,17,Friday,0,Spring,11.21,High,1,1.8
Bedford-Stuyvesant,Midtown,13,Friday,0,Winter,1.41,Low,1,1.0
Sheepshead Bay,Arverne,9,Tuesday,0,Winter,0.94,High,1,1.8
Fort Greene,Chinatown,8,Monday,0,Spring,2.19,High,1,1.8
Hell's Kitchen,Hell's Kitchen,10,Wednesday,0,Winter,3.81,Medium,1,1.3
Bedford-Stuyvesant,Harlem,9,Saturday,1,Summer,3.28,High,1,1.8
Crown Heights,Crown Heights,12,Thursday,0,Winter,0.0,Low,1,1.0
Fort Greene,Midtown,20,Tuesday,0,Spring,2.24,Medium,1,1.3
West Village,West Village,11,Tuesday,0,Winter,0.59,Low,1,1.0
Upper West Side,Harlem,11,Friday,0,Summer,0.63,Low,5,1.0
Harlem,West Village,20,Monday,0,Summer,1.91,Medium,3,1.3
Upper West Side,South Slope,13,Sunday,1,Spring,2.32,Low,5,1.0
Midtown,South Slope,9,Saturday,1,Winter,1.1,High,1,1.8
Williamsburg,Greenpoint,12,Friday,0,Summer,1.48,Low,4,1.0
Upper West Side,Upper West Side,8,Wednesday,0,Winter,1.5,High,1,1.8
Harlem,Hell's Kitchen,12,Tuesday,0,Spring,1.91,Low,1,1.0
Murray Hill,South Slope,20,Wednesday,0,Spring,2.5,Medium,1,1.3
Great Kills,Bayswater,23,Sunday,1,Summer,9.77,Low,5,1.0
South Slope,Bedford-Stuyvesant,6,Wednesday,0,Winter,3.23,Low,1,1.0
Hell's Kitchen,Crown Heights,17,Friday,0,Spring,1.26,High,5,1.8
Inwood,Bedford-Stuyvesant,11,Tuesday,0,Winter,1.13,Low,1,1.0
Park Slope,Park Slope,10,Saturday,1,Summer,2.3,Medium,1,1.3
East Harlem,West Village,17,Monday,0,Spring,4.83,High,1,1.8
Upper West Side,East Harlem,19,Friday,0,Spring,1.6,High,1,1.8
South Slope,Inwood,23,Tuesday,0,Spring,1.07,Low,1,1.0
Bergen Beach,Arrochar,10,Tuesday,0,Spring,1.32,Medium,1,1.3
Clinton Hill,Harlem,16,Saturday,1,Summer,1.6,Medium,1,1.3
Crown Heights,Hell's Kitchen,19,Wednesday,0,Summer,0.53,High,1,1.8
Richmondtown,Belle Harbor,8,Friday,0,Winter,0.89,High,1,1.8
Harlem,Williamsburg,19,Monday,0,Summer,3.52,High,1,1.8
West Village,Kensington,10,Saturday,1,Spring,4.0,Medium,1,1.3
Fort Greene,Midtown,9,Wednesday,0,Winter,1.7,High,6,1.8
East Harlem,Harlem,13,Thursday,0,Spring,1.97,Low,1,1.0
Harlem,Bedford-Stuyvesant,21,Friday,0,Spring,1.52,Low,3,1.0
Park Slope,East Harlem,13,Sunday,1,Spring,3.14,Low,1,1.0
East Harlem,Park Slope,14,Monday,0,Spring,1.15,Low,6,1.0
Upper West Side,South Slope,12,Friday,0,Summer,1.74,Low,1,1.0
Upper West Side,East Harlem,14,Wednesday,0,Winter,5.46,Low,2,1.0
East Harlem,Bedford-Stuyvesant,20,Thursday,0,Spring,2.2,Medium,6,1.3
Clinton Hill,Hell's Kitchen,12,Monday,0,Spring,2.78,Low,1,1.0
Bedford-Stuyvesant,South Slope,20,Saturday,1,Spring,2.87,Medium,2,1.3
South Slope,Midtown,14,Sunday,1,Spring,4.94,Low,1,1.0
Harlem,East Harlem,16,Saturday,1,Spring,2.37,Medium,2,1.3
Harlem,Harlem,19,Saturday,1,Spring,3.13,High,3,1.8
Tottenville,Great Kills,20,Friday,0,Spring,25.14,Medium,1,1.3
Bedford-Stuyvesant,Upper West Side,7,Friday,0,Winter,2.55,Medium,2,1.3
Midwood,New Dorp,21,Wednesday,0,Winter,15.57,Low,1,1.0
Upper West Side,East Harlem,19,Friday,0,Winter,3.99,High,1,1.8
Harlem,Hell's Kitchen,11,Saturday,1,Winter,2.4,Low,2,1.0
Kensington,Chelsea,15,Thursday,0,Winter,1.09,Low,1,1.0
East Harlem,Fort Greene,13,Wednesday,0,Winter,4.88,Low,1,1.0
Upper West Side,Upper West Side,15,Tuesday,0,Winter,0.31,Low,1,1.0
East Harlem,West Village,8,Monday,0,Spring,2.77,High,1,1.8
East Harlem,Harlem,14,Saturday,1,Winter,3.96,Low,1,1.0
Upper West Side,West Village,10,Saturday,1,Summer,0.81,Medium,1,1.3
Oakwood,Tottenville,5,Sunday,1,Spring,24.57,Low,2,1.0
Williamsburg,Upper West Side,16,Saturday,1,Spring,3.15,Medium,1,1.3
Chinatown,Harlem,9,Monday,0,Spring,3.04,High,2,1.8
Williamsburg,Upper West Side,19,Monday,0,Winter,1.73,High,1,1.8
East Harlem,Hell's Kitchen,8,Tuesday,0,Spring,1.75,High,1,1.8
East Harlem,Crown Heights,14,Saturday,1,Winter,1.59,Low,1,1.0
Upper West Side,Harlem,21,Saturday,1,Spring,7.97,Low,3,1.0
West Village,Harlem,22,Wednesday,0,Winter,4.72,Low,1,1.0
Fort Greene,Crown Heights,3,Saturday,1,Summer,5.63,Low,1,1.0
Bedford-Stuyvesant,Clinton Hill,18,Thursday,0,Winter,1.46,High,2,1.8
Clinton Hill,East Harlem,19,Saturday,1,Spring,1.43,High,1,1.8
Harlem,Upper West Side,23,Friday,0,Spring,1.0,Low,2,1.0
Park Slope,Upper West Side,8,Friday,0,Spring,2.04,High,1,1.8
Tottenville,Great Kills,22,Saturday,1,Spring,23.29,Low,1,1.0
South Slope,Crown Heights,8,Sunday,1,Spring,0.88,High,6,1.8
Fort Greene,Upper West Side,22,Tuesday,0,Spring,2.66,Low,1,1.0
East Harlem,Upper West Side,21,Wednesday,0,Spring,8.32,Low,3,1.0
Upper West Side,Upper West Side,11,Friday,0,Spring,5.5,Low,1,1.0
Upper West Side,West Village,19,Wednesday,0,Spring,0.32,High,2,1.8
Upper West Side,East Harlem,19,Sunday,1,Summer,1.51,High,1,1.8
Bedford-Stuyvesant,Bedford-Stuyvesant,6,Monday,0,Spring,1.69,Low,1,1.0
Bedford-Stuyvesant,West Village,15,Wednesday,0,Winter,2.76,Low,1,1.0
Bedford-Stuyvesant,Harlem,11,Thursday,0,Spring,2.18,Low,2,1.0
Williamsburg,Fort Greene,3,Wednesday,0,Spring,3.85,Low,2,1.0
Harlem,Chinatown,15,Saturday,1,Winter,2.46,Low,5,1.0
Upper West Side,Harlem,8,Monday,0,Spring,1.39,High,1,1.8
Harlem,East Harlem,7,Thursday,0,Spring,2.92,Medium,2,1.3
Sheepshead Bay,Sheepshead Bay,7,Tuesday,0,Summer,1.39,Medium,1,1.3
Bedford-Stuyvesant,Bedford-Stuyvesant,1,Thursday,0,Summer,4.21,Low,1,1.0
East Harlem,Harlem,19,Monday,0,Spring,3.77,High,2,1.8
Upper West Side,East Harlem,8,Monday,0,Winter,2.58,High,1,1.8
Inwood,Kensington,19,Thursday,0,Winter,1.29,High,1,1.8
Harlem,Upper West Side,12,Wednesday,0,Winter,8.02,Low,2,1.0
Harlem,Midtown,8,Tuesday,0,Winter,1.83,High,1,1.8
East Harlem,East Harlem,9,Sunday,1,Spring,0.0,High,2,1.8
Murray Hill,Midtown,7,Tuesday,0,Winter,2.14,Medium,1,1.3
Upper West Side,East Harlem,0,Sunday,1,Spring,1.47,Low,1,1.0
Fort Hamilton,Arrochar,14,Friday,0,Spring,2.02,Low,1,1.0
Upper West Side,Lower East Side,17,Friday,0,Winter,2.96,High,1,1.8
Williamsburg,West Village,17,Saturday,1,Summer,1.93,High,2,1.8
East Harlem,Chinatown,20,Saturday,1,Spring,4.88,Medium,2,1.3
Upper West Side,South Slope,9,Saturday,1,Spring,0.06,High,1,1.8
Clinton Hill,Bedford-Stuyvesant,21,Thursday,0,Spring,2.01,Low,1,1.0
West Village,Inwood,22,Thursday,0,Summer,2.8,Low,1,1.0
Prince's Bay,Eltingville,12,Sunday,1,Spring,22.24,Low,2,1.0
Fort Greene,Bedford-Stuyvesant,22,Sunday,1,Winter,6.17,Low,1,1.0
Upper West Side,Upper West Side,2,Sunday,1,Spring,1.1,Low,1,1.0
West Village,Harlem,6,Friday,0,Spring,1.78,Low,1,1.0
Bedford-Stuyvesant,Chinatown,18,Friday,0,Spring,1.67,High,1,1.8
East Harlem,Clinton Hill,13,Sunday,1,Summer,0.03,Low,1,1.0
South Slope,Murray Hill,14,Tuesday,0,Spring,0.64,Low,1,1.0
Hell's Kitchen,Harlem,12,Friday,0,Summer,2.81,Low,1,1.0
Crown Heights,Bedford-Stuyvesant,22,Monday,0,Spring,0.58,Low,1,1.0
Rossville,Clifton,13,Friday,0,Summer,21.8,Low,1,1.0
Park Slope,Upper West Side,8,Tuesday,0,Spring,1.84,High,5,1.8
East Village,East Harlem,0,Saturday,1,Spring,2.31,Low,1,1.0
Tottenville,Prince's Bay,20,Thursday,0,Winter,26.74,Medium,3,1.3
East Harlem,East Harlem,6,Friday,0,Spring,2.1,Low,1,1.0
Bushwick,Harlem,11,Sunday,1,Winter,2.42,Low,3,1.0
Harlem,Harlem,17,Monday,0,Spring,5.5,High,1,1.8
East Harlem,Harlem,7,Friday,0,Winter,0.66,Medium,1,1.3
Bedford-Stuyvesant,East Harlem,3,Sunday,1,Spring,12.1,Low,1,1.0
Bedford-Stuyvesant,Harlem,13,Wednesday,0,Winter,2.75,Low,6,1.0
Hell's Kitchen,Clinton Hill,20,Friday,0,Spring,1.74,Medium,1,1.3
West Village,South Slope,13,Sunday,1,Spring,0.87,Low,1,1.0
East Harlem,Bedford-Stuyvesant,19,Tuesday,0,Spring,1.05,High,3,1.8
Huguenot,Tottenville,20,Monday,0,Winter,24.23,Medium,5,1.3
East Harlem,Windsor Terrace,18,Wednesday,0,Summer,4.18,High,2,1.8
Bedford-Stuyvesant,Upper West Side,18,Friday,0,Winter,1.49,High,1,1.8
Tottenville,"Bay Terrace, Staten Island",22,Sunday,1,Summer,24.41,Low,1,1.0
Bay Ridge,Sheepshead Bay,9,Sunday,1,Winter,0.93,High,1,1.8
Williamsburg,Flatbush,19,Friday,0,Spring,2.42,High,1,1.8
Flatbush,Harlem,4,Sunday,1,Spring,7.98,Low,5,1.0
West Village,Hell's Kitchen,12,Wednesday,0,Spring,0.74,Low,1,1.0
West Village,Upper West Side,15,Saturday,1,Winter,2.35,Low,2,1.0
Bedford-Stuyvesant,West Village,9,Tuesday,0,Spring,2.38,High,1,1.8
Midtown,Midtown,12,Thursday,0,Summer,7.53,Low,2,1.0
Oakwood,Gravesend,17,Wednesday,0,Summer,11.76,High,1,1.8
Kensington,South Slope,16,Saturday,1,Winter,3.87,Medium,1,1.3
Fort Greene,Upper West Side,2,Thursday,0,Winter,3.58,Low,1,1.0
Upper West Side,Upper West Side,7,Monday,0,Summer,2.48,Medium,1,1.3
Crown Heights,South Slope,9,Tuesday,0,Spring,3.21,High,2,1.8
Bedford-Stuyvesant,Harlem,13,Friday,0,Spring,2.84,Low,1,1.0
Bedford-Stuyvesant,Clinton Hill,13,Sunday,1,Spring,3.12,Low,2,1.0
East Harlem,Upper West Side,19,Thursday,0,Spring,3.24,High,1,1.8
Williamsburg,South Slope,15,Sunday,1,Spring,2.6,Low,1,1.0
Hell's Kitchen,Upper West Side,22,Thursday,0,Spring,0.8,Low,1,1.0
Bedford-Stuyvesant,South Slope,21,Thursday,0,Spring,3.34,Low,1,1.0
East Harlem,South Slope,18,Friday,0,Winter,2.82,High,2,1.8
Williamsburg,Long Island City,4,Friday,0,Winter,2.75,Low,6,1.0
Inwood,Williamsburg,8,Wednesday,0,Spring,2.55,High,3,1.8
East Harlem,Bedford-Stuyvesant,17,Monday,0,Spring,1.8,High,1,1.8
Clinton Hill,Murray Hill,23,Friday,0,Spring,5.76,Low,1,1.0
Crown Heights,Upper West Side,21,Monday,0,Summer,3.97,Low,1,1.0
Park Slope,Crown Heights,0,Thursday,0,Spring,5.58,Low,3,1.0
South Slope,Upper West Side,13,Saturday,1,Winter,0.49,Low,1,1.0
South Slope,South Slope,19,Saturday,1,Spring,2.14,High,1,1.8
Midtown,Crown Heights,11,Tuesday,0,Summer,3.09,Low,5,1.0
Crown Heights,Clinton Hill,11,Tuesday,0,Spring,1.25,Low,1,1.0
Clinton Hill,Chinatown,8,Thursday,0,Spring,10.1,High,5,1.8
Chinatown,Murray Hill,22,Thursday,0,Winter,2.76,Low,1,1.0
Harlem,Bedford-Stuyvesant,23,Friday,0,Spring,0.52,Low,2,1.0
Harlem,Williamsburg,22,Sunday,1,Summer,1.79,Low,1,1.0
East Harlem,Upper West Side,22,Sunday,1,Spring,4.87,Low,5,1.0
Upper West Side,Upper West Side,17,Thursday,0,Summer,0.89,High,1,1.8
West Village,Williamsburg,23,Friday,0,Spring,1.5,Low,1,1.0
Harlem,Harlem,9,Saturday,1,Summer,2.64,High,2,1.8
Emerson Hill,Flatbush,14,Wednesday,0,Spring,1.88,Low,1,1.0
East Harlem,Harlem,23,Saturday,1,Summer,4.11,Low,1,1.0
Upper West Side,Upper West Side,22,Sunday,1,Spring,7.67,Low,1,1.0
West Village,Harlem,22,Monday,0,Spring,14.43,Low,1,1.0
Clinton Hill,Kensington,10,Thursday,0,Spring,7.49,Medium,1,1.3
Tottenville,Eltingville,18,Monday,0,Winter,24.69,High,1,1.8
Bedford-Stuyvesant,Kensington,14,Saturday,1,Winter,4.46,Low,1,1.0
Harlem,Harlem,4,Sunday,1,Spring,2.64,Low,1,1.0
Rossville,Tottenville,13,Friday,0,Spring,24.92,Low,3,1.0
Midwood,Oakwood,8,Sunday,1,Spring,11.75,High,1,1.8
Crown Heights,Bedford-Stuyvesant,19,Monday,0,Spring,2.04,High,1,1.8
Fort Greene,West Village,14,Wednesday,0,Winter,1.24,Low,1,1.0
Upper West Side,Flatbush,16,Thursday,0,Winter,3.98,Medium,1,1.3
Williamsburg,Hell's Kitchen,7,Friday,0,Spring,2.59,Medium,1,1.3
Bath Beach,Arden Heights,14,Friday,0,Spring,9.69,Low,1,1.0
Harlem,East Harlem,10,Wednesday,0,Spring,0.96,Medium,1,1.3
Bedford-Stuyvesant,Hell's Kitchen,17,Monday,0,Spring,2.45,High,1,1.8
Bedford-Stuyvesant,Inwood,0,Sunday,1,Winter,1.76,Low,1,1.0
Prince's Bay,Prince's Bay,13,Friday,0,Spring,23.43,Low,1,1.0
Clinton Hill,Harlem,9,Sunday,1,Winter,0.76,High,2,1.8
East Harlem,Fort Greene,6,Wednesday,0,Spring,0.73,Low,1,1.0
South Slope,Midtown,6,Thursday,0,Spring,4.41,Low,1,1.0
Oakwood,Arrochar,23,Saturday,1,Spring,6.38,Low,1,1.0
Rossville,Great Kills,12,Monday,0,Spring,23.46,Low,1,1.0
"Bay Terrace, Staten Island",Sheepshead Bay,14,Tuesday,0,Winter,13.8,Low,1,1.0
Upper West Side,Upper West Side,14,Wednesday,0,Spring,3.79,Low,5,1.0
Upper West Side,Upper West Side,18,Saturday,1,Spring,2.1,High,1,1.8
Harlem,Lower East Side,8,Tuesday,0,Spring,1.97,High,1,1.8
Chinatown,Park Slope,14,Tuesday,0,Summer,0.72,Low,1,1.0
Rockaway Beach,Far Rockaway,20,Friday,0,Winter,7.05,Medium,2,1.3
Harlem,Upper West Side,21,Wednesday,0,Spring,9.4,Low,1,1.0
Gravesend,Arverne,9,Friday,0,Spring,0.67,High,1,1.8
East Harlem,Inwood,14,Tuesday,0,Spring,1.98,Low,1,1.0
Midtown,Hell's Kitchen,12,Saturday,1,Spring,5.62,Low,1,1.0
Williamsburg,East Harlem,14,Saturday,1,Summer,2.59,Low,1,1.0
Harlem,Kensington,9,Monday,0,Winter,1.29,High,1,1.8
Upper West Side,Harlem,14,Sunday,1,Spring,1.38,Low,1,1.0
Fort Greene,Clinton Hill,18,Thursday,0,Spring,1.31,High,6,1.8
Flatlands,Coney Island,11,Sunday,1,Spring,7.42,Low,3,1.0
Bedford-Stuyvesant,Park Slope,0,Thursday,0,Spring,0.97,Low,1,1.0
Arden Heights,Bay Ridge,21,Wednesday,0,Spring,12.56,Low,2,1.0
Bedford-Stuyvesant,Murray Hill,15,Wednesday,0,Winter,1.1,Low,2,1.0
Hell's Kitchen,Hell's Kitchen,11,Wednesday,0,Winter,0.69,Low,1,1.0
Bedford-Stuyvesant,South Slope,12,Saturday,1,Spring,1.26,Low,1,1.0
East Harlem,Flatbush,14,Wednesday,0,Spring,4.08,Low,1,1.0
Upper West Side,East Harlem,14,Wednesday,0,Winter,2.0,Low,3,1.0
Chinatown,Upper West Side,16,Thursday,0,Winter,2.37,Medium,2,1.3
Sheepshead Bay,Oakwood,3,Sunday,1,Spring,15.7,Low,1,1.0
East Harlem,Bedford-Stuyvesant,11,Saturday,1,Winter,4.99,Low,2,1.0
Inwood,East Harlem,20,Wednesday,0,Summer,1.64,Medium,1,1.3
Clinton Hill,Kensington,11,Friday,0,Summer,3.09,Low,1,1.0
Bedford-Stuyvesant,Bedford-Stuyvesant,9,Sunday,1,Spring,0.73,High,1,1.8
Clinton Hill,East Harlem,5,Sunday,1,Spring,0.93,Low,1,1.0
Kensington,Harlem,19,Friday,0,Spring,5.88,High,2,1.8
Harlem,Harlem,12,Saturday,1,Winter,2.5,Low,5,1.0
East Harlem,South Slope,23,Saturday,1,Winter,1.82,Low,1,1.0
Greenpoint,Upper West Side,18,Thursday,0,Spring,3.17,High,1,1.8
Chelsea,Midtown,13,Sunday,1,Winter,2.18,Low,1,1.0
Inwood,South Slope,20,Friday,0,Spring,2.84,Medium,5,1.3
East Harlem,Harlem,12,Friday,0,Spring,5.24,Low,3,1.0
Upper West Side,East Harlem,23,Friday,0,Summer,2.23,Low,1,1.0
East Harlem,Midtown,15,Wednesday,0,Spring,1.52,Low,2,1.0
Crown Heights,West Village,18,Saturday,1,Summer,2.16,High,3,1.8
Williamsburg,Midtown,9,Tuesday,0,Winter,1.23,High,2,1.8
East Harlem,Bedford-Stuyvesant,22,Monday,0,Summer,0.79,Low,3,1.0
Flatlands,Fort Hamilton,7,Thursday,0,Winter,1.59,Medium,1,1.3
Hell's Kitchen,East Harlem,13,Saturday,1,Summer,1.73,Low,1,1.0
Hell's Kitchen,Bedford-Stuyvesant,13,Tuesday,0,Spring,1.46,Low,1,1.0
Upper West Side,Upper West Side,16,Saturday,1,Winter,1.27,Medium,1,1.3
Williamsburg,Upper West Side,8,Saturday,1,Summer,2.01,High,2,1.8
Eltingville,Huguenot,4,Friday,0,Spring,0.0,Low,2,1.0
South Slope,Harlem,2,Sunday,1,Summer,1.48,Low,1,1.0
Bedford-Stuyvesant,Park Slope,1,Sunday,1,Summer,0.7,Low,1,1.0
East Harlem,Upper West Side,23,Tuesday,0,Winter,6.04,Low,1,1.0
Harlem,Murray Hill,20,Wednesday,0,Winter,2.24,Medium,1,1.3
Fort Greene,Upper West Side,14,Sunday,1,Winter,0.39,Low,6,1.0
South Slope,Fort Greene,17,Wednesday,0,Spring,1.34,High,5,1.8
East Harlem,East Harlem,16,Thursday,0,Summer,0.72,Medium,5,1.3
Fort Hamilton,South Beach,9,Thursday,0,Spring,5.76,High,2,1.8
Murray Hill,Upper West Side,0,Saturday,1,Spring,3.62,Low,1,1.0
East Harlem,Upper West Side,21,Wednesday,0,Spring,0.8,Low,1,1.0
East Harlem,Williamsburg,18,Monday,0,Winter,1.36,High,3,1.8
Hell's Kitchen,Clinton Hill,22,Tuesday,0,Spring,4.6,Low,1,1.0
West Village,Park Slope,19,Sunday,1,Spring,0.72,High,1,1.8
Upper West Side,Clinton Hill,20,Friday,0,Winter,0.4,Medium,1,1.3
Tottenville,Great Kills,22,Monday,0,Winter,21.19,Low,3,1.0
Upper West Side,Bedford-Stuyvesant,9,Wednesday,0,Spring,0.76,High,1,1.8
Harlem,Midtown,8,Thursday,0,Spring,1.37,High,1,1.8
Sheepshead Bay,Todt Hill,4,Wednesday,0,Winter,4.84,Low,1,1.0
Bedford-Stuyvesant,Upper West Side,20,Thursday,0,Spring,2.29,Medium,1,1.3
Clinton Hill,Park Slope,12,Friday,0,Spring,2.33,Low,2,1.0
East Harlem,Upper West Side,16,Friday,0,Spring,1.45,Medium,1,1.3
Harlem,Kensington,10,Monday,0,Spring,2.22,Medium,1,1.3
Concord,Far Rockaway,11,Saturday,1,Spring,7.29,Low,1,1.0
Chinatown,Upper West Side,14,Friday,0,Spring,2.64,Low,1,1.0
Upper West Side,South Slope,23,Thursday,0,Spring,5.62,Low,1,1.0
Williamsburg,Inwood,3,Thursday,0,Spring,0.66,Low,1,1.0
Arverne,Bensonhurst,17,Sunday,1,Winter,5.84,High,2,1.8
East Harlem,Park Slope,12,Saturday,1,Spring,0.59,Low,1,1.0
Upper West Side,Hell's Kitchen,0,Tuesday,0,Winter,0.89,Low,1,1.0
Williamsburg,Bedford-Stuyvesant,12,Sunday,1,Spring,1.91,Low,1,1.0
Harlem,West Village,16,Tuesday,0,Spring,0.9,Medium,1,1.3
East Harlem,Upper West Side,18,Thursday,0,Spring,1.89,High,2,1.8
Clinton Hill,West Village,14,Thursday,0,Summer,1.17,Low,1,1.0
West Village,Upper West Side,19,Sunday,1,Spring,3.13,High,1,1.8
South Slope,Upper West Side,20,Tuesday,0,Spring,1.33,Medium,1,1.3
Fort Greene,Crown Heights,9,Thursday,0,Winter,2.24,High,1,1.8
Bedford-Stuyvesant,Fort Greene,22,Tuesday,0,Spring,13.73,Low,1,1.0
Fort Greene,Bedford-Stuyvesant,15,Monday,0,Summer,2.58,Low,1,1.0
Harlem,Park Slope,18,Friday,0,Spring,1.48,High,6,1.8
Inwood,Clinton Hill,10,Thursday,0,Summer,3.07,Medium,1,1.3
Far Rockaway,Arden Heights,14,Saturday,1,Spring,12.72,Low,1,1.0
Williamsburg,Fort Greene,2,Sunday,1,Spring,4.34,Low,1,1.0
South Slope,East Harlem,18,Saturday,1,Spring,1.17,High,1,1.8
Midtown,Upper West Side,14,Monday,0,Spring,1.66,Low,1,1.0
East Harlem,Hell's Kitchen,21,Saturday,1,Winter,5.53,Low,1,1.0
South Slope,Upper West Side,22,Friday,0,Spring,5.64,Low,2,1.0
Crown Heights,Bedford-Stuyvesant,17,Friday,0,Spring,2.19,High,4,1.8
Flatlands,Coney Island,9,Tuesday,0,Spring,9.19,High,3,1.8
South Slope,Upper West Side,12,Tuesday,0,Summer,1.21,Low,1,1.0
Murray Hill,Hell's Kitchen,23,Tuesday,0,Winter,2.86,Low,2,1.0
Harlem,Windsor Terrace,19,Saturday,1,Spring,5.57,High,1,1.8
East Harlem,East Harlem,19,Monday,0,Spring,1.77,High,2,1.8
Flatbush,Harlem,3,Monday,0,Winter,3.01,Low,2,1.0
Harlem,Bedford-Stuyvesant,2,Sunday,1,Winter,1.64,Low,1,1.0
Canarsie,Sheepshead Bay,10,Tuesday,0,Spring,3.71,Medium,1,1.3
South Slope,Clinton Hill,15,Monday,0,Winter,2.37,Low,1,1.0
Hell's Kitchen,Park Slope,13,Tuesday,0,Spring,1.44,Low,1,1.0
Inwood,East Harlem,22,Saturday,1,Spring,2.34,Low,1,1.0
Upper West Side,Fort Greene,2,Saturday,1,Spring,2.93,Low,1,1.0
Upper West Side,Bedford-Stuyvesant,7,Thursday,0,Spring,11.03,Medium,2,1.3
West Village,Greenpoint,10,Tuesday,0,Winter,2.5,Medium,1,1.3
Upper West Side,Bedford-Stuyvesant,7,Tuesday,0,Winter,2.1,Medium,1,1.3
West Village,Upper West Side,6,Sunday,1,Spring,2.99,Low,1,1.0
Clinton Hill,East Harlem,23,Saturday,1,Spring,1.4,Low,2,1.0
Chinatown,Harlem,23,Thursday,0,Spring,1.68,Low,1,1.0
Murray Hill,Clinton Hill,15,Tuesday,0,Winter,6.31,Low,1,1.0
Clinton Hill,Harlem,9,Friday,0,Spring,2.23,High,1,1.8
Upper West Side,Harlem,22,Monday,0,Summer,3.58,Low,1,1.0
South Slope,Chelsea,22,Thursday,0,Winter,2.1,Low,2,1.0
Fort Greene,Harlem,14,Wednesday,0,Spring,1.04,Low,2,1.0
West Village,Harlem,20,Sunday,1,Summer,1.75,Medium,1,1.3
Williamsburg,Park Slope,19,Wednesday,0,Summer,1.05,High,1,1.8
Upper West Side,Harlem,7,Sunday,1,Winter,3.4,Medium,1,1.3
Windsor Terrace,South Slope,23,Saturday,1,Spring,5.84,Low,1,1.0
Kensington,Harlem,16,Wednesday,0,Winter,6.28,Medium,1,1.3
East Harlem,Park Slope,0,Wednesday,0,Winter,2.06,Low,1,1.0
Prince's Bay,Tottenville,12,Saturday,1,Winter,26.96,Low,6,1.0
Bedford-Stuyvesant,Midtown,7,Tuesday,0,Winter,1.43,Medium,1,1.3
Kensington,Midtown,12,Thursday,0,Winter,1.53,Low,1,1.0
Upper West Side,Bedford-Stuyvesant,21,Wednesday,0,Winter,2.6,Low,1,1.0
Chelsea,Bedford-Stuyvesant,17,Sunday,1,Winter,4.38,High,4,1.8
Far Rockaway,Rossville,10,Friday,0,Spring,9.69,Medium,1,1.3
Flatlands,"Bay Terrace, Staten Island",15,Friday,0,Winter,13.13,Low,1,1.0
Chinatown,Upper West Side,22,Friday,0,Spring,2.99,Low,1,1.0
Kensington,Bedford-Stuyvesant,21,Sunday,1,Summer,2.08,Low,1,1.0
Murray Hill,East Harlem,22,Monday,0,Winter,14.09,Low,1,1.0
Bedford-Stuyvesant,East Village,13,Sunday,1,Summer,0.92,Low,1,1.0
South Slope,Harlem,15,Monday,0,Summer,1.99,Low,1,1.0
Great Kills,Great Kills,0,Saturday,1,Summer,0.01,Low,1,1.0
East Harlem,Bedford-Stuyvesant,22,Sunday,1,Winter,6.2,Low,1,1.0
Fort Greene,South Slope,16,Tuesday,0,Winter,2.85,Medium,1,1.3
South Slope,Clinton Hill,1,Thursday,0,Spring,2.67,Low,1,1.0
Upper West Side,Midtown,21,Friday,0,Spring,2.31,Low,2,1.0
Midtown,Murray Hill,12,Sunday,1,Spring,1.01,Low,1,1.0
Murray Hill,Greenpoint,8,Thursday,0,Winter,1.87,High,1,1.8
Fort Greene,Kensington,23,Wednesday,0,Spring,1.31,Low,1,1.0
Kensington,East Harlem,12,Sunday,1,Summer,0.69,Low,3,1.0
Williamsburg,Chinatown,20,Monday,0,Summer,2.99,Medium,1,1.3
Borough Park,Flatlands,15,Sunday,1,Winter,3.86,Low,1,1.0
South Slope,Murray Hill,15,Tuesday,0,Spring,0.53,Low,1,1.0
Bedford-Stuyvesant,Harlem,18,Saturday,1,Spring,2.48,High,1,1.8
Harlem,Harlem,12,Saturday,1,Spring,1.61,Low,1,1.0
Prospect-Lefferts Gardens,Fort Greene,20,Monday,0,Winter,0.47,Medium,1,1.3
Harlem,Harlem,14,Friday,0,Spring,2.25,Low,1,1.0
Bedford-Stuyvesant,West Village,17,Saturday,1,Summer,11.2,High,2,1.8
Arverne,Dyker Heights,7,Tuesday,0,Spring,6.67,Medium,1,1.3
Clinton Hill,Upper West Side,18,Thursday,0,Spring,2.01,High,1,1.8
West Village,Williamsburg,10,Friday,0,Spring,3.14,Medium,1,1.3
Hell's Kitchen,Clinton Hill,17,Friday,0,Spring,0.91,High,5,1.8
Upper West Side,South Slope,0,Thursday,0,Winter,1.06,Low,1,1.0
Hell's Kitchen,West Village,18,Wednesday,0,Winter,1.43,High,1,1.8
Fort Hamilton,New Springville,11,Sunday,1,Summer,2.84,Low,5,1.0
Chelsea,Upper West Side,17,Sunday,1,Spring,1.53,High,1,1.8
Concord,Borough Park,1,Saturday,1,Winter,1.25,Low,2,1.0
Harlem,Harlem,19,Wednesday,0,Winter,3.98,High,1,1.8
Oakwood,Oakwood,12,Wednesday,0,Summer,0.0,Low,1,1.0
Kensington,Harlem,22,Thursday,0,Spring,3.15,Low,2,1.0
Arden Heights,Mill Basin,9,Friday,0,Winter,11.28,High,1,1.8
Chinatown,Clinton Hill,6,Wednesday,0,Winter,4.21,Low,1,1.0
Crown Heights,Park Slope,20,Friday,0,Winter,2.31,Medium,1,1.3
East Harlem,Bedford-Stuyvesant,14,Monday,0,Spring,1.09,Low,1,1.0
Tottenville,Prince's Bay,5,Thursday,0,Spring,24.8,Low,2,1.0
Crown Heights,Crown Heights,0,Saturday,1,Spring,0.0,Low,1,1.0
Crown Heights,East Harlem,9,Thursday,0,Summer,4.59,High,1,1.8
Long Island City,Park Slope,0,Friday,0,Spring,2.91,Low,1,1.0
Upper West Side,Upper West Side,11,Tuesday,0,Winter,0.67,Low,1,1.0
Upper West Side,Park Slope,19,Friday,0,Winter,0.98,High,2,1.8
Chelsea,Chelsea,0,Friday,0,Winter,0.0,Low,1,1.0
East Harlem,Kensington,8,Wednesday,0,Winter,4.92,High,2,1.8
South Slope,Fort Greene,19,Sunday,1,Spring,1.39,High,4,1.8
Upper West Side,South Slope,12,Monday,0,Winter,0.73,Low,1,1.0
East Harlem,South Slope,13,Tuesday,0,Winter,1.73,Low,1,1.0
East Harlem,Upper West Side,20,Thursday,0,Winter,2.37,Medium,1,1.3
East Harlem,Harlem,11,Wednesday,0,Winter,1.13,Low,2,1.0
Tottenville,Prince's Bay,8,Sunday,1,Spring,24.49,High,6,1.8
Great Kills,Tottenville,16,Thursday,0,Spring,24.2,Medium,1,1.3
East Harlem,Midtown,11,Sunday,1,Spring,1.44,Low,1,1.0
Bedford-Stuyvesant,Upper West Side,16,Thursday,0,Spring,2.04,Medium,1,1.3
Harlem,West Village,9,Sunday,1,Winter,2.79,High,5,1.8
Hell's Kitchen,Hell's Kitchen,18,Saturday,1,Winter,0.86,High,1,1.8
East Harlem,Crown Heights,4,Tuesday,0,Winter,1.05,Low,1,1.0
Upper West Side,Upper West Side,0,Thursday,0,Spring,0.51,Low,1,1.0
East Harlem,Chinatown,17,Saturday,1,Summer,3.15,High,2,1.8
East Harlem,Harlem,19,Thursday,0,Winter,2.52,High,2,1.8
South Slope,South Slope,18,Saturday,1,Spring,3.69,High,1,1.8
Harlem,Long Island City,22,Saturday,1,Spring,3.44,Low,1,1.0
West Village,West Village,19,Wednesday,0,Spring,1.72,High,6,1.8
Hell's Kitchen,East Harlem,21,Saturday,1,Summer,4.65,Low,2,1.0
Hell's Kitchen,Clinton Hill,20,Saturday,1,Spring,3.67,Medium,2,1.3
Kensington,West Village,1,Thursday,0,Winter,0.64,Low,2,1.0
Bedford-Stuyvesant,Upper West Side,10,Friday,0,Spring,1.31,Medium,1,1.3
Bensonhurst,Sheepshead Bay,18,Tuesday,0,Winter,6.55,High,3,1.8
Bensonhurst,Edgemere,22,Monday,0,Winter,6.08,Low,1,1.0
East Harlem,Crown Heights,19,Sunday,1,Winter,2.81,High,1,1.8
Clinton Hill,South Slope,0,Sunday,1,Spring,1.46,Low,1,1.0
Upper West Side,Inwood,6,Wednesday,0,Winter,1.43,Low,6,1.0
Arverne,Huguenot,15,Friday,0,Spring,25.51,Low,1,1.0
Midtown,Inwood,7,Wednesday,0,Spring,2.74,Medium,1,1.3
Great Kills,Brighton Beach,8,Tuesday,0,Winter,4.53,High,6,1.8
Harlem,Clinton Hill,12,Wednesday,0,Winter,3.05,Low,1,1.0
Park Slope,Midtown,2,Monday,0,Winter,29.86,Low,1,1.0
West Village,Inwood,11,Wednesday,0,Spring,2.01,Low,2,1.0
Upper West Side,Upper West Side,16,Monday,0,Spring,1.49,Medium,1,1.3
East Harlem,East Harlem,21,Friday,0,Spring,1.99,Low,5,1.0
Crown Heights,Bedford-Stuyvesant,11,Thursday,0,Winter,1.46,Low,1,1.0
Upper West Side,Clinton Hill,0,Wednesday,0,Spring,3.74,Low,1,1.0
Flatbush,Huguenot,13,Friday,0,Winter,22.82,Low,5,1.0
Bedford-Stuyvesant,West Village,1,Saturday,1,Spring,9.3,Low,1,1.0
Bedford-Stuyvesant,Harlem,1,Sunday,1,Spring,4.81,Low,2,1.0
Windsor Terrace,Harlem,10,Monday,0,Summer,0.99,Medium,1,1.3
Flatlands,Arverne,15,Friday,0,Spring,1.19,Low,1,1.0
Harlem,East Harlem,11,Saturday,1,Spring,2.46,Low,1,1.0
